{"authorDailyContributionsMap":{"kyun99":[{"date":"2021-09-30","commitResults":[{"hash":"e15be2bae0bce39111a4e023e8b89f515359c533","messageTitle":"Add Lim Kay Yun to entry 1 in the \u0027About us\u0027 table of AboutUs.md","messageBody":"","fileTypesAndContributionMap":{"docs":{"insertions":1,"deletions":1}}}]},{"date":"2021-10-04","commitResults":[{"hash":"a9d638d81bb8f939e6bc2b29bfde952b63ba3b70","messageTitle":"Add Entry.java, Expense.java, Income.java and FinancialTracker.java class","messageBody":"","fileTypesAndContributionMap":{"functional-code":{"insertions":53,"deletions":21}}},{"hash":"f03ad76c7a47c028130548a1643ec48ce9ab6319","messageTitle":"Add Ui.java class","messageBody":"","fileTypesAndContributionMap":{"functional-code":{"insertions":4,"deletions":0}}},{"hash":"30d0bc5019448a94eddce0afde7923656c5643fe","messageTitle":"Fix FinancialTracker.java naming convention","messageBody":"","fileTypesAndContributionMap":{"functional-code":{"insertions":4,"deletions":4}}},{"hash":"56d351b24d174d792425b097afeda8044a36cc45","messageTitle":"Refactor FinancialTracker.java and Ui.java","messageBody":"","fileTypesAndContributionMap":{"functional-code":{"insertions":0,"deletions":26}}},{"hash":"fbe7ad94059129d12588d238f1c410aefe07df72","messageTitle":"Reformat FinancialTracker.java and StonksXD.java","messageBody":"","fileTypesAndContributionMap":{"functional-code":{"insertions":21,"deletions":9}}},{"hash":"04a387be8d8f7054fcd3d3324232db52c5e3924f","messageTitle":"Reformat ParserTest.java by removing .* in import","messageBody":"","fileTypesAndContributionMap":{"test-code":{"insertions":5,"deletions":1}}},{"hash":"be258d3dd5a3cd11717016b7f4acc4c841037fed","messageTitle":"Reformat ui testing","messageBody":"","fileTypesAndContributionMap":{"other":{"insertions":1,"deletions":1}}},{"hash":"cea0709fadb286415281aa04650b9a5bac5c825c","messageTitle":"Reformat automated testing to include white space","messageBody":"","fileTypesAndContributionMap":{"functional-code":{"insertions":5,"deletions":11},"other":{"insertions":3,"deletions":1}}},{"hash":"3921f3ef1de77a9b99e888285c4208a2b5299fab","messageTitle":"Reformat .* in Parser.java","messageBody":"","fileTypesAndContributionMap":{"functional-code":{"insertions":12,"deletions":9}}}]},{"date":"2021-10-06","commitResults":[{"hash":"c1a7d45ad4e3616da0db146fcb013830cb98774e","messageTitle":"Add FinancialTrackerTest.java to test financialEntries ArrayList","messageBody":"","fileTypesAndContributionMap":{"functional-code":{"insertions":1,"deletions":0},"test-code":{"insertions":19,"deletions":0}}}]},{"date":"2021-10-12","commitResults":[{"hash":"5e911a0b2cc060237ddeb1076919023c846ca498","messageTitle":"Refactor FinancialTracker.java to include 2 separate array list for income and expense","messageBody":"","fileTypesAndContributionMap":{"functional-code":{"insertions":92,"deletions":133},"test-code":{"insertions":67,"deletions":21}}},{"hash":"94d6e8f7a4e2ba1f3d4c54b83d6e5b00304bfdb8","messageTitle":"Reformat redundant tabs in Ui.java","messageBody":"","fileTypesAndContributionMap":{"functional-code":{"insertions":4,"deletions":9}}},{"hash":"f203470bf5c4e01d8559021de4147a5546dcefcf","messageTitle":"Reformat CommandTest.java and FinancialTrackerTest.java to remove the *","messageBody":"","fileTypesAndContributionMap":{"test-code":{"insertions":5,"deletions":3}}},{"hash":"e9e8ac1294f6b9c343b2dfa374637c9ac1a1cfdd","messageTitle":"Refactor FinancialTracker.java","messageBody":"","fileTypesAndContributionMap":{"functional-code":{"insertions":2,"deletions":6}}},{"hash":"8d9ce22f3e4af828b9f6271845ea81aa00f279ff","messageTitle":"Refactor FinancialTracker.java","messageBody":"","fileTypesAndContributionMap":{"functional-code":{"insertions":8,"deletions":20},"test-code":{"insertions":66,"deletions":66}}},{"hash":"875dddee70b08ca0295a768340a167c1d8f982ca","messageTitle":"Reformat FinancialTrackerTest.java","messageBody":"","fileTypesAndContributionMap":{"test-code":{"insertions":17,"deletions":17}}}]},{"date":"2021-10-14","commitResults":[{"hash":"d85a8116e8268cf679d85d4dff71d2fab5d6f918","messageTitle":"Add date attributes for Entry.java and updated toString() methods of Income.java and Expense.java","messageBody":"","fileTypesAndContributionMap":{"functional-code":{"insertions":21,"deletions":5},"test-code":{"insertions":83,"deletions":83}}}]},{"date":"2021-10-15","commitResults":[{"hash":"4672f8beefbea8d098b3cbaf1d706a3cf6f07a0b","messageTitle":"Add method to tabulate the total income and expense between 2 dates","messageBody":"","fileTypesAndContributionMap":{"functional-code":{"insertions":190,"deletions":28},"test-code":{"insertions":285,"deletions":268}}},{"hash":"c4d4e20b4c5265225864fa2cdceeeb8f9e34e894","messageTitle":"Reformat line length in Ui.java","messageBody":"","fileTypesAndContributionMap":{"functional-code":{"insertions":28,"deletions":12}}}]},{"date":"2021-10-18","commitResults":[{"hash":"a09d239854dabfd1067a7a99edb8a90b1d7988e3","messageTitle":"Refactor FinancialTracker.java methods that calculate the value of expense and income between a range of dates","messageBody":"","fileTypesAndContributionMap":{"functional-code":{"insertions":42,"deletions":26}}},{"hash":"8d7ae2e3200bde7f43877f548e310ab6a7b623b8","messageTitle":"Add getMonthlyExpenseBreakdown and getMonthlyIncomeBreakdown method in FinancialTracker.java to prepare values for data visualisation","messageBody":"","fileTypesAndContributionMap":{"functional-code":{"insertions":52,"deletions":17}}},{"hash":"ce955c5508c9783ba55622fe9967f0c6a17d49fa","messageTitle":"Fix checkstyle error","messageBody":"","fileTypesAndContributionMap":{"functional-code":{"insertions":13,"deletions":13}}}]},{"date":"2021-10-19","commitResults":[{"hash":"102263b8c1b069c58020e4a869abd40dfb5b9fce","messageTitle":"Add enums for categories for income and expense","messageBody":"","fileTypesAndContributionMap":{"functional-code":{"insertions":144,"deletions":24},"test-code":{"insertions":54,"deletions":42}}},{"hash":"5976f594a2f7d1e51e4d09905b0346493dc76751","messageTitle":"Fix checkstyle error for Messages.java and FindCommand.java","messageBody":"","fileTypesAndContributionMap":{"functional-code":{"insertions":7,"deletions":5}}},{"hash":"c7a8f31934fd2d647dc8d61bfefa255f1b071721","messageTitle":"Move Parser.java and StonksGraph.java from duke package to utility package","messageBody":"","fileTypesAndContributionMap":{"functional-code":{"insertions":3,"deletions":3},"other":{"insertions":2,"deletions":2},"test-code":{"insertions":2,"deletions":1}}},{"hash":"d61564637227b25a6e6eb8456dbefb5f33d49c07","messageTitle":"Fix checkstyle error for StonksXD.java","messageBody":"","fileTypesAndContributionMap":{"functional-code":{"insertions":2,"deletions":2}}}]},{"date":"2021-10-20","commitResults":[{"hash":"aad931a0acf0a28e70d0f486e20b3f7d92c07d3d","messageTitle":"Add non functional requirements in DeveloperGuide.md","messageBody":"","fileTypesAndContributionMap":{"docs":{"insertions":6,"deletions":1}}}]},{"date":"2021-10-22","commitResults":[{"hash":"93aa6a20b644bd4c1fda60280f5bbe844a33804a","messageTitle":"Add new categories in UserGuide","messageBody":"","fileTypesAndContributionMap":{"docs":{"insertions":2,"deletions":2}}}]},{"date":"2021-10-23","commitResults":[{"hash":"c2cee51de715dd1429b8c5d081b8fb82d24bf2ff","messageTitle":"Refactor prepareAddExpense and prepareAddIncome methods in Parser.java","messageBody":"","fileTypesAndContributionMap":{"functional-code":{"insertions":126,"deletions":76}}},{"hash":"9dc33b5ca43111b2326841ad27c4babc041ff4e0","messageTitle":"Fix whitespace error","messageBody":"","fileTypesAndContributionMap":{"functional-code":{"insertions":28,"deletions":12}}}]},{"date":"2021-10-24","commitResults":[{"hash":"659942524cb227da230035768a78b30d95557bd9","messageTitle":"Add sequence diagram for command class in DeveloperGuide.md","messageBody":"","fileTypesAndContributionMap":{"docs":{"insertions":3,"deletions":1}}}]},{"date":"2021-10-25","commitResults":[{"hash":"0160259919020f0140e5c9cd0534c8e2619ed487","messageTitle":"Add FAQ and skeleton code for set bduget related commands in UG","messageBody":"","fileTypesAndContributionMap":{"docs":{"insertions":20,"deletions":1}}},{"hash":"1aab6e495e5cd38fe4a8fa78916d0cb170d76810","messageTitle":"Add improved intro for UG","messageBody":"","fileTypesAndContributionMap":{"docs":{"insertions":11,"deletions":7}}}]}],"AnShengLee":[{"date":"2021-09-30","commitResults":[{"hash":"07c5f7b697c82d296239b33c5fe28321e338ced9","messageTitle":"Add Lee An Sheng info in AboutUs.md","messageBody":"","fileTypesAndContributionMap":{"docs":{"insertions":12,"deletions":1}}}]},{"date":"2021-10-03","commitResults":[{"hash":"a11f91ffc39523c8610a7dfca07264deea41003c","messageTitle":"Add skeleton code for Parser class","messageBody":"","fileTypesAndContributionMap":{"functional-code":{"insertions":185,"deletions":0}}},{"hash":"08f1697c5c5903031b7560b188baa82372901ffc","messageTitle":"Add simple JUnit tests for Parser class","messageBody":"","fileTypesAndContributionMap":{"test-code":{"insertions":35,"deletions":0}}},{"hash":"486e0dcf52514c0c6b4c786365a154f36b4bdb9b","messageTitle":"Add mechanism to detect numbers-only arguments","messageBody":"","fileTypesAndContributionMap":{"functional-code":{"insertions":14,"deletions":4}}}]},{"date":"2021-10-04","commitResults":[{"hash":"7953180a5ce8f91bc67af688088cb912ab3915df","messageTitle":"Update JUnit testing for Parser class","messageBody":"","fileTypesAndContributionMap":{"test-code":{"insertions":8,"deletions":1}}},{"hash":"b45dc73c8efa53af2cc375a294c35db4f151b948","messageTitle":"Refractor Parser class code","messageBody":"","fileTypesAndContributionMap":{"functional-code":{"insertions":19,"deletions":9}}},{"hash":"6330b436e4d964979283a4aff29f4cd8c2c25bf3","messageTitle":"Update Parser to check for more invalid input","messageBody":"Users are only allowed to key in spaces after list_in, list_ex, total_ex, total_in and end commands.\nAdded mechanism to look out for letters in numbers-only fields.\n","fileTypesAndContributionMap":{"functional-code":{"insertions":59,"deletions":6}}},{"hash":"b4c901fdd2310c77efe63a82d7178ef1c26218c8","messageTitle":"Update Parser JUnit testing","messageBody":"","fileTypesAndContributionMap":{"test-code":{"insertions":30,"deletions":8}}}]},{"date":"2021-10-08","commitResults":[{"hash":"c2beba9a3e1ec7ba74f7641f827dab756e3e3b2c","messageTitle":"Update JUnit testing for Parser class","messageBody":"","fileTypesAndContributionMap":{"test-code":{"insertions":16,"deletions":9}}}]},{"date":"2021-10-10","commitResults":[{"hash":"5b8b0cd2c6bd99426f993a6e5082c08502c8fe23","messageTitle":"Add functions to print warning messages to users","messageBody":"","fileTypesAndContributionMap":{"functional-code":{"insertions":29,"deletions":20}}},{"hash":"a24b93483ae47c8b68bb138ddd713708da976ef7","messageTitle":"Update JUnit test for Parser class","messageBody":"","fileTypesAndContributionMap":{"functional-code":{"insertions":5,"deletions":1},"test-code":{"insertions":26,"deletions":0}}}]},{"date":"2021-10-11","commitResults":[{"hash":"fe84a9ca91a64f9866fa5d05acf0f22df2cc47ef","messageTitle":"Clean up code and make Parser more defensive","messageBody":"Parser class is able to detect invalid values and indexes given by user.\n","fileTypesAndContributionMap":{"functional-code":{"insertions":36,"deletions":13},"test-code":{"insertions":8,"deletions":2}}},{"hash":"add63b03c5f1665a60f70c5419de3b188267ddab","messageTitle":"Add assertions","messageBody":"Assertions for certain methods in Parser (previous commit) and Main (current commit) were added.\n","fileTypesAndContributionMap":{"functional-code":{"insertions":2,"deletions":0}}},{"hash":"dc466aa3744bf25c636b6bd7124be576319871a6","messageTitle":"Fix check-style errors","messageBody":"","fileTypesAndContributionMap":{"functional-code":{"insertions":2,"deletions":4}}},{"hash":"d7eb744bca99daf77957ecb6baf85320649a9cf9","messageTitle":"Fix wrong assertion in Main","messageBody":"","fileTypesAndContributionMap":{"functional-code":{"insertions":2,"deletions":1}}},{"hash":"50e32ab280be58f4e931c197a311468dd8186f39","messageTitle":"Add Message class","messageBody":"It contains possible messages to be sent to user.\n","fileTypesAndContributionMap":{"functional-code":{"insertions":14,"deletions":0}}},{"hash":"e3e6c693b9ca7ba92a58da8a36d42581de36cda4","messageTitle":"Add exceptions mainly for Parser class","messageBody":"","fileTypesAndContributionMap":{"functional-code":{"insertions":28,"deletions":0}}},{"hash":"53da3f6cf71bbdfb03f0e4950658542f14b90970","messageTitle":"Update Parser class code and add assertions","messageBody":"","fileTypesAndContributionMap":{"functional-code":{"insertions":87,"deletions":36},"test-code":{"insertions":2,"deletions":2}}},{"hash":"74e1a3c7d52ba06d9223009b91a2dec481370998","messageTitle":"Fix check-style issue","messageBody":"","fileTypesAndContributionMap":{"functional-code":{"insertions":1,"deletions":1}}},{"hash":"6ae5a7e67d36273445684d0598cc3f87ce2599d7","messageTitle":"Update user guide","messageBody":"","fileTypesAndContributionMap":{"docs":{"insertions":71,"deletions":16}}}]},{"date":"2021-10-14","commitResults":[{"hash":"661d96fa67cc8e39c8c46bce0a804cfd98cf764e","messageTitle":"Add functions that change entry to data vice versa","messageBody":"Functions like convertDataToIncome(), convertIncomeToData() and isExpenseData() were added.\n","fileTypesAndContributionMap":{"functional-code":{"insertions":61,"deletions":16}}},{"hash":"69cc6d76c18ed49bedecfb9f53091b812a6bb506","messageTitle":"Update JUnit tests for Parser","messageBody":"","fileTypesAndContributionMap":{"test-code":{"insertions":48,"deletions":0}}}]},{"date":"2021-10-16","commitResults":[{"hash":"94d7313d680494191c7189584ef3861b98928bfd","messageTitle":"Rename exceptions","messageBody":"InvalidExpenseException and InvalidIncomeException were renamed.\n","fileTypesAndContributionMap":{"other":{"insertions":0,"deletions":0}}},{"hash":"d99586e48009707fffaf8fc737c8aac472dc7dab","messageTitle":"Update Parser logic","messageBody":"","fileTypesAndContributionMap":{"functional-code":{"insertions":50,"deletions":37}}},{"hash":"8913db3f162a1e03bb56b7285df3286d26e33cd8","messageTitle":"Update JUnit testing","messageBody":"","fileTypesAndContributionMap":{"test-code":{"insertions":55,"deletions":10}}},{"hash":"a38a7f9268cc5123b5bbfab4c0642f81193cba8c","messageTitle":"Fix coding standards","messageBody":"","fileTypesAndContributionMap":{"test-code":{"insertions":12,"deletions":12}}},{"hash":"7a8a978b0b093f004af56b072f411c21d6ad2c13","messageTitle":"Fix coding standards","messageBody":"","fileTypesAndContributionMap":{"test-code":{"insertions":6,"deletions":12}}},{"hash":"e4399825fe88f81a1328e0b2459de1689200ccf3","messageTitle":"Add DataManager to save data into hard disk","messageBody":"","fileTypesAndContributionMap":{"functional-code":{"insertions":87,"deletions":0}}},{"hash":"2a5e85d8d6a38a749400d2f7e951b58ca37ce57a","messageTitle":"Update Main and Messages for DataManager","messageBody":"","fileTypesAndContributionMap":{"functional-code":{"insertions":14,"deletions":0}}},{"hash":"80bd94ac7a431b3f32af19e7ed075b00bf8b4f23","messageTitle":"Add JUnit testing for DataManager","messageBody":"","fileTypesAndContributionMap":{"test-code":{"insertions":47,"deletions":0}}},{"hash":"bbae67c1828784864008124fa1ef7f7422ab68b2","messageTitle":"Comment out ParserTest temporarily","messageBody":"","fileTypesAndContributionMap":{"test-code":{"insertions":2,"deletions":0}}},{"hash":"a32d0cc09223f22bf1617d9d537d4a9491dd8839","messageTitle":"Comment out outdated functions","messageBody":"","fileTypesAndContributionMap":{"functional-code":{"insertions":2,"deletions":1}}},{"hash":"dfedcb54652eb6a9b2a636bf562c5ed94d2ac7ca","messageTitle":"Fix coding standards","messageBody":"","fileTypesAndContributionMap":{"functional-code":{"insertions":2,"deletions":2}}}]},{"date":"2021-10-17","commitResults":[{"hash":"4b2a1456eb939b1abb1c0878689ba0ad3313efcc","messageTitle":"Update classes for saving new entry format","messageBody":"","fileTypesAndContributionMap":{"functional-code":{"insertions":48,"deletions":17}}},{"hash":"149b725cd0df1f8816e6bc9b6700cd9e551918e4","messageTitle":"Update JUnit tests for Parser and DataManager","messageBody":"","fileTypesAndContributionMap":{"test-code":{"insertions":100,"deletions":42}}},{"hash":"c05ba57b6958c5bf5b86787ce331339fad50af0f","messageTitle":"Fix bugs due to changes in FinantialTracker","messageBody":"","fileTypesAndContributionMap":{"functional-code":{"insertions":3,"deletions":3},"test-code":{"insertions":9,"deletions":9}}},{"hash":"425c4332c2c70bafbdeb05c6ace496f1216e062a","messageTitle":"Fix check-style errors","messageBody":"","fileTypesAndContributionMap":{"functional-code":{"insertions":13,"deletions":13}}},{"hash":"03c698690ad2b8dd3066341890e94b8acd44b42f","messageTitle":"Fix check-style errors","messageBody":"","fileTypesAndContributionMap":{"functional-code":{"insertions":1,"deletions":3}}},{"hash":"a2e91f9cc8dd902109f07478ab10c2282a95b024","messageTitle":"Fix check-style errors","messageBody":"","fileTypesAndContributionMap":{"test-code":{"insertions":7,"deletions":7}}},{"hash":"3aa5b5df2094d464d207483d2a4493c1f510ada3","messageTitle":"Fix check-style errors","messageBody":"","fileTypesAndContributionMap":{"test-code":{"insertions":2,"deletions":2}}},{"hash":"850daa3a8ac01a66cda712a5c1186193ce4883ad","messageTitle":"Fix check-style errors","messageBody":"UiTest is outdated will be updated later\n","fileTypesAndContributionMap":{"test-code":{"insertions":123,"deletions":123}}},{"hash":"05cbe2f19bcdfe2c2e3dd58b502129d71b7fe76f","messageTitle":"Fix check-style errors","messageBody":"","fileTypesAndContributionMap":{"test-code":{"insertions":2,"deletions":1}}},{"hash":"d756a6e874205bdbe905c4c60e033578fd9bbd91","messageTitle":"Fix bug where DataManager instance was not created","messageBody":"","fileTypesAndContributionMap":{"functional-code":{"insertions":1,"deletions":0}}},{"hash":"32913435fa9d4075b8c37581f3fde9d33277db29","messageTitle":"Update runtest.sh file","messageBody":"","fileTypesAndContributionMap":{"functional-code":{"insertions":1,"deletions":1},"other":{"insertions":1,"deletions":1}}},{"hash":"be2426b669a91122265d952fb0748c3577a69507","messageTitle":"Update runtest.sh file","messageBody":"","fileTypesAndContributionMap":{"other":{"insertions":1,"deletions":0}}},{"hash":"b5787205a6962a5f1cf2e458b2a4ab1b0dae2710","messageTitle":"Update runtest.sh file","messageBody":"","fileTypesAndContributionMap":{"other":{"insertions":5,"deletions":1}}}]},{"date":"2021-10-19","commitResults":[{"hash":"d8f5c45f828517d5c31f6ecd282f0d7783943592","messageTitle":"Add mechanism to allow all entries to be cleared","messageBody":"Also added comments for functions in DataManager.\n","fileTypesAndContributionMap":{"functional-code":{"insertions":61,"deletions":2}}},{"hash":"6d7c175cac71a57b763c7b158800f15e521cc589","messageTitle":"Add newline at end of file for Ui.java","messageBody":"","fileTypesAndContributionMap":{"functional-code":{"insertions":1,"deletions":1}}},{"hash":"a3d120da2081828313e2adf9b9c4a350d2122101","messageTitle":"Refractor code in DataManager","messageBody":"","fileTypesAndContributionMap":{"functional-code":{"insertions":7,"deletions":6}}},{"hash":"48a795e88efd154e562aa32e3032ff75161ce424","messageTitle":"Update developer guide for v2.0 user stories","messageBody":"","fileTypesAndContributionMap":{"docs":{"insertions":13,"deletions":2}}},{"hash":"ceb0eeab35d5cfbf9440a179b4a9d3e377c821b5","messageTitle":"Integrate StonksGraph with rest of code","messageBody":"","fileTypesAndContributionMap":{"functional-code":{"insertions":51,"deletions":8}}},{"hash":"9ef6ac972576c47f5606b1cf9417aedb4726fb79","messageTitle":"Update developer guide","messageBody":"Elaborate on data saving component.\n","fileTypesAndContributionMap":{"docs":{"insertions":30,"deletions":0}}}]},{"date":"2021-10-20","commitResults":[{"hash":"2dc2283a05d4d30700fbb6ec87df2f4ca86f634b","messageTitle":"Update user guide","messageBody":"Fix minor errors and add missing functions.\n","fileTypesAndContributionMap":{"docs":{"insertions":55,"deletions":7}}}]},{"date":"2021-10-21","commitResults":[{"hash":"cce6e0fec7ebb5029d894f74c41021979ee5c77a","messageTitle":"Add assertions when converting data to entry","messageBody":"","fileTypesAndContributionMap":{"functional-code":{"insertions":4,"deletions":0}}}]},{"date":"2021-10-23","commitResults":[{"hash":"1de40cd26acbebecc9cb9a75e892147cc66f93f0","messageTitle":"Update data saving mechanism","messageBody":"","fileTypesAndContributionMap":{"functional-code":{"insertions":33,"deletions":30},"test-code":{"insertions":24,"deletions":17}}}]},{"date":"2021-10-24","commitResults":[{"hash":"6534fe0856fec2445bc6eede16f41084783d17d7","messageTitle":"Refractor Parser and update JUnit","messageBody":"","fileTypesAndContributionMap":{"functional-code":{"insertions":153,"deletions":139},"test-code":{"insertions":5,"deletions":4}}},{"hash":"5962c38d1caad6330cd372cd22037212b4d53427","messageTitle":"Update saving mechanism for budget saving","messageBody":"","fileTypesAndContributionMap":{"functional-code":{"insertions":103,"deletions":22},"test-code":{"insertions":19,"deletions":13}}},{"hash":"d478db589597ab7ffbc78649d170b2ed98a6f716","messageTitle":"Update data file names and ui-test","messageBody":"","fileTypesAndContributionMap":{"functional-code":{"insertions":3,"deletions":3},"other":{"insertions":7,"deletions":2}}},{"hash":"ef6de03faa6ed7efc53c5e90124e896dbd5056f9","messageTitle":"Update DataManager code","messageBody":"","fileTypesAndContributionMap":{"functional-code":{"insertions":5,"deletions":5}}},{"hash":"ae84df367fd369184b8498b2d6cb36d2486ddf15","messageTitle":"Fix check-style","messageBody":"","fileTypesAndContributionMap":{"functional-code":{"insertions":11,"deletions":10}}},{"hash":"924cb3dd3665d7372870f38e9b28baaf14cef368","messageTitle":"Fix check-style error","messageBody":"","fileTypesAndContributionMap":{"functional-code":{"insertions":3,"deletions":3}}},{"hash":"eeec6f2dbd0239735c11ba83e010d956f55720c0","messageTitle":"Fix check-style","messageBody":"","fileTypesAndContributionMap":{"functional-code":{"insertions":7,"deletions":7}}}]},{"date":"2021-10-25","commitResults":[{"hash":"4d77a3cd9b4403453452c177c96dc83c15f62349","messageTitle":"Update developer guide","messageBody":"","fileTypesAndContributionMap":{"docs":{"insertions":28,"deletions":9}}},{"hash":"798e79bfd0333baebfd6f347d0a062600ff1d1d6","messageTitle":"Fix bug with btw_ex and btw_in","messageBody":"","fileTypesAndContributionMap":{"functional-code":{"insertions":5,"deletions":3}}},{"hash":"e7d5076291f46cf0372cc2003c320d778e9a209e","messageTitle":"Add data saving mechanism for budgets","messageBody":"","fileTypesAndContributionMap":{"functional-code":{"insertions":56,"deletions":21},"test-code":{"insertions":72,"deletions":4}}},{"hash":"1cbf60ea7caab03b186b1898dd6d3f708cac7ded","messageTitle":"Fix check-style","messageBody":"","fileTypesAndContributionMap":{"functional-code":{"insertions":4,"deletions":4},"test-code":{"insertions":6,"deletions":6}}},{"hash":"2a52055f3d0838310a96d6cafb375962dad58ece","messageTitle":"Fix check-styles","messageBody":"","fileTypesAndContributionMap":{"test-code":{"insertions":5,"deletions":5}}}]}],"Nirmaleshwar":[{"date":"2021-09-30","commitResults":[{"hash":"221fd19b32a84107b700103dfa81e111aa0f6333","messageTitle":"Added my info to AboutUs doc","messageBody":"","fileTypesAndContributionMap":{"docs":{"insertions":22,"deletions":7}}}]},{"date":"2021-10-06","commitResults":[{"hash":"8ff5a385ff413bd227795bf8c7b4fbff78aa650b","messageTitle":"Added code for command class functions except addIncome and addExpense","messageBody":"","fileTypesAndContributionMap":{"functional-code":{"insertions":42,"deletions":24}}},{"hash":"0833573cd5bcc30327b89601b1c039f47813ab95","messageTitle":"Added JUnit test file for command class","messageBody":"","fileTypesAndContributionMap":{"test-code":{"insertions":24,"deletions":0}}}]},{"date":"2021-10-07","commitResults":[{"hash":"141371f4cfb7f68b8957ce3fd8631b5ab57bd57e","messageTitle":"Fixed checkStyleMain issue  naming of parameter changes to camel case","messageBody":"","fileTypesAndContributionMap":{"functional-code":{"insertions":2,"deletions":2}}},{"hash":"3b4a6c8dd2c7413cd2b8e2b496d421d0edee1c97","messageTitle":"Fixed parameter type for list method","messageBody":"","fileTypesAndContributionMap":{"functional-code":{"insertions":2,"deletions":2}}},{"hash":"7fa060d4157eda8ec39ca45c06b38a5d4ecade0d","messageTitle":"Fixed typo in delete methods - changes expenseIndex to incomeIndex","messageBody":"","fileTypesAndContributionMap":{"functional-code":{"insertions":4,"deletions":4}}},{"hash":"f3832f9d59970b5505336274a2ccb8b1a472a730","messageTitle":"Made some minor changes","messageBody":"","fileTypesAndContributionMap":{"test-code":{"insertions":1,"deletions":1}}},{"hash":"f0263cc0d4905b079713505cb3be69da8bc65bed","messageTitle":"Minor changes","messageBody":"","fileTypesAndContributionMap":{"functional-code":{"insertions":2,"deletions":2}}},{"hash":"2421610a7a6ccd63ff501a15aab3c2cbdbe8f227","messageTitle":"Commented Financial tracker test","messageBody":"","fileTypesAndContributionMap":{"test-code":{"insertions":1,"deletions":1}}},{"hash":"e482aab5ef7b81df0885da4a8c6c71c683598e18","messageTitle":"Fixed the JNI error and test case fail problem","messageBody":"","fileTypesAndContributionMap":{"functional-code":{"insertions":0,"deletions":1}}}]},{"date":"2021-10-08","commitResults":[{"hash":"0bf11e9bfeeb9bd20a6dd3ea4ce7c381daefef97","messageTitle":"Refracted addEntry and removeEntry to FinancialTracker. Finished JUnit test for Command class.","messageBody":"","fileTypesAndContributionMap":{"functional-code":{"insertions":22,"deletions":25},"test-code":{"insertions":14,"deletions":11}}},{"hash":"4ee80f44210c14661d654e10651abeba309fb9ac","messageTitle":"Minor checkStyle change","messageBody":"","fileTypesAndContributionMap":{"test-code":{"insertions":2,"deletions":1}}},{"hash":"cf216ccda9b834393dac5c8b990b5995a54018a2","messageTitle":"no message","messageBody":"","fileTypesAndContributionMap":{"test-code":{"insertions":2,"deletions":3}}},{"hash":"b3969eec38acf3216c9d71df6ceeb2ed564bb91c","messageTitle":"no message","messageBody":"","fileTypesAndContributionMap":{"test-code":{"insertions":1,"deletions":0}}},{"hash":"33f9d9fdbcdabfc74eb83567eb76bb03e53a631a","messageTitle":"no message","messageBody":"","fileTypesAndContributionMap":{"test-code":{"insertions":2,"deletions":2}}},{"hash":"539ec4bb35810866a7f660b5c637e61673a0b5f3","messageTitle":"Made final changes to CommandTest","messageBody":"","fileTypesAndContributionMap":{"functional-code":{"insertions":1,"deletions":1},"test-code":{"insertions":1,"deletions":1}}}]},{"date":"2021-10-12","commitResults":[{"hash":"0635096d1fb1ecfa92b999918a507a55a4ab9667","messageTitle":"Added error handling for empty income/expense list","messageBody":"","fileTypesAndContributionMap":{"functional-code":{"insertions":18,"deletions":18}}}]},{"date":"2021-10-13","commitResults":[{"hash":"c2e062b8c1516ae5de880b1af57923fb06b21379","messageTitle":"Added indexNoFound exception, empty list feedback message and empty description error message","messageBody":"","fileTypesAndContributionMap":{"functional-code":{"insertions":91,"deletions":37},"test-code":{"insertions":66,"deletions":66}}},{"hash":"1dad4077190cce0e90681f67492eedb99731c4d9","messageTitle":"Changes import* to adhere to checkStyle standard","messageBody":"","fileTypesAndContributionMap":{"functional-code":{"insertions":5,"deletions":1}}},{"hash":"ecae7b9069bef9bdbf70c8a81d3177bd8fd8ef56","messageTitle":"Spacing issue with if statement","messageBody":"","fileTypesAndContributionMap":{"functional-code":{"insertions":2,"deletions":2}}},{"hash":"659a4062f6b32859eb213e37dfe46fb491041f7a","messageTitle":"Removes some unused methods","messageBody":"","fileTypesAndContributionMap":{"functional-code":{"insertions":0,"deletions":20}}},{"hash":"b8a5f6bbef72b4e75400db9e75325c6993d28d09","messageTitle":"Fixed indentation error","messageBody":"","fileTypesAndContributionMap":{"test-code":{"insertions":16,"deletions":16}}}]},{"date":"2021-10-19","commitResults":[{"hash":"99aaf0208265ef543e4b13861ad8a013f1cf186e","messageTitle":"Completed UG with new commands","messageBody":"","fileTypesAndContributionMap":{"docs":{"insertions":127,"deletions":2}}},{"hash":"4b10e4792a2182d5800c2d9ac8befae8abe6f46e","messageTitle":"Minor changes to UG","messageBody":"","fileTypesAndContributionMap":{"docs":{"insertions":5,"deletions":0}}},{"hash":"118a75ced15de9535d66fff584a4c83cf6656d94","messageTitle":"Updated decription of UG","messageBody":"","fileTypesAndContributionMap":{"docs":{"insertions":2,"deletions":2}}},{"hash":"b67986dda3961cbef31a37a833984d8e1c53e663","messageTitle":"Added category to add_in and add_ex","messageBody":"","fileTypesAndContributionMap":{"docs":{"insertions":36,"deletions":13}}},{"hash":"2992929edd07e9a16246e993798432a9c5268bc8","messageTitle":"Finished UG for peer-review","messageBody":"","fileTypesAndContributionMap":{"docs":{"insertions":270,"deletions":2}}},{"hash":"30589788a5e33029708f505ecd3b5fea9d8ef39f","messageTitle":"Added Stonks image","messageBody":"","fileTypesAndContributionMap":{"docs":{"insertions":2,"deletions":0}}}]},{"date":"2021-10-20","commitResults":[{"hash":"255af96b5f5afb513bdd46acc0eca41c01a2958e","messageTitle":"Added info to command component an Manual testing headings","messageBody":"","fileTypesAndContributionMap":{"docs":{"insertions":127,"deletions":1}}},{"hash":"8146e8343de1189d8770762679249df1734d62f4","messageTitle":"Minor changes","messageBody":"","fileTypesAndContributionMap":{"docs":{"insertions":1,"deletions":1}}}]},{"date":"2021-10-21","commitResults":[{"hash":"8fc639273ba163738d9bf27b3251a55d9ee8a43f","messageTitle":"Added tests for clearEntries, totalIncome and totalExpense","messageBody":"","fileTypesAndContributionMap":{"test-code":{"insertions":44,"deletions":8}}},{"hash":"540d9a4fa1ddc312d9f745e286dbcaed1e518af1","messageTitle":"CheckStyle issue corrected","messageBody":"","fileTypesAndContributionMap":{"test-code":{"insertions":9,"deletions":9}}},{"hash":"0dfd617ee8a3a2b5aeaf678c93106f5c322c6bb8","messageTitle":"Removed wildcard import checkStyle issue","messageBody":"","fileTypesAndContributionMap":{"test-code":{"insertions":8,"deletions":1}}},{"hash":"9376edfb9c4e5b1c5a1ef53be01301906fa4ac04","messageTitle":"Another checkStyle issue","messageBody":"","fileTypesAndContributionMap":{"test-code":{"insertions":4,"deletions":1}}}]}],"KZQ1999":[{"date":"2021-09-30","commitResults":[{"hash":"10904698b242213104c5d3cce94033d5d786088b","messageTitle":"Updated Profile image, profile link and portfolio ( renamed johndoe to my name)","messageBody":"","fileTypesAndContributionMap":{"docs":{"insertions":15,"deletions":7}}}]},{"date":"2021-10-04","commitResults":[{"hash":"3eed5cf66032025586dd86eb56132e0274c7a407","messageTitle":"Added Ui class with relevant methods to V1.0 commands","messageBody":"","fileTypesAndContributionMap":{"functional-code":{"insertions":129,"deletions":0}}},{"hash":"3e37ff620f7aeff6d41be39f335c2fe99c57c3ef","messageTitle":"Remove Duke logo and irrelevant messages and added the infinite loop with command reading, and added printwelcome print bye into it","messageBody":"","fileTypesAndContributionMap":{"functional-code":{"insertions":14,"deletions":11}}},{"hash":"e79440c74bb052bcf87ebd7af6793cbb1f625fee","messageTitle":"Corrected space after if, and spacing between imports \u0026 package. Added dummy class Expense and Income Rename Utility to seedu.utility , as all package needs to be lowercase","messageBody":"","fileTypesAndContributionMap":{"functional-code":{"insertions":137,"deletions":131}}},{"hash":"be6102d950acf8ee31bccb73fbfc2246ed10d098","messageTitle":"Corrected Ci again, Entry became entry and whitespace after if","messageBody":"","fileTypesAndContributionMap":{"functional-code":{"insertions":11,"deletions":11}}},{"hash":"3419dbbcb42942da5a09ea0848b40491f35dbe71","messageTitle":"Change Expected \u0026 Input txt files and Fix the problem of making alot of scanners inside the infinite loop","messageBody":"","fileTypesAndContributionMap":{"functional-code":{"insertions":5,"deletions":4}}}]},{"date":"2021-10-07","commitResults":[{"hash":"2acc5d9717850f99bf9fb763aa1c5aa2077c146c","messageTitle":"Changed from parameter Arraylist Object to arraylist Entry","messageBody":"","fileTypesAndContributionMap":{"functional-code":{"insertions":18,"deletions":17}}},{"hash":"8fb199333d4964c91446ae966aeeeb951a1d89e9","messageTitle":"Added Dummy Junit file while waiting for other implementations to be done","messageBody":"","fileTypesAndContributionMap":{"test-code":{"insertions":55,"deletions":0}}},{"hash":"97ed94178d70a23615d0bf7ae9c4494a9d29b62e","messageTitle":"Added protected for jon \u0027s entry class","messageBody":"","fileTypesAndContributionMap":{"functional-code":{"insertions":2,"deletions":2}}},{"hash":"ceb8bd79e41f37abaa4b433c1a54346fe69f730e","messageTitle":"Changed int to double as its money and corrected some printing errors Also added junit to test filtering out of Income/Expense from a given ArrayList\u003cEntry\u003e","messageBody":"","fileTypesAndContributionMap":{"functional-code":{"insertions":15,"deletions":11},"test-code":{"insertions":25,"deletions":22}}},{"hash":"a9fe9240f0b2b43857e8015d65410b9b447ef3ca","messageTitle":"Used Systemlineseparator instead","messageBody":"","fileTypesAndContributionMap":{"test-code":{"insertions":3,"deletions":2}}}]},{"date":"2021-10-11","commitResults":[{"hash":"2faf6e9bb6d06b6eebbe6dc4baa57813c7a5ef45","messageTitle":"Resolved bug by using getEntries and integrating into UI printing methods","messageBody":"","fileTypesAndContributionMap":{"functional-code":{"insertions":2,"deletions":2}}},{"hash":"0c426120b83d0f360b9dbf407009bc85d1199e74","messageTitle":"Replaced dummy help method with actual printing messages of various formats and commands, made user feedback clearer with help of lines","messageBody":"","fileTypesAndContributionMap":{"functional-code":{"insertions":53,"deletions":5}}},{"hash":"0915d2366dab0b9533468bf611bfd1952150f335","messageTitle":"Edited UiTest to meet the same changes done to Ui printing methods.","messageBody":"","fileTypesAndContributionMap":{"test-code":{"insertions":18,"deletions":2}}},{"hash":"3d19dc480d9c815644d392fae768205dd29e3296","messageTitle":"Organised and removed redundant parts","messageBody":"","fileTypesAndContributionMap":{"functional-code":{"insertions":2,"deletions":2},"test-code":{"insertions":4,"deletions":6}}}]},{"date":"2021-10-12","commitResults":[{"hash":"e22be0201fd69964d24111bc6d7c49ef0d5ba2f3","messageTitle":"Added twodp string formatter","messageBody":"","fileTypesAndContributionMap":{"functional-code":{"insertions":4,"deletions":2}}},{"hash":"12c5c89f58f29df79c09e8b17342614315aec10a","messageTitle":"Added Javadoc,assertions and Modified UI test to fit new changes","messageBody":"","fileTypesAndContributionMap":{"functional-code":{"insertions":80,"deletions":18},"test-code":{"insertions":15,"deletions":3}}}]},{"date":"2021-10-13","commitResults":[{"hash":"5aa0d516da2aae077fb5c2cf3bda2d239af4fd80","messageTitle":"Added end as a command in help and also added condition where list is empty and UI provides a feedback for empty lists","messageBody":"","fileTypesAndContributionMap":{"functional-code":{"insertions":16,"deletions":4}}},{"hash":"9ca32979daea0f3b058dbdd91e1ee682895793d5","messageTitle":"Refractoring of Listing methods and constant strings","messageBody":"","fileTypesAndContributionMap":{"functional-code":{"insertions":38,"deletions":20}}}]},{"date":"2021-10-15","commitResults":[{"hash":"b06b3e11d234b5bbc9e36155e013fdc5a68b5f15","messageTitle":"Renamed methods that return the two different list and added a method that collates both of them into 1","messageBody":"","fileTypesAndContributionMap":{"functional-code":{"insertions":16,"deletions":6}}}]},{"date":"2021-10-16","commitResults":[{"hash":"e1237878ffc95c8a7faa3d8b53559c96d9f876e9","messageTitle":"Added localDate, category section and added FIND parsing implementation into Parser class","messageBody":"","fileTypesAndContributionMap":{"functional-code":{"insertions":17,"deletions":1}}},{"hash":"92c92e40f2f63e9d5131b9dc2a3087cdf9c52480","messageTitle":"Added localDate, category section and added FIND parsing implementation into Parser class(Part 2, previous one failed to include these)","messageBody":"","fileTypesAndContributionMap":{"functional-code":{"insertions":18,"deletions":1}}},{"hash":"307d7da7ea4a35dd7e34bb6d43a54137c926eb87","messageTitle":"Refractored Messages to message class and Create UI method to print out a filtered list for the find functionality, also added the FindCommand with its appropriate execute function and filtering","messageBody":"","fileTypesAndContributionMap":{"functional-code":{"insertions":103,"deletions":21}}},{"hash":"ec2c6fb8ee3a4075e21194081d43f95714f59810","messageTitle":"Added parser implementation for balance command, implemented balance as a attribute of financial tracker and added Ui printing methods for balance, also implemented balance command.","messageBody":"","fileTypesAndContributionMap":{"functional-code":{"insertions":44,"deletions":4}}},{"hash":"08831baee512758718eae759ec67f2dd5a1a46cd","messageTitle":"fix checkstyle","messageBody":"","fileTypesAndContributionMap":{"functional-code":{"insertions":6,"deletions":6}}}]},{"date":"2021-10-17","commitResults":[{"hash":"4cf6067ba154b6b52add80649914464ad2152317","messageTitle":"Added Line separator constant to neat things out and also replaced all \\n with it to prevent some error in different systems Made things neater in UiTest , with added test for filteredlist listing and balance printing","messageBody":"","fileTypesAndContributionMap":{"functional-code":{"insertions":16,"deletions":16},"test-code":{"insertions":81,"deletions":69}}},{"hash":"809a7df32b78099260ea6b44c60a03798867330a","messageTitle":"corrected checkstyle","messageBody":"","fileTypesAndContributionMap":{"test-code":{"insertions":1,"deletions":1}}},{"hash":"697334b6fd43d4178b93d0610fde3f329fa64b7b","messageTitle":"Renamed variable names like \u0027o\u0027 and count to totalexpense/totalincome and rearranged methods to make it neater","messageBody":"","fileTypesAndContributionMap":{"functional-code":{"insertions":10,"deletions":10},"test-code":{"insertions":27,"deletions":27}}}]},{"date":"2021-10-18","commitResults":[{"hash":"483f8ca95ca2fa9dcf1e8429d7d647a76b7ee3e2","messageTitle":"Added base code idea for graphing","messageBody":"","fileTypesAndContributionMap":{"functional-code":{"insertions":69,"deletions":0}}},{"hash":"8d6065dd1927d95afd4a4ec05d629ba9b176f040","messageTitle":"corrected checkstyle","messageBody":"","fileTypesAndContributionMap":{"functional-code":{"insertions":19,"deletions":16}}},{"hash":"0818f6e6eda2e29effd669f6689674971399b5a9","messageTitle":"fixed checkstyle part 2","messageBody":"","fileTypesAndContributionMap":{"functional-code":{"insertions":3,"deletions":4}}},{"hash":"9df17f40f97b8e409b5c0b1281d11a2365f8668c","messageTitle":"Graph implementation","messageBody":"","fileTypesAndContributionMap":{"functional-code":{"insertions":141,"deletions":14}}},{"hash":"efb0328529c9b61fb553a2d2b38a8350c697fbe9","messageTitle":"checkstyle fix","messageBody":"","fileTypesAndContributionMap":{"functional-code":{"insertions":2,"deletions":2}}}]},{"date":"2021-10-19","commitResults":[{"hash":"797262a1bbfdb99742d9241f3c4f188c66009f8a","messageTitle":"added UI image to ignore added JUNIT test code source, Ui component description and Userstories v1.0 Refractored Ui code","messageBody":"","fileTypesAndContributionMap":{"functional-code":{"insertions":60,"deletions":47},"docs":{"insertions":17,"deletions":2}}}]},{"date":"2021-10-20","commitResults":[{"hash":"9c50dd6a98e7e0bbbf14a49d782c4cbbe7b6039c","messageTitle":"Small edits + fix image problem for UI part of DG","messageBody":"","fileTypesAndContributionMap":{"functional-code":{"insertions":27,"deletions":27},"docs":{"insertions":1,"deletions":1}}},{"hash":"cc32fbf354186afb3b5cb8054d2f116572322d96","messageTitle":"checkstyle...fixed","messageBody":"","fileTypesAndContributionMap":{"functional-code":{"insertions":1,"deletions":1}}},{"hash":"865d6be116e2f5159f08f281aa6ba6e5c8e85567","messageTitle":"extracted switch from find, used lineseparator in datamanager instead of \\n,  refractored between dates to one method for both Extracted logo and various UI related messages to message class, removed trim in all preparecommand mtd and added it before switch Fix a bug where currentmonth exp/inc not showing correctly because of array offset not done","messageBody":"","fileTypesAndContributionMap":{"functional-code":{"insertions":98,"deletions":109}}},{"hash":"c24cf044f3edf56325bfadbe274391514f7b00e6","messageTitle":"added commandformat class extracted from UI","messageBody":"","fileTypesAndContributionMap":{"functional-code":{"insertions":29,"deletions":0}}}]},{"date":"2021-10-21","commitResults":[{"hash":"f4ca1bcc7c5c7342aa5bbf554f072f9695f144d8","messageTitle":"checkstyle","messageBody":"","fileTypesAndContributionMap":{"functional-code":{"insertions":6,"deletions":6}}},{"hash":"07c1b02e50d38f4d924232c73102152e548973d0","messageTitle":"add junit test for ui and graph","messageBody":"","fileTypesAndContributionMap":{"functional-code":{"insertions":6,"deletions":4},"test-code":{"insertions":174,"deletions":4}}},{"hash":"29f2d448499b67ae8bd1cd112b6d42ebfbbe871c","messageTitle":"added junit for some budget prints","messageBody":"","fileTypesAndContributionMap":{"test-code":{"insertions":46,"deletions":0}}},{"hash":"df9dd5c7ee3a78e857a81919e3bc77d6cd4992fe","messageTitle":"legend was both expense fixed","messageBody":"","fileTypesAndContributionMap":{"functional-code":{"insertions":1,"deletions":1}}},{"hash":"e0d527e038a6ac8571b1d9e169c7b71f9c631dcc","messageTitle":"fix unit failed","messageBody":"","fileTypesAndContributionMap":{"functional-code":{"insertions":1,"deletions":1},"test-code":{"insertions":1,"deletions":1}}}]},{"date":"2021-10-25","commitResults":[{"hash":"ee850ef013a7cb07ccfcad8ce974b375c3d473e6","messageTitle":"added graph to ug and sDia to ug","messageBody":"","fileTypesAndContributionMap":{"docs":{"insertions":95,"deletions":38}}},{"hash":"5a371d78a4b242e1be537ca4c1836e1125a8357b","messageTitle":"Added many dummy entries 15x and also changed balance to 2dp","messageBody":"","fileTypesAndContributionMap":{"functional-code":{"insertions":1,"deletions":2}}},{"hash":"39c84c6d79776283949cdea8e234ac05b17817cf","messageTitle":"Added new example column and fix date formatting for UG","messageBody":"","fileTypesAndContributionMap":{"docs":{"insertions":28,"deletions":28}}},{"hash":"5b3fe158338ea046f5129736421346ee72c822e1","messageTitle":"Added test for FindCommand methods in UI test as outputcaptor is needed to read prints to sout, refractored graphing class\u0027s chars to constants Fix Balance bug when clearentries is used Added clear_all_entries format to help method","messageBody":"","fileTypesAndContributionMap":{"functional-code":{"insertions":52,"deletions":47},"test-code":{"insertions":79,"deletions":1}}},{"hash":"b0b8b76a1029fa41a8b0a3d3c381140039935f06","messageTitle":"added Ui test for category casing Changed yearly report to show current year not year 2021","messageBody":"","fileTypesAndContributionMap":{"functional-code":{"insertions":8,"deletions":2},"test-code":{"insertions":15,"deletions":0}}},{"hash":"c4939d479b2bda71d41171e808a69283389bd880","messageTitle":"trying to fix Deployment page dropdown markdown","messageBody":"","fileTypesAndContributionMap":{"docs":{"insertions":2,"deletions":3}}},{"hash":"d459a2997cb295b3ac454046f6ff6322527d892b","messageTitle":"trynna fix deployment problem used \u003cpre\u003e instead of ```","messageBody":"","fileTypesAndContributionMap":{"docs":{"insertions":5,"deletions":6}}},{"hash":"c7a442c5afc17e5693aa6aad4bff35c2846069a5","messageTitle":"trying out pre instead of ```","messageBody":"","fileTypesAndContributionMap":{"docs":{"insertions":3,"deletions":4}}},{"hash":"a6f1ef829c9e7907a3f7ebe8ba62e5e4276a8801","messageTitle":"fix ug deployment issue","messageBody":"","fileTypesAndContributionMap":{"docs":{"insertions":76,"deletions":110}}}]}],"jonathanlkw":[{"date":"2021-09-30","commitResults":[{"hash":"dc7cf3a6b94354b050ce8a297fed1348b59ba3e5","messageTitle":"Add jonathanLam.md file and update AboutUs.md","messageBody":"","fileTypesAndContributionMap":{"docs":{"insertions":12,"deletions":1}}}]},{"date":"2021-10-07","commitResults":[{"hash":"dc933d45e7d4388d6ff6b9b2f79f5b4159843272","messageTitle":"Add Entry, Expense and Income Class.","messageBody":"Change value type to double and add JUnit test for Entry, Expense and Income Classes.\n","fileTypesAndContributionMap":{"functional-code":{"insertions":56,"deletions":16},"test-code":{"insertions":44,"deletions":2}}},{"hash":"f6c87502a5b18a9bdb8cf903e1e112b5abde3ea7","messageTitle":"Edit code for proper code style","messageBody":"","fileTypesAndContributionMap":{"functional-code":{"insertions":1,"deletions":1}}}]},{"date":"2021-10-12","commitResults":[{"hash":"aa2c29999234e4a814daf958922a9e454bee3a97","messageTitle":"Fix bugs to make total_in and total_ex commands work","messageBody":"","fileTypesAndContributionMap":{"functional-code":{"insertions":22,"deletions":24}}},{"hash":"fecd0f43daaa6519cb7f90e280f35b5a5ba790f7","messageTitle":"Alter UiTest.java to match changes to formatting","messageBody":"","fileTypesAndContributionMap":{"test-code":{"insertions":2,"deletions":2}}},{"hash":"a8a2d626f0d77d01b756bb305cd22895a4289c5e","messageTitle":"Fix bugs to make del_ex and del_in work as expected","messageBody":"","fileTypesAndContributionMap":{"functional-code":{"insertions":104,"deletions":12}}},{"hash":"33d1928768b4744eadd77101299547ec8a29b725","messageTitle":"Checkstyle edits","messageBody":"","fileTypesAndContributionMap":{"test-code":{"insertions":2,"deletions":1}}},{"hash":"0389e323b5a448be7e6bf2de97e9fc939601d99c","messageTitle":"Add assert message. Make further checkstyle changes.","messageBody":"","fileTypesAndContributionMap":{"functional-code":{"insertions":2,"deletions":2}}}]},{"date":"2021-10-13","commitResults":[{"hash":"c48e50d1eeb90d6d93f02200479770fbee6b7f4b","messageTitle":"Add assertions for FinancialTracker and Ui classes.","messageBody":"","fileTypesAndContributionMap":{"functional-code":{"insertions":18,"deletions":8},"other":{"insertions":1,"deletions":0}}}]},{"date":"2021-10-19","commitResults":[{"hash":"41ca255c8c2688ba0e9ffd3b837f0d748edd5e7d","messageTitle":"Add preliminary budget function","messageBody":"Add basic budget warnings and placeholder budget categories\n","fileTypesAndContributionMap":{"functional-code":{"insertions":172,"deletions":19}}},{"hash":"6e94a333b414bae2de8c5dca197f9a60a377499d","messageTitle":"Add monthly budget feature","messageBody":"Adjust budget calculations to fit monthly window\n","fileTypesAndContributionMap":{"functional-code":{"insertions":9,"deletions":5}}}]},{"date":"2021-10-20","commitResults":[{"hash":"14ff078cc75493ccee777b73a69cb85bb0ef89f1","messageTitle":"Add set_budget and check_budget functions","messageBody":"","fileTypesAndContributionMap":{"functional-code":{"insertions":223,"deletions":52}}},{"hash":"229dee4496acaf4d67b56b2647f61e7081f867b0","messageTitle":"Add set_threshold function","messageBody":"set_threshold sets the threshold value beyond which budget reminders will be sent\n","fileTypesAndContributionMap":{"functional-code":{"insertions":68,"deletions":2}}},{"hash":"4ac5ac04898ccf43e135be2d1f28fe0330b35bbb","messageTitle":"Add assertions to budget methods","messageBody":"","fileTypesAndContributionMap":{"functional-code":{"insertions":9,"deletions":0}}},{"hash":"0ecf3a3a54e691256cffcf57ed9a06214fb9a916","messageTitle":"Add some budgetManager tests","messageBody":"","fileTypesAndContributionMap":{"functional-code":{"insertions":4,"deletions":0},"test-code":{"insertions":85,"deletions":4}}},{"hash":"ccea237728e909b3f6088f38a91d843ab8f8e98d","messageTitle":"Make checkstyle edits","messageBody":"","fileTypesAndContributionMap":{"functional-code":{"insertions":6,"deletions":4}}},{"hash":"7b87798f8b73e89ca45546d3e5b467ca05b98e0f","messageTitle":"Add updated introduction for UG","messageBody":"","fileTypesAndContributionMap":{"docs":{"insertions":10,"deletions":4}}},{"hash":"bcb8aa6b6f8add8537ff5011280f71c4dfc26d00","messageTitle":"Add Architecture write-up and architecture diagram","messageBody":"","fileTypesAndContributionMap":{"docs":{"insertions":56,"deletions":1}}},{"hash":"fbcce03c3cc9aa3c93b8b8babfd91e770cefef53","messageTitle":"Refactor code for better readability","messageBody":"","fileTypesAndContributionMap":{"functional-code":{"insertions":2,"deletions":1}}},{"hash":"eb436a1bae4ff3c7997207f57b80a2d1d7f05043","messageTitle":"Edit Introduction","messageBody":"","fileTypesAndContributionMap":{"docs":{"insertions":5,"deletions":2}}},{"hash":"4d54eb371face9af528b4d9779bd22579ac9bdd3","messageTitle":"Fix paragraphing for Architecture","messageBody":"","fileTypesAndContributionMap":{"docs":{"insertions":38,"deletions":23}}}]}]},"authorFileTypeContributionMap":{"kyun99":{"docs":41,"functional-code":666,"test-code":189,"other":4},"AnShengLee":{"docs":155,"functional-code":799,"test-code":372,"other":10},"Nirmaleshwar":{"docs":411,"functional-code":41,"test-code":52},"KZQ1999":{"docs":211,"functional-code":699,"test-code":432},"jonathanlkw":{"docs":88,"functional-code":589,"test-code":85,"other":1}},"authorContributionVariance":{"kyun99":31906.176,"AnShengLee":23103.033,"Nirmaleshwar":9911.04,"KZQ1999":22500.25,"jonathanlkw":13043.571},"authorDisplayNameMap":{"kyun99":"CS2113T-T12-3 LIM .. YUN","AnShengLee":"CS2113T-T12-3 LEE ..HENG","Nirmaleshwar":"CS2113T-T12-3 NIRM..RTHI","KZQ1999":"CS2113T-T12-3 KWON..QIAN","jonathanlkw":"CS2113T-T12-3 LAM ..THAN"}}
