[{"path":"docs/AboutUs.md","fileType":"docs","lines":[{"lineNumber":1,"author":{"gitId":"-"},"content":"# About us","lastModifiedDate":"2020-05-24"},{"lineNumber":2,"author":{"gitId":"-"},"content":"","lastModifiedDate":"2020-05-24"},{"lineNumber":3,"author":{"gitId":"-"},"content":"Display | Name | Github Profile | Portfolio ","lastModifiedDate":"2020-05-24"},{"lineNumber":4,"author":{"gitId":"-"},"content":"--------|:----:|:--------------:|:---------:","lastModifiedDate":"2020-05-24"},{"lineNumber":5,"author":{"gitId":"KishorKumar11"},"content":"![](https://static.wikia.nocookie.net/naruto/images/b/bb/Itachi.png/revision/latest/scale-to-width-down/1000?cb\u003d20160125182202) | Kishor Kumar | [Github](https://github.com/) | [Portfolio](docs/team/johndoe.md)","lastModifiedDate":"2021-10-01"},{"lineNumber":6,"author":{"gitId":"jonathanmui4"},"content":"![](https://static.wikia.nocookie.net/naruto/images/4/4a/Obito_Uchiha.png/revision/latest?cb\u003d20160312115221) | Jonathan Mui | [Github](https://github.com/jonathanmui4) | [Portfolio](docs/team/johndoe.md)","lastModifiedDate":"2021-10-01"},{"lineNumber":7,"author":{"gitId":"IshaaanVyas"},"content":"![](https://via.placeholder.com/100.png?text\u003dPhoto) | Ishaan Vyas | [Github](https://github.com/) | [Portfolio](docs/team/johndoe.md)","lastModifiedDate":"2021-10-01"},{"lineNumber":8,"author":{"gitId":"qqkoh"},"content":"![](https://via.placeholder.com/100.png?text\u003dPhoto) | Koh Qianqi | [Github](https://github.com/) | [Portfolio](docs/team/johndoe.md)","lastModifiedDate":"2021-10-01"},{"lineNumber":9,"author":{"gitId":"JMattChiam"},"content":"![](https://via.placeholder.com/100.png?text\u003dPhoto) | joel Chiam | [Github](https://github.com/) | [Portfolio](docs/team/johndoe.md)","lastModifiedDate":"2021-10-01"}],"authorContributionMap":{"jonathanmui4":1,"IshaaanVyas":1,"JMattChiam":1,"qqkoh":1,"KishorKumar11":1,"-":4}},{"path":"src/main/java/seedu/duke/Duke.java","fileType":"functional-code","lines":[{"lineNumber":1,"author":{"gitId":"-"},"content":"package seedu.duke;","lastModifiedDate":"2020-05-24"},{"lineNumber":2,"author":{"gitId":"-"},"content":"","lastModifiedDate":"2020-05-24"},{"lineNumber":3,"author":{"gitId":"KishorKumar11"},"content":"import seedu.duke.command.Command;","lastModifiedDate":"2021-10-03"},{"lineNumber":4,"author":{"gitId":"KishorKumar11"},"content":"import seedu.duke.exception.GetJackDException;","lastModifiedDate":"2021-10-03"},{"lineNumber":5,"author":{"gitId":"KishorKumar11"},"content":"import seedu.duke.lists.ExerciseList;","lastModifiedDate":"2021-10-03"},{"lineNumber":6,"author":{"gitId":"KishorKumar11"},"content":"import seedu.duke.lists.WorkoutList;","lastModifiedDate":"2021-10-04"},{"lineNumber":7,"author":{"gitId":"KishorKumar11"},"content":"import seedu.duke.parser.Parser;","lastModifiedDate":"2021-10-03"},{"lineNumber":8,"author":{"gitId":"KishorKumar11"},"content":"import seedu.duke.parser.TaskManager;","lastModifiedDate":"2021-10-03"},{"lineNumber":9,"author":{"gitId":"KishorKumar11"},"content":"import seedu.duke.ui.Ui;","lastModifiedDate":"2021-10-03"},{"lineNumber":10,"author":{"gitId":"KishorKumar11"},"content":"","lastModifiedDate":"2021-10-03"},{"lineNumber":11,"author":{"gitId":"-"},"content":"import java.util.Scanner;","lastModifiedDate":"2020-05-24"},{"lineNumber":12,"author":{"gitId":"-"},"content":"","lastModifiedDate":"2020-05-24"},{"lineNumber":13,"author":{"gitId":"-"},"content":"public class Duke {","lastModifiedDate":"2019-07-29"},{"lineNumber":14,"author":{"gitId":"KishorKumar11"},"content":"    private final ExerciseList exerciseList;","lastModifiedDate":"2021-10-03"},{"lineNumber":15,"author":{"gitId":"KishorKumar11"},"content":"    private final WorkoutList workoutList;","lastModifiedDate":"2021-10-04"},{"lineNumber":16,"author":{"gitId":"KishorKumar11"},"content":"    private final Ui ui;","lastModifiedDate":"2021-10-03"},{"lineNumber":17,"author":{"gitId":"KishorKumar11"},"content":"","lastModifiedDate":"2021-10-03"},{"lineNumber":18,"author":{"gitId":"KishorKumar11"},"content":"    public Duke() {","lastModifiedDate":"2021-10-03"},{"lineNumber":19,"author":{"gitId":"KishorKumar11"},"content":"        exerciseList \u003d new ExerciseList();","lastModifiedDate":"2021-10-03"},{"lineNumber":20,"author":{"gitId":"KishorKumar11"},"content":"        workoutList \u003d new WorkoutList();","lastModifiedDate":"2021-10-04"},{"lineNumber":21,"author":{"gitId":"KishorKumar11"},"content":"        ui \u003d new Ui();","lastModifiedDate":"2021-10-03"},{"lineNumber":22,"author":{"gitId":"KishorKumar11"},"content":"    }","lastModifiedDate":"2021-10-03"},{"lineNumber":23,"author":{"gitId":"KishorKumar11"},"content":"","lastModifiedDate":"2021-10-03"},{"lineNumber":24,"author":{"gitId":"-"},"content":"    /**","lastModifiedDate":"2020-05-24"},{"lineNumber":25,"author":{"gitId":"-"},"content":"     * Main entry-point for the java.duke.Duke application.","lastModifiedDate":"2020-05-24"},{"lineNumber":26,"author":{"gitId":"-"},"content":"     */","lastModifiedDate":"2020-05-24"},{"lineNumber":27,"author":{"gitId":"-"},"content":"    public static void main(String[] args) {","lastModifiedDate":"2019-07-29"},{"lineNumber":28,"author":{"gitId":"KishorKumar11"},"content":"        Ui.printWelcomeMessage();","lastModifiedDate":"2021-10-03"},{"lineNumber":29,"author":{"gitId":"KishorKumar11"},"content":"        new Duke().run();","lastModifiedDate":"2021-10-03"},{"lineNumber":30,"author":{"gitId":"KishorKumar11"},"content":"        Ui.printByeMessage();","lastModifiedDate":"2021-10-03"},{"lineNumber":31,"author":{"gitId":"KishorKumar11"},"content":"    }","lastModifiedDate":"2021-10-03"},{"lineNumber":32,"author":{"gitId":"-"},"content":"","lastModifiedDate":"2020-05-24"},{"lineNumber":33,"author":{"gitId":"KishorKumar11"},"content":"    /**","lastModifiedDate":"2021-10-03"},{"lineNumber":34,"author":{"gitId":"KishorKumar11"},"content":"     * Runs the program until user enters the exit command (bye).","lastModifiedDate":"2021-10-03"},{"lineNumber":35,"author":{"gitId":"KishorKumar11"},"content":"     */","lastModifiedDate":"2021-10-03"},{"lineNumber":36,"author":{"gitId":"KishorKumar11"},"content":"    private void run() {","lastModifiedDate":"2021-10-03"},{"lineNumber":37,"author":{"gitId":"KishorKumar11"},"content":"        Scanner input \u003d new Scanner(System.in);","lastModifiedDate":"2021-10-04"},{"lineNumber":38,"author":{"gitId":"qqkoh"},"content":"","lastModifiedDate":"2021-10-01"},{"lineNumber":39,"author":{"gitId":"KishorKumar11"},"content":"        while (!Command.isExit()) {","lastModifiedDate":"2021-10-03"},{"lineNumber":40,"author":{"gitId":"KishorKumar11"},"content":"            String userInput \u003d input.nextLine();","lastModifiedDate":"2021-10-04"},{"lineNumber":41,"author":{"gitId":"KishorKumar11"},"content":"            String command \u003d Parser.getFirstWordFromCommand(userInput);","lastModifiedDate":"2021-10-04"},{"lineNumber":42,"author":{"gitId":"qqkoh"},"content":"","lastModifiedDate":"2021-10-01"},{"lineNumber":43,"author":{"gitId":"KishorKumar11"},"content":"            try {","lastModifiedDate":"2021-10-03"},{"lineNumber":44,"author":{"gitId":"KishorKumar11"},"content":"                TaskManager.parseAndExecuteUserCommand(command, userInput);","lastModifiedDate":"2021-10-04"},{"lineNumber":45,"author":{"gitId":"KishorKumar11"},"content":"            } catch (GetJackDException e) {","lastModifiedDate":"2021-10-03"},{"lineNumber":46,"author":{"gitId":"KishorKumar11"},"content":"                Ui.printErrorMessage(e);","lastModifiedDate":"2021-10-03"},{"lineNumber":47,"author":{"gitId":"KishorKumar11"},"content":"            }","lastModifiedDate":"2021-10-03"},{"lineNumber":48,"author":{"gitId":"KishorKumar11"},"content":"        }","lastModifiedDate":"2021-10-03"},{"lineNumber":49,"author":{"gitId":"-"},"content":"    }","lastModifiedDate":"2019-07-29"},{"lineNumber":50,"author":{"gitId":"qqkoh"},"content":"}","lastModifiedDate":"2021-10-01"},{"lineNumber":51,"author":{"gitId":"qqkoh"},"content":"","lastModifiedDate":"2021-10-01"}],"authorContributionMap":{"qqkoh":4,"KishorKumar11":36,"-":11}},{"path":"src/main/java/seedu/duke/command/AddCommand.java","fileType":"functional-code","lines":[{"lineNumber":1,"author":{"gitId":"KishorKumar11"},"content":"package seedu.duke.command;","lastModifiedDate":"2021-10-03"},{"lineNumber":2,"author":{"gitId":"KishorKumar11"},"content":"","lastModifiedDate":"2021-10-03"},{"lineNumber":3,"author":{"gitId":"KishorKumar11"},"content":"import seedu.duke.exception.GetJackDException;","lastModifiedDate":"2021-10-03"},{"lineNumber":4,"author":{"gitId":"KishorKumar11"},"content":"","lastModifiedDate":"2021-10-03"},{"lineNumber":5,"author":{"gitId":"KishorKumar11"},"content":"public class AddCommand extends Command {","lastModifiedDate":"2021-10-03"},{"lineNumber":6,"author":{"gitId":"KishorKumar11"},"content":"    @Override","lastModifiedDate":"2021-10-03"},{"lineNumber":7,"author":{"gitId":"KishorKumar11"},"content":"    public void executeUserCommand() throws GetJackDException {","lastModifiedDate":"2021-10-03"},{"lineNumber":8,"author":{"gitId":"KishorKumar11"},"content":"        // call necessary functions from exerciseList, routineList and storage","lastModifiedDate":"2021-10-03"},{"lineNumber":9,"author":{"gitId":"KishorKumar11"},"content":"    }","lastModifiedDate":"2021-10-03"},{"lineNumber":10,"author":{"gitId":"KishorKumar11"},"content":"}","lastModifiedDate":"2021-10-03"}],"authorContributionMap":{"KishorKumar11":10}},{"path":"src/main/java/seedu/duke/command/Command.java","fileType":"functional-code","lines":[{"lineNumber":1,"author":{"gitId":"KishorKumar11"},"content":"package seedu.duke.command;","lastModifiedDate":"2021-10-03"},{"lineNumber":2,"author":{"gitId":"KishorKumar11"},"content":"","lastModifiedDate":"2021-10-03"},{"lineNumber":3,"author":{"gitId":"KishorKumar11"},"content":"import seedu.duke.exception.GetJackDException;","lastModifiedDate":"2021-10-03"},{"lineNumber":4,"author":{"gitId":"KishorKumar11"},"content":"","lastModifiedDate":"2021-10-03"},{"lineNumber":5,"author":{"gitId":"KishorKumar11"},"content":"/**","lastModifiedDate":"2021-10-03"},{"lineNumber":6,"author":{"gitId":"KishorKumar11"},"content":" * To relay the parsed user input to the RoutineList and ExerciseList class for execution.","lastModifiedDate":"2021-10-04"},{"lineNumber":7,"author":{"gitId":"KishorKumar11"},"content":" */","lastModifiedDate":"2021-10-03"},{"lineNumber":8,"author":{"gitId":"KishorKumar11"},"content":"public abstract class Command {","lastModifiedDate":"2021-10-03"},{"lineNumber":9,"author":{"gitId":"KishorKumar11"},"content":"    protected static boolean isOver \u003d false;","lastModifiedDate":"2021-10-03"},{"lineNumber":10,"author":{"gitId":"KishorKumar11"},"content":"","lastModifiedDate":"2021-10-03"},{"lineNumber":11,"author":{"gitId":"KishorKumar11"},"content":"    /**","lastModifiedDate":"2021-10-03"},{"lineNumber":12,"author":{"gitId":"KishorKumar11"},"content":"     * Provides condition of the loop in Duke class which is later updated in the ExitCommand subclass.","lastModifiedDate":"2021-10-04"},{"lineNumber":13,"author":{"gitId":"KishorKumar11"},"content":"     *","lastModifiedDate":"2021-10-03"},{"lineNumber":14,"author":{"gitId":"KishorKumar11"},"content":"     * @return the boolean value to check if the program is over","lastModifiedDate":"2021-10-03"},{"lineNumber":15,"author":{"gitId":"KishorKumar11"},"content":"     */","lastModifiedDate":"2021-10-03"},{"lineNumber":16,"author":{"gitId":"KishorKumar11"},"content":"    public static boolean isExit() {","lastModifiedDate":"2021-10-03"},{"lineNumber":17,"author":{"gitId":"KishorKumar11"},"content":"        return isOver;","lastModifiedDate":"2021-10-03"},{"lineNumber":18,"author":{"gitId":"KishorKumar11"},"content":"    }","lastModifiedDate":"2021-10-03"},{"lineNumber":19,"author":{"gitId":"KishorKumar11"},"content":"","lastModifiedDate":"2021-10-03"},{"lineNumber":20,"author":{"gitId":"KishorKumar11"},"content":"    /**","lastModifiedDate":"2021-10-03"},{"lineNumber":21,"author":{"gitId":"KishorKumar11"},"content":"     * Abstract method to execute user commands.","lastModifiedDate":"2021-10-04"},{"lineNumber":22,"author":{"gitId":"KishorKumar11"},"content":"     *","lastModifiedDate":"2021-10-03"},{"lineNumber":23,"author":{"gitId":"KishorKumar11"},"content":"     * @throws GetJackDException if the subclasses have any exceptions","lastModifiedDate":"2021-10-03"},{"lineNumber":24,"author":{"gitId":"KishorKumar11"},"content":"     */","lastModifiedDate":"2021-10-03"},{"lineNumber":25,"author":{"gitId":"KishorKumar11"},"content":"    public abstract void executeUserCommand() throws GetJackDException;","lastModifiedDate":"2021-10-03"},{"lineNumber":26,"author":{"gitId":"KishorKumar11"},"content":"}","lastModifiedDate":"2021-10-03"}],"authorContributionMap":{"KishorKumar11":26}},{"path":"src/main/java/seedu/duke/command/DeleteCommand.java","fileType":"functional-code","lines":[{"lineNumber":1,"author":{"gitId":"KishorKumar11"},"content":"package seedu.duke.command;","lastModifiedDate":"2021-10-03"},{"lineNumber":2,"author":{"gitId":"KishorKumar11"},"content":"","lastModifiedDate":"2021-10-03"},{"lineNumber":3,"author":{"gitId":"KishorKumar11"},"content":"import seedu.duke.exception.GetJackDException;","lastModifiedDate":"2021-10-03"},{"lineNumber":4,"author":{"gitId":"KishorKumar11"},"content":"","lastModifiedDate":"2021-10-03"},{"lineNumber":5,"author":{"gitId":"KishorKumar11"},"content":"public class DeleteCommand extends Command {","lastModifiedDate":"2021-10-03"},{"lineNumber":6,"author":{"gitId":"KishorKumar11"},"content":"    @Override","lastModifiedDate":"2021-10-03"},{"lineNumber":7,"author":{"gitId":"KishorKumar11"},"content":"    public void executeUserCommand() throws GetJackDException {","lastModifiedDate":"2021-10-03"},{"lineNumber":8,"author":{"gitId":"KishorKumar11"},"content":"        // call necessary functions from exerciseList, routineList and storage","lastModifiedDate":"2021-10-03"},{"lineNumber":9,"author":{"gitId":"KishorKumar11"},"content":"    }","lastModifiedDate":"2021-10-03"},{"lineNumber":10,"author":{"gitId":"KishorKumar11"},"content":"}","lastModifiedDate":"2021-10-03"}],"authorContributionMap":{"KishorKumar11":10}},{"path":"src/main/java/seedu/duke/command/ExitCommand.java","fileType":"functional-code","lines":[{"lineNumber":1,"author":{"gitId":"KishorKumar11"},"content":"package seedu.duke.command;","lastModifiedDate":"2021-10-03"},{"lineNumber":2,"author":{"gitId":"KishorKumar11"},"content":"","lastModifiedDate":"2021-10-03"},{"lineNumber":3,"author":{"gitId":"KishorKumar11"},"content":"/**","lastModifiedDate":"2021-10-03"},{"lineNumber":4,"author":{"gitId":"KishorKumar11"},"content":" * Used to exit the program.","lastModifiedDate":"2021-10-04"},{"lineNumber":5,"author":{"gitId":"KishorKumar11"},"content":" */","lastModifiedDate":"2021-10-03"},{"lineNumber":6,"author":{"gitId":"KishorKumar11"},"content":"public class ExitCommand extends Command {","lastModifiedDate":"2021-10-03"},{"lineNumber":7,"author":{"gitId":"KishorKumar11"},"content":"","lastModifiedDate":"2021-10-03"},{"lineNumber":8,"author":{"gitId":"KishorKumar11"},"content":"    /**","lastModifiedDate":"2021-10-03"},{"lineNumber":9,"author":{"gitId":"KishorKumar11"},"content":"     * Function which makes the condition to exit the program true.","lastModifiedDate":"2021-10-04"},{"lineNumber":10,"author":{"gitId":"KishorKumar11"},"content":"     *","lastModifiedDate":"2021-10-03"},{"lineNumber":11,"author":{"gitId":"KishorKumar11"},"content":"     * @return the boolean value to end the program","lastModifiedDate":"2021-10-03"},{"lineNumber":12,"author":{"gitId":"KishorKumar11"},"content":"     */","lastModifiedDate":"2021-10-03"},{"lineNumber":13,"author":{"gitId":"KishorKumar11"},"content":"    public static boolean isExit() {","lastModifiedDate":"2021-10-03"},{"lineNumber":14,"author":{"gitId":"KishorKumar11"},"content":"        return isOver \u003d true;","lastModifiedDate":"2021-10-03"},{"lineNumber":15,"author":{"gitId":"KishorKumar11"},"content":"    }","lastModifiedDate":"2021-10-03"},{"lineNumber":16,"author":{"gitId":"KishorKumar11"},"content":"","lastModifiedDate":"2021-10-03"},{"lineNumber":17,"author":{"gitId":"KishorKumar11"},"content":"    @Override","lastModifiedDate":"2021-10-03"},{"lineNumber":18,"author":{"gitId":"KishorKumar11"},"content":"    public void executeUserCommand() {","lastModifiedDate":"2021-10-03"},{"lineNumber":19,"author":{"gitId":"KishorKumar11"},"content":"    }","lastModifiedDate":"2021-10-03"},{"lineNumber":20,"author":{"gitId":"KishorKumar11"},"content":"}","lastModifiedDate":"2021-10-03"}],"authorContributionMap":{"KishorKumar11":20}},{"path":"src/main/java/seedu/duke/exception/GetJackDException.java","fileType":"functional-code","lines":[{"lineNumber":1,"author":{"gitId":"KishorKumar11"},"content":"package seedu.duke.exception;","lastModifiedDate":"2021-10-03"},{"lineNumber":2,"author":{"gitId":"KishorKumar11"},"content":"","lastModifiedDate":"2021-10-03"},{"lineNumber":3,"author":{"gitId":"KishorKumar11"},"content":"/**","lastModifiedDate":"2021-10-03"},{"lineNumber":4,"author":{"gitId":"KishorKumar11"},"content":" * GetJackDException is a custom-made exception used throughout the app where the developer can add in their own error","lastModifiedDate":"2021-10-04"},{"lineNumber":5,"author":{"gitId":"KishorKumar11"},"content":" * messages by calling the constructor like so: GetJackDException(\"Error Message\").","lastModifiedDate":"2021-10-04"},{"lineNumber":6,"author":{"gitId":"KishorKumar11"},"content":" */","lastModifiedDate":"2021-10-03"},{"lineNumber":7,"author":{"gitId":"KishorKumar11"},"content":"public class GetJackDException extends Exception {","lastModifiedDate":"2021-10-03"},{"lineNumber":8,"author":{"gitId":"KishorKumar11"},"content":"    public GetJackDException(String errorMessage) {","lastModifiedDate":"2021-10-03"},{"lineNumber":9,"author":{"gitId":"KishorKumar11"},"content":"        super(errorMessage);","lastModifiedDate":"2021-10-03"},{"lineNumber":10,"author":{"gitId":"KishorKumar11"},"content":"    }","lastModifiedDate":"2021-10-03"},{"lineNumber":11,"author":{"gitId":"KishorKumar11"},"content":"}","lastModifiedDate":"2021-10-03"}],"authorContributionMap":{"KishorKumar11":11}},{"path":"src/main/java/seedu/duke/lists/ExerciseList.java","fileType":"functional-code","lines":[{"lineNumber":1,"author":{"gitId":"KishorKumar11"},"content":"package seedu.duke.lists;","lastModifiedDate":"2021-10-03"},{"lineNumber":2,"author":{"gitId":"KishorKumar11"},"content":"","lastModifiedDate":"2021-10-03"},{"lineNumber":3,"author":{"gitId":"KishorKumar11"},"content":"import seedu.duke.tasks.Exercise;","lastModifiedDate":"2021-10-03"},{"lineNumber":4,"author":{"gitId":"KishorKumar11"},"content":"","lastModifiedDate":"2021-10-03"},{"lineNumber":5,"author":{"gitId":"KishorKumar11"},"content":"import java.util.ArrayList;","lastModifiedDate":"2021-10-03"},{"lineNumber":6,"author":{"gitId":"KishorKumar11"},"content":"","lastModifiedDate":"2021-10-03"},{"lineNumber":7,"author":{"gitId":"KishorKumar11"},"content":"/**","lastModifiedDate":"2021-10-03"},{"lineNumber":8,"author":{"gitId":"KishorKumar11"},"content":" * Adding, deleting and other operations related to exercises will be executed from here.","lastModifiedDate":"2021-10-04"},{"lineNumber":9,"author":{"gitId":"KishorKumar11"},"content":" */","lastModifiedDate":"2021-10-03"},{"lineNumber":10,"author":{"gitId":"KishorKumar11"},"content":"public class ExerciseList {","lastModifiedDate":"2021-10-03"},{"lineNumber":11,"author":{"gitId":"KishorKumar11"},"content":"    public static ArrayList\u003cExercise\u003e exerciseList \u003d new ArrayList\u003c\u003e();","lastModifiedDate":"2021-10-03"},{"lineNumber":12,"author":{"gitId":"KishorKumar11"},"content":"}","lastModifiedDate":"2021-10-03"}],"authorContributionMap":{"KishorKumar11":12}},{"path":"src/main/java/seedu/duke/lists/WorkoutList.java","fileType":"functional-code","lines":[{"lineNumber":1,"author":{"gitId":"KishorKumar11"},"content":"package seedu.duke.lists;","lastModifiedDate":"2021-10-04"},{"lineNumber":2,"author":{"gitId":"KishorKumar11"},"content":"","lastModifiedDate":"2021-10-04"},{"lineNumber":3,"author":{"gitId":"KishorKumar11"},"content":"import seedu.duke.tasks.Workout;","lastModifiedDate":"2021-10-04"},{"lineNumber":4,"author":{"gitId":"KishorKumar11"},"content":"","lastModifiedDate":"2021-10-04"},{"lineNumber":5,"author":{"gitId":"KishorKumar11"},"content":"import java.util.ArrayList;","lastModifiedDate":"2021-10-04"},{"lineNumber":6,"author":{"gitId":"KishorKumar11"},"content":"","lastModifiedDate":"2021-10-04"},{"lineNumber":7,"author":{"gitId":"KishorKumar11"},"content":"/**","lastModifiedDate":"2021-10-04"},{"lineNumber":8,"author":{"gitId":"KishorKumar11"},"content":" * Adding, deleting and other operations related to work out routines will be executed from here.","lastModifiedDate":"2021-10-04"},{"lineNumber":9,"author":{"gitId":"KishorKumar11"},"content":" */","lastModifiedDate":"2021-10-04"},{"lineNumber":10,"author":{"gitId":"KishorKumar11"},"content":"public class WorkoutList {","lastModifiedDate":"2021-10-04"},{"lineNumber":11,"author":{"gitId":"KishorKumar11"},"content":"    public static ArrayList\u003cWorkout\u003e workoutList \u003d new ArrayList\u003c\u003e();","lastModifiedDate":"2021-10-04"},{"lineNumber":12,"author":{"gitId":"KishorKumar11"},"content":"}","lastModifiedDate":"2021-10-04"}],"authorContributionMap":{"KishorKumar11":12}},{"path":"src/main/java/seedu/duke/parser/Parser.java","fileType":"functional-code","lines":[{"lineNumber":1,"author":{"gitId":"KishorKumar11"},"content":"package seedu.duke.parser;","lastModifiedDate":"2021-10-03"},{"lineNumber":2,"author":{"gitId":"KishorKumar11"},"content":"","lastModifiedDate":"2021-10-03"},{"lineNumber":3,"author":{"gitId":"KishorKumar11"},"content":"/**","lastModifiedDate":"2021-10-03"},{"lineNumber":4,"author":{"gitId":"KishorKumar11"},"content":" * To make sense of user commands by extracting keywords, descriptions and time/date.","lastModifiedDate":"2021-10-04"},{"lineNumber":5,"author":{"gitId":"KishorKumar11"},"content":" */","lastModifiedDate":"2021-10-03"},{"lineNumber":6,"author":{"gitId":"KishorKumar11"},"content":"public class Parser {","lastModifiedDate":"2021-10-03"},{"lineNumber":7,"author":{"gitId":"KishorKumar11"},"content":"    public static String getFirstWordFromCommand(String input) {","lastModifiedDate":"2021-10-03"},{"lineNumber":8,"author":{"gitId":"KishorKumar11"},"content":"        return input.toLowerCase().split(\" \")[0];","lastModifiedDate":"2021-10-03"},{"lineNumber":9,"author":{"gitId":"KishorKumar11"},"content":"    }","lastModifiedDate":"2021-10-03"},{"lineNumber":10,"author":{"gitId":"KishorKumar11"},"content":"}","lastModifiedDate":"2021-10-03"}],"authorContributionMap":{"KishorKumar11":10}},{"path":"src/main/java/seedu/duke/parser/TaskManager.java","fileType":"functional-code","lines":[{"lineNumber":1,"author":{"gitId":"KishorKumar11"},"content":"package seedu.duke.parser;","lastModifiedDate":"2021-10-03"},{"lineNumber":2,"author":{"gitId":"KishorKumar11"},"content":"","lastModifiedDate":"2021-10-03"},{"lineNumber":3,"author":{"gitId":"KishorKumar11"},"content":"import seedu.duke.command.ExitCommand;","lastModifiedDate":"2021-10-03"},{"lineNumber":4,"author":{"gitId":"KishorKumar11"},"content":"import seedu.duke.exception.GetJackDException;","lastModifiedDate":"2021-10-03"},{"lineNumber":5,"author":{"gitId":"KishorKumar11"},"content":"","lastModifiedDate":"2021-10-03"},{"lineNumber":6,"author":{"gitId":"KishorKumar11"},"content":"/**","lastModifiedDate":"2021-10-03"},{"lineNumber":7,"author":{"gitId":"KishorKumar11"},"content":" * To execute task actions based on keywords used in user command.","lastModifiedDate":"2021-10-04"},{"lineNumber":8,"author":{"gitId":"KishorKumar11"},"content":" */","lastModifiedDate":"2021-10-03"},{"lineNumber":9,"author":{"gitId":"KishorKumar11"},"content":"public class TaskManager {","lastModifiedDate":"2021-10-03"},{"lineNumber":10,"author":{"gitId":"KishorKumar11"},"content":"    /**","lastModifiedDate":"2021-10-03"},{"lineNumber":11,"author":{"gitId":"KishorKumar11"},"content":"     * Processes the extracted user command.","lastModifiedDate":"2021-10-04"},{"lineNumber":12,"author":{"gitId":"KishorKumar11"},"content":"     *","lastModifiedDate":"2021-10-03"},{"lineNumber":13,"author":{"gitId":"KishorKumar11"},"content":"     * @param command is the extracted first word of the user input","lastModifiedDate":"2021-10-03"},{"lineNumber":14,"author":{"gitId":"KishorKumar11"},"content":"     * @param input   is the command given by the user","lastModifiedDate":"2021-10-03"},{"lineNumber":15,"author":{"gitId":"KishorKumar11"},"content":"     * @throws GetJackDException if invalid command is given","lastModifiedDate":"2021-10-03"},{"lineNumber":16,"author":{"gitId":"KishorKumar11"},"content":"     */","lastModifiedDate":"2021-10-03"},{"lineNumber":17,"author":{"gitId":"KishorKumar11"},"content":"    public static void parseAndExecuteUserCommand(String command, String input) throws GetJackDException {","lastModifiedDate":"2021-10-04"},{"lineNumber":18,"author":{"gitId":"KishorKumar11"},"content":"        switch (command) {","lastModifiedDate":"2021-10-03"},{"lineNumber":19,"author":{"gitId":"KishorKumar11"},"content":"        case \"bye\":","lastModifiedDate":"2021-10-03"},{"lineNumber":20,"author":{"gitId":"KishorKumar11"},"content":"            // Changes the loop condition to true to exit from the program","lastModifiedDate":"2021-10-03"},{"lineNumber":21,"author":{"gitId":"KishorKumar11"},"content":"            ExitCommand.isExit();","lastModifiedDate":"2021-10-03"},{"lineNumber":22,"author":{"gitId":"KishorKumar11"},"content":"            break;","lastModifiedDate":"2021-10-03"},{"lineNumber":23,"author":{"gitId":"KishorKumar11"},"content":"        default:","lastModifiedDate":"2021-10-03"},{"lineNumber":24,"author":{"gitId":"KishorKumar11"},"content":"            throw new GetJackDException(\"Invalid Command!\");","lastModifiedDate":"2021-10-04"},{"lineNumber":25,"author":{"gitId":"KishorKumar11"},"content":"        }","lastModifiedDate":"2021-10-03"},{"lineNumber":26,"author":{"gitId":"KishorKumar11"},"content":"    }","lastModifiedDate":"2021-10-03"},{"lineNumber":27,"author":{"gitId":"KishorKumar11"},"content":"}","lastModifiedDate":"2021-10-03"}],"authorContributionMap":{"KishorKumar11":27}},{"path":"src/main/java/seedu/duke/storage/Storage.java","fileType":"functional-code","lines":[{"lineNumber":1,"author":{"gitId":"KishorKumar11"},"content":"package seedu.duke.storage;","lastModifiedDate":"2021-10-03"},{"lineNumber":2,"author":{"gitId":"KishorKumar11"},"content":"","lastModifiedDate":"2021-10-03"},{"lineNumber":3,"author":{"gitId":"KishorKumar11"},"content":"/**","lastModifiedDate":"2021-10-03"},{"lineNumber":4,"author":{"gitId":"KishorKumar11"},"content":" * To deal with loading tasks from the json file and saving tasks in the json file.","lastModifiedDate":"2021-10-04"},{"lineNumber":5,"author":{"gitId":"KishorKumar11"},"content":" */","lastModifiedDate":"2021-10-03"},{"lineNumber":6,"author":{"gitId":"KishorKumar11"},"content":"public class Storage {","lastModifiedDate":"2021-10-03"},{"lineNumber":7,"author":{"gitId":"KishorKumar11"},"content":"}","lastModifiedDate":"2021-10-03"}],"authorContributionMap":{"KishorKumar11":7}},{"path":"src/main/java/seedu/duke/tasks/Exercise.java","fileType":"functional-code","lines":[{"lineNumber":1,"author":{"gitId":"KishorKumar11"},"content":"package seedu.duke.tasks;","lastModifiedDate":"2021-10-03"},{"lineNumber":2,"author":{"gitId":"KishorKumar11"},"content":"","lastModifiedDate":"2021-10-03"},{"lineNumber":3,"author":{"gitId":"KishorKumar11"},"content":"public class Exercise {","lastModifiedDate":"2021-10-03"},{"lineNumber":4,"author":{"gitId":"KishorKumar11"},"content":"    protected String description;","lastModifiedDate":"2021-10-03"},{"lineNumber":5,"author":{"gitId":"KishorKumar11"},"content":"","lastModifiedDate":"2021-10-03"},{"lineNumber":6,"author":{"gitId":"KishorKumar11"},"content":"    public Exercise(String description) {","lastModifiedDate":"2021-10-03"},{"lineNumber":7,"author":{"gitId":"KishorKumar11"},"content":"        this.description \u003d description;","lastModifiedDate":"2021-10-03"},{"lineNumber":8,"author":{"gitId":"KishorKumar11"},"content":"    }","lastModifiedDate":"2021-10-03"},{"lineNumber":9,"author":{"gitId":"KishorKumar11"},"content":"}","lastModifiedDate":"2021-10-03"}],"authorContributionMap":{"KishorKumar11":9}},{"path":"src/main/java/seedu/duke/tasks/Workout.java","fileType":"functional-code","lines":[{"lineNumber":1,"author":{"gitId":"KishorKumar11"},"content":"package seedu.duke.tasks;","lastModifiedDate":"2021-10-03"},{"lineNumber":2,"author":{"gitId":"KishorKumar11"},"content":"","lastModifiedDate":"2021-10-03"},{"lineNumber":3,"author":{"gitId":"KishorKumar11"},"content":"public class Workout {","lastModifiedDate":"2021-10-04"},{"lineNumber":4,"author":{"gitId":"KishorKumar11"},"content":"    protected String description;","lastModifiedDate":"2021-10-03"},{"lineNumber":5,"author":{"gitId":"KishorKumar11"},"content":"","lastModifiedDate":"2021-10-03"},{"lineNumber":6,"author":{"gitId":"KishorKumar11"},"content":"    public Workout(String description) {","lastModifiedDate":"2021-10-04"},{"lineNumber":7,"author":{"gitId":"KishorKumar11"},"content":"        this.description \u003d description;","lastModifiedDate":"2021-10-03"},{"lineNumber":8,"author":{"gitId":"KishorKumar11"},"content":"    }","lastModifiedDate":"2021-10-03"},{"lineNumber":9,"author":{"gitId":"KishorKumar11"},"content":"}","lastModifiedDate":"2021-10-03"}],"authorContributionMap":{"KishorKumar11":9}},{"path":"src/main/java/seedu/duke/ui/Ui.java","fileType":"functional-code","lines":[{"lineNumber":1,"author":{"gitId":"KishorKumar11"},"content":"package seedu.duke.ui;","lastModifiedDate":"2021-10-03"},{"lineNumber":2,"author":{"gitId":"KishorKumar11"},"content":"","lastModifiedDate":"2021-10-03"},{"lineNumber":3,"author":{"gitId":"KishorKumar11"},"content":"import seedu.duke.exception.GetJackDException;","lastModifiedDate":"2021-10-03"},{"lineNumber":4,"author":{"gitId":"KishorKumar11"},"content":"","lastModifiedDate":"2021-10-03"},{"lineNumber":5,"author":{"gitId":"KishorKumar11"},"content":"public class Ui {","lastModifiedDate":"2021-10-03"},{"lineNumber":6,"author":{"gitId":"KishorKumar11"},"content":"    public static void printLineSeparator() {","lastModifiedDate":"2021-10-03"},{"lineNumber":7,"author":{"gitId":"KishorKumar11"},"content":"        String line \u003d \"________________________________________________________\";","lastModifiedDate":"2021-10-03"},{"lineNumber":8,"author":{"gitId":"KishorKumar11"},"content":"        System.out.println(line);","lastModifiedDate":"2021-10-03"},{"lineNumber":9,"author":{"gitId":"KishorKumar11"},"content":"    }","lastModifiedDate":"2021-10-03"},{"lineNumber":10,"author":{"gitId":"KishorKumar11"},"content":"","lastModifiedDate":"2021-10-03"},{"lineNumber":11,"author":{"gitId":"KishorKumar11"},"content":"    public static void printWelcomeMessage() {","lastModifiedDate":"2021-10-03"},{"lineNumber":12,"author":{"gitId":"KishorKumar11"},"content":"","lastModifiedDate":"2021-10-03"},{"lineNumber":13,"author":{"gitId":"KishorKumar11"},"content":"        String logo \u003d \"\\n\"","lastModifiedDate":"2021-10-04"},{"lineNumber":14,"author":{"gitId":"KishorKumar11"},"content":"                + \"   ______          _        _____              __      _  ______\\n\"","lastModifiedDate":"2021-10-04"},{"lineNumber":15,"author":{"gitId":"KishorKumar11"},"content":"                + \" .\u0027 ___  |        / |_     |_   _|            [  |  _ | ||_   _ `.\\n\"","lastModifiedDate":"2021-10-04"},{"lineNumber":16,"author":{"gitId":"KishorKumar11"},"content":"                + \"/ .\u0027   \\\\_|  .---.`| |-\u0027      | | ,--.   .---.  | | / ]\\\\_|  | | `. \\\\\\n\"","lastModifiedDate":"2021-10-04"},{"lineNumber":17,"author":{"gitId":"KishorKumar11"},"content":"                + \"| |   ____ / /__\\\\\\\\| |    _   | |`\u0027_\\\\ : / /\u0027`\\\\] | \u0027\u0027 \u003c      | |  | |\\n\"","lastModifiedDate":"2021-10-04"},{"lineNumber":18,"author":{"gitId":"KishorKumar11"},"content":"                + \"\\\\ `.___]  || \\\\__.,| |,  | |__\u0027 |// | |,| \\\\__.  | |`\\\\ \\\\    _| |_.\u0027 /\\n\"","lastModifiedDate":"2021-10-04"},{"lineNumber":19,"author":{"gitId":"KishorKumar11"},"content":"                + \" `._____.\u0027  \u0027.__.\u0027\\\\__/  `.____.\u0027\\\\\u0027-;__/\u0027.___.\u0027[__|  \\\\_]  |______.\u0027\\n\";","lastModifiedDate":"2021-10-04"},{"lineNumber":20,"author":{"gitId":"KishorKumar11"},"content":"","lastModifiedDate":"2021-10-03"},{"lineNumber":21,"author":{"gitId":"KishorKumar11"},"content":"        System.out.println(\"Welcome to\" + logo + \"\\nLet\u0027s begin the journey to achieve the physique you desire!\\n\"","lastModifiedDate":"2021-10-04"},{"lineNumber":22,"author":{"gitId":"KishorKumar11"},"content":"                + \"Enter your command below\");","lastModifiedDate":"2021-10-04"},{"lineNumber":23,"author":{"gitId":"KishorKumar11"},"content":"        printLineSeparator();","lastModifiedDate":"2021-10-03"},{"lineNumber":24,"author":{"gitId":"KishorKumar11"},"content":"    }","lastModifiedDate":"2021-10-03"},{"lineNumber":25,"author":{"gitId":"KishorKumar11"},"content":"","lastModifiedDate":"2021-10-03"},{"lineNumber":26,"author":{"gitId":"KishorKumar11"},"content":"    public static void printByeMessage() {","lastModifiedDate":"2021-10-03"},{"lineNumber":27,"author":{"gitId":"KishorKumar11"},"content":"        printLineSeparator();","lastModifiedDate":"2021-10-03"},{"lineNumber":28,"author":{"gitId":"KishorKumar11"},"content":"        System.out.println(\"Bye. Hope you get your desired body soon, have a great day!\");","lastModifiedDate":"2021-10-04"},{"lineNumber":29,"author":{"gitId":"KishorKumar11"},"content":"        printLineSeparator();","lastModifiedDate":"2021-10-03"},{"lineNumber":30,"author":{"gitId":"KishorKumar11"},"content":"","lastModifiedDate":"2021-10-03"},{"lineNumber":31,"author":{"gitId":"KishorKumar11"},"content":"    }","lastModifiedDate":"2021-10-03"},{"lineNumber":32,"author":{"gitId":"KishorKumar11"},"content":"","lastModifiedDate":"2021-10-03"},{"lineNumber":33,"author":{"gitId":"KishorKumar11"},"content":"    public static void printErrorMessage(GetJackDException e) {","lastModifiedDate":"2021-10-03"},{"lineNumber":34,"author":{"gitId":"KishorKumar11"},"content":"        printLineSeparator();","lastModifiedDate":"2021-10-03"},{"lineNumber":35,"author":{"gitId":"KishorKumar11"},"content":"        System.out.println(e.getMessage());","lastModifiedDate":"2021-10-03"},{"lineNumber":36,"author":{"gitId":"KishorKumar11"},"content":"        printLineSeparator();","lastModifiedDate":"2021-10-03"},{"lineNumber":37,"author":{"gitId":"KishorKumar11"},"content":"    }","lastModifiedDate":"2021-10-03"},{"lineNumber":38,"author":{"gitId":"KishorKumar11"},"content":"}","lastModifiedDate":"2021-10-03"}],"authorContributionMap":{"KishorKumar11":38}}]
