{"authorDailyContributionsMap":{"jonathanmui4":[{"date":"2021-10-01","commitResults":[{"hash":"88a1ff761bfc525d5c0fe3aecc6800cc801c6f2c","messageTitle":"Update About us","messageBody":"","fileTypesAndContributionMap":{"docs":{"insertions":1,"deletions":1}}}]},{"date":"2021-10-05","commitResults":[{"hash":"97613fdc06905166647ce2eab232e07d56e5d6f4","messageTitle":"Add jackson dependencies to Gradle","messageBody":"","fileTypesAndContributionMap":{"other":{"insertions":4,"deletions":0}}},{"hash":"89e033848ee76c971b9c996343e399768d4d02ec","messageTitle":"Update gitignore to ignore data file","messageBody":"","fileTypesAndContributionMap":{"functional-code":{"insertions":17,"deletions":0}}}]},{"date":"2021-10-06","commitResults":[{"hash":"8b162ef9f9e413f9a1afee60dcd45766d6595eb7","messageTitle":"Add Json util and storage models","messageBody":"","fileTypesAndContributionMap":{"functional-code":{"insertions":160,"deletions":0}}},{"hash":"c6d36a39462148b1a95c08465489463683710fa2","messageTitle":"Add toString method to Workout class","messageBody":"","fileTypesAndContributionMap":{"functional-code":{"insertions":7,"deletions":0}}},{"hash":"30520f799610aeede612531dbda1d0378dbca0e9","messageTitle":"Implement JSON storage","messageBody":"","fileTypesAndContributionMap":{"functional-code":{"insertions":171,"deletions":14}}},{"hash":"8c54b930b23540264fbcb38e444019e905f96f44","messageTitle":"Fix check style errors","messageBody":"","fileTypesAndContributionMap":{"functional-code":{"insertions":45,"deletions":37}}}]},{"date":"2021-10-07","commitResults":[{"hash":"6c8c0d64a8985edb1b234d16a7d29da7027c7e66","messageTitle":"Add Junit Test Happy path","messageBody":"","fileTypesAndContributionMap":{"test-code":{"insertions":154,"deletions":0}}},{"hash":"3e579fa2178a99a90f567fd11930ae33e7512acf","messageTitle":"Fix check style","messageBody":"","fileTypesAndContributionMap":{"test-code":{"insertions":12,"deletions":11}}},{"hash":"6d419275e8ff1684c75f15b2bffa3f3642ba04fe","messageTitle":"Add Failure case for JsonUtil Tests","messageBody":"","fileTypesAndContributionMap":{"test-code":{"insertions":8,"deletions":1}}}]},{"date":"2021-10-11","commitResults":[{"hash":"8078ed68a76e43d6ad69e1586aa059982caa1a08","messageTitle":"Add log folder and change log file naming","messageBody":"","fileTypesAndContributionMap":{"functional-code":{"insertions":18,"deletions":2}}},{"hash":"28a42c967066418996bd03f0da53ae7ab62adf8b","messageTitle":"Complete assertions and logging for Storage","messageBody":"","fileTypesAndContributionMap":{"functional-code":{"insertions":7,"deletions":1},"other":{"insertions":5,"deletions":5}}},{"hash":"82174e0fa8a38c7c98fb8c3126a7c91981b12017","messageTitle":"Add assertions to LoggerUtil","messageBody":"","fileTypesAndContributionMap":{"functional-code":{"insertions":3,"deletions":5}}},{"hash":"4b14555b72b9b764052d73a58b4fd46d4fedd0e3","messageTitle":"Update Gradle build with new Class name","messageBody":"","fileTypesAndContributionMap":{"other":{"insertions":2,"deletions":2}}},{"hash":"2771d544a8fc1ea7b37c2e799a4e0a665d512814","messageTitle":"Remove assert from LoggerUtil.setupLogger","messageBody":"","fileTypesAndContributionMap":{"functional-code":{"insertions":0,"deletions":1}}}]}],"IshaaanVyas":[{"date":"2021-10-01","commitResults":[{"hash":"86e88e0309439ba1b81d33cff59fddbcf68d0bbd","messageTitle":"upadated about us","messageBody":"","fileTypesAndContributionMap":{"docs":{"insertions":1,"deletions":1}}}]},{"date":"2021-10-05","commitResults":[{"hash":"7fb2a2250b0fb683eaf34079e14cd33ce435b75a","messageTitle":"Added Workout and WorkoutList and methods to manipulate data in them","messageBody":"","fileTypesAndContributionMap":{"functional-code":{"insertions":73,"deletions":18}}},{"hash":"d2af3940e2f3623303af9e252abe26f078165d26","messageTitle":"Minor code quality changes","messageBody":"","fileTypesAndContributionMap":{"functional-code":{"insertions":15,"deletions":15}}},{"hash":"35aeba9b337990c8a859d3e34e6b2e211728b8a6","messageTitle":"Added decription for Workout class and a getter for it","messageBody":"","fileTypesAndContributionMap":{"functional-code":{"insertions":8,"deletions":1}}},{"hash":"928d8141d82c2e731c89e78c8f8467584a7b5ab0","messageTitle":"Added single comment","messageBody":"","fileTypesAndContributionMap":{"functional-code":{"insertions":1,"deletions":0}}},{"hash":"27c16ef33368f5d3179153e1dd14c451df68777d","messageTitle":"renamed description to workoutName for Workout","messageBody":"","fileTypesAndContributionMap":{"functional-code":{"insertions":5,"deletions":5}}}]},{"date":"2021-10-06","commitResults":[{"hash":"7c909f2d4b5a8c94e636c560811b3c990573b549","messageTitle":"Removed a comment","messageBody":"","fileTypesAndContributionMap":{"functional-code":{"insertions":0,"deletions":1}}},{"hash":"985b9f35d7c629f1dd33ca32cbce58b469426012","messageTitle":"Added Junit test for addWorkout command happy path","messageBody":"","fileTypesAndContributionMap":{"functional-code":{"insertions":0,"deletions":2},"test-code":{"insertions":19,"deletions":0}}}]},{"date":"2021-10-09","commitResults":[{"hash":"1a8b3c4e55700eb8412738ff29e03dc068879ab7","messageTitle":"Added JUnit tests for all non-trivial methods","messageBody":"","fileTypesAndContributionMap":{"functional-code":{"insertions":4,"deletions":4},"test-code":{"insertions":114,"deletions":7}}},{"hash":"aa3e8fe2b9ff8ffd51dfb1570c5f6dd1a38568ec","messageTitle":"Added javadoc for workout and workoutList","messageBody":"","fileTypesAndContributionMap":{"functional-code":{"insertions":83,"deletions":6},"test-code":{"insertions":8,"deletions":8}}},{"hash":"36f45caaef5a993ade7f5e2d2eb7c212877cecba","messageTitle":"added some asserts","messageBody":"","fileTypesAndContributionMap":{"functional-code":{"insertions":20,"deletions":4},"other":{"insertions":1,"deletions":0}}},{"hash":"e479c7ae464ed0fadc9f1f143a4aae2251bc3a87","messageTitle":"couldnt do anything with logging","messageBody":"","fileTypesAndContributionMap":{"functional-code":{"insertions":2,"deletions":18}}},{"hash":"0e98b0f12792a294d483f5ac9e0b34e027841c5c","messageTitle":"finally managed to do some logging","messageBody":"","fileTypesAndContributionMap":{"functional-code":{"insertions":66,"deletions":1}}},{"hash":"6691e93282ba7f2a2e5846bfa2e51488d8176f97","messageTitle":"Fixed bug","messageBody":"","fileTypesAndContributionMap":{"functional-code":{"insertions":6,"deletions":4}}}]}],"JMattChiam":[{"date":"2021-10-01","commitResults":[{"hash":"97fd166512b18fb0deeca15fe7e8ff70c95cb0ea","messageTitle":"Update About us","messageBody":"","fileTypesAndContributionMap":{"docs":{"insertions":1,"deletions":1}}}]},{"date":"2021-10-05","commitResults":[{"hash":"38baafa650e4be8864a31b60037c3fdff5c3c95f","messageTitle":"Add Exercise class","messageBody":"Added Exercise class to represent each exercise in a workout.\n","fileTypesAndContributionMap":{"functional-code":{"insertions":24,"deletions":1}}}]},{"date":"2021-10-06","commitResults":[{"hash":"5d523dfd6e4f2444aa52c4fe84cce13810216c95","messageTitle":"Add JUnit test for Exercise class","messageBody":"","fileTypesAndContributionMap":{"test-code":{"insertions":17,"deletions":0}}}]},{"date":"2021-10-09","commitResults":[{"hash":"80d122e74dea6119294bb8127d63ce7800bb9246","messageTitle":"Add help messages in Ui","messageBody":"Added help messages. The standard help message with no arguement prints\na list of commands and what they do. The second help message prints the\ninformation for a specified command.\n","fileTypesAndContributionMap":{"functional-code":{"insertions":2,"deletions":0}}},{"hash":"631a33ba298f5ee309ecdc55e6adb8e6496c5a7a","messageTitle":"Integrate help command into Parser","messageBody":"Added Parser support for the help command.\nabstract class Command has an additional attribute MESSAGE_USAGE, which\nis the message printed on how the command is used.\nAdded MESSAGE_USAGE for ExitCommand\nAdded line in welcome message to tell users to use help command if\nunsure\n","fileTypesAndContributionMap":{"functional-code":{"insertions":81,"deletions":2}}},{"hash":"b22472da62c3500956743b68999880eef7e6e2a8","messageTitle":"Removed extra printHelpMessage()","messageBody":"Forgot that i changed help message objects to hold the help message\nas an attribute. Eliminating the need for a printHelpMessage(Command)\nmethod, which required instantiating those commands in order to print\nthe MESSAGE_USAGE.\n","fileTypesAndContributionMap":{"functional-code":{"insertions":0,"deletions":5}}},{"hash":"106046729d48c8b64a697e0cc8b244a457ae13b1","messageTitle":"Fix changed EXPECTED.TXT to reflect change in welcome message","messageBody":"","fileTypesAndContributionMap":{"functional-code":{"insertions":3,"deletions":2}}}]},{"date":"2021-10-10","commitResults":[{"hash":"5e9704c29b98c0021f189795bb445a8aa49976f4","messageTitle":"Add Javadoc comments for Command classes","messageBody":"Added javadoc comments for Command classes\nAlso moved LoggerUtil class to duke package\n","fileTypesAndContributionMap":{"functional-code":{"insertions":59,"deletions":12},"other":{"insertions":1,"deletions":1}}}]},{"date":"2021-10-11","commitResults":[{"hash":"e37f97f9bab0133f7f763e8e1d12c9404d9c84c4","messageTitle":"Add logger for Command classes","messageBody":"Log only changes to data, or errors preventing correct command execution\n\nNot all command classes have/use logger. They are:\nCreateWorkoutCommand - executeCommand will log the execution from the\naddWorkout method.\nHelpCommand - no need to log, just printing a help message\nListWorkoutsCommand - no need to log, just printing the workouts\nDisplayExercisesCommand\n","fileTypesAndContributionMap":{"functional-code":{"insertions":43,"deletions":1}}},{"hash":"9cc269c30af255e8523f055fefca7c187a52d788","messageTitle":"Add assertions","messageBody":"","fileTypesAndContributionMap":{"functional-code":{"insertions":5,"deletions":0}}}]}],"qqkoh":[{"date":"2021-10-01","commitResults":[{"hash":"143ce1e015f9283abc527e8f58da188bf469d94f","messageTitle":"Tutorial test","messageBody":"","fileTypesAndContributionMap":{"functional-code":{"insertions":5,"deletions":0}}},{"hash":"3e16838f8ffd46a3d42e7b878307ea447383617c","messageTitle":"add about us","messageBody":"","fileTypesAndContributionMap":{"docs":{"insertions":1,"deletions":1}}}]},{"date":"2021-10-06","commitResults":[{"hash":"765bfbc3c95b8339002c8222cef1d0ec7f338fcc","messageTitle":"Add Command, Parser and Ui classes.","messageBody":"","fileTypesAndContributionMap":{"functional-code":{"insertions":563,"deletions":89}}},{"hash":"e5af2eda0d0d946b6651140dda4a7493180075bc","messageTitle":"Add Command, Parser, Ui classes. Code works.","messageBody":"","fileTypesAndContributionMap":{"functional-code":{"insertions":27,"deletions":15}}},{"hash":"e6616f324cde5a548adac6a1848509ef821f2987","messageTitle":"Updated UI.","messageBody":"","fileTypesAndContributionMap":{"functional-code":{"insertions":31,"deletions":37}}},{"hash":"96f95eff8ab0b1a58ab5219a4ef8d5fbf657c6b1","messageTitle":"Update code format","messageBody":"","fileTypesAndContributionMap":{"functional-code":{"insertions":1,"deletions":0}}},{"hash":"a8cb8a9fdadcaa38cc331461057c9c06f7fc5f85","messageTitle":"Update WorkoutList.java","messageBody":"","fileTypesAndContributionMap":{"functional-code":{"insertions":1,"deletions":1}}},{"hash":"f8d2ebab50ab9255ed1e776068d5c84ccc6cfdfd","messageTitle":"Update workout, exercise, sets, reps keyword.","messageBody":"","fileTypesAndContributionMap":{"functional-code":{"insertions":42,"deletions":22}}},{"hash":"9cd3db8ca72c5c6d0a2507e599da5985d7184e11","messageTitle":"Fix DeleteCommand message bug.","messageBody":"","fileTypesAndContributionMap":{"functional-code":{"insertions":11,"deletions":10}}},{"hash":"33542d6b9cb7a01440f8a6e61c7ce1fcc51bf49c","messageTitle":"Fix CreateWorkoutCommand bug in Parser.","messageBody":"","fileTypesAndContributionMap":{"functional-code":{"insertions":9,"deletions":6}}}]},{"date":"2021-10-07","commitResults":[{"hash":"cffbc1e29c6aa7ff37370bdbf02179259ab93b2e","messageTitle":"Add tests in parser for IncorrectCommand, DeleteWorkoutCommand.","messageBody":"","fileTypesAndContributionMap":{"functional-code":{"insertions":5,"deletions":1},"test-code":{"insertions":56,"deletions":0}}},{"hash":"0b005576808f33b77476eb6c390cb33f59a92e4a","messageTitle":"Update ParserTest.java","messageBody":"","fileTypesAndContributionMap":{"test-code":{"insertions":3,"deletions":3}}}]},{"date":"2021-10-08","commitResults":[{"hash":"ec59d219cea3dc57b044f6371c302d56503a48ce","messageTitle":"Prevent sets and reps from being less than or equal to 0. Change error messages from displaying directly to user to being thrown as exceptions.","messageBody":"","fileTypesAndContributionMap":{"functional-code":{"insertions":18,"deletions":7}}},{"hash":"c23c7775122ace11de2ac9210cb813611ad1c150","messageTitle":"JUnit test for AddExerciseCommand.","messageBody":"","fileTypesAndContributionMap":{"test-code":{"insertions":46,"deletions":0}}},{"hash":"e4f42a68ad89e7e2aa28b40fb67ee386173d3575","messageTitle":"Edit test","messageBody":"","fileTypesAndContributionMap":{"test-code":{"insertions":2,"deletions":1}}},{"hash":"c332edb0faa2bb9680c972b7d2da834bb1383e47","messageTitle":"Update AddExerciseCommandTest.java","messageBody":"","fileTypesAndContributionMap":{"test-code":{"insertions":3,"deletions":2}}}]},{"date":"2021-10-09","commitResults":[{"hash":"f8f47b2f762e0e2147eb61c2e2881d25c4337964","messageTitle":"Fix Ui display list error.","messageBody":"","fileTypesAndContributionMap":{"functional-code":{"insertions":1,"deletions":1}}}]},{"date":"2021-10-10","commitResults":[{"hash":"05a2ba3f02a2ff7cc187cbdf1e65c6ea5ff4995b","messageTitle":"Add JUnit test for MarkExerciseAsDone command.","messageBody":"","fileTypesAndContributionMap":{"test-code":{"insertions":56,"deletions":6}}},{"hash":"e5547d23dad32865b841f82985a2627102075947","messageTitle":"Add JUnit remove exercise command.","messageBody":"","fileTypesAndContributionMap":{"test-code":{"insertions":4,"deletions":0}}},{"hash":"ca6e4d29f31ceed2589eecaf8f2228b277417ff1","messageTitle":"Add JUnit tests for remove exercise command.","messageBody":"","fileTypesAndContributionMap":{"test-code":{"insertions":47,"deletions":2}}},{"hash":"ed1ece55c7bf3356dd1a4dd19b458e6f24dfa1ac","messageTitle":"Add Junit for CreateWorkout and DeleteWorkout commands.","messageBody":"","fileTypesAndContributionMap":{"test-code":{"insertions":8,"deletions":0}}},{"hash":"8f7797673cce52b937ea2e236e3d3d6dd9ca0758","messageTitle":"Add Junit test for create workout and delete workout commands.","messageBody":"","fileTypesAndContributionMap":{"test-code":{"insertions":103,"deletions":15}}}]},{"date":"2021-10-11","commitResults":[{"hash":"959f8a7873422c2659d33defd0dcc35bf4276de5","messageTitle":"Add JavaDoc for some command classes, parser class, ui class","messageBody":"","fileTypesAndContributionMap":{"functional-code":{"insertions":77,"deletions":11}}},{"hash":"dea82bb821ac1c367c9b6d9913dd492807746264","messageTitle":"Add more JUnit parser tests.","messageBody":"","fileTypesAndContributionMap":{"test-code":{"insertions":39,"deletions":1}}}]}],"KishorKumar11":[{"date":"2021-10-01","commitResults":[{"hash":"79689fae241486a6be3753b365345563a932eeb6","messageTitle":"Tutorial test","messageBody":"","fileTypesAndContributionMap":{"docs":{"insertions":1,"deletions":1}}}]},{"date":"2021-10-03","commitResults":[{"hash":"b1df78d4aa8082b179daa7d67632ec2a41d7c743","messageTitle":"Add code skeleton","messageBody":"","fileTypesAndContributionMap":{"functional-code":{"insertions":264,"deletions":10}}}]},{"date":"2021-10-04","commitResults":[{"hash":"7ab2d639d3f0b3f985ac23d61982e167325c49ca","messageTitle":"Update code skeleton","messageBody":"","fileTypesAndContributionMap":{"functional-code":{"insertions":45,"deletions":70},"other":{"insertions":2,"deletions":5}}},{"hash":"e925e0140e44dd9baf0fc75651caad9bbbbc4bf1","messageTitle":"Debug code skeleton","messageBody":"","fileTypesAndContributionMap":{"functional-code":{"insertions":6,"deletions":6}}}]},{"date":"2021-10-06","commitResults":[{"hash":"c65f97789468e5392e01edf1b558687bd6b2b911","messageTitle":"Add Junit test for addExercise","messageBody":"","fileTypesAndContributionMap":{"functional-code":{"insertions":10,"deletions":10},"other":{"insertions":19,"deletions":12},"test-code":{"insertions":20,"deletions":0}}}]},{"date":"2021-10-10","commitResults":[{"hash":"9c247a60c1476e074ad4b90a7057accac0569280","messageTitle":"Add Ui test","messageBody":"","fileTypesAndContributionMap":{"functional-code":{"insertions":34,"deletions":43}}},{"hash":"9b616782015bab63b97c8e89dcc0d7a2b8a48dff","messageTitle":"Debug Ui test","messageBody":"","fileTypesAndContributionMap":{"functional-code":{"insertions":5,"deletions":3},"test-code":{"insertions":4,"deletions":7}}},{"hash":"e224be0db79ce0a6e86a84a42a26cb752964cbac","messageTitle":"Add JavaDoc to Ui and Exercise class","messageBody":"","fileTypesAndContributionMap":{"functional-code":{"insertions":49,"deletions":10}}},{"hash":"2fc0e0d43f927e1d104afb269b62cbcb169d0006","messageTitle":"Add assertions and logging to Exercise class","messageBody":"","fileTypesAndContributionMap":{"functional-code":{"insertions":9,"deletions":0}}}]}]},"authorFileTypeContributionMap":{"jonathanmui4":{"docs":1,"functional-code":391,"test-code":163,"other":6},"IshaaanVyas":{"docs":1,"functional-code":189,"test-code":128,"other":1},"JMattChiam":{"docs":1,"functional-code":179,"test-code":17},"qqkoh":{"docs":1,"functional-code":561,"test-code":333},"KishorKumar11":{"docs":1,"functional-code":238,"test-code":19}},"authorContributionVariance":{"jonathanmui4":11627.44,"IshaaanVyas":7713.9927,"JMattChiam":803.8754,"qqkoh":42350.293,"KishorKumar11":5911.8193},"authorDisplayNameMap":{"jonathanmui4":"CS2113T-F12-2 JONA.. KIT","IshaaanVyas":"CS2113T-F12-2 ISHA..VYAS","JMattChiam":"CS2113T-F12-2 JOEL..IANG","qqkoh":"CS2113T-F12-2 KOH ..ANQI","KishorKumar11":"CS2113T-F12-2 KISH..SKAR"}}
