[{"path":"docs/AboutUs.md","fileType":"docs","lines":[{"lineNumber":1,"author":{"gitId":"-"},"content":"# About us","lastModifiedDate":"2020-05-24"},{"lineNumber":2,"author":{"gitId":"-"},"content":"","lastModifiedDate":"2020-05-24"},{"lineNumber":3,"author":{"gitId":"-"},"content":"Display | Name | Github Profile | Portfolio ","lastModifiedDate":"2020-05-24"},{"lineNumber":4,"author":{"gitId":"-"},"content":"--------|:----:|:--------------:|:---------:","lastModifiedDate":"2020-05-24"},{"lineNumber":5,"author":{"gitId":"exetr"},"content":"![](https://via.placeholder.com/100.png?text\u003dPhoto) | Teo Chuan Kai | [Github](https://github.com/exetr) | [Portfolio](docs/team/chuankai.md)","lastModifiedDate":"2021-09-30"},{"lineNumber":6,"author":{"gitId":"avellinwong01"},"content":"![](https://via.placeholder.com/100.png?text\u003dPhoto) | Avellin | [Github](https://github.com/) | [Portfolio](docs/team/johndoe.md)","lastModifiedDate":"2021-09-30"},{"lineNumber":7,"author":{"gitId":"dyahnafisah"},"content":"![](https://via.placeholder.com/100.png?text\u003dPhoto) | Dyah Nafisah | [Github](https://github.com/) | [Portfolio](docs/team/johndoe.md)","lastModifiedDate":"2021-09-30"},{"lineNumber":8,"author":{"gitId":"-"},"content":"![](https://via.placeholder.com/100.png?text\u003dPhoto) | John Roe | [Github](https://github.com/) | [Portfolio](docs/team/johndoe.md)","lastModifiedDate":"2020-05-24"},{"lineNumber":9,"author":{"gitId":"silinche"},"content":"![](https://via.placeholder.com/100.png?text\u003dPhoto) | Silin Chen | [Github](https://github.com/) | [Portfolio](docs/team/johndoe.md)","lastModifiedDate":"2021-09-30"}],"authorContributionMap":{"avellinwong01":1,"exetr":1,"-":5,"dyahnafisah":1,"silinche":1}},{"path":"src/main/java/seedu/duke/Duke.java","fileType":"functional-code","lines":[{"lineNumber":1,"author":{"gitId":"-"},"content":"package seedu.duke;","lastModifiedDate":"2020-05-24"},{"lineNumber":2,"author":{"gitId":"-"},"content":"","lastModifiedDate":"2020-05-24"},{"lineNumber":3,"author":{"gitId":"exetr"},"content":"import seedu.duke.commands.Command;","lastModifiedDate":"2021-10-08"},{"lineNumber":4,"author":{"gitId":"exetr"},"content":"import seedu.duke.commands.Parser;","lastModifiedDate":"2021-10-08"},{"lineNumber":5,"author":{"gitId":"exetr"},"content":"import seedu.duke.ui.TextUI;","lastModifiedDate":"2021-10-08"},{"lineNumber":6,"author":{"gitId":"-"},"content":"","lastModifiedDate":"2021-10-08"},{"lineNumber":7,"author":{"gitId":"avellinwong01"},"content":"/**","lastModifiedDate":"2021-10-10"},{"lineNumber":8,"author":{"gitId":"avellinwong01"},"content":" * Main class of the application.","lastModifiedDate":"2021-10-10"},{"lineNumber":9,"author":{"gitId":"avellinwong01"},"content":" */","lastModifiedDate":"2021-10-10"},{"lineNumber":10,"author":{"gitId":"-"},"content":"public class Duke {","lastModifiedDate":"2019-07-29"},{"lineNumber":11,"author":{"gitId":"exetr"},"content":"    private static TextUI ui;","lastModifiedDate":"2021-10-08"},{"lineNumber":12,"author":{"gitId":"exetr"},"content":"    private static Parser parser;","lastModifiedDate":"2021-10-12"},{"lineNumber":13,"author":{"gitId":"exetr"},"content":"","lastModifiedDate":"2021-10-08"},{"lineNumber":14,"author":{"gitId":"-"},"content":"    /**","lastModifiedDate":"2020-05-24"},{"lineNumber":15,"author":{"gitId":"-"},"content":"     * Main entry-point for the java.duke.Duke application.","lastModifiedDate":"2020-05-24"},{"lineNumber":16,"author":{"gitId":"-"},"content":"     */","lastModifiedDate":"2020-05-24"},{"lineNumber":17,"author":{"gitId":"-"},"content":"    public static void main(String[] args) {","lastModifiedDate":"2019-07-29"},{"lineNumber":18,"author":{"gitId":"exetr"},"content":"        ui \u003d new TextUI();","lastModifiedDate":"2021-10-08"},{"lineNumber":19,"author":{"gitId":"exetr"},"content":"        parser \u003d new Parser();","lastModifiedDate":"2021-10-12"},{"lineNumber":20,"author":{"gitId":"-"},"content":"","lastModifiedDate":"2021-10-08"},{"lineNumber":21,"author":{"gitId":"avellinwong01"},"content":"        // Continue to read, parse and execute commands until exit command is issued by user","lastModifiedDate":"2021-10-10"},{"lineNumber":22,"author":{"gitId":"exetr"},"content":"        while (true) {","lastModifiedDate":"2021-10-08"},{"lineNumber":23,"author":{"gitId":"exetr"},"content":"            // Gets one line of user input","lastModifiedDate":"2021-10-08"},{"lineNumber":24,"author":{"gitId":"exetr"},"content":"            String userInput \u003d ui.read();","lastModifiedDate":"2021-10-08"},{"lineNumber":25,"author":{"gitId":"exetr"},"content":"            // Parse line to create relevant command object","lastModifiedDate":"2021-10-08"},{"lineNumber":26,"author":{"gitId":"exetr"},"content":"            Command userCommand \u003d parser.parse(userInput);","lastModifiedDate":"2021-10-12"},{"lineNumber":27,"author":{"gitId":"exetr"},"content":"            // Executes logic of command","lastModifiedDate":"2021-10-08"},{"lineNumber":28,"author":{"gitId":"exetr"},"content":"            userCommand.execute(ui);","lastModifiedDate":"2021-10-08"},{"lineNumber":29,"author":{"gitId":"exetr"},"content":"            // Check whether to exit program","lastModifiedDate":"2021-10-08"},{"lineNumber":30,"author":{"gitId":"exetr"},"content":"            if (userCommand.isExit()) {","lastModifiedDate":"2021-10-08"},{"lineNumber":31,"author":{"gitId":"exetr"},"content":"                break;","lastModifiedDate":"2021-10-08"},{"lineNumber":32,"author":{"gitId":"exetr"},"content":"            }","lastModifiedDate":"2021-10-08"},{"lineNumber":33,"author":{"gitId":"exetr"},"content":"        }","lastModifiedDate":"2021-10-08"},{"lineNumber":34,"author":{"gitId":"-"},"content":"    }","lastModifiedDate":"2019-07-29"},{"lineNumber":35,"author":{"gitId":"-"},"content":"}","lastModifiedDate":"2019-07-29"}],"authorContributionMap":{"avellinwong01":4,"exetr":20,"-":11}},{"path":"src/main/java/seedu/duke/commands/Command.java","fileType":"functional-code","lines":[{"lineNumber":1,"author":{"gitId":"exetr"},"content":"package seedu.duke.commands;","lastModifiedDate":"2021-10-08"},{"lineNumber":2,"author":{"gitId":"exetr"},"content":"","lastModifiedDate":"2021-10-08"},{"lineNumber":3,"author":{"gitId":"exetr"},"content":"import seedu.duke.ui.TextUI;","lastModifiedDate":"2021-10-08"},{"lineNumber":4,"author":{"gitId":"exetr"},"content":"","lastModifiedDate":"2021-10-08"},{"lineNumber":5,"author":{"gitId":"exetr"},"content":"/**","lastModifiedDate":"2021-10-08"},{"lineNumber":6,"author":{"gitId":"exetr"},"content":" * The command class is an abstract class representing the underlying command object.","lastModifiedDate":"2021-10-08"},{"lineNumber":7,"author":{"gitId":"exetr"},"content":" * It is inherited by all other command objects.","lastModifiedDate":"2021-10-08"},{"lineNumber":8,"author":{"gitId":"exetr"},"content":" */","lastModifiedDate":"2021-10-08"},{"lineNumber":9,"author":{"gitId":"exetr"},"content":"public abstract class Command {","lastModifiedDate":"2021-10-08"},{"lineNumber":10,"author":{"gitId":"avellinwong01"},"content":"","lastModifiedDate":"2021-10-10"},{"lineNumber":11,"author":{"gitId":"exetr"},"content":"    /**","lastModifiedDate":"2021-10-08"},{"lineNumber":12,"author":{"gitId":"exetr"},"content":"     * This method executes the command, performing the required operations.","lastModifiedDate":"2021-10-08"},{"lineNumber":13,"author":{"gitId":"exetr"},"content":"     * It is only meant to be called by child classes.","lastModifiedDate":"2021-10-08"},{"lineNumber":14,"author":{"gitId":"exetr"},"content":"     * @param ui Object that handles user IO","lastModifiedDate":"2021-10-08"},{"lineNumber":15,"author":{"gitId":"exetr"},"content":"     */","lastModifiedDate":"2021-10-08"},{"lineNumber":16,"author":{"gitId":"exetr"},"content":"    public void execute(TextUI ui) {","lastModifiedDate":"2021-10-08"},{"lineNumber":17,"author":{"gitId":"exetr"},"content":"        throw new UnsupportedOperationException();","lastModifiedDate":"2021-10-08"},{"lineNumber":18,"author":{"gitId":"exetr"},"content":"    }","lastModifiedDate":"2021-10-08"},{"lineNumber":19,"author":{"gitId":"exetr"},"content":"","lastModifiedDate":"2021-10-08"},{"lineNumber":20,"author":{"gitId":"exetr"},"content":"    /**","lastModifiedDate":"2021-10-08"},{"lineNumber":21,"author":{"gitId":"exetr"},"content":"     * Returns whether exit command has been issued by the user.","lastModifiedDate":"2021-10-08"},{"lineNumber":22,"author":{"gitId":"exetr"},"content":"     * @return Boolean true if exit command has been issued, false if other commands issued","lastModifiedDate":"2021-10-08"},{"lineNumber":23,"author":{"gitId":"exetr"},"content":"     */","lastModifiedDate":"2021-10-08"},{"lineNumber":24,"author":{"gitId":"exetr"},"content":"    public Boolean isExit() {","lastModifiedDate":"2021-10-08"},{"lineNumber":25,"author":{"gitId":"exetr"},"content":"        return this instanceof ExitCommand;","lastModifiedDate":"2021-10-08"},{"lineNumber":26,"author":{"gitId":"exetr"},"content":"    }","lastModifiedDate":"2021-10-08"},{"lineNumber":27,"author":{"gitId":"exetr"},"content":"}","lastModifiedDate":"2021-10-08"}],"authorContributionMap":{"avellinwong01":1,"exetr":26}},{"path":"src/main/java/seedu/duke/commands/ExitCommand.java","fileType":"functional-code","lines":[{"lineNumber":1,"author":{"gitId":"exetr"},"content":"package seedu.duke.commands;","lastModifiedDate":"2021-10-08"},{"lineNumber":2,"author":{"gitId":"exetr"},"content":"","lastModifiedDate":"2021-10-08"},{"lineNumber":3,"author":{"gitId":"exetr"},"content":"import seedu.duke.ui.TextUI;","lastModifiedDate":"2021-10-08"},{"lineNumber":4,"author":{"gitId":"exetr"},"content":"","lastModifiedDate":"2021-10-08"},{"lineNumber":5,"author":{"gitId":"exetr"},"content":"import static seedu.duke.common.Messages.EXIT_MESSAGE;","lastModifiedDate":"2021-10-08"},{"lineNumber":6,"author":{"gitId":"exetr"},"content":"","lastModifiedDate":"2021-10-08"},{"lineNumber":7,"author":{"gitId":"avellinwong01"},"content":"/**","lastModifiedDate":"2021-10-10"},{"lineNumber":8,"author":{"gitId":"avellinwong01"},"content":" * Class encapsulating an exit command.","lastModifiedDate":"2021-10-10"},{"lineNumber":9,"author":{"gitId":"avellinwong01"},"content":" */","lastModifiedDate":"2021-10-10"},{"lineNumber":10,"author":{"gitId":"exetr"},"content":"public class ExitCommand extends Command {","lastModifiedDate":"2021-10-08"},{"lineNumber":11,"author":{"gitId":"avellinwong01"},"content":"","lastModifiedDate":"2021-10-10"},{"lineNumber":12,"author":{"gitId":"exetr"},"content":"    /**","lastModifiedDate":"2021-10-08"},{"lineNumber":13,"author":{"gitId":"exetr"},"content":"     * Single constructor, no parameters.","lastModifiedDate":"2021-10-08"},{"lineNumber":14,"author":{"gitId":"exetr"},"content":"     */","lastModifiedDate":"2021-10-08"},{"lineNumber":15,"author":{"gitId":"exetr"},"content":"    public ExitCommand() {","lastModifiedDate":"2021-10-08"},{"lineNumber":16,"author":{"gitId":"exetr"},"content":"    }","lastModifiedDate":"2021-10-08"},{"lineNumber":17,"author":{"gitId":"exetr"},"content":"","lastModifiedDate":"2021-10-08"},{"lineNumber":18,"author":{"gitId":"exetr"},"content":"    /**","lastModifiedDate":"2021-10-08"},{"lineNumber":19,"author":{"gitId":"exetr"},"content":"     * Prints exit message.","lastModifiedDate":"2021-10-08"},{"lineNumber":20,"author":{"gitId":"exetr"},"content":"     * Overrides method from parent class.","lastModifiedDate":"2021-10-08"},{"lineNumber":21,"author":{"gitId":"exetr"},"content":"     * @param ui Object that handles user IO","lastModifiedDate":"2021-10-08"},{"lineNumber":22,"author":{"gitId":"exetr"},"content":"     */","lastModifiedDate":"2021-10-08"},{"lineNumber":23,"author":{"gitId":"exetr"},"content":"    @Override","lastModifiedDate":"2021-10-08"},{"lineNumber":24,"author":{"gitId":"exetr"},"content":"    public void execute(TextUI ui) {","lastModifiedDate":"2021-10-08"},{"lineNumber":25,"author":{"gitId":"exetr"},"content":"        ui.print(EXIT_MESSAGE);","lastModifiedDate":"2021-10-08"},{"lineNumber":26,"author":{"gitId":"exetr"},"content":"    }","lastModifiedDate":"2021-10-08"},{"lineNumber":27,"author":{"gitId":"exetr"},"content":"}","lastModifiedDate":"2021-10-08"}],"authorContributionMap":{"avellinwong01":4,"exetr":23}},{"path":"src/main/java/seedu/duke/commands/Parser.java","fileType":"functional-code","lines":[{"lineNumber":1,"author":{"gitId":"exetr"},"content":"package seedu.duke.commands;","lastModifiedDate":"2021-10-08"},{"lineNumber":2,"author":{"gitId":"exetr"},"content":"","lastModifiedDate":"2021-10-08"},{"lineNumber":3,"author":{"gitId":"exetr"},"content":"/**","lastModifiedDate":"2021-10-08"},{"lineNumber":4,"author":{"gitId":"exetr"},"content":" * The parser class contains methods to process the string input by the user.","lastModifiedDate":"2021-10-08"},{"lineNumber":5,"author":{"gitId":"exetr"},"content":" */","lastModifiedDate":"2021-10-08"},{"lineNumber":6,"author":{"gitId":"exetr"},"content":"public class Parser {","lastModifiedDate":"2021-10-08"},{"lineNumber":7,"author":{"gitId":"exetr"},"content":"    private static final String COMMAND_EXIT \u003d \"exit\";","lastModifiedDate":"2021-10-08"},{"lineNumber":8,"author":{"gitId":"exetr"},"content":"","lastModifiedDate":"2021-10-08"},{"lineNumber":9,"author":{"gitId":"exetr"},"content":"    /**","lastModifiedDate":"2021-10-12"},{"lineNumber":10,"author":{"gitId":"exetr"},"content":"     * Sole constructor.","lastModifiedDate":"2021-10-12"},{"lineNumber":11,"author":{"gitId":"exetr"},"content":"     */","lastModifiedDate":"2021-10-12"},{"lineNumber":12,"author":{"gitId":"exetr"},"content":"    public Parser() {","lastModifiedDate":"2021-10-12"},{"lineNumber":13,"author":{"gitId":"exetr"},"content":"    }","lastModifiedDate":"2021-10-12"},{"lineNumber":14,"author":{"gitId":"exetr"},"content":"","lastModifiedDate":"2021-10-12"},{"lineNumber":15,"author":{"gitId":"avellinwong01"},"content":"    /**","lastModifiedDate":"2021-10-10"},{"lineNumber":16,"author":{"gitId":"avellinwong01"},"content":"     * Processes the commands inputted by the user.","lastModifiedDate":"2021-10-10"},{"lineNumber":17,"author":{"gitId":"avellinwong01"},"content":"     *","lastModifiedDate":"2021-10-10"},{"lineNumber":18,"author":{"gitId":"avellinwong01"},"content":"     * @param input A string corresponding to a specific command","lastModifiedDate":"2021-10-10"},{"lineNumber":19,"author":{"gitId":"avellinwong01"},"content":"     * @return The specific Command object corresponding to the input","lastModifiedDate":"2021-10-10"},{"lineNumber":20,"author":{"gitId":"avellinwong01"},"content":"     */","lastModifiedDate":"2021-10-10"},{"lineNumber":21,"author":{"gitId":"exetr"},"content":"    public Command parse(String input) {","lastModifiedDate":"2021-10-12"},{"lineNumber":22,"author":{"gitId":"exetr"},"content":"        if (input.equals(COMMAND_EXIT)) {","lastModifiedDate":"2021-10-08"},{"lineNumber":23,"author":{"gitId":"exetr"},"content":"            return new ExitCommand();","lastModifiedDate":"2021-10-08"},{"lineNumber":24,"author":{"gitId":"exetr"},"content":"        } else {","lastModifiedDate":"2021-10-08"},{"lineNumber":25,"author":{"gitId":"avellinwong01"},"content":"            return new UnknownCommand();","lastModifiedDate":"2021-10-10"},{"lineNumber":26,"author":{"gitId":"exetr"},"content":"        }","lastModifiedDate":"2021-10-08"},{"lineNumber":27,"author":{"gitId":"exetr"},"content":"    }","lastModifiedDate":"2021-10-08"},{"lineNumber":28,"author":{"gitId":"exetr"},"content":"}","lastModifiedDate":"2021-10-08"}],"authorContributionMap":{"avellinwong01":7,"exetr":21}},{"path":"src/main/java/seedu/duke/commands/UnknownCommand.java","fileType":"functional-code","lines":[{"lineNumber":1,"author":{"gitId":"avellinwong01"},"content":"package seedu.duke.commands;","lastModifiedDate":"2021-10-10"},{"lineNumber":2,"author":{"gitId":"avellinwong01"},"content":"","lastModifiedDate":"2021-10-10"},{"lineNumber":3,"author":{"gitId":"avellinwong01"},"content":"import seedu.duke.ui.TextUI;","lastModifiedDate":"2021-10-10"},{"lineNumber":4,"author":{"gitId":"avellinwong01"},"content":"","lastModifiedDate":"2021-10-10"},{"lineNumber":5,"author":{"gitId":"avellinwong01"},"content":"import static seedu.duke.common.Messages.UNKNOWN_MESSAGE;","lastModifiedDate":"2021-10-10"},{"lineNumber":6,"author":{"gitId":"avellinwong01"},"content":"","lastModifiedDate":"2021-10-10"},{"lineNumber":7,"author":{"gitId":"avellinwong01"},"content":"/**","lastModifiedDate":"2021-10-10"},{"lineNumber":8,"author":{"gitId":"avellinwong01"},"content":" * Class encapsulating an unknown command not recognised by the application.","lastModifiedDate":"2021-10-10"},{"lineNumber":9,"author":{"gitId":"avellinwong01"},"content":" */","lastModifiedDate":"2021-10-10"},{"lineNumber":10,"author":{"gitId":"avellinwong01"},"content":"public class UnknownCommand extends Command {","lastModifiedDate":"2021-10-10"},{"lineNumber":11,"author":{"gitId":"avellinwong01"},"content":"","lastModifiedDate":"2021-10-10"},{"lineNumber":12,"author":{"gitId":"avellinwong01"},"content":"    /**","lastModifiedDate":"2021-10-10"},{"lineNumber":13,"author":{"gitId":"avellinwong01"},"content":"     * Single constructor, no parameters.","lastModifiedDate":"2021-10-10"},{"lineNumber":14,"author":{"gitId":"avellinwong01"},"content":"     */","lastModifiedDate":"2021-10-10"},{"lineNumber":15,"author":{"gitId":"avellinwong01"},"content":"    public UnknownCommand() {","lastModifiedDate":"2021-10-10"},{"lineNumber":16,"author":{"gitId":"avellinwong01"},"content":"    }","lastModifiedDate":"2021-10-10"},{"lineNumber":17,"author":{"gitId":"avellinwong01"},"content":"","lastModifiedDate":"2021-10-10"},{"lineNumber":18,"author":{"gitId":"avellinwong01"},"content":"    /**","lastModifiedDate":"2021-10-10"},{"lineNumber":19,"author":{"gitId":"avellinwong01"},"content":"     * Prints unknown message.","lastModifiedDate":"2021-10-10"},{"lineNumber":20,"author":{"gitId":"avellinwong01"},"content":"     * Overrides method from parent class.","lastModifiedDate":"2021-10-10"},{"lineNumber":21,"author":{"gitId":"avellinwong01"},"content":"     * @param ui Object that handles user IO","lastModifiedDate":"2021-10-10"},{"lineNumber":22,"author":{"gitId":"avellinwong01"},"content":"     */","lastModifiedDate":"2021-10-10"},{"lineNumber":23,"author":{"gitId":"avellinwong01"},"content":"    @Override","lastModifiedDate":"2021-10-10"},{"lineNumber":24,"author":{"gitId":"avellinwong01"},"content":"    public void execute(TextUI ui) {","lastModifiedDate":"2021-10-10"},{"lineNumber":25,"author":{"gitId":"avellinwong01"},"content":"        ui.print(UNKNOWN_MESSAGE);","lastModifiedDate":"2021-10-10"},{"lineNumber":26,"author":{"gitId":"avellinwong01"},"content":"    }","lastModifiedDate":"2021-10-10"},{"lineNumber":27,"author":{"gitId":"avellinwong01"},"content":"","lastModifiedDate":"2021-10-10"},{"lineNumber":28,"author":{"gitId":"avellinwong01"},"content":"}","lastModifiedDate":"2021-10-10"}],"authorContributionMap":{"avellinwong01":28}},{"path":"src/main/java/seedu/duke/common/Messages.java","fileType":"functional-code","lines":[{"lineNumber":1,"author":{"gitId":"exetr"},"content":"package seedu.duke.common;","lastModifiedDate":"2021-10-08"},{"lineNumber":2,"author":{"gitId":"exetr"},"content":"","lastModifiedDate":"2021-10-08"},{"lineNumber":3,"author":{"gitId":"avellinwong01"},"content":"/**","lastModifiedDate":"2021-10-10"},{"lineNumber":4,"author":{"gitId":"avellinwong01"},"content":" * Class containing various output messages that are printed to the user.","lastModifiedDate":"2021-10-10"},{"lineNumber":5,"author":{"gitId":"avellinwong01"},"content":" */","lastModifiedDate":"2021-10-10"},{"lineNumber":6,"author":{"gitId":"exetr"},"content":"public class Messages {","lastModifiedDate":"2021-10-08"},{"lineNumber":7,"author":{"gitId":"exetr"},"content":"    public static final String LOGO \u003d \"        _.-\\\"\\\\\\n\"","lastModifiedDate":"2021-10-08"},{"lineNumber":8,"author":{"gitId":"exetr"},"content":"            + \"    _.-\\\"     \\\\\\n\"","lastModifiedDate":"2021-10-08"},{"lineNumber":9,"author":{"gitId":"exetr"},"content":"            + \" ,-\\\"          \\\\\\n\"","lastModifiedDate":"2021-10-08"},{"lineNumber":10,"author":{"gitId":"exetr"},"content":"            + \"( \\\\            \\\\\\n\"","lastModifiedDate":"2021-10-08"},{"lineNumber":11,"author":{"gitId":"exetr"},"content":"            + \" \\\\ \\\\            \\\\\\n\"","lastModifiedDate":"2021-10-08"},{"lineNumber":12,"author":{"gitId":"exetr"},"content":"            + \"  \\\\ \\\\            \\\\\\n\"","lastModifiedDate":"2021-10-08"},{"lineNumber":13,"author":{"gitId":"exetr"},"content":"            + \"   \\\\ \\\\         _.-;\\n\"","lastModifiedDate":"2021-10-08"},{"lineNumber":14,"author":{"gitId":"exetr"},"content":"            + \"    \\\\ \\\\    _.-\\\"   :\\n\"","lastModifiedDate":"2021-10-08"},{"lineNumber":15,"author":{"gitId":"exetr"},"content":"            + \"     \\\\ \\\\,-\\\"    _.-\\\"\\n\"","lastModifiedDate":"2021-10-08"},{"lineNumber":16,"author":{"gitId":"exetr"},"content":"            + \"      \\\\(   _.-\\\"  libmgr\\n\"","lastModifiedDate":"2021-10-08"},{"lineNumber":17,"author":{"gitId":"exetr"},"content":"            + \"       `--\\\"\"","lastModifiedDate":"2021-10-08"},{"lineNumber":18,"author":{"gitId":"exetr"},"content":"            + \"\";","lastModifiedDate":"2021-10-08"},{"lineNumber":19,"author":{"gitId":"exetr"},"content":"    public static final String WELCOME_MESSAGE \u003d \"Welcome to libmgr\";","lastModifiedDate":"2021-10-08"},{"lineNumber":20,"author":{"gitId":"exetr"},"content":"    public static final String EXIT_MESSAGE \u003d \"See you soon!\";","lastModifiedDate":"2021-10-08"},{"lineNumber":21,"author":{"gitId":"avellinwong01"},"content":"    public static final String UNKNOWN_MESSAGE \u003d \"Sorry, I don\u0027t understand what you mean\";","lastModifiedDate":"2021-10-10"},{"lineNumber":22,"author":{"gitId":"exetr"},"content":"}","lastModifiedDate":"2021-10-08"}],"authorContributionMap":{"avellinwong01":4,"exetr":18}},{"path":"src/main/java/seedu/duke/data/item/Catalogue.java","fileType":"functional-code","lines":[{"lineNumber":1,"author":{"gitId":"dyahnafisah"},"content":"package seedu.duke.data.item;","lastModifiedDate":"2021-10-10"},{"lineNumber":2,"author":{"gitId":"dyahnafisah"},"content":"","lastModifiedDate":"2021-10-10"},{"lineNumber":3,"author":{"gitId":"dyahnafisah"},"content":"import java.util.ArrayList;","lastModifiedDate":"2021-10-10"},{"lineNumber":4,"author":{"gitId":"dyahnafisah"},"content":"","lastModifiedDate":"2021-10-10"},{"lineNumber":5,"author":{"gitId":"dyahnafisah"},"content":"/**","lastModifiedDate":"2021-10-10"},{"lineNumber":6,"author":{"gitId":"dyahnafisah"},"content":" * The Catalogue class stores the ArrayList of the items.","lastModifiedDate":"2021-10-10"},{"lineNumber":7,"author":{"gitId":"dyahnafisah"},"content":" */","lastModifiedDate":"2021-10-10"},{"lineNumber":8,"author":{"gitId":"dyahnafisah"},"content":"public class Catalogue {","lastModifiedDate":"2021-10-10"},{"lineNumber":9,"author":{"gitId":"dyahnafisah"},"content":"    ArrayList\u003cItem\u003e itemsArrayList \u003d new ArrayList\u003c\u003e();","lastModifiedDate":"2021-10-10"},{"lineNumber":10,"author":{"gitId":"dyahnafisah"},"content":"}","lastModifiedDate":"2021-10-10"}],"authorContributionMap":{"dyahnafisah":10}},{"path":"src/main/java/seedu/duke/data/item/Item.java","fileType":"functional-code","lines":[{"lineNumber":1,"author":{"gitId":"silinche"},"content":"package seedu.duke.data.item;","lastModifiedDate":"2021-10-09"},{"lineNumber":2,"author":{"gitId":"silinche"},"content":"","lastModifiedDate":"2021-10-09"},{"lineNumber":3,"author":{"gitId":"silinche"},"content":"public class Item {","lastModifiedDate":"2021-10-09"},{"lineNumber":4,"author":{"gitId":"silinche"},"content":"    private String title;","lastModifiedDate":"2021-10-09"},{"lineNumber":5,"author":{"gitId":"silinche"},"content":"    private String id;","lastModifiedDate":"2021-10-09"},{"lineNumber":6,"author":{"gitId":"silinche"},"content":"    private String status;","lastModifiedDate":"2021-10-09"},{"lineNumber":7,"author":{"gitId":"silinche"},"content":"","lastModifiedDate":"2021-10-09"},{"lineNumber":8,"author":{"gitId":"silinche"},"content":"    public Item(String title, String id, String status) {","lastModifiedDate":"2021-10-09"},{"lineNumber":9,"author":{"gitId":"silinche"},"content":"        this.title \u003d title;","lastModifiedDate":"2021-10-09"},{"lineNumber":10,"author":{"gitId":"silinche"},"content":"        this.id \u003d id;","lastModifiedDate":"2021-10-09"},{"lineNumber":11,"author":{"gitId":"silinche"},"content":"        this.status \u003d status;","lastModifiedDate":"2021-10-09"},{"lineNumber":12,"author":{"gitId":"silinche"},"content":"    }","lastModifiedDate":"2021-10-09"},{"lineNumber":13,"author":{"gitId":"silinche"},"content":"","lastModifiedDate":"2021-10-09"},{"lineNumber":14,"author":{"gitId":"silinche"},"content":"    public String getTitle() {","lastModifiedDate":"2021-10-09"},{"lineNumber":15,"author":{"gitId":"silinche"},"content":"        return title;","lastModifiedDate":"2021-10-09"},{"lineNumber":16,"author":{"gitId":"silinche"},"content":"    }","lastModifiedDate":"2021-10-09"},{"lineNumber":17,"author":{"gitId":"silinche"},"content":"","lastModifiedDate":"2021-10-09"},{"lineNumber":18,"author":{"gitId":"silinche"},"content":"    public void setTitle(String title) {","lastModifiedDate":"2021-10-09"},{"lineNumber":19,"author":{"gitId":"silinche"},"content":"        this.title \u003d title;","lastModifiedDate":"2021-10-09"},{"lineNumber":20,"author":{"gitId":"silinche"},"content":"    }","lastModifiedDate":"2021-10-09"},{"lineNumber":21,"author":{"gitId":"silinche"},"content":"","lastModifiedDate":"2021-10-09"},{"lineNumber":22,"author":{"gitId":"silinche"},"content":"    public String getID() {","lastModifiedDate":"2021-10-09"},{"lineNumber":23,"author":{"gitId":"silinche"},"content":"        return id;","lastModifiedDate":"2021-10-09"},{"lineNumber":24,"author":{"gitId":"silinche"},"content":"    }","lastModifiedDate":"2021-10-09"},{"lineNumber":25,"author":{"gitId":"silinche"},"content":"","lastModifiedDate":"2021-10-09"},{"lineNumber":26,"author":{"gitId":"silinche"},"content":"    public void setID(String id) {","lastModifiedDate":"2021-10-09"},{"lineNumber":27,"author":{"gitId":"silinche"},"content":"        this.id \u003d id;","lastModifiedDate":"2021-10-09"},{"lineNumber":28,"author":{"gitId":"silinche"},"content":"    }","lastModifiedDate":"2021-10-09"},{"lineNumber":29,"author":{"gitId":"silinche"},"content":"","lastModifiedDate":"2021-10-09"},{"lineNumber":30,"author":{"gitId":"silinche"},"content":"    public String getStatus() {","lastModifiedDate":"2021-10-09"},{"lineNumber":31,"author":{"gitId":"silinche"},"content":"        return status;","lastModifiedDate":"2021-10-09"},{"lineNumber":32,"author":{"gitId":"silinche"},"content":"    }","lastModifiedDate":"2021-10-09"},{"lineNumber":33,"author":{"gitId":"silinche"},"content":"","lastModifiedDate":"2021-10-09"},{"lineNumber":34,"author":{"gitId":"silinche"},"content":"    public void setStatus(String status) {","lastModifiedDate":"2021-10-09"},{"lineNumber":35,"author":{"gitId":"silinche"},"content":"        this.status \u003d status;","lastModifiedDate":"2021-10-09"},{"lineNumber":36,"author":{"gitId":"silinche"},"content":"    }","lastModifiedDate":"2021-10-09"},{"lineNumber":37,"author":{"gitId":"silinche"},"content":"}","lastModifiedDate":"2021-10-09"}],"authorContributionMap":{"silinche":37}},{"path":"src/main/java/seedu/duke/ui/TextUI.java","fileType":"functional-code","lines":[{"lineNumber":1,"author":{"gitId":"exetr"},"content":"package seedu.duke.ui;","lastModifiedDate":"2021-10-08"},{"lineNumber":2,"author":{"gitId":"exetr"},"content":"","lastModifiedDate":"2021-10-08"},{"lineNumber":3,"author":{"gitId":"exetr"},"content":"import java.io.PrintStream;","lastModifiedDate":"2021-10-08"},{"lineNumber":4,"author":{"gitId":"exetr"},"content":"import java.util.Scanner;","lastModifiedDate":"2021-10-08"},{"lineNumber":5,"author":{"gitId":"exetr"},"content":"import static seedu.duke.common.Messages.LOGO;","lastModifiedDate":"2021-10-08"},{"lineNumber":6,"author":{"gitId":"exetr"},"content":"import static seedu.duke.common.Messages.WELCOME_MESSAGE;","lastModifiedDate":"2021-10-08"},{"lineNumber":7,"author":{"gitId":"exetr"},"content":"","lastModifiedDate":"2021-10-08"},{"lineNumber":8,"author":{"gitId":"avellinwong01"},"content":"/**","lastModifiedDate":"2021-10-10"},{"lineNumber":9,"author":{"gitId":"avellinwong01"},"content":" * Class encapsulating input and output of the application.","lastModifiedDate":"2021-10-10"},{"lineNumber":10,"author":{"gitId":"avellinwong01"},"content":" */","lastModifiedDate":"2021-10-10"},{"lineNumber":11,"author":{"gitId":"exetr"},"content":"public class TextUI {","lastModifiedDate":"2021-10-08"},{"lineNumber":12,"author":{"gitId":"exetr"},"content":"    private final Scanner in;","lastModifiedDate":"2021-10-08"},{"lineNumber":13,"author":{"gitId":"exetr"},"content":"    private final PrintStream out;","lastModifiedDate":"2021-10-08"},{"lineNumber":14,"author":{"gitId":"exetr"},"content":"    private static String prefix \u003d \"\u003e \";","lastModifiedDate":"2021-10-08"},{"lineNumber":15,"author":{"gitId":"exetr"},"content":"","lastModifiedDate":"2021-10-08"},{"lineNumber":16,"author":{"gitId":"avellinwong01"},"content":"    /**","lastModifiedDate":"2021-10-10"},{"lineNumber":17,"author":{"gitId":"avellinwong01"},"content":"     * Constructor for TextUI class.","lastModifiedDate":"2021-10-10"},{"lineNumber":18,"author":{"gitId":"avellinwong01"},"content":"     */","lastModifiedDate":"2021-10-10"},{"lineNumber":19,"author":{"gitId":"exetr"},"content":"    public TextUI() {","lastModifiedDate":"2021-10-08"},{"lineNumber":20,"author":{"gitId":"exetr"},"content":"        in \u003d new Scanner(System.in);","lastModifiedDate":"2021-10-08"},{"lineNumber":21,"author":{"gitId":"exetr"},"content":"        out \u003d System.out;","lastModifiedDate":"2021-10-08"},{"lineNumber":22,"author":{"gitId":"exetr"},"content":"        print(LOGO);","lastModifiedDate":"2021-10-08"},{"lineNumber":23,"author":{"gitId":"exetr"},"content":"        print(WELCOME_MESSAGE);","lastModifiedDate":"2021-10-08"},{"lineNumber":24,"author":{"gitId":"exetr"},"content":"    }","lastModifiedDate":"2021-10-08"},{"lineNumber":25,"author":{"gitId":"exetr"},"content":"","lastModifiedDate":"2021-10-08"},{"lineNumber":26,"author":{"gitId":"avellinwong01"},"content":"    /**","lastModifiedDate":"2021-10-10"},{"lineNumber":27,"author":{"gitId":"avellinwong01"},"content":"     * Reads in user input to the application.","lastModifiedDate":"2021-10-10"},{"lineNumber":28,"author":{"gitId":"avellinwong01"},"content":"     *","lastModifiedDate":"2021-10-10"},{"lineNumber":29,"author":{"gitId":"avellinwong01"},"content":"     * @return User input","lastModifiedDate":"2021-10-10"},{"lineNumber":30,"author":{"gitId":"avellinwong01"},"content":"     */","lastModifiedDate":"2021-10-10"},{"lineNumber":31,"author":{"gitId":"exetr"},"content":"    public String read() {","lastModifiedDate":"2021-10-08"},{"lineNumber":32,"author":{"gitId":"exetr"},"content":"        out.print(prefix);","lastModifiedDate":"2021-10-08"},{"lineNumber":33,"author":{"gitId":"exetr"},"content":"        String input \u003d in.nextLine();","lastModifiedDate":"2021-10-08"},{"lineNumber":34,"author":{"gitId":"exetr"},"content":"        return input;","lastModifiedDate":"2021-10-08"},{"lineNumber":35,"author":{"gitId":"exetr"},"content":"    }","lastModifiedDate":"2021-10-08"},{"lineNumber":36,"author":{"gitId":"exetr"},"content":"","lastModifiedDate":"2021-10-08"},{"lineNumber":37,"author":{"gitId":"avellinwong01"},"content":"    /**","lastModifiedDate":"2021-10-10"},{"lineNumber":38,"author":{"gitId":"avellinwong01"},"content":"     * Prints a message to the user.","lastModifiedDate":"2021-10-10"},{"lineNumber":39,"author":{"gitId":"avellinwong01"},"content":"     *","lastModifiedDate":"2021-10-10"},{"lineNumber":40,"author":{"gitId":"avellinwong01"},"content":"     * @param message Message to be printed","lastModifiedDate":"2021-10-10"},{"lineNumber":41,"author":{"gitId":"avellinwong01"},"content":"     */","lastModifiedDate":"2021-10-10"},{"lineNumber":42,"author":{"gitId":"exetr"},"content":"    public void print(String message) {","lastModifiedDate":"2021-10-08"},{"lineNumber":43,"author":{"gitId":"exetr"},"content":"        out.println(message);","lastModifiedDate":"2021-10-08"},{"lineNumber":44,"author":{"gitId":"exetr"},"content":"    }","lastModifiedDate":"2021-10-08"},{"lineNumber":45,"author":{"gitId":"exetr"},"content":"","lastModifiedDate":"2021-10-08"},{"lineNumber":46,"author":{"gitId":"exetr"},"content":"}","lastModifiedDate":"2021-10-08"}],"authorContributionMap":{"avellinwong01":16,"exetr":30}},{"path":"src/test/java/seedu/duke/commands/ParserTest.java","fileType":"test-code","lines":[{"lineNumber":1,"author":{"gitId":"exetr"},"content":"package seedu.duke.commands;","lastModifiedDate":"2021-10-08"},{"lineNumber":2,"author":{"gitId":"exetr"},"content":"","lastModifiedDate":"2021-10-08"},{"lineNumber":3,"author":{"gitId":"exetr"},"content":"import org.junit.jupiter.api.Test;","lastModifiedDate":"2021-10-08"},{"lineNumber":4,"author":{"gitId":"exetr"},"content":"","lastModifiedDate":"2021-10-08"},{"lineNumber":5,"author":{"gitId":"exetr"},"content":"import static org.junit.jupiter.api.Assertions.assertTrue;","lastModifiedDate":"2021-10-08"},{"lineNumber":6,"author":{"gitId":"exetr"},"content":"","lastModifiedDate":"2021-10-08"},{"lineNumber":7,"author":{"gitId":"exetr"},"content":"class ParserTest {","lastModifiedDate":"2021-10-08"},{"lineNumber":8,"author":{"gitId":"exetr"},"content":"    Parser parser \u003d new Parser();","lastModifiedDate":"2021-10-12"},{"lineNumber":9,"author":{"gitId":"exetr"},"content":"","lastModifiedDate":"2021-10-12"},{"lineNumber":10,"author":{"gitId":"exetr"},"content":"    @Test","lastModifiedDate":"2021-10-08"},{"lineNumber":11,"author":{"gitId":"exetr"},"content":"    public void parse_exit_ExitCommandObject() {","lastModifiedDate":"2021-10-08"},{"lineNumber":12,"author":{"gitId":"exetr"},"content":"        boolean type \u003d parser.parse(\"exit\") instanceof ExitCommand;","lastModifiedDate":"2021-10-12"},{"lineNumber":13,"author":{"gitId":"exetr"},"content":"        assertTrue(type);","lastModifiedDate":"2021-10-08"},{"lineNumber":14,"author":{"gitId":"exetr"},"content":"    }","lastModifiedDate":"2021-10-08"},{"lineNumber":15,"author":{"gitId":"exetr"},"content":"","lastModifiedDate":"2021-10-08"},{"lineNumber":16,"author":{"gitId":"exetr"},"content":"    @Test","lastModifiedDate":"2021-10-08"},{"lineNumber":17,"author":{"gitId":"avellinwong01"},"content":"    public void parse_unknown_UnknownCommandObject() {","lastModifiedDate":"2021-10-10"},{"lineNumber":18,"author":{"gitId":"exetr"},"content":"        boolean type \u003d parser.parse(\"foo 2\") instanceof UnknownCommand;","lastModifiedDate":"2021-10-12"},{"lineNumber":19,"author":{"gitId":"avellinwong01"},"content":"        assertTrue(type);","lastModifiedDate":"2021-10-10"},{"lineNumber":20,"author":{"gitId":"exetr"},"content":"    }","lastModifiedDate":"2021-10-08"},{"lineNumber":21,"author":{"gitId":"exetr"},"content":"}","lastModifiedDate":"2021-10-08"}],"authorContributionMap":{"avellinwong01":2,"exetr":19}},{"path":"src/test/java/seedu/duke/data/item/ItemTest.java","fileType":"test-code","lines":[{"lineNumber":1,"author":{"gitId":"silinche"},"content":"package seedu.duke.data.item;","lastModifiedDate":"2021-10-09"},{"lineNumber":2,"author":{"gitId":"silinche"},"content":"","lastModifiedDate":"2021-10-09"},{"lineNumber":3,"author":{"gitId":"silinche"},"content":"import org.junit.jupiter.api.BeforeEach;","lastModifiedDate":"2021-10-09"},{"lineNumber":4,"author":{"gitId":"silinche"},"content":"import org.junit.jupiter.api.Test;","lastModifiedDate":"2021-10-09"},{"lineNumber":5,"author":{"gitId":"silinche"},"content":"","lastModifiedDate":"2021-10-09"},{"lineNumber":6,"author":{"gitId":"silinche"},"content":"import static org.junit.jupiter.api.Assertions.assertEquals;","lastModifiedDate":"2021-10-09"},{"lineNumber":7,"author":{"gitId":"silinche"},"content":"","lastModifiedDate":"2021-10-09"},{"lineNumber":8,"author":{"gitId":"silinche"},"content":"class ItemTest {","lastModifiedDate":"2021-10-09"},{"lineNumber":9,"author":{"gitId":"silinche"},"content":"    Item item \u003d new Item(\"Junglebook\", \"1\", \"available\");","lastModifiedDate":"2021-10-09"},{"lineNumber":10,"author":{"gitId":"silinche"},"content":"","lastModifiedDate":"2021-10-09"},{"lineNumber":11,"author":{"gitId":"silinche"},"content":"    @Test","lastModifiedDate":"2021-10-09"},{"lineNumber":12,"author":{"gitId":"silinche"},"content":"    void getTitle() {","lastModifiedDate":"2021-10-09"},{"lineNumber":13,"author":{"gitId":"silinche"},"content":"        assertEquals(\"Junglebook\", item.getTitle());","lastModifiedDate":"2021-10-09"},{"lineNumber":14,"author":{"gitId":"silinche"},"content":"    }","lastModifiedDate":"2021-10-09"},{"lineNumber":15,"author":{"gitId":"silinche"},"content":"","lastModifiedDate":"2021-10-09"},{"lineNumber":16,"author":{"gitId":"silinche"},"content":"    @Test","lastModifiedDate":"2021-10-09"},{"lineNumber":17,"author":{"gitId":"silinche"},"content":"    void setTitle() {","lastModifiedDate":"2021-10-09"},{"lineNumber":18,"author":{"gitId":"silinche"},"content":"        item.setTitle(\"notJunglebook\");","lastModifiedDate":"2021-10-09"},{"lineNumber":19,"author":{"gitId":"silinche"},"content":"        assertEquals(\"notJunglebook\", item.getTitle());","lastModifiedDate":"2021-10-09"},{"lineNumber":20,"author":{"gitId":"silinche"},"content":"    }","lastModifiedDate":"2021-10-09"},{"lineNumber":21,"author":{"gitId":"silinche"},"content":"","lastModifiedDate":"2021-10-09"},{"lineNumber":22,"author":{"gitId":"silinche"},"content":"    @Test","lastModifiedDate":"2021-10-09"},{"lineNumber":23,"author":{"gitId":"silinche"},"content":"    void getID() {","lastModifiedDate":"2021-10-09"},{"lineNumber":24,"author":{"gitId":"silinche"},"content":"        assertEquals(\"1\", item.getID());","lastModifiedDate":"2021-10-09"},{"lineNumber":25,"author":{"gitId":"silinche"},"content":"    }","lastModifiedDate":"2021-10-09"},{"lineNumber":26,"author":{"gitId":"silinche"},"content":"","lastModifiedDate":"2021-10-09"},{"lineNumber":27,"author":{"gitId":"silinche"},"content":"    @Test","lastModifiedDate":"2021-10-09"},{"lineNumber":28,"author":{"gitId":"silinche"},"content":"    void setID() {","lastModifiedDate":"2021-10-09"},{"lineNumber":29,"author":{"gitId":"silinche"},"content":"        item.setID(\"2\");","lastModifiedDate":"2021-10-09"},{"lineNumber":30,"author":{"gitId":"silinche"},"content":"        assertEquals(\"2\", item.getID());","lastModifiedDate":"2021-10-09"},{"lineNumber":31,"author":{"gitId":"silinche"},"content":"    }","lastModifiedDate":"2021-10-09"},{"lineNumber":32,"author":{"gitId":"silinche"},"content":"","lastModifiedDate":"2021-10-09"},{"lineNumber":33,"author":{"gitId":"silinche"},"content":"    @Test","lastModifiedDate":"2021-10-09"},{"lineNumber":34,"author":{"gitId":"silinche"},"content":"    void getStatus() {","lastModifiedDate":"2021-10-09"},{"lineNumber":35,"author":{"gitId":"silinche"},"content":"        assertEquals(\"available\", item.getStatus());","lastModifiedDate":"2021-10-09"},{"lineNumber":36,"author":{"gitId":"silinche"},"content":"    }","lastModifiedDate":"2021-10-09"},{"lineNumber":37,"author":{"gitId":"silinche"},"content":"","lastModifiedDate":"2021-10-09"},{"lineNumber":38,"author":{"gitId":"silinche"},"content":"    @Test","lastModifiedDate":"2021-10-09"},{"lineNumber":39,"author":{"gitId":"silinche"},"content":"    void setStatus() {","lastModifiedDate":"2021-10-09"},{"lineNumber":40,"author":{"gitId":"silinche"},"content":"        item.setStatus(\"notAvailable\");","lastModifiedDate":"2021-10-09"},{"lineNumber":41,"author":{"gitId":"silinche"},"content":"        assertEquals(\"notAvailable\", item.getStatus());","lastModifiedDate":"2021-10-09"},{"lineNumber":42,"author":{"gitId":"silinche"},"content":"    }","lastModifiedDate":"2021-10-09"},{"lineNumber":43,"author":{"gitId":"silinche"},"content":"}","lastModifiedDate":"2021-10-09"}],"authorContributionMap":{"silinche":43}}]
