{"authorDailyContributionsMap":{"avellinwong01":[{"date":"2021-09-30","commitResults":[{"hash":"46a1bf288c13a4a379c3af707a17c530b9623628","messageTitle":"Added AboutUs for Avellin","messageBody":"","fileTypesAndContributionMap":{"docs":{"insertions":1,"deletions":1}}}]},{"date":"2021-10-10","commitResults":[{"hash":"5e570012224ad92ae5d1cdbf1db0c44675fae188","messageTitle":"Add Unknown Command Class","messageBody":"","fileTypesAndContributionMap":{"functional-code":{"insertions":26,"deletions":0}}},{"hash":"eb10c8c3f1051ce40218e3671c00e042b9eaad50","messageTitle":"Change code to return Unknown Command instead of null if no other command matches","messageBody":"","fileTypesAndContributionMap":{"functional-code":{"insertions":2,"deletions":2}}},{"hash":"1358a78945ec7efec829eeb2f33307a13c1ff234","messageTitle":"Add JUnit test for Unknown Command Class","messageBody":"","fileTypesAndContributionMap":{"test-code":{"insertions":4,"deletions":4}}},{"hash":"54e0f9dd84358894d24732f1f5eeb96c96188485","messageTitle":"Add missing Java Doc for existing classes","messageBody":"","fileTypesAndContributionMap":{"functional-code":{"insertions":33,"deletions":1}}},{"hash":"478b670978cba8aaf3858c2d1fdd2daeebbb8468","messageTitle":"Add Java Doc to Unknown Command Class","messageBody":"","fileTypesAndContributionMap":{"functional-code":{"insertions":3,"deletions":0}}},{"hash":"116ff86743c24d5a32424ca128f2e79aed1adf99","messageTitle":"Fix checkstyle issue in Java Doc","messageBody":"","fileTypesAndContributionMap":{"functional-code":{"insertions":1,"deletions":1}}},{"hash":"1505384cd78dc1cc98fc4e60e2d19b65d05019b9","messageTitle":"Fix checkstyle issues in Java Doc","messageBody":"","fileTypesAndContributionMap":{"functional-code":{"insertions":8,"deletions":8}}}]},{"date":"2021-10-11","commitResults":[{"hash":"b3f33d7f755c176cf03d12e2164715fc869e507a","messageTitle":"Add functionality to add an item to library catalogue","messageBody":"","fileTypesAndContributionMap":{"functional-code":{"insertions":60,"deletions":1}}},{"hash":"ce221f746e693996d5a37a40a0733a452884f7f6","messageTitle":"Change existing code to include catalogue object","messageBody":"","fileTypesAndContributionMap":{"functional-code":{"insertions":10,"deletions":4}}},{"hash":"83140db8cd21dc6f84eeeeeabb4b16e93ae113ec","messageTitle":"Add JUnit test for add item functionality","messageBody":"","fileTypesAndContributionMap":{"test-code":{"insertions":6,"deletions":0}}}]},{"date":"2021-10-13","commitResults":[{"hash":"e8c73396cfc0a396913e30755c35f0762231ffcf","messageTitle":"Add Exception Handling for Add Command","messageBody":"","fileTypesAndContributionMap":{"functional-code":{"insertions":65,"deletions":14}}},{"hash":"7d8594f4dd8e348a1dd00db48eb28043b50f51b2","messageTitle":"Add JUnit tests and fix checkstyle errors","messageBody":"","fileTypesAndContributionMap":{"functional-code":{"insertions":14,"deletions":12},"other":{"insertions":2,"deletions":2},"test-code":{"insertions":42,"deletions":1}}},{"hash":"994676a60fa9402d3018791e8ddbd88ac16f003e","messageTitle":"Fix checkstyle errors for JUnit test code","messageBody":"","fileTypesAndContributionMap":{"test-code":{"insertions":3,"deletions":1}}},{"hash":"e1e0ad9fe9762abe15d9b34b4f5bf3e698bd0c99","messageTitle":"Edit javadoc for add command","messageBody":"","fileTypesAndContributionMap":{"functional-code":{"insertions":1,"deletions":1}}}]}],"exetr":[{"date":"2021-09-30","commitResults":[{"hash":"46682a323a3f6172cef13d6119c92a0fb3e7e914","messageTitle":"modify AboutUs","messageBody":"","fileTypesAndContributionMap":{"docs":{"insertions":1,"deletions":1}}}]},{"date":"2021-10-08","commitResults":[{"hash":"2775b657b9431f099a30076229cdb0a8a5eee0f1","messageTitle":"Add UI class","messageBody":"","fileTypesAndContributionMap":{"functional-code":{"insertions":22,"deletions":0}}},{"hash":"400a4cb54e9f6e679387391d72713b5249c4fbc9","messageTitle":"Add styling","messageBody":"","fileTypesAndContributionMap":{"functional-code":{"insertions":28,"deletions":1}}},{"hash":"980633d8eb8bf8f80cfa79e3800e37bab41bf733","messageTitle":"Change welcome message","messageBody":"","fileTypesAndContributionMap":{"functional-code":{"insertions":6,"deletions":10}}},{"hash":"a6cf0a5d2f2daae9853f61324de72a28573ec930","messageTitle":"Resolve coding standard violations","messageBody":"","fileTypesAndContributionMap":{"functional-code":{"insertions":12,"deletions":13}}},{"hash":"8b5b4ca963428a9c3944a7f114bc6e7bc1b8bf9e","messageTitle":"Resolve coding standard violations","messageBody":"","fileTypesAndContributionMap":{"functional-code":{"insertions":2,"deletions":0}}},{"hash":"3605bb69ed5d77964a592b3f1ccc5c7ad4b92c9c","messageTitle":"Add base command class","messageBody":"","fileTypesAndContributionMap":{"functional-code":{"insertions":30,"deletions":0}}},{"hash":"7cbabf745271c6d346a2040536494356062d0915","messageTitle":"Add ExitCommand object","messageBody":"","fileTypesAndContributionMap":{"functional-code":{"insertions":27,"deletions":1}}},{"hash":"93ab4b459fe06eb686f80ba001fb7e808e34d5aa","messageTitle":"Add method in base command class to check for exit","messageBody":"","fileTypesAndContributionMap":{"functional-code":{"insertions":5,"deletions":1}}},{"hash":"d0532d89e64031607826ba98833d76323936fd30","messageTitle":"Add parsing for exit command","messageBody":"","fileTypesAndContributionMap":{"functional-code":{"insertions":4,"deletions":2}}},{"hash":"0dd87834f91fca387af004d1f3f9b8591b08dc86","messageTitle":"Create loop to read input","messageBody":"","fileTypesAndContributionMap":{"functional-code":{"insertions":18,"deletions":2}}},{"hash":"9050921c3f2e0db691539fa7b9cfa299fa5952fd","messageTitle":"Update text-ui-test","messageBody":"","fileTypesAndContributionMap":{"functional-code":{"insertions":0,"deletions":2}}},{"hash":"4dcc63357771b9cb9278c1abf5601290400e147e","messageTitle":"Fix coding standard violations","messageBody":"","fileTypesAndContributionMap":{"functional-code":{"insertions":12,"deletions":11}}},{"hash":"4381350ce283c50cc18cb89cb2ff4a9fb4572527","messageTitle":"Add junit tests for Parser Object","messageBody":"","fileTypesAndContributionMap":{"test-code":{"insertions":18,"deletions":0}}},{"hash":"886405589d411e66ca404f0dc68cdfb20d472ed8","messageTitle":"Fix coding standard violations","messageBody":"","fileTypesAndContributionMap":{"test-code":{"insertions":2,"deletions":1}}}]},{"date":"2021-10-12","commitResults":[{"hash":"d0d4cbe6ddfe2847f1ecb0fc7875de8815d58b83","messageTitle":"Convert parse method to non-static method","messageBody":"","fileTypesAndContributionMap":{"functional-code":{"insertions":7,"deletions":2}}},{"hash":"86e129d1f6e5bf5489f1dcc325d2f6ac5794379b","messageTitle":"Update JUnit tests for Parser class","messageBody":"","fileTypesAndContributionMap":{"test-code":{"insertions":3,"deletions":2}}},{"hash":"df454731c1cce2c81d26d2ea490e0bacacb08429","messageTitle":"Fix coding standard violations","messageBody":"","fileTypesAndContributionMap":{"functional-code":{"insertions":3,"deletions":0},"test-code":{"insertions":1,"deletions":0}}},{"hash":"2ce74bbe0104c0de833222c7caf24d9bc3ccc1d2","messageTitle":"Fix coding standard violations","messageBody":"","fileTypesAndContributionMap":{"functional-code":{"insertions":1,"deletions":1}}},{"hash":"b87f8f8d9ee37ff29c6edd10dada96fc0e9a09da","messageTitle":"Add remove command and related operations","messageBody":"","fileTypesAndContributionMap":{"functional-code":{"insertions":68,"deletions":4}}},{"hash":"0e3f55785b90bcf7c4122073bcdf2781c20e138f","messageTitle":"Fix coding standard violations","messageBody":"","fileTypesAndContributionMap":{"functional-code":{"insertions":3,"deletions":2}}}]},{"date":"2021-10-13","commitResults":[{"hash":"1a3d7b9dfda109fa39f6d411b9ad5d0944a6e813","messageTitle":"Fix coding standard violations","messageBody":"","fileTypesAndContributionMap":{"functional-code":{"insertions":21,"deletions":3}}},{"hash":"f875ee067c95e40dcdecb33af0b6a9eb14c0cf1f","messageTitle":"Add assertions","messageBody":"","fileTypesAndContributionMap":{"functional-code":{"insertions":2,"deletions":0}}}]}],"silinche":[{"date":"2021-09-30","commitResults":[{"hash":"6f8c4b1c2a7acdbd26f2e328a524de92fe86fbc5","messageTitle":"added silin to about us","messageBody":"","fileTypesAndContributionMap":{"docs":{"insertions":1,"deletions":1}}}]},{"date":"2021-10-09","commitResults":[{"hash":"7cfa3e8575b84a0b57c218947b22b0f93d39ac2c","messageTitle":"Created item class and corresponding methods (constructor, getter, setter)","messageBody":"","fileTypesAndContributionMap":{"functional-code":{"insertions":37,"deletions":0},"test-code":{"insertions":43,"deletions":0}}},{"hash":"4c3b1abb2b745403a6a23d627b251091477a96bc","messageTitle":"changed the attribute name of class item to camelcase","messageBody":"","fileTypesAndContributionMap":{"functional-code":{"insertions":14,"deletions":14}}},{"hash":"6d303a283d08a0dcc54ae9f09a470ce7e1a33b6c","messageTitle":"parameter name also camelcase","messageBody":"","fileTypesAndContributionMap":{"functional-code":{"insertions":2,"deletions":2}}},{"hash":"b3a07207d5e53cd0cfb51ad8d52e7292b2acdd38","messageTitle":"import without asterick","messageBody":"","fileTypesAndContributionMap":{"test-code":{"insertions":1,"deletions":1}}}]},{"date":"2021-10-13","commitResults":[{"hash":"89565d1729e710b8d4445b80e7b3d519e575a7e1","messageTitle":"added list all, list available, list loaned command without JUnit testing. The command execute method has conflict with its parental methods.","messageBody":"","fileTypesAndContributionMap":{"other":{"insertions":0,"deletions":0}}},{"hash":"16ced0912965a22e3fc9f957e4bb5deaccbe816f","messageTitle":"Forgot to stage just now... Created list all, list available, list loaned commands. Modified corresponding parser and messages. The list comand\u0027s execute has conflict with the paranetal command\u0027s execute.","messageBody":"","fileTypesAndContributionMap":{"functional-code":{"insertions":136,"deletions":4}}},{"hash":"1d3b25a080e103e4e68d0efe3e0bc9e8291f14a7","messageTitle":"Fixed coding standard violations.","messageBody":"","fileTypesAndContributionMap":{"functional-code":{"insertions":4,"deletions":4},"test-code":{"insertions":1,"deletions":0}}}]}],"dyahnafisah":[{"date":"2021-09-30","commitResults":[{"hash":"e65c8b0469369dad189336f9b342ebf4a8c87971","messageTitle":"Modify AboutUs.md","messageBody":"","fileTypesAndContributionMap":{"docs":{"insertions":1,"deletions":1}}},{"hash":"c9844cddfd1e34c87a2987d0db18e4194b5caf1d","messageTitle":"Modify again AboutUs.md","messageBody":"","fileTypesAndContributionMap":{"docs":{"insertions":2,"deletions":2}}}]},{"date":"2021-10-10","commitResults":[{"hash":"2b6bfedbf11ac8eb11e095de286b2416268fb885","messageTitle":"Add Container class","messageBody":"","fileTypesAndContributionMap":{"functional-code":{"insertions":2,"deletions":0}}},{"hash":"a1682e69ab26bb2fd73dede0358d25dfd9d6ded7","messageTitle":"Add Container class","messageBody":"","fileTypesAndContributionMap":{"functional-code":{"insertions":6,"deletions":1}}},{"hash":"7c0df25aa0002cd433dd0b2d020e843b36fe474f","messageTitle":"Rename class and add javadoc","messageBody":"","fileTypesAndContributionMap":{"other":{"insertions":4,"deletions":1}}}]},{"date":"2021-10-13","commitResults":[{"hash":"b1ce9915de749195d82dfeb7b25e1f7c1b58792e","messageTitle":"Add class to update status (loan)","messageBody":"Fixes #8\n","fileTypesAndContributionMap":{"functional-code":{"insertions":72,"deletions":0}}},{"hash":"77ab669539e035b9266d03d5d656ad488014ab30","messageTitle":"Add class to update status (return)","messageBody":"Fixes #9\n","fileTypesAndContributionMap":{"functional-code":{"insertions":44,"deletions":0}}},{"hash":"0eb6e5a7c322a68633ed8c3f40553ee660940981","messageTitle":"Add JUnit test","messageBody":"","fileTypesAndContributionMap":{"test-code":{"insertions":12,"deletions":0}}},{"hash":"5bff3d976aa0a32148ec2f7c1d3447569f45574e","messageTitle":"Check item status before updating the status","messageBody":"","fileTypesAndContributionMap":{"functional-code":{"insertions":56,"deletions":6}}}]}]},"authorFileTypeContributionMap":{"avellinwong01":{"docs":1,"functional-code":166,"test-code":50},"exetr":{"docs":1,"functional-code":222,"test-code":19},"silinche":{"docs":1,"functional-code":187,"test-code":45},"dyahnafisah":{"docs":1,"functional-code":174,"test-code":12}},"authorContributionVariance":{"avellinwong01":1805.612,"exetr":2966.1113,"silinche":1658.155,"dyahnafisah":1790.0499},"authorDisplayNameMap":{"avellinwong01":"CS2113-T16-1 WONG..LLIN","exetr":"CS2113-T16-1 TEO .. KAI","silinche":"CS2113-T16-1 CHEN..ILIN","dyahnafisah":"CS2113-T16-1 DYAH..ISAH"}}
