{"authorDailyContributionsMap":{"jhsee5":[{"date":"2021-09-29","commitResults":[{"hash":"9e243cc0aeb21296e5725162c37d162244d7f852","messageTitle":"add jianhui details","messageBody":"","fileTypesAndContributionMap":{"docs":{"insertions":1,"deletions":1}}}]},{"date":"2021-10-05","commitResults":[{"hash":"0b1538ab63df94dbe345f82cf74424f84039fdfa","messageTitle":"update Ingredient class \u0026 IngredientList class","messageBody":"","fileTypesAndContributionMap":{"functional-code":{"insertions":38,"deletions":7}}}]},{"date":"2021-10-07","commitResults":[{"hash":"92421da6b7db1f8dbc4214aec174e8fe05debd37","messageTitle":"add JUnit test for AddIngrCommand class","messageBody":"","fileTypesAndContributionMap":{"test-code":{"insertions":28,"deletions":0}}},{"hash":"385c735d2d0ef9feb9e3093292a69a4e7214b902","messageTitle":"improve coding standard","messageBody":"","fileTypesAndContributionMap":{"test-code":{"insertions":3,"deletions":4}}}]},{"date":"2021-10-12","commitResults":[{"hash":"5677ed429cda752e5730274de56f3fdcf9ac63de","messageTitle":"update gradle test","messageBody":"","fileTypesAndContributionMap":{"test-code":{"insertions":1,"deletions":1}}},{"hash":"262fd08a899735401fe3b5a0f329ff3547e05fbb","messageTitle":"add new text to user guide","messageBody":"","fileTypesAndContributionMap":{"docs":{"insertions":125,"deletions":8}}},{"hash":"8cd8220c0ba657716bcb668f20897a1a583fd5a4","messageTitle":"improve UserGuide","messageBody":"","fileTypesAndContributionMap":{"functional-code":{"insertions":4,"deletions":4},"docs":{"insertions":294,"deletions":54}}},{"hash":"f49357e8cc0031aeb2e5c2e4edaeb760e17a8bb3","messageTitle":"fix CLI errors to pass gradlew","messageBody":"","fileTypesAndContributionMap":{"functional-code":{"insertions":2,"deletions":2}}},{"hash":"45c279a83a19d4a26db70d000d8cc32efd90caff","messageTitle":"Fix CLI errors for both ./runtest.sh and .\\runtest.bat","messageBody":"","fileTypesAndContributionMap":{"functional-code":{"insertions":5,"deletions":5}}},{"hash":"5651e48f0f35404d49cf8e5925fb776e5bac70fc","messageTitle":"Update UserGuide.md","messageBody":"Add working link for UserGuide","fileTypesAndContributionMap":{"docs":{"insertions":1,"deletions":1}}},{"hash":"ea6abdceeafd859e15c0eb7bb9c0cb9f9eac6b81","messageTitle":"Update README.md","messageBody":"Update README.md","fileTypesAndContributionMap":{"docs":{"insertions":5,"deletions":2}}}]},{"date":"2021-10-13","commitResults":[{"hash":"914bf1b70cde0d4fcefe89201967b8900fd8a99c","messageTitle":"new Duke","messageBody":"","fileTypesAndContributionMap":{"functional-code":{"insertions":1,"deletions":1}}}]},{"date":"2021-10-14","commitResults":[{"hash":"44b1f81464d4bbeb3b30697981759a582265c288","messageTitle":"Add more assertions to Food-O-Rama","messageBody":"","fileTypesAndContributionMap":{"functional-code":{"insertions":4,"deletions":1},"other":{"insertions":1,"deletions":0}}},{"hash":"4c293a612b11020a680906fa8e072ee504636fd0","messageTitle":"Implement logging to AddIngrCommand, AddIngrStoredCommand, AddIngrWasteCommand","messageBody":"","fileTypesAndContributionMap":{"functional-code":{"insertions":39,"deletions":0}}}]},{"date":"2021-10-18","commitResults":[{"hash":"c808f94c2ff6c0fbac41368f6681f106d06af289","messageTitle":"add sort functionality to Food-O-Rama","messageBody":"","fileTypesAndContributionMap":{"functional-code":{"insertions":46,"deletions":2}}}]},{"date":"2021-10-19","commitResults":[{"hash":"1943cf5cc44837dd77c5a063f197f869b4740eb4","messageTitle":"Rename FindCommand","messageBody":"","fileTypesAndContributionMap":{"functional-code":{"insertions":1,"deletions":1},"other":{"insertions":1,"deletions":1}}},{"hash":"17dd7c0602060225f6bf79d196ee243c82373aed","messageTitle":"implement sort for Ingredient","messageBody":"","fileTypesAndContributionMap":{"functional-code":{"insertions":11,"deletions":2}}},{"hash":"5e5f84f8d29ceae8c4575555174e8a38090305d6","messageTitle":"Add sort ingr command","messageBody":"","fileTypesAndContributionMap":{"functional-code":{"insertions":2,"deletions":1}}},{"hash":"a9a7fe0a50264b04c3e42bdfe309f99712062436","messageTitle":"Add ui for sort ingr and sort dish","messageBody":"","fileTypesAndContributionMap":{"functional-code":{"insertions":88,"deletions":71}}}]},{"date":"2021-10-20","commitResults":[{"hash":"1699c53ca0b93cd3d139d3b211e15c8dd64b2345","messageTitle":"Fix graph ingr bug","messageBody":"","fileTypesAndContributionMap":{"functional-code":{"insertions":1,"deletions":1},"docs":{"insertions":19,"deletions":0}}},{"hash":"269c064d37e5eeb8281104416609a1605c344755","messageTitle":"Update graph and find in user guide","messageBody":"","fileTypesAndContributionMap":{"docs":{"insertions":98,"deletions":6}}},{"hash":"f340e52f36391748c032ee4ce11c32a19e2566de","messageTitle":"update UserGuide with clear and sort","messageBody":"","fileTypesAndContributionMap":{"docs":{"insertions":135,"deletions":0}}},{"hash":"69f8e2c5980c10267f7e8557b933a1e833b383ca","messageTitle":"Implement JUnit test for SortIngrCommand and SortDishCommand","messageBody":"","fileTypesAndContributionMap":{"functional-code":{"insertions":2,"deletions":1},"test-code":{"insertions":113,"deletions":0}}},{"hash":"24f756e141ef1527487b1f6565c4f0be9c1719b4","messageTitle":"Refactor code to meet coding standards","messageBody":"","fileTypesAndContributionMap":{"functional-code":{"insertions":1,"deletions":1}}}]},{"date":"2021-10-21","commitResults":[{"hash":"1aedac5f3815011a45ee5e964a5714b2b3fbf2d2","messageTitle":"Add six user stories to userguide","messageBody":"","fileTypesAndContributionMap":{"docs":{"insertions":6,"deletions":2}}}]}],"renzocanare":[{"date":"2021-09-29","commitResults":[{"hash":"9324bedf33d7dfe940c17688f977aa568f0d9fb8","messageTitle":"Add Renzo\u0027s details to AboutUs.md, replacing Don Joe.","messageBody":"","fileTypesAndContributionMap":{"docs":{"insertions":1,"deletions":1}}}]},{"date":"2021-10-04","commitResults":[{"hash":"d1e09a7169139341f86c35f7292e63508605b66c","messageTitle":"Implement List Ingredients","messageBody":"","fileTypesAndContributionMap":{"functional-code":{"insertions":50,"deletions":0}}}]},{"date":"2021-10-05","commitResults":[{"hash":"295c00132e2a8eb830f09a63a0349c2eb73b7615","messageTitle":"Fix bugs to listIngredients that did not allow it to print the list of ingredients","messageBody":"","fileTypesAndContributionMap":{"functional-code":{"insertions":71,"deletions":12}}}]},{"date":"2021-10-08","commitResults":[{"hash":"2414e64d8d90f925431f247026a222cb1ac200a9","messageTitle":"Add JUnit Test for ListCommand class","messageBody":"","fileTypesAndContributionMap":{"test-code":{"insertions":23,"deletions":0}}}]},{"date":"2021-10-11","commitResults":[{"hash":"0f2028ab0e3cf621969381f5b3d88a41989c76e0","messageTitle":"Add Ui class and standardise messages for user interface","messageBody":"","fileTypesAndContributionMap":{"functional-code":{"insertions":189,"deletions":69},"test-code":{"insertions":1,"deletions":1}}}]},{"date":"2021-10-12","commitResults":[{"hash":"7bbce568e33163858b9fcc8bf0bee074d56d7405","messageTitle":"Modify Ui to further streamline user interface and standardize print messages","messageBody":"","fileTypesAndContributionMap":{"functional-code":{"insertions":168,"deletions":83}}},{"hash":"a169669d5a15cefa286370c8c6a711aba48e9a85","messageTitle":"Refactor checkstyle errors in code","messageBody":"","fileTypesAndContributionMap":{"functional-code":{"insertions":15,"deletions":17}}},{"hash":"81af5cc9d99cdb2e29a0230c67531cfb64146bdd","messageTitle":"Add assertion and logging for Ui class and AddDishIngrCommand class","messageBody":"","fileTypesAndContributionMap":{"functional-code":{"insertions":9,"deletions":1}}}]},{"date":"2021-10-18","commitResults":[{"hash":"7c9235fddeb4b5ff31c742f70506430e57e8cc92","messageTitle":"Add Find command that will list all dish and ingredients with keyword","messageBody":"","fileTypesAndContributionMap":{"functional-code":{"insertions":96,"deletions":2}}}]},{"date":"2021-10-19","commitResults":[{"hash":"23aae0266c76d38f7677c42d0bfffe90f73a2415","messageTitle":"Refactor Ui code to allow Ui class to handle most print statements, did not update all Add command classes","messageBody":"","fileTypesAndContributionMap":{"functional-code":{"insertions":172,"deletions":124},"test-code":{"insertions":5,"deletions":3}}},{"hash":"4a86526eb220faa8f75831525764b44942440774","messageTitle":"Refactor checkstyle errors for last Ui commit","messageBody":"","fileTypesAndContributionMap":{"functional-code":{"insertions":6,"deletions":5}}},{"hash":"0f92b1cb42e6d144540a5d51a6fe0b1dffcef013","messageTitle":"Add ClearScreen class and method to clear terminal after every input Move all print statements to Ui Class Fix major Ui bugs","messageBody":"","fileTypesAndContributionMap":{"functional-code":{"insertions":376,"deletions":232}}}]},{"date":"2021-10-20","commitResults":[{"hash":"11ffc20930efd276397aa06ec5c31d9d88d2e5c7","messageTitle":"Fix IO Redirection error for previous Ui Commit","messageBody":"","fileTypesAndContributionMap":{"other":{"insertions":4,"deletions":3}}}]},{"date":"2021-10-21","commitResults":[{"hash":"a454067d4d382b4ba22008d0e302b9be05ef45c8","messageTitle":"Update README.md with logo","messageBody":"Add logo to README.md","fileTypesAndContributionMap":{"docs":{"insertions":3,"deletions":0}}},{"hash":"37e086db0cc90078b4c43269d6f23bb8f822431a","messageTitle":"Add Ui Component to DeveloperGuide.md","messageBody":"","fileTypesAndContributionMap":{"docs":{"insertions":35,"deletions":1}}},{"hash":"427b2629f5d56f0364552aabc44018c0504a665b","messageTitle":"Add UiClass.png to DeveloperGuide.md","messageBody":"Add UiClass.png to DeveloperGuide.md","fileTypesAndContributionMap":{"docs":{"insertions":2,"deletions":0}}},{"hash":"8bec758b0238efd68e8d234b7fbc5c3a07ba4b24","messageTitle":"Add UiClass.puml","messageBody":"Add UiClass.puml","fileTypesAndContributionMap":{"docs":{"insertions":153,"deletions":0}}}]}],"Dniv-ra":[{"date":"2021-09-29","commitResults":[{"hash":"dc7e2eb320797d9688f08592a4eb2130468814c5","messageTitle":"Change About Us","messageBody":"","fileTypesAndContributionMap":{"docs":{"insertions":1,"deletions":1}}}]},{"date":"2021-10-04","commitResults":[{"hash":"1bb0465cd377e4679b0f74f9b81528e585b2c830","messageTitle":"Implement add dish","messageBody":"","fileTypesAndContributionMap":{"functional-code":{"insertions":168,"deletions":9}}},{"hash":"383c2406696ac06e12ebc0bddb86683369426ae5","messageTitle":"Fix code style issues","messageBody":"","fileTypesAndContributionMap":{"functional-code":{"insertions":8,"deletions":4}}},{"hash":"119e3744bef0831acfeb6238f79c1a1a83dc5ce3","messageTitle":"Refactor code","messageBody":"","fileTypesAndContributionMap":{"other":{"insertions":0,"deletions":0}}},{"hash":"7cb037e9f10c1c5ace63b09255c09c76fc2cbfbf","messageTitle":"Modify collection from HashMap to ArrayList","messageBody":"","fileTypesAndContributionMap":{"functional-code":{"insertions":31,"deletions":15}}},{"hash":"9f858ed5f484bfc5fbecf547332f5e488c5fdf0e","messageTitle":"Fix code style issues","messageBody":"","fileTypesAndContributionMap":{"functional-code":{"insertions":1,"deletions":1}}},{"hash":"276675b374f20a3ed9a62f85acdda4a9dc03adc8","messageTitle":"Modify io redirection to include new feature","messageBody":"","fileTypesAndContributionMap":{"functional-code":{"insertions":8,"deletions":0}}}]},{"date":"2021-10-05","commitResults":[{"hash":"cc50fed1dc2cfc5f6d37a0621cc7a1006c5664d6","messageTitle":"Implemented add wastage","messageBody":"","fileTypesAndContributionMap":{"functional-code":{"insertions":199,"deletions":26}}},{"hash":"c17b88938d0028f9209712481fe7c9f2bd4b8e27","messageTitle":"Rectify code style issues","messageBody":"","fileTypesAndContributionMap":{"functional-code":{"insertions":38,"deletions":107}}}]},{"date":"2021-10-07","commitResults":[{"hash":"e65bc7142c7ae278b0f32c38e60f54c0884ddd5a","messageTitle":"Add JUnit tests for AddDishCommand class","messageBody":"","fileTypesAndContributionMap":{"test-code":{"insertions":22,"deletions":0}}}]},{"date":"2021-10-11","commitResults":[{"hash":"c4d01947ead8ef93c7822fec65ea819ff5173ffd","messageTitle":"Implement storage into text files","messageBody":"","fileTypesAndContributionMap":{"functional-code":{"insertions":233,"deletions":69}}},{"hash":"e9523757b778b75c8be928ce5a36074386e64555","messageTitle":"Refactor code","messageBody":"","fileTypesAndContributionMap":{"functional-code":{"insertions":76,"deletions":47},"other":{"insertions":15,"deletions":13}}},{"hash":"a8baf35462a73cff75f152fd4e7ea675fc64e6f2","messageTitle":"Modify build.gradle to facilitate jar file creation","messageBody":"","fileTypesAndContributionMap":{"other":{"insertions":10,"deletions":0}}}]},{"date":"2021-10-12","commitResults":[{"hash":"d3682b53bbeca5d27b3b4da750d644c7a891958e","messageTitle":"Implement linking of dish and ingredient wastage","messageBody":"","fileTypesAndContributionMap":{"functional-code":{"insertions":49,"deletions":21}}},{"hash":"8eab9dc2f79d010ddf054f05c0c576c03be82779","messageTitle":"Modify toString override to include dish constiutents","messageBody":"","fileTypesAndContributionMap":{"functional-code":{"insertions":14,"deletions":1}}},{"hash":"38e9ef6af182391066ded0f951afe1f3cd9150a1","messageTitle":"Fix issues with JUnit tests","messageBody":"","fileTypesAndContributionMap":{"test-code":{"insertions":7,"deletions":4}}},{"hash":"1171227875116e8feb2f8c8fed9775e9984bbc69","messageTitle":"Fix issues with data encapsulation in Dish class","messageBody":"","fileTypesAndContributionMap":{"functional-code":{"insertions":12,"deletions":5}}},{"hash":"05ecd77d637959e15fd8a660e68eac15f8bcfed9","messageTitle":"Add logging for Storage and Dish classes","messageBody":"","fileTypesAndContributionMap":{"functional-code":{"insertions":15,"deletions":8},"test-code":{"insertions":7,"deletions":6}}},{"hash":"a14adcf3f38ac168fb001d09e8af9a881b874b9b","messageTitle":"Fix checkstyle errors","messageBody":"","fileTypesAndContributionMap":{"functional-code":{"insertions":2,"deletions":2}}},{"hash":"f844d3ccbf2e5c925c1f489b8ac186f897acd021","messageTitle":"Fixed issue where log messages printed to console","messageBody":"","fileTypesAndContributionMap":{"functional-code":{"insertions":50,"deletions":0}}},{"hash":"11caafb28b530e80d16e99a5d737b2d052052016","messageTitle":"Fix checkstyle errors","messageBody":"","fileTypesAndContributionMap":{"functional-code":{"insertions":5,"deletions":1}}},{"hash":"9cb49f83d8a2ca592b069c27937423db6a2d6841","messageTitle":"Fix bug that occurs when deleting ingredient","messageBody":"","fileTypesAndContributionMap":{"functional-code":{"insertions":10,"deletions":0}}},{"hash":"ecb5ab170bb02eca84d7b968022975163c4ec4c6","messageTitle":"Fix code style errors","messageBody":"","fileTypesAndContributionMap":{"functional-code":{"insertions":2,"deletions":2}}}]},{"date":"2021-10-18","commitResults":[{"hash":"b3b466a8033c69e276c860856aa3bddcf2b52fb9","messageTitle":"Add basic graph function","messageBody":"","fileTypesAndContributionMap":{"functional-code":{"insertions":124,"deletions":0}}},{"hash":"77af9ce75558791cf1ae488f63cfa5e9d4623594","messageTitle":"Add base foodorama exception","messageBody":"","fileTypesAndContributionMap":{"functional-code":{"insertions":16,"deletions":6}}}]},{"date":"2021-10-19","commitResults":[{"hash":"b38ffc0cd33fe9373515dd6cb634c14b317ef028","messageTitle":"Add exceptions to command classes","messageBody":"","fileTypesAndContributionMap":{"functional-code":{"insertions":61,"deletions":32}}},{"hash":"da633de1f8f42c7688e218dd42fdc951b4ca0d81","messageTitle":"Clean up command classes","messageBody":"","fileTypesAndContributionMap":{"functional-code":{"insertions":52,"deletions":49}}},{"hash":"51d24511f2c94ed8456222afd8438526635ddea0","messageTitle":"Fix code style","messageBody":"","fileTypesAndContributionMap":{"functional-code":{"insertions":6,"deletions":5},"test-code":{"insertions":29,"deletions":1}}},{"hash":"9de0df3fb50e99a3a293bbc4dbc03d0f7bdd5cd3","messageTitle":"Fix code style","messageBody":"","fileTypesAndContributionMap":{"functional-code":{"insertions":2,"deletions":1}}}]},{"date":"2021-10-20","commitResults":[{"hash":"3ab5e347185db00ba23f8576f78c01452610a229","messageTitle":"Improve test coverage","messageBody":"","fileTypesAndContributionMap":{"functional-code":{"insertions":0,"deletions":4}}},{"hash":"3a10db1ce943477ab7669221ce746b357977e500","messageTitle":"Improve test coverage","messageBody":"","fileTypesAndContributionMap":{"functional-code":{"insertions":10,"deletions":0},"test-code":{"insertions":281,"deletions":0}}},{"hash":"95096f130fc8a8ddf52d332b83812cfa49ecfdb2","messageTitle":"Add junit tests for storage,graph and list commands","messageBody":"","fileTypesAndContributionMap":{"functional-code":{"insertions":0,"deletions":3},"test-code":{"insertions":189,"deletions":18}}},{"hash":"ac7f192a2f45106f6e841b5f7c18839347701d77","messageTitle":"Fix gradlew check issues","messageBody":"","fileTypesAndContributionMap":{"functional-code":{"insertions":3,"deletions":3},"test-code":{"insertions":32,"deletions":22}}}]},{"date":"2021-10-21","commitResults":[{"hash":"00c2fc5ad1f64dd40a1870e652746dbdd143ccb4","messageTitle":"Fix gradlew errors","messageBody":"","fileTypesAndContributionMap":{"functional-code":{"insertions":0,"deletions":5},"test-code":{"insertions":2,"deletions":2}}},{"hash":"d9e65d796af1f4f8e4069260dc48f7ea6b4b6827","messageTitle":"Added puml for main sequence and command classes","messageBody":"","fileTypesAndContributionMap":{"docs":{"insertions":129,"deletions":0}}},{"hash":"414d3e3863c25cc1760246eead9e20fba6ee0ead","messageTitle":"Modify pumls and update with images folder","messageBody":"","fileTypesAndContributionMap":{"functional-code":{"insertions":5,"deletions":6},"docs":{"insertions":70,"deletions":12}}},{"hash":"b1cdf38d7e4c5ea6112e60f84c9f39183dc88fff","messageTitle":"Update DG","messageBody":"","fileTypesAndContributionMap":{"docs":{"insertions":38,"deletions":1}}},{"hash":"ed859702fc528a14e5d1794a47107b602ca81c8a","messageTitle":"Update DeveloperGuide.md","messageBody":"Fix markdown errors","fileTypesAndContributionMap":{"docs":{"insertions":6,"deletions":6}}}]}],"Rakesh12000":[{"date":"2021-09-29","commitResults":[{"hash":"a45bfb2e0868f6bb3f5463f51c1e4a44d7b7783b","messageTitle":"add Rakesh info","messageBody":"","fileTypesAndContributionMap":{"docs":{"insertions":1,"deletions":1}}}]},{"date":"2021-10-04","commitResults":[{"hash":"a9d8062e0c622437cff65eb79d3c7f77f6a59655","messageTitle":"List Dish and Delete Dish implemented","messageBody":"","fileTypesAndContributionMap":{"functional-code":{"insertions":19,"deletions":0}}}]},{"date":"2021-10-08","commitResults":[{"hash":"832994eb9246e3dbfed490713dc33804c2722f30","messageTitle":"DeleteIngrCommand and DeleteDishCommand and their respective JUnit Tests implemented","messageBody":"","fileTypesAndContributionMap":{"functional-code":{"insertions":32,"deletions":2},"test-code":{"insertions":60,"deletions":3}}}]},{"date":"2021-10-11","commitResults":[{"hash":"7d45ea918df07eb83b9dd7f59697a1a92d092bd4","messageTitle":"Delete Parser and assertion implemented","messageBody":"","fileTypesAndContributionMap":{"functional-code":{"insertions":6,"deletions":1}}},{"hash":"fcae002093d7de3e247c9c47644b27c9fa612e38","messageTitle":"adding help","messageBody":"","fileTypesAndContributionMap":{"functional-code":{"insertions":8,"deletions":2}}}]},{"date":"2021-10-12","commitResults":[{"hash":"f75150561ffbf804a823c21a533670938feb36de","messageTitle":"Help function added","messageBody":"","fileTypesAndContributionMap":{"functional-code":{"insertions":51,"deletions":15}}},{"hash":"0ee8f4c3ed485f4fe64b2146462ed8f2b93aff6e","messageTitle":"Assertion for delete added","messageBody":"","fileTypesAndContributionMap":{"functional-code":{"insertions":6,"deletions":0}}},{"hash":"59a710ddffb630c9b920f03af201241aaf5f64e6","messageTitle":"commented out assert","messageBody":"","fileTypesAndContributionMap":{"functional-code":{"insertions":6,"deletions":6}}},{"hash":"c32399b8acfdc5a4b9e762d047e02b14ed9d9e5c","messageTitle":"Delete assertion added","messageBody":"","fileTypesAndContributionMap":{"functional-code":{"insertions":6,"deletions":6}}},{"hash":"02800fce9fa080eb3c35cbfe3b971337f6870801","messageTitle":"User Guide editted.","messageBody":"","fileTypesAndContributionMap":{"functional-code":{"insertions":2,"deletions":2},"docs":{"insertions":103,"deletions":104}}}]},{"date":"2021-10-15","commitResults":[{"hash":"ac4702899378780edd432d2cb8f9c37e098ea014","messageTitle":"Implement logging to AddDishWasteCommand","messageBody":"","fileTypesAndContributionMap":{"functional-code":{"insertions":23,"deletions":4}}}]},{"date":"2021-10-18","commitResults":[{"hash":"a24d46a228d78fea2a586b2119895262ef96efaa","messageTitle":"Clear List Commands for dish, ingr and both implemented","messageBody":"","fileTypesAndContributionMap":{"functional-code":{"insertions":85,"deletions":0}}},{"hash":"def801813651ccccb84b779014d42593256546eb","messageTitle":"Added logging for ClearListCommands","messageBody":"","fileTypesAndContributionMap":{"functional-code":{"insertions":36,"deletions":0}}},{"hash":"e5fe9ecaee7ad6d19757a1213387a89eed5b0ebc","messageTitle":"Added assertions for clearList of DishList and IngredientList","messageBody":"","fileTypesAndContributionMap":{"functional-code":{"insertions":8,"deletions":3}}},{"hash":"a685024c458fdcc772bec08415520be156deaa75","messageTitle":"Add JUnit Test for ClearListCommands","messageBody":"","fileTypesAndContributionMap":{"test-code":{"insertions":116,"deletions":0}}}]},{"date":"2021-10-19","commitResults":[{"hash":"89d8505b07991b21020d6a71392a6acceca45f86","messageTitle":"rectify ui message","messageBody":"","fileTypesAndContributionMap":{"functional-code":{"insertions":1,"deletions":2}}},{"hash":"c467109bc683fb59e66ec4875ea9c1dc5c90c24c","messageTitle":"Add Find, Sort, Graph and Clear to Help","messageBody":"","fileTypesAndContributionMap":{"functional-code":{"insertions":21,"deletions":10}}},{"hash":"fcc96e62928792134d6b7405287622a0c9551417","messageTitle":"Rectify gradle error","messageBody":"","fileTypesAndContributionMap":{"functional-code":{"insertions":1,"deletions":0}}}]},{"date":"2021-10-20","commitResults":[{"hash":"69d1a35d6447f0ede78443ed57d5c5ac23ba2148","messageTitle":"Add JUnit Test for FindCommand","messageBody":"","fileTypesAndContributionMap":{"test-code":{"insertions":65,"deletions":0}}},{"hash":"12efa8780fb0b8dd99136b6e145bd408e8fd85f4","messageTitle":"Add JUnit Test for HelpCommand","messageBody":"","fileTypesAndContributionMap":{"functional-code":{"insertions":4,"deletions":0},"test-code":{"insertions":29,"deletions":0}}}]},{"date":"2021-10-21","commitResults":[{"hash":"93a32d43fac0909bb16b76081e2382092fd6c9c7","messageTitle":"Add Target User, Value Proposition, User Stories, Non-Functional Requirements and Glossary","messageBody":"","fileTypesAndContributionMap":{"docs":{"insertions":31,"deletions":11}}},{"hash":"ab57c238b74809f11caacd100ad2ce7d38572cf0","messageTitle":"Add Contents Table","messageBody":"","fileTypesAndContributionMap":{"docs":{"insertions":20,"deletions":5}}}]}]},"authorFileTypeContributionMap":{"jhsee5":{"docs":513,"functional-code":118,"test-code":133,"other":1},"renzocanare":{"docs":193,"functional-code":693,"test-code":22,"other":4},"Dniv-ra":{"docs":224,"functional-code":784,"test-code":546,"other":10},"Rakesh12000":{"docs":152,"functional-code":184,"test-code":255}},"authorContributionVariance":{"jhsee5":14383.138,"renzocanare":34229.65,"Dniv-ra":25787.113,"Rakesh12000":5582.184},"authorDisplayNameMap":{"jhsee5":"CS2113T-W11-4 SEE .. HUI","renzocanare":"CS2113T-W11-4 RENZ..NARE","Dniv-ra":"CS2113T-W11-4 SRID..ASAN","Rakesh12000":"CS2113T-W11-4 RAVI..KESH"}}
