{"authorDailyContributionsMap":{"jhsee5":[{"date":"2021-09-29","commitResults":[{"hash":"9e243cc0aeb21296e5725162c37d162244d7f852","messageTitle":"add jianhui details","messageBody":"","fileTypesAndContributionMap":{"docs":{"insertions":1,"deletions":1}}}]}],"renzocanare":[{"date":"2021-09-29","commitResults":[{"hash":"9324bedf33d7dfe940c17688f977aa568f0d9fb8","messageTitle":"Add Renzo\u0027s details to AboutUs.md, replacing Don Joe.","messageBody":"","fileTypesAndContributionMap":{"docs":{"insertions":1,"deletions":1}}}]}],"Dniv-ra":[{"date":"2021-09-29","commitResults":[{"hash":"dc7e2eb320797d9688f08592a4eb2130468814c5","messageTitle":"Change About Us","messageBody":"","fileTypesAndContributionMap":{"docs":{"insertions":1,"deletions":1}}}]}],"Rakesh12000":[{"date":"2021-09-29","commitResults":[{"hash":"a45bfb2e0868f6bb3f5463f51c1e4a44d7b7783b","messageTitle":"add Rakesh info","messageBody":"","fileTypesAndContributionMap":{"docs":{"insertions":1,"deletions":1}}}]}]},"authorFileTypeContributionMap":{"jhsee5":{"docs":1,"functional-code":0,"test-code":0},"renzocanare":{"docs":1,"functional-code":0,"test-code":0},"Dniv-ra":{"docs":1,"functional-code":0,"test-code":0},"Rakesh12000":{"docs":1,"functional-code":0,"test-code":0}},"authorContributionVariance":{"jhsee5":0.019047182,"renzocanare":0.019047182,"Dniv-ra":0.019047182,"Rakesh12000":0.019047182},"authorDisplayNameMap":{"jhsee5":"CS2113T-W11-4 SEE .. HUI","renzocanare":"CS2113T-W11-4 RENZ..NARE","Dniv-ra":"CS2113T-W11-4 SRID..ASAN","Rakesh12000":"CS2113T-W11-4 RAVI..KESH"}}
