{"authorDailyContributionsMap":{"conradwee":[{"date":"2021-09-29","commitResults":[{"hash":"9ec44b8887a2a5ad5d66bbde8f5428e84c05a8ff","messageTitle":"no message","messageBody":"","fileTypesAndContributionMap":{"docs":{"insertions":1,"deletions":1}}}]},{"date":"2021-10-08","commitResults":[{"hash":"8c960e27b0e3dda2c8611bb8c05caef30b73cf8b","messageTitle":"new trip XXX XXX works","messageBody":"","fileTypesAndContributionMap":{"functional-code":{"insertions":166,"deletions":7},"other":{"insertions":19,"deletions":5}}}]},{"date":"2021-10-09","commitResults":[{"hash":"416eec67c7e72bb2bcffbd7db3d7780fe1826368","messageTitle":"saves Origin and Destination to Trip class","messageBody":"","fileTypesAndContributionMap":{"functional-code":{"insertions":23,"deletions":8}}},{"hash":"47929df4f8e02ea25293a7578a7e871c0e65db7d","messageTitle":"fixed gradle","messageBody":"","fileTypesAndContributionMap":{"functional-code":{"insertions":5,"deletions":2}}}]},{"date":"2021-10-10","commitResults":[{"hash":"a4adf05e042e3d5ca48dedf857d27d5531c2e18d","messageTitle":"Jarrod commits","messageBody":"","fileTypesAndContributionMap":{"functional-code":{"insertions":55,"deletions":15}}},{"hash":"761478b9b87819e1febe5cf4113b6e9b65e667af","messageTitle":"edited jarrod code with gradle","messageBody":"","fileTypesAndContributionMap":{"functional-code":{"insertions":7,"deletions":3}}}]}],"gavienwz":[{"date":"2021-09-29","commitResults":[{"hash":"cd9c77b02ba98a61fb768011c49d7bfec298ab0b","messageTitle":"Edit AboutUs Add gavienpat.md","messageBody":"","fileTypesAndContributionMap":{"docs":{"insertions":7,"deletions":1}}}]},{"date":"2021-10-08","commitResults":[{"hash":"fdb90c95692f07019b6593813d2cce25e486cc27","messageTitle":"Add Database ad DatabaseInput to read text file database of flights. Add listEverything in traveller to list all current vertexes and edges (including weight). DatabaseInput reads a text file with the first line being the City/Country names, followed by lower triangular matrix of the weight of the edges. DatabaseInput does not create an edge if the weight is 0.","messageBody":"","fileTypesAndContributionMap":{"functional-code":{"insertions":116,"deletions":30}}},{"hash":"34a16323916d130cf42121344599d24759807011","messageTitle":"Resolve gradle checkstyle","messageBody":"","fileTypesAndContributionMap":{"functional-code":{"insertions":102,"deletions":100}}},{"hash":"07a7b57a2250f27c38c15622caf963ccffe38361","messageTitle":"Add IndexOutOfBounds to run() catch statement","messageBody":"","fileTypesAndContributionMap":{"functional-code":{"insertions":1,"deletions":1}}},{"hash":"e7952aa17a092f2708a20e3cda87526a6dec4df0","messageTitle":"Comment out listEverything","messageBody":"","fileTypesAndContributionMap":{"functional-code":{"insertions":1,"deletions":1}}}]},{"date":"2021-10-10","commitResults":[{"hash":"9aa2b7816769e58efc632e702711e4d7c093a0c1","messageTitle":"Add path to trip attributes Add duplicate trip name exception to not allow trips to have same names","messageBody":"","fileTypesAndContributionMap":{"functional-code":{"insertions":36,"deletions":9}}},{"hash":"5cb7ae948bdcf1ca78a28fa9b6c70ba567e0af29","messageTitle":"Add edit command","messageBody":"","fileTypesAndContributionMap":{"functional-code":{"insertions":62,"deletions":5}}},{"hash":"ca6e752e2b22a5055d07497c7af18be046338611","messageTitle":"Edit EmptyVertexException to be a subclass of TravellerException Does not create new trip if nodes dont exist","messageBody":"","fileTypesAndContributionMap":{"functional-code":{"insertions":8,"deletions":5}}},{"hash":"b2152a9848c48c28dd2ed4de24bb0ed1f4df809c","messageTitle":"Finish edit command implementation Edit InvalidNewformatException \u003e InvalidFormatException to deal with all invalid formats Clean up code in accordance to checkstyle","messageBody":"","fileTypesAndContributionMap":{"functional-code":{"insertions":52,"deletions":32}}}]},{"date":"2021-10-11","commitResults":[{"hash":"b736728be2a534ecbb0a1546b309b9c8f88ba3b4","messageTitle":"Resolve merge conflicts","messageBody":"","fileTypesAndContributionMap":{"functional-code":{"insertions":7,"deletions":7}}}]},{"date":"2021-10-12","commitResults":[{"hash":"33af6c21e451035e0e4a4253faa87367534e3cf0","messageTitle":"Edit code for jar release","messageBody":"","fileTypesAndContributionMap":{"functional-code":{"insertions":2,"deletions":4}}}]}],"jach23":[{"date":"2021-10-09","commitResults":[{"hash":"8397c2a41a76358c811696e7126d461dbabc7386","messageTitle":"implementing dijkstra reverse","messageBody":"","fileTypesAndContributionMap":{"functional-code":{"insertions":25,"deletions":15}}}]},{"date":"2021-10-10","commitResults":[{"hash":"e16f34089af53ba2f7a3231f9e4128f89d801ba7","messageTitle":"implementing dijkstra reverse","messageBody":"","fileTypesAndContributionMap":{"functional-code":{"insertions":3,"deletions":0}}},{"hash":"07f5ff7de04260fcd3e17645fff81315973da6ac","messageTitle":"implementing dijkstra reverse","messageBody":"","fileTypesAndContributionMap":{"functional-code":{"insertions":4,"deletions":0}}},{"hash":"ee8fb3fc8911b3538f243dd91c5c86ac5492e315","messageTitle":"Revert \"implementing dijkstra reverse\"","messageBody":"This reverts commit 07f5ff7de04260fcd3e17645fff81315973da6ac.\n","fileTypesAndContributionMap":{"functional-code":{"insertions":0,"deletions":4}}}]},{"date":"2021-10-11","commitResults":[{"hash":"bae46886ec542bad4cc159b22fbd9e43793fb077","messageTitle":"gradle syntax","messageBody":"","fileTypesAndContributionMap":{"functional-code":{"insertions":10,"deletions":5}}}]}],"Uxinnn":[{"date":"2021-09-29","commitResults":[{"hash":"c3507ea90a78ed01e9e25b5b0a590165156d7755","messageTitle":"editted about us","messageBody":"","fileTypesAndContributionMap":{"docs":{"insertions":2,"deletions":2}}}]},{"date":"2021-10-06","commitResults":[{"hash":"29ed0fbdaed33c6bdc7d87b33c7dd804d56d401b","messageTitle":"Created initial skeleton Added new feature Added viewall feature","messageBody":"","fileTypesAndContributionMap":{"functional-code":{"insertions":265,"deletions":21},"other":{"insertions":1,"deletions":1}}},{"hash":"cc1cb70583dca1ec5bc9e0b2727717efaa7b1b0a","messageTitle":"cleaned up code","messageBody":"","fileTypesAndContributionMap":{"functional-code":{"insertions":26,"deletions":25}}},{"hash":"1ec1fc7a76838d7cc267ba99ac4f882e0b2ba5a1","messageTitle":"Fixed I/O tests","messageBody":"","fileTypesAndContributionMap":{"other":{"insertions":2,"deletions":2}}},{"hash":"8fa8f3b4655d50c6bffd1b8b1a5c160170e3d1d8","messageTitle":"Added code written by Jared","messageBody":"","fileTypesAndContributionMap":{"functional-code":{"insertions":296,"deletions":0}}}]},{"date":"2021-10-11","commitResults":[{"hash":"412d3e8e1dd032a7eb74c1e9ffedb867a01080e4","messageTitle":"Restructured and clean code","messageBody":"","fileTypesAndContributionMap":{"functional-code":{"insertions":534,"deletions":659},"other":{"insertions":19,"deletions":28}}}]},{"date":"2021-10-12","commitResults":[{"hash":"3db7cb6205501dfc6420d8fc9aeb6debc5854223","messageTitle":"Separated InvalidFormatException by command","messageBody":"","fileTypesAndContributionMap":{"functional-code":{"insertions":28,"deletions":37}}},{"hash":"d40c6cb2d3139905d69b0b3727c216662d6ef2b5","messageTitle":"Modified gitignore","messageBody":"","fileTypesAndContributionMap":{"functional-code":{"insertions":0,"deletions":30}}},{"hash":"00ec75093f3440309c2b61a39462f5363484dd94","messageTitle":"Minor corrections for checkstyle","messageBody":"","fileTypesAndContributionMap":{"functional-code":{"insertions":17,"deletions":17},"other":{"insertions":24,"deletions":24}}}]}],"Cuiminjing":[{"date":"2021-09-29","commitResults":[{"hash":"a605af3d474a8d1a0b6d6168a889ffa92ae8cd09","messageTitle":"about us by minjing","messageBody":"","fileTypesAndContributionMap":{"docs":{"insertions":1,"deletions":1}}},{"hash":"f58d774623ee037e1b0280a222f8557efb6ffc07","messageTitle":"no message","messageBody":"","fileTypesAndContributionMap":{"docs":{"insertions":3,"deletions":3}}}]},{"date":"2021-10-09","commitResults":[{"hash":"86f3c32a407246ede0bba06b071a671830bf78c0","messageTitle":"delete command added","messageBody":"","fileTypesAndContributionMap":{"functional-code":{"insertions":46,"deletions":7}}},{"hash":"464b5a7d83c3bc22088ec61ca4281fa71f5f27e0","messageTitle":"delete command added","messageBody":"","fileTypesAndContributionMap":{"functional-code":{"insertions":8,"deletions":10}}},{"hash":"62fb1f89983b3756d7680e0b1f7eee5da4be48e4","messageTitle":"delete command added","messageBody":"","fileTypesAndContributionMap":{"functional-code":{"insertions":5,"deletions":1}}},{"hash":"539d2ad9b7b4136a68a4a3c17090ccc80ffa92c4","messageTitle":"delete command added","messageBody":"","fileTypesAndContributionMap":{"functional-code":{"insertions":6,"deletions":2}}}]},{"date":"2021-10-10","commitResults":[{"hash":"dfe9513b7c6e9494e5321fbe5e0d23c69f51d2f7","messageTitle":"commit","messageBody":"","fileTypesAndContributionMap":{"functional-code":{"insertions":196,"deletions":49}}},{"hash":"8c9ff84d4db1ed27f272711330657813fb62587a","messageTitle":"search commad added","messageBody":"","fileTypesAndContributionMap":{"functional-code":{"insertions":15,"deletions":126}}},{"hash":"e6f502de5678918dcfafda0ff80e3e6837f3aa29","messageTitle":"search command added","messageBody":"","fileTypesAndContributionMap":{"functional-code":{"insertions":58,"deletions":52}}},{"hash":"cebed97e971bc71b4125e66aadf202db36618978","messageTitle":"search command added","messageBody":"","fileTypesAndContributionMap":{"functional-code":{"insertions":25,"deletions":25}}},{"hash":"462e34259fdaa037fbdc301af29fb48a31ad3b90","messageTitle":"search command","messageBody":"","fileTypesAndContributionMap":{"functional-code":{"insertions":25,"deletions":25}}}]}]},"authorFileTypeContributionMap":{"conradwee":{"docs":1,"functional-code":8,"test-code":0},"gavienwz":{"docs":1,"functional-code":17,"test-code":0},"jach23":{"docs":0,"functional-code":0,"test-code":0},"Uxinnn":{"docs":1,"functional-code":792,"test-code":1,"other":2},"Cuiminjing":{"docs":4,"functional-code":98,"test-code":0}},"authorContributionVariance":{"conradwee":2281.9045,"gavienwz":8255.978,"jach23":94.666664,"Uxinnn":96750.586,"Cuiminjing":18673.979},"authorDisplayNameMap":{"conradwee":"CS2113T-W13-1 CONR.. JAE","gavienwz":"CS2113T-W13-1 GAVI..ZHUO","jach23":"CS2113T-W13-1 JARE..EANG","Uxinnn":"CS2113T-W13-1 FOON..N YU","Cuiminjing":"CS2113T-W13-1 CUI ..JING"}}
