{"authorDailyContributionsMap":{"conradwee":[{"date":"2021-09-29","commitResults":[{"hash":"9ec44b8887a2a5ad5d66bbde8f5428e84c05a8ff","messageTitle":"no message","messageBody":"","fileTypesAndContributionMap":{"docs":{"insertions":1,"deletions":1}}}]},{"date":"2021-10-08","commitResults":[{"hash":"8c960e27b0e3dda2c8611bb8c05caef30b73cf8b","messageTitle":"new trip XXX XXX works","messageBody":"","fileTypesAndContributionMap":{"functional-code":{"insertions":166,"deletions":7},"other":{"insertions":19,"deletions":5}}}]},{"date":"2021-10-09","commitResults":[{"hash":"416eec67c7e72bb2bcffbd7db3d7780fe1826368","messageTitle":"saves Origin and Destination to Trip class","messageBody":"","fileTypesAndContributionMap":{"functional-code":{"insertions":23,"deletions":8}}},{"hash":"47929df4f8e02ea25293a7578a7e871c0e65db7d","messageTitle":"fixed gradle","messageBody":"","fileTypesAndContributionMap":{"functional-code":{"insertions":5,"deletions":2}}}]},{"date":"2021-10-10","commitResults":[{"hash":"a4adf05e042e3d5ca48dedf857d27d5531c2e18d","messageTitle":"Jarrod commits","messageBody":"","fileTypesAndContributionMap":{"functional-code":{"insertions":55,"deletions":15}}},{"hash":"761478b9b87819e1febe5cf4113b6e9b65e667af","messageTitle":"edited jarrod code with gradle","messageBody":"","fileTypesAndContributionMap":{"functional-code":{"insertions":7,"deletions":3}}}]},{"date":"2021-10-14","commitResults":[{"hash":"42abc46a744ad613547106fe1953933fdcf1126a","messageTitle":"no message","messageBody":"","fileTypesAndContributionMap":{"functional-code":{"insertions":52,"deletions":0}}}]},{"date":"2021-10-21","commitResults":[{"hash":"10e99ed44f38b0755103cfb00d93d8558d03266e","messageTitle":"help command","messageBody":"","fileTypesAndContributionMap":{"functional-code":{"insertions":47,"deletions":13}}},{"hash":"57354d8b0a1dc6f614619396d640f12f7ac7da83","messageTitle":"Help with words added","messageBody":"","fileTypesAndContributionMap":{"functional-code":{"insertions":5,"deletions":1}}},{"hash":"7970221f77a5bfb40d051f78debe884fa78857b4","messageTitle":"HELP, updated gradle","messageBody":"","fileTypesAndContributionMap":{"functional-code":{"insertions":23,"deletions":9}}}]},{"date":"2021-10-23","commitResults":[{"hash":"5e41f816409c216b8ddd42adc6365364c3aee8a9","messageTitle":"Update UserGuide.md","messageBody":"","fileTypesAndContributionMap":{"docs":{"insertions":7,"deletions":2}}}]},{"date":"2021-10-25","commitResults":[{"hash":"5acf8099934f7d38d9bc9128bf9a538c393fa813","messageTitle":"fixed helped with \\t added all commands","messageBody":"","fileTypesAndContributionMap":{"functional-code":{"insertions":39,"deletions":7}}},{"hash":"13f5991d42203dc17fb6f8a190db392e1ba521a3","messageTitle":"help V2 fixed graddle","messageBody":"","fileTypesAndContributionMap":{"functional-code":{"insertions":17,"deletions":17}}},{"hash":"b2ea091437ae979d63caeed3cd8e6c6c61286924","messageTitle":"Update AboutUs.md","messageBody":"","fileTypesAndContributionMap":{"docs":{"insertions":1,"deletions":1}}},{"hash":"e074ed31a13f3c4d262f4686fd2a6572e12e926c","messageTitle":"Update conradwee.md","messageBody":"","fileTypesAndContributionMap":{"docs":{"insertions":1,"deletions":1}}}]},{"date":"2021-10-31","commitResults":[{"hash":"94cdbf4e00351b7024486433559282d8b1a4d861","messageTitle":"Update conradwee.md","messageBody":"","fileTypesAndContributionMap":{"docs":{"insertions":22,"deletions":2}}}]},{"date":"2021-11-01","commitResults":[{"hash":"c7d7584deec138d2500070fbe90710ae6e2cedd9","messageTitle":"PED updates","messageBody":"","fileTypesAndContributionMap":{"functional-code":{"insertions":1,"deletions":5}}},{"hash":"58e203d30add808acbf3fe43660614aea2062353","messageTitle":"#115","messageBody":"","fileTypesAndContributionMap":{"functional-code":{"insertions":1,"deletions":1},"other":{"insertions":10,"deletions":0}}}]},{"date":"2021-11-02","commitResults":[{"hash":"c577c568d5520fc561d9a5c58317434b76a226dc","messageTitle":"116","messageBody":"","fileTypesAndContributionMap":{"functional-code":{"insertions":5,"deletions":5}}},{"hash":"fadf734c6eb5416e2d32a4a2e6f038b2a36b89a8","messageTitle":"PED changes","messageBody":"","fileTypesAndContributionMap":{"functional-code":{"insertions":0,"deletions":681}}},{"hash":"65e08cddf51c68501f3d7971631daef3549a35b1","messageTitle":"PED changes","messageBody":"","fileTypesAndContributionMap":{"functional-code":{"insertions":681,"deletions":0}}},{"hash":"6ad973c5d497ad7522f812eeb925bf2b36ead4e6","messageTitle":"fixed gradle","messageBody":"","fileTypesAndContributionMap":{"functional-code":{"insertions":48,"deletions":48}}},{"hash":"0d6ffc9f9031547d1cac3ff2495705c30950f152","messageTitle":"fixed leading spaces for shortest-dist command","messageBody":"","fileTypesAndContributionMap":{"functional-code":{"insertions":6,"deletions":3}}},{"hash":"f98bd3ed2bb6822f251d4b04070fe9e2942fb7a7","messageTitle":"130","messageBody":"","fileTypesAndContributionMap":{"functional-code":{"insertions":6,"deletions":1}}},{"hash":"7a971dfe6fe039849f3eb1d908989fb098e62029","messageTitle":"137","messageBody":"","fileTypesAndContributionMap":{"functional-code":{"insertions":1,"deletions":0}}},{"hash":"78a73bf3a38185dbf474fb4a4ea73f2b4496286b","messageTitle":"141","messageBody":"","fileTypesAndContributionMap":{"functional-code":{"insertions":22,"deletions":15}}},{"hash":"36271060d248baa805997d7b19d9289cea9cf399","messageTitle":"143","messageBody":"","fileTypesAndContributionMap":{"functional-code":{"insertions":2,"deletions":0}}},{"hash":"998233c4738b0550efe57adb4f9f7d272d00918a","messageTitle":"119","messageBody":"","fileTypesAndContributionMap":{"functional-code":{"insertions":1,"deletions":1}}},{"hash":"f29aa3744731a0eed069aadd8d74e3ca0b2e16d2","messageTitle":"gradle check","messageBody":"","fileTypesAndContributionMap":{"functional-code":{"insertions":1,"deletions":1}}}]},{"date":"2021-11-03","commitResults":[{"hash":"1b3bd26b411b59b20fe4f24871890536fdfabb6f","messageTitle":"122, 134, 140, 142, 144, 146 removed eidt map function","messageBody":"","fileTypesAndContributionMap":{"functional-code":{"insertions":1,"deletions":106}}},{"hash":"4cae49a34ce49885e42747db24401b91bf914aac","messageTitle":"edited UG to remove edit-map function and search-item only to be one word","messageBody":"","fileTypesAndContributionMap":{"docs":{"insertions":4,"deletions":17}}}]},{"date":"2021-11-07","commitResults":[{"hash":"4530339546da9fc1b40982946cbd5aa344a61264","messageTitle":"edited UG","messageBody":"","fileTypesAndContributionMap":{"docs":{"insertions":1,"deletions":1}}}]},{"date":"2021-11-08","commitResults":[{"hash":"4099efb1a96b451b1bacf6b3b8cd8bceee1f44a1","messageTitle":"Update conradwee.md","messageBody":"","fileTypesAndContributionMap":{"docs":{"insertions":66,"deletions":9}}},{"hash":"e67efb170c4276d960807e669ca80870088d2436","messageTitle":"update UI uml","messageBody":"","fileTypesAndContributionMap":{"docs":{"insertions":5,"deletions":3}}},{"hash":"9d90753e5eb76cc9e7f585007eab5576250a8cee","messageTitle":"updates","messageBody":"","fileTypesAndContributionMap":{"functional-code":{"insertions":16,"deletions":11}}},{"hash":"a35e0099770aa29e321184b406fdaa6fbdfdf803","messageTitle":"ownership updates","messageBody":"","fileTypesAndContributionMap":{"functional-code":{"insertions":1,"deletions":0}}},{"hash":"49757ff84ebb69efdbed41006f64ab717ac0614e","messageTitle":"Update UserGuide.md","messageBody":"","fileTypesAndContributionMap":{"docs":{"insertions":11,"deletions":12}}},{"hash":"0e8fa33d1fc7346c37ab6cca7e3c5980c7b57662","messageTitle":"Update UserGuide.md","messageBody":"","fileTypesAndContributionMap":{"docs":{"insertions":3,"deletions":3}}},{"hash":"232561b36aa0c61435bca2fb68bb18465a807978","messageTitle":"change figure 3.1 to 3.2","messageBody":"","fileTypesAndContributionMap":{"docs":{"insertions":1,"deletions":1}}}]}],"gavienwz":[{"date":"2021-09-29","commitResults":[{"hash":"cd9c77b02ba98a61fb768011c49d7bfec298ab0b","messageTitle":"Edit AboutUs Add gavienpat.md","messageBody":"","fileTypesAndContributionMap":{"docs":{"insertions":7,"deletions":1}}}]},{"date":"2021-10-08","commitResults":[{"hash":"fdb90c95692f07019b6593813d2cce25e486cc27","messageTitle":"Add Database ad DatabaseInput to read text file database of flights. Add listEverything in traveller to list all current vertexes and edges (including weight). DatabaseInput reads a text file with the first line being the City/Country names, followed by lower triangular matrix of the weight of the edges. DatabaseInput does not create an edge if the weight is 0.","messageBody":"","fileTypesAndContributionMap":{"functional-code":{"insertions":116,"deletions":30}}},{"hash":"34a16323916d130cf42121344599d24759807011","messageTitle":"Resolve gradle checkstyle","messageBody":"","fileTypesAndContributionMap":{"functional-code":{"insertions":102,"deletions":100}}},{"hash":"07a7b57a2250f27c38c15622caf963ccffe38361","messageTitle":"Add IndexOutOfBounds to run() catch statement","messageBody":"","fileTypesAndContributionMap":{"functional-code":{"insertions":1,"deletions":1}}},{"hash":"e7952aa17a092f2708a20e3cda87526a6dec4df0","messageTitle":"Comment out listEverything","messageBody":"","fileTypesAndContributionMap":{"functional-code":{"insertions":1,"deletions":1}}}]},{"date":"2021-10-10","commitResults":[{"hash":"9aa2b7816769e58efc632e702711e4d7c093a0c1","messageTitle":"Add path to trip attributes Add duplicate trip name exception to not allow trips to have same names","messageBody":"","fileTypesAndContributionMap":{"functional-code":{"insertions":36,"deletions":9}}},{"hash":"5cb7ae948bdcf1ca78a28fa9b6c70ba567e0af29","messageTitle":"Add edit command","messageBody":"","fileTypesAndContributionMap":{"functional-code":{"insertions":62,"deletions":5}}},{"hash":"ca6e752e2b22a5055d07497c7af18be046338611","messageTitle":"Edit EmptyVertexException to be a subclass of TravellerException Does not create new trip if nodes dont exist","messageBody":"","fileTypesAndContributionMap":{"functional-code":{"insertions":8,"deletions":5}}},{"hash":"b2152a9848c48c28dd2ed4de24bb0ed1f4df809c","messageTitle":"Finish edit command implementation Edit InvalidNewformatException \u003e InvalidFormatException to deal with all invalid formats Clean up code in accordance to checkstyle","messageBody":"","fileTypesAndContributionMap":{"functional-code":{"insertions":52,"deletions":32}}}]},{"date":"2021-10-11","commitResults":[{"hash":"b736728be2a534ecbb0a1546b309b9c8f88ba3b4","messageTitle":"Resolve merge conflicts","messageBody":"","fileTypesAndContributionMap":{"functional-code":{"insertions":7,"deletions":7}}}]},{"date":"2021-10-12","commitResults":[{"hash":"33af6c21e451035e0e4a4253faa87367534e3cf0","messageTitle":"Edit code for jar release","messageBody":"","fileTypesAndContributionMap":{"functional-code":{"insertions":2,"deletions":4}}}]},{"date":"2021-10-17","commitResults":[{"hash":"83565bdc88785642b1531e70dc027d3b3f336e9d","messageTitle":"Add save functionality","messageBody":"","fileTypesAndContributionMap":{"functional-code":{"insertions":129,"deletions":1},"other":{"insertions":2,"deletions":2}}},{"hash":"640c2b6259f24322db1c5aff2e10658603df7cd2","messageTitle":"Edit to align with new commands","messageBody":"","fileTypesAndContributionMap":{"functional-code":{"insertions":3,"deletions":5}}}]},{"date":"2021-10-21","commitResults":[{"hash":"4e39d62cc3f8ba66c02fe62844653645cc920a86","messageTitle":"Edit Userguide to list most features","messageBody":"","fileTypesAndContributionMap":{"docs":{"insertions":67,"deletions":15}}},{"hash":"89cefe9cfe47883bb20fd861e9ef9e217fce6f7a","messageTitle":"Update UserGuide.md","messageBody":"Fedit formatting","fileTypesAndContributionMap":{"docs":{"insertions":1,"deletions":0}}},{"hash":"8ca9722c103cd7b9a7d02f9719edc786b4e84d91","messageTitle":"Add user stories, product scope, non-functional requirements, glossary","messageBody":"","fileTypesAndContributionMap":{"docs":{"insertions":24,"deletions":8}}}]},{"date":"2021-10-23","commitResults":[{"hash":"c0e3ec7fd94b287ff9faa668458165d21c8b891c","messageTitle":"Add defense to data loader Flights.txt now hardcoded to 5 countries. Country codes must be length of 3 Distances must be positive numbers Separator is \"|\" and cannot be first/last symbol","messageBody":"","fileTypesAndContributionMap":{"functional-code":{"insertions":37,"deletions":10}}},{"hash":"9642f3b8d5380baa0290ef8170d18680b25c185b","messageTitle":"Add authorship","messageBody":"","fileTypesAndContributionMap":{"functional-code":{"insertions":1,"deletions":1}}},{"hash":"991bcb54fe966436f8bc2d2173f5a73313aea758","messageTitle":"Add overall exception to handle arrayoutofbounds exception when only one word valid command","messageBody":"","fileTypesAndContributionMap":{"functional-code":{"insertions":58,"deletions":52}}},{"hash":"8cb8575f71bb64deb405bc026adb81b4f893e830","messageTitle":"no message","messageBody":"","fileTypesAndContributionMap":{"functional-code":{"insertions":81,"deletions":18}}},{"hash":"419b12bb1c6862695c3c942fc28141967be87606","messageTitle":"Edit for checkstyle","messageBody":"","fileTypesAndContributionMap":{"functional-code":{"insertions":17,"deletions":7}}},{"hash":"fd866e112c15675ec369bf48111a25f5d43cf3a5","messageTitle":"Edit test cases to fit editted functions","messageBody":"","fileTypesAndContributionMap":{"test-code":{"insertions":4,"deletions":3}}},{"hash":"6d625ddb5192dafab73fe3414522e98f2a2e4b7a","messageTitle":"Updated edit command Update user guide","messageBody":"","fileTypesAndContributionMap":{"functional-code":{"insertions":29,"deletions":7},"docs":{"insertions":40,"deletions":21}}},{"hash":"3a9563f7db33f7591c369e2916db3949b0f391e5","messageTitle":"Edit for checkstyle","messageBody":"","fileTypesAndContributionMap":{"functional-code":{"insertions":1,"deletions":1}}}]},{"date":"2021-10-25","commitResults":[{"hash":"55172d60cdefd45db9ce371fa06299b2673cc0d8","messageTitle":"Update DG Add sequence diagram to both loader classes","messageBody":"","fileTypesAndContributionMap":{"docs":{"insertions":60,"deletions":10}}}]},{"date":"2021-10-26","commitResults":[{"hash":"e384e3562222ddab3a6609bbf75e6b6ffededc34","messageTitle":"Add defensive code for Save and Dataloader. Included javadocs for save and data. Updated DG to reflect addition defensive code in save and dataloader","messageBody":"","fileTypesAndContributionMap":{"functional-code":{"insertions":126,"deletions":12},"docs":{"insertions":15,"deletions":7}}},{"hash":"cd7cbccc65c183b1a789cce25ab42b274ddc05d9","messageTitle":"Edit for checkstyle","messageBody":"","fileTypesAndContributionMap":{"functional-code":{"insertions":10,"deletions":7}}},{"hash":"4c2545b60132522e4dcd28e7f3c827a253a958e8","messageTitle":"Add profile pic","messageBody":"","fileTypesAndContributionMap":{"docs":{"insertions":1,"deletions":1}}},{"hash":"af6a94e924c59e6be9276ac89bca76e91daf2213","messageTitle":"Update flight.txt to dist/txt and cost.txt","messageBody":"","fileTypesAndContributionMap":{"docs":{"insertions":5,"deletions":5}}},{"hash":"73d6d064ec18e8ef1cc8e79652287ee1af1813a5","messageTitle":"Edit saveloader to create directory","messageBody":"","fileTypesAndContributionMap":{"functional-code":{"insertions":1,"deletions":1}}}]},{"date":"2021-10-31","commitResults":[{"hash":"932802b7453a6ed58092ad597c22e88022578d38","messageTitle":"Edit save and dataloader to address TA comments","messageBody":"","fileTypesAndContributionMap":{"functional-code":{"insertions":89,"deletions":69}}},{"hash":"1b0b521ed1e50071c5f315cdef02c8dcc541a87d","messageTitle":"Add Junit for Edit Command","messageBody":"","fileTypesAndContributionMap":{"test-code":{"insertions":60,"deletions":0}}},{"hash":"9a4555bd29908f3faa6c80b51d291ba2f0a27f2f","messageTitle":"Add Junit for Dataloader","messageBody":"","fileTypesAndContributionMap":{"test-code":{"insertions":35,"deletions":0}}}]},{"date":"2021-11-01","commitResults":[{"hash":"9da3a5ab7efd6bc7b3806e4716f3d779f1659a97","messageTitle":"edit for checkstyle","messageBody":"","fileTypesAndContributionMap":{"test-code":{"insertions":10,"deletions":6}}},{"hash":"3f2058dd291fe820b06aea2fe6d5f2494bae3811","messageTitle":"more edit for checkstyle","messageBody":"","fileTypesAndContributionMap":{"test-code":{"insertions":9,"deletions":5}}},{"hash":"135fe171c1d74797706dfc35065919685b8272a3","messageTitle":"more edit for checkstyle","messageBody":"","fileTypesAndContributionMap":{"test-code":{"insertions":4,"deletions":4}}}]},{"date":"2021-11-04","commitResults":[{"hash":"179b692a6b94dd1c14d9cb06449b7559669b36a7","messageTitle":"Add functionality to save during program run","messageBody":"","fileTypesAndContributionMap":{"functional-code":{"insertions":11,"deletions":5},"other":{"insertions":2,"deletions":0}}},{"hash":"bd1194e2d2593e48ea77e674672a01aadf1b3d68","messageTitle":"Upgrade edit command","messageBody":"","fileTypesAndContributionMap":{"functional-code":{"insertions":55,"deletions":11}}},{"hash":"26131cc017ae50bf120a30270789481081adaeb6","messageTitle":"Add PPP-gavien","messageBody":"","fileTypesAndContributionMap":{"docs":{"insertions":40,"deletions":2}}}]},{"date":"2021-11-05","commitResults":[{"hash":"1669cc171b9963c5da50dd1366d7dda7e9f8d592","messageTitle":"Initialise implementation for new edit not fully tested","messageBody":"","fileTypesAndContributionMap":{"functional-code":{"insertions":111,"deletions":14}}}]},{"date":"2021-11-06","commitResults":[{"hash":"5f17358fe53acdada23ce9d04552d85086c9c4cc","messageTitle":"Update DG and UG","messageBody":"","fileTypesAndContributionMap":{"functional-code":{"insertions":19,"deletions":3},"other":{"insertions":0,"deletions":1},"docs":{"insertions":60,"deletions":23}}},{"hash":"010bfa9a95d6c03fec35df488a4f851f9198d427","messageTitle":"Update UG for new edit command","messageBody":"","fileTypesAndContributionMap":{"docs":{"insertions":14,"deletions":5}}},{"hash":"5764027c634fe3c87dcd6e00eaa17e24a8cc9fb1","messageTitle":"no message","messageBody":"","fileTypesAndContributionMap":{"docs":{"insertions":1,"deletions":0}}},{"hash":"a4d74592300aa250c3f1e3d3f710b68591fb32a9","messageTitle":"Update DG, edit for checkstyle","messageBody":"","fileTypesAndContributionMap":{"functional-code":{"insertions":1,"deletions":1},"docs":{"insertions":2,"deletions":2}}},{"hash":"c9869d61a5fb14b7b8ee6d188ff6791d229c6044","messageTitle":"update edittest","messageBody":"","fileTypesAndContributionMap":{"test-code":{"insertions":1,"deletions":0}}},{"hash":"20e50969296b997e34c0a2dd8fdca08f67fd2a2f","messageTitle":"Update UG","messageBody":"","fileTypesAndContributionMap":{"docs":{"insertions":8,"deletions":4}}}]},{"date":"2021-11-07","commitResults":[{"hash":"df09209a64c2f8e216dd4e04904de6d6e5ce668d","messageTitle":"Update exception for dataloader class Update dg and ug accordingly","messageBody":"","fileTypesAndContributionMap":{"functional-code":{"insertions":32,"deletions":17},"other":{"insertions":2,"deletions":2},"docs":{"insertions":19,"deletions":9},"test-code":{"insertions":5,"deletions":4}}},{"hash":"d522d5eab3b06f0a211ae2ad6c1c92f31ee079a5","messageTitle":"Typo","messageBody":"","fileTypesAndContributionMap":{"docs":{"insertions":1,"deletions":1}}},{"hash":"90dc5539c972bbdbcc6c8926cf81b01c270d7c37","messageTitle":"Remove old code, add jdocs","messageBody":"","fileTypesAndContributionMap":{"functional-code":{"insertions":24,"deletions":28}}}]},{"date":"2021-11-08","commitResults":[{"hash":"7a1d03ffb1c77bb1a09720e12103a530b9821e09","messageTitle":"update ug come formatting and ppp","messageBody":"","fileTypesAndContributionMap":{"docs":{"insertions":108,"deletions":41}}},{"hash":"c57356092c7ef4cac3d0c17d80c072a9fe7f18d0","messageTitle":"Assertions enable","messageBody":"","fileTypesAndContributionMap":{"other":{"insertions":1,"deletions":0}}},{"hash":"f676d722a79572dac9cb8dc04f0d390d781e72a1","messageTitle":"Edit messages","messageBody":"","fileTypesAndContributionMap":{"functional-code":{"insertions":4,"deletions":4}}}]},{"date":"2021-11-09","commitResults":[{"hash":"5408ffb93450020ee9d5c5a4796eef34b272939f","messageTitle":"Edit UG and DG for data files integration into jar file","messageBody":"","fileTypesAndContributionMap":{"docs":{"insertions":31,"deletions":14}}},{"hash":"c7d5076f8cc51975b683c079bfd496fda0471b21","messageTitle":"Update DeveloperGuide.md","messageBody":"","fileTypesAndContributionMap":{"docs":{"insertions":4,"deletions":2}}},{"hash":"9f757bad4451e6ad738affc638fd13afe363c2b7","messageTitle":"UG updates","messageBody":"","fileTypesAndContributionMap":{"docs":{"insertions":6,"deletions":2}}},{"hash":"9e9b2bec0b088684cff71154840c12a84a62660a","messageTitle":"Fix hyperlink","messageBody":"","fileTypesAndContributionMap":{"docs":{"insertions":1,"deletions":1}}},{"hash":"5e520a462bbecbfd1a4a3656bf28e7dfbe7b9ce9","messageTitle":"no message","messageBody":"","fileTypesAndContributionMap":{"docs":{"insertions":1,"deletions":1}}},{"hash":"9e70edac3d50836f092ae64fc2d63b07bf8fb110","messageTitle":"no message","messageBody":"","fileTypesAndContributionMap":{"docs":{"insertions":3,"deletions":3}}}]},{"date":"2021-11-11","commitResults":[{"hash":"5daae9bcd3042bbfd2e531f05a7982798b239eb2","messageTitle":"Edit for cs2101 UG submission","messageBody":"","fileTypesAndContributionMap":{"docs":{"insertions":31,"deletions":33}}},{"hash":"6aec8a0f2f352091201a619a4be9473e06bc1de9","messageTitle":"Add CLI tut","messageBody":"","fileTypesAndContributionMap":{"docs":{"insertions":10,"deletions":0}}},{"hash":"96872a32252f79dac1e61b8e973458ac68b0d8bb","messageTitle":"no message","messageBody":"","fileTypesAndContributionMap":{"docs":{"insertions":1,"deletions":1}}}]}],"jach23":[{"date":"2021-10-09","commitResults":[{"hash":"8397c2a41a76358c811696e7126d461dbabc7386","messageTitle":"implementing dijkstra reverse","messageBody":"","fileTypesAndContributionMap":{"functional-code":{"insertions":25,"deletions":15}}}]},{"date":"2021-10-10","commitResults":[{"hash":"e16f34089af53ba2f7a3231f9e4128f89d801ba7","messageTitle":"implementing dijkstra reverse","messageBody":"","fileTypesAndContributionMap":{"functional-code":{"insertions":3,"deletions":0}}},{"hash":"07f5ff7de04260fcd3e17645fff81315973da6ac","messageTitle":"implementing dijkstra reverse","messageBody":"","fileTypesAndContributionMap":{"functional-code":{"insertions":4,"deletions":0}}},{"hash":"ee8fb3fc8911b3538f243dd91c5c86ac5492e315","messageTitle":"Revert \"implementing dijkstra reverse\"","messageBody":"This reverts commit 07f5ff7de04260fcd3e17645fff81315973da6ac.\n","fileTypesAndContributionMap":{"functional-code":{"insertions":0,"deletions":4}}}]},{"date":"2021-10-11","commitResults":[{"hash":"bae46886ec542bad4cc159b22fbd9e43793fb077","messageTitle":"gradle syntax","messageBody":"","fileTypesAndContributionMap":{"functional-code":{"insertions":10,"deletions":5}}}]},{"date":"2021-10-14","commitResults":[{"hash":"c4af18ff487c33d687c019f2db0cfbd5703f7a5b","messageTitle":"modifying input data, creating test cases","messageBody":"","fileTypesAndContributionMap":{"test-code":{"insertions":72,"deletions":0}}},{"hash":"216d3dd40feaee86214e2a008ed030d860a11026","messageTitle":"gradle syntax","messageBody":"","fileTypesAndContributionMap":{"test-code":{"insertions":54,"deletions":52}}}]},{"date":"2021-10-20","commitResults":[{"hash":"f24b1a63602e086dd8275d91e3ce91952b5eb909","messageTitle":"updating dijkstra test case","messageBody":"","fileTypesAndContributionMap":{"test-code":{"insertions":0,"deletions":1}}},{"hash":"b912fb8b9189258dbbe1085a1c80a12021757029","messageTitle":"edit, delete, search for items in ItemsList","messageBody":"","fileTypesAndContributionMap":{"functional-code":{"insertions":19,"deletions":0},"test-code":{"insertions":35,"deletions":0}}},{"hash":"d985b5551ab57c2205e51cab6ec195cb0006cf63","messageTitle":"gradle syntax","messageBody":"","fileTypesAndContributionMap":{"functional-code":{"insertions":2,"deletions":2}}},{"hash":"d01d08af47390b4468db64ac7e5f31580ed83184","messageTitle":"adding team details","messageBody":"","fileTypesAndContributionMap":{"docs":{"insertions":14,"deletions":2}}},{"hash":"950f700a4cb6e1d75cd9b3b4ec1d3a3bcabd7377","messageTitle":"renaming Dijkstra command \"search\" to \"shortest\"","messageBody":"","fileTypesAndContributionMap":{"functional-code":{"insertions":6,"deletions":15},"other":{"insertions":3,"deletions":3},"docs":{"insertions":20,"deletions":0},"test-code":{"insertions":7,"deletions":13}}},{"hash":"e57249cc8d86d2c78354d7c1137e70cfbc56cdd8","messageTitle":"Revert \"adding team details\"","messageBody":"","fileTypesAndContributionMap":{"functional-code":{"insertions":15,"deletions":6},"other":{"insertions":3,"deletions":3},"docs":{"insertions":2,"deletions":34},"test-code":{"insertions":13,"deletions":7}}},{"hash":"03e799252d8f2af6ac6553509f729d637799a834","messageTitle":"updating team details n fixing earlier errors","messageBody":"","fileTypesAndContributionMap":{"docs":{"insertions":7,"deletions":1}}}]},{"date":"2021-10-23","commitResults":[{"hash":"e684e5b36dec0cffee7281555d0e9b5fce85bced","messageTitle":"refactoring dijkstra UI using keyword search","messageBody":"","fileTypesAndContributionMap":{"functional-code":{"insertions":60,"deletions":18},"other":{"insertions":4,"deletions":4},"test-code":{"insertions":21,"deletions":29}}},{"hash":"916b71fcc998c9746e08e686d0b5ad1d1eac25db","messageTitle":"touchup on dijkstra UI renaming","messageBody":"","fileTypesAndContributionMap":{"functional-code":{"insertions":12,"deletions":1},"test-code":{"insertions":8,"deletions":1}}},{"hash":"7684e9d90f693f365cd089380c88798d882eb059","messageTitle":"implementing search UI","messageBody":"","fileTypesAndContributionMap":{"functional-code":{"insertions":59,"deletions":55},"test-code":{"insertions":6,"deletions":9}}},{"hash":"d8880cff6c4bd59f10924700f6f84957a5718dc1","messageTitle":"gradle syntax","messageBody":"","fileTypesAndContributionMap":{"test-code":{"insertions":9,"deletions":1}}},{"hash":"c2f6b5351f757138d9a3dc3a581cc96da019aa17","messageTitle":"resolving earlier syntax errors","messageBody":"","fileTypesAndContributionMap":{"functional-code":{"insertions":7,"deletions":7}}},{"hash":"03a4e35c7f91a5695cbca8ba83612879297c9b7c","messageTitle":"edit item UI","messageBody":"","fileTypesAndContributionMap":{"functional-code":{"insertions":52,"deletions":54}}},{"hash":"d519c079dbdfc697d248e7b147af6bb32822ae5c","messageTitle":"creating editItem, deleteItem, searchItem UI","messageBody":"","fileTypesAndContributionMap":{"functional-code":{"insertions":130,"deletions":19},"test-code":{"insertions":12,"deletions":2}}},{"hash":"b9af92802a92a511ad9725b5c63e8e7107687c02","messageTitle":"UG SearchItem EditItem","messageBody":"","fileTypesAndContributionMap":{"functional-code":{"insertions":10,"deletions":6},"docs":{"insertions":36,"deletions":3}}}]},{"date":"2021-10-25","commitResults":[{"hash":"74e9b7b2cfd10fa5a7da3fd803f5f883ab479aee","messageTitle":"searchItem","messageBody":"","fileTypesAndContributionMap":{"functional-code":{"insertions":68,"deletions":24},"test-code":{"insertions":1,"deletions":3}}},{"hash":"d5c8d38a3fc8e640caff2951e8a381c4a41ad453","messageTitle":"searchItem","messageBody":"","fileTypesAndContributionMap":{"functional-code":{"insertions":70,"deletions":30},"test-code":{"insertions":2,"deletions":2}}},{"hash":"ed3ef2109389a69a8ca071d578edcc4f059819ce","messageTitle":"updating UG","messageBody":"","fileTypesAndContributionMap":{"docs":{"insertions":8,"deletions":4}}},{"hash":"6dc0389ab74683a9f84ce264e6bb320db585304f","messageTitle":"edit Map command n UG","messageBody":"","fileTypesAndContributionMap":{"functional-code":{"insertions":91,"deletions":1},"docs":{"insertions":33,"deletions":3}}},{"hash":"c1d4bd5f934578962d6685447c03a767283fea85","messageTitle":"WorldMap Cost map","messageBody":"","fileTypesAndContributionMap":{"functional-code":{"insertions":123,"deletions":10},"docs":{"insertions":9,"deletions":9},"test-code":{"insertions":3,"deletions":2}}},{"hash":"0a5bf3af7be3874aef27a21159dc79343033cf7d","messageTitle":"Fixing editItem, updating deleteItem","messageBody":"","fileTypesAndContributionMap":{"functional-code":{"insertions":1,"deletions":1},"docs":{"insertions":8,"deletions":8}}},{"hash":"b70e41b64a2313a200873200f95797235860ebbe","messageTitle":"Fixing zero indexing bug","messageBody":"","fileTypesAndContributionMap":{"test-code":{"insertions":1,"deletions":1}}}]},{"date":"2021-10-26","commitResults":[{"hash":"d9e77f78a6b0f3b6684b750ee7c407a7c6578e7b","messageTitle":"shortest-dist, shortest-cost UI updated to print breakdown, updated UG","messageBody":"","fileTypesAndContributionMap":{"functional-code":{"insertions":13,"deletions":4},"docs":{"insertions":6,"deletions":0}}},{"hash":"3b1037bc7dd52115be4230b7a2075aad07cfc9e3","messageTitle":"debugging shortest-dist, shortest-cost","messageBody":"","fileTypesAndContributionMap":{"functional-code":{"insertions":66,"deletions":15},"docs":{"insertions":12,"deletions":1},"test-code":{"insertions":6,"deletions":5}}},{"hash":"97f760a6a33c5529e096018e6a9953b5e3654231","messageTitle":"edit-map bugs","messageBody":"","fileTypesAndContributionMap":{"functional-code":{"insertions":61,"deletions":17},"docs":{"insertions":1,"deletions":1}}},{"hash":"7d7c1c49544d908581a986853e55a1bd220c8cc5","messageTitle":"revolving merge issue","messageBody":"","fileTypesAndContributionMap":{"functional-code":{"insertions":0,"deletions":14}}},{"hash":"3a3551d9e00c1452042e68926168c1fb24afb481","messageTitle":"edit-map string bug","messageBody":"","fileTypesAndContributionMap":{"functional-code":{"insertions":39,"deletions":2}}},{"hash":"1b50cae479b56446f17131822cd9db11b7cd4273","messageTitle":"gradle syntax","messageBody":"","fileTypesAndContributionMap":{"functional-code":{"insertions":1,"deletions":1}}},{"hash":"161fa5fd5302e43244c182e27b39081434a73473","messageTitle":"edit, search Item debugged","messageBody":"","fileTypesAndContributionMap":{"functional-code":{"insertions":67,"deletions":13},"docs":{"insertions":1,"deletions":1},"test-code":{"insertions":3,"deletions":3}}},{"hash":"40f6469ff467029aa50b5f230d242d6e602a35a2","messageTitle":"profile pic","messageBody":"","fileTypesAndContributionMap":{"docs":{"insertions":1,"deletions":1}}}]},{"date":"2021-10-27","commitResults":[{"hash":"27f2361c2170bd462cfd0b13b18e8713a2d95c42","messageTitle":"updating DG WorldMap","messageBody":"","fileTypesAndContributionMap":{"docs":{"insertions":31,"deletions":3}}}]},{"date":"2021-11-03","commitResults":[{"hash":"296563a4dfa8574b66c73c2f2aad141649852748","messageTitle":"PPP, fixing code review","messageBody":"","fileTypesAndContributionMap":{"functional-code":{"insertions":2,"deletions":3},"docs":{"insertions":44,"deletions":5}}}]},{"date":"2021-11-04","commitResults":[{"hash":"7a6ef89d4cd12ab3e49017bd71095d193a764456","messageTitle":"PPP","messageBody":"","fileTypesAndContributionMap":{"docs":{"insertions":3,"deletions":3}}},{"hash":"c1e5940b639d7fa9375784a5495380b0335b4404","messageTitle":"admin","messageBody":"","fileTypesAndContributionMap":{"functional-code":{"insertions":15,"deletions":15}}},{"hash":"93d0f3d0e36ecf42c0d119aaf2d8fbe9ad68ac5f","messageTitle":"parser n worldmap test cases","messageBody":"","fileTypesAndContributionMap":{"functional-code":{"insertions":34,"deletions":20},"test-code":{"insertions":170,"deletions":2}}},{"hash":"318d37094e72a89d19da0af0b783c34e35ae4062","messageTitle":"more worldmap test cases","messageBody":"","fileTypesAndContributionMap":{"test-code":{"insertions":18,"deletions":0}}},{"hash":"ac393627ae0551e0ae55a62a6ccb8b1e9184ea54","messageTitle":"trailing whitespace bug","messageBody":"","fileTypesAndContributionMap":{"functional-code":{"insertions":8,"deletions":3}}}]},{"date":"2021-11-05","commitResults":[{"hash":"5eeb285903eb2ff417316b66c9fada3c7be59708","messageTitle":"code reorganisation","messageBody":"","fileTypesAndContributionMap":{"functional-code":{"insertions":49,"deletions":50}}}]},{"date":"2021-11-06","commitResults":[{"hash":"d8825bd61840b6c5d4adc19818a581fc3532c7f9","messageTitle":"edit new functionalities","messageBody":"","fileTypesAndContributionMap":{"functional-code":{"insertions":130,"deletions":39},"docs":{"insertions":2,"deletions":2},"test-code":{"insertions":72,"deletions":30}}},{"hash":"26956c7253e2930d6b112b7b1abb2d0c6b8cea10","messageTitle":"UG","messageBody":"","fileTypesAndContributionMap":{"docs":{"insertions":3,"deletions":3}}},{"hash":"2550ecfae807c40883147ef8a9ae6af6ee8809c6","messageTitle":"UG additional","messageBody":"","fileTypesAndContributionMap":{"docs":{"insertions":3,"deletions":3}}},{"hash":"5a7006a9c5524c3200019926aa3c4c7ac7355117","messageTitle":"authorship admin","messageBody":"","fileTypesAndContributionMap":{"functional-code":{"insertions":22,"deletions":20},"test-code":{"insertions":1,"deletions":1}}},{"hash":"70a530c6a1756560a855d4bedecb7ace4d8e5268","messageTitle":"admin","messageBody":"","fileTypesAndContributionMap":{"other":{"insertions":3,"deletions":2}}}]},{"date":"2021-11-07","commitResults":[{"hash":"0d5d44f59c40a002139de9dfea22dc8475c2f1f2","messageTitle":"edit item bug","messageBody":"","fileTypesAndContributionMap":{"functional-code":{"insertions":10,"deletions":7},"docs":{"insertions":1,"deletions":1}}},{"hash":"088fc1e209c23d643ff749e9fb13708aad8e77c4","messageTitle":"gradle syntax","messageBody":"","fileTypesAndContributionMap":{"functional-code":{"insertions":2,"deletions":2}}},{"hash":"93c9b0dc99852d6cff87d6e527615dc901ab0841","messageTitle":"shortest-time shortest-dist duplicate error bug","messageBody":"","fileTypesAndContributionMap":{"functional-code":{"insertions":0,"deletions":6}}},{"hash":"c87e4f42fa67c43ff6a9d4f484e36b49f11c3e3c","messageTitle":"updating edit item UG n format","messageBody":"","fileTypesAndContributionMap":{"functional-code":{"insertions":2,"deletions":3},"docs":{"insertions":16,"deletions":1}}},{"hash":"d4502b4e55a88faa780c26d12f75adf7642787c8","messageTitle":"documentation n authorship","messageBody":"","fileTypesAndContributionMap":{"functional-code":{"insertions":62,"deletions":6},"test-code":{"insertions":4,"deletions":3}}},{"hash":"08bb23d58fd8fe2684e7584f1a282a6bf4277fba","messageTitle":"documentation","messageBody":"","fileTypesAndContributionMap":{"functional-code":{"insertions":6,"deletions":5}}},{"hash":"7d1307abf86b1912dfba0321499b25ceaaec04cb","messageTitle":"worldmap documentation","messageBody":"","fileTypesAndContributionMap":{"functional-code":{"insertions":23,"deletions":1}}},{"hash":"2027d93188b323e6796a9cc59c5acad3831512ae","messageTitle":"updating UG","messageBody":"","fileTypesAndContributionMap":{"docs":{"insertions":20,"deletions":1}}},{"hash":"a822a531d1359ce4611db091677b5598c6e7f33a","messageTitle":"updating DG n PPP","messageBody":"","fileTypesAndContributionMap":{"docs":{"insertions":17,"deletions":13}}}]},{"date":"2021-11-08","commitResults":[{"hash":"07d1378a6944f4f368e563d5ce0468b7ef6ce6bb","messageTitle":"DG pics n PPP","messageBody":"","fileTypesAndContributionMap":{"docs":{"insertions":11,"deletions":14}}},{"hash":"51109f933015e0a85749b6150a953d44484617b6","messageTitle":"DG update","messageBody":"","fileTypesAndContributionMap":{"docs":{"insertions":34,"deletions":4}}},{"hash":"652e2541fb7858cb1de3544db0cb64298fd3dcda","messageTitle":"DG update","messageBody":"","fileTypesAndContributionMap":{"docs":{"insertions":26,"deletions":2}}},{"hash":"6d1999acc10478399590581b3abd8339fff6390d","messageTitle":"updating PPP n documentation","messageBody":"","fileTypesAndContributionMap":{"functional-code":{"insertions":28,"deletions":2},"docs":{"insertions":39,"deletions":32},"test-code":{"insertions":1,"deletions":3}}},{"hash":"4d541dca05416abd54206acca9fa0a81ba9f2625","messageTitle":"updating PPP","messageBody":"","fileTypesAndContributionMap":{"docs":{"insertions":17,"deletions":3}}},{"hash":"64c7369037685cda01af6fcedf00284d8a0ef2ff","messageTitle":"UI help time 4 digit","messageBody":"","fileTypesAndContributionMap":{"functional-code":{"insertions":3,"deletions":3}}},{"hash":"36ad0e266260b8e074621a4d84abaf892e9b170c","messageTitle":"Documentation","messageBody":"","fileTypesAndContributionMap":{"functional-code":{"insertions":119,"deletions":41}}},{"hash":"a60f59eac4c05b08189b23a03983dccbae465811","messageTitle":"UG touchups","messageBody":"","fileTypesAndContributionMap":{"docs":{"insertions":9,"deletions":9}}}]}],"Uxinnn":[{"date":"2021-09-29","commitResults":[{"hash":"c3507ea90a78ed01e9e25b5b0a590165156d7755","messageTitle":"editted about us","messageBody":"","fileTypesAndContributionMap":{"docs":{"insertions":2,"deletions":2}}}]},{"date":"2021-10-06","commitResults":[{"hash":"29ed0fbdaed33c6bdc7d87b33c7dd804d56d401b","messageTitle":"Created initial skeleton Added new feature Added viewall feature","messageBody":"","fileTypesAndContributionMap":{"functional-code":{"insertions":265,"deletions":21},"other":{"insertions":1,"deletions":1}}},{"hash":"cc1cb70583dca1ec5bc9e0b2727717efaa7b1b0a","messageTitle":"cleaned up code","messageBody":"","fileTypesAndContributionMap":{"functional-code":{"insertions":26,"deletions":25}}},{"hash":"1ec1fc7a76838d7cc267ba99ac4f882e0b2ba5a1","messageTitle":"Fixed I/O tests","messageBody":"","fileTypesAndContributionMap":{"other":{"insertions":2,"deletions":2}}},{"hash":"8fa8f3b4655d50c6bffd1b8b1a5c160170e3d1d8","messageTitle":"Added code written by Jared","messageBody":"","fileTypesAndContributionMap":{"functional-code":{"insertions":296,"deletions":0}}}]},{"date":"2021-10-11","commitResults":[{"hash":"412d3e8e1dd032a7eb74c1e9ffedb867a01080e4","messageTitle":"Restructured and clean code","messageBody":"","fileTypesAndContributionMap":{"functional-code":{"insertions":534,"deletions":659},"other":{"insertions":19,"deletions":28}}}]},{"date":"2021-10-12","commitResults":[{"hash":"3db7cb6205501dfc6420d8fc9aeb6debc5854223","messageTitle":"Separated InvalidFormatException by command","messageBody":"","fileTypesAndContributionMap":{"functional-code":{"insertions":28,"deletions":37}}},{"hash":"d40c6cb2d3139905d69b0b3727c216662d6ef2b5","messageTitle":"Modified gitignore","messageBody":"","fileTypesAndContributionMap":{"functional-code":{"insertions":0,"deletions":30}}},{"hash":"00ec75093f3440309c2b61a39462f5363484dd94","messageTitle":"Minor corrections for checkstyle","messageBody":"","fileTypesAndContributionMap":{"functional-code":{"insertions":17,"deletions":17},"other":{"insertions":24,"deletions":24}}}]},{"date":"2021-10-13","commitResults":[{"hash":"9e56d4b194e75cf83f6cf6758541408f8ec52332","messageTitle":"Added J unit tests","messageBody":"","fileTypesAndContributionMap":{"functional-code":{"insertions":37,"deletions":1},"test-code":{"insertions":223,"deletions":12}}},{"hash":"393fd79e172af1b6456adba57da56e8504ac8f32","messageTitle":"Minor edits for gradle checkstyle","messageBody":"","fileTypesAndContributionMap":{"test-code":{"insertions":4,"deletions":4}}},{"hash":"ba75a0fdacfacdc619ad0bfb3f69a7681209895c","messageTitle":"Added logging functionality","messageBody":"","fileTypesAndContributionMap":{"functional-code":{"insertions":155,"deletions":22},"test-code":{"insertions":18,"deletions":6}}},{"hash":"06695f9657f4dad5cbb8f81384aec7d2a4268c83","messageTitle":"Editted for logging formatting","messageBody":"","fileTypesAndContributionMap":{"functional-code":{"insertions":4,"deletions":4}}},{"hash":"9a028a66a8fd3590e49d0730ff823900fb1ae63a","messageTitle":"Added assertions","messageBody":"","fileTypesAndContributionMap":{"functional-code":{"insertions":26,"deletions":12}}},{"hash":"59cc2b78f0deebd5fc350396ab9b8dd3061a44ce","messageTitle":"minor edit for codestyle","messageBody":"","fileTypesAndContributionMap":{"functional-code":{"insertions":2,"deletions":2}}}]},{"date":"2021-10-14","commitResults":[{"hash":"b30583e9fe53ce083d30b881e48f5c7f60c88a62","messageTitle":"Updated user guide","messageBody":"","fileTypesAndContributionMap":{"docs":{"insertions":19,"deletions":6}}}]},{"date":"2021-10-15","commitResults":[{"hash":"c9b2463f92b6048701c4b32bd673caa372140ab0","messageTitle":"Debugged worldmap","messageBody":"","fileTypesAndContributionMap":{"functional-code":{"insertions":20,"deletions":6},"test-code":{"insertions":21,"deletions":26}}},{"hash":"a42deec08abd09c55fae4969408e43c792f9a6dd","messageTitle":"Debug search command","messageBody":"","fileTypesAndContributionMap":{"functional-code":{"insertions":14,"deletions":14},"test-code":{"insertions":15,"deletions":15}}},{"hash":"163d4ada145dfc79b566f62b8ae6ebfe2ca5846c","messageTitle":"Minor bugs corrected","messageBody":"","fileTypesAndContributionMap":{"functional-code":{"insertions":0,"deletions":2}}}]},{"date":"2021-10-16","commitResults":[{"hash":"4f43fee68b74bee7a481bfa543ae147f59e0e251","messageTitle":"Added Days and Items","messageBody":"","fileTypesAndContributionMap":{"functional-code":{"insertions":364,"deletions":11}}},{"hash":"1ba87e0008d8e9917829a602ad3769ee34cce28c","messageTitle":"Abstracted Parser Added a few more exceptions","messageBody":"","fileTypesAndContributionMap":{"functional-code":{"insertions":172,"deletions":59},"test-code":{"insertions":5,"deletions":4}}},{"hash":"4921c86ad25bd4773026b2b338bc113a6ebbb540","messageTitle":"Added javadocs comments","messageBody":"","fileTypesAndContributionMap":{"functional-code":{"insertions":185,"deletions":8},"other":{"insertions":2,"deletions":2}}},{"hash":"4f21230ea0ab28e9b4d81eaf9663f85c20e5f5b0","messageTitle":"Added J unit test cases","messageBody":"","fileTypesAndContributionMap":{"functional-code":{"insertions":10,"deletions":0},"test-code":{"insertions":136,"deletions":6}}},{"hash":"6c439f18c657eed929b0c5ced862bc2edb04505a","messageTitle":"Minor edits for codestyle","messageBody":"","fileTypesAndContributionMap":{"functional-code":{"insertions":1,"deletions":1},"test-code":{"insertions":9,"deletions":3}}}]},{"date":"2021-10-20","commitResults":[{"hash":"e2f34e61694db3b223e54c2b1a13508cd981cced","messageTitle":"Removed item types","messageBody":"","fileTypesAndContributionMap":{"functional-code":{"insertions":50,"deletions":162},"other":{"insertions":18,"deletions":23},"test-code":{"insertions":27,"deletions":35}}},{"hash":"cfcdbd514ba142ef07f7f8a65cd3d76e2b376282","messageTitle":"Updated user guide for viewall function","messageBody":"","fileTypesAndContributionMap":{"docs":{"insertions":67,"deletions":27}}},{"hash":"3a0d523f7d0502ed43ba9449302c81638e51aa6c","messageTitle":"Fixed hyperlinks","messageBody":"","fileTypesAndContributionMap":{"docs":{"insertions":11,"deletions":5}}},{"hash":"ab1506f6889ca6dcf2997caee26af4a9fa5699d4","messageTitle":"Resolved bugs due to bad merge","messageBody":"","fileTypesAndContributionMap":{"functional-code":{"insertions":1,"deletions":1},"test-code":{"insertions":18,"deletions":20}}}]},{"date":"2021-10-22","commitResults":[{"hash":"155481be5c7795fa9a59393e4008855c8baf59b0","messageTitle":"Improved view function to view individual trips","messageBody":"","fileTypesAndContributionMap":{"functional-code":{"insertions":93,"deletions":49},"docs":{"insertions":10,"deletions":7},"test-code":{"insertions":4,"deletions":4}}},{"hash":"47021542115fbfe665e23ec5a09433769a9246be","messageTitle":"Updated DG","messageBody":"","fileTypesAndContributionMap":{"functional-code":{"insertions":0,"deletions":1},"docs":{"insertions":145,"deletions":15}}}]},{"date":"2021-10-23","commitResults":[{"hash":"35b883052046fa60ae1d0bee34f87f5174d0b190","messageTitle":"Updated user guide with peer review","messageBody":"","fileTypesAndContributionMap":{"functional-code":{"insertions":4,"deletions":4},"docs":{"insertions":141,"deletions":38}}},{"hash":"9167bb1050457e8fb131a0244dc20a82fc478858","messageTitle":"Minor updates to UG","messageBody":"","fileTypesAndContributionMap":{"docs":{"insertions":12,"deletions":7}}}]},{"date":"2021-10-24","commitResults":[{"hash":"c9fe4863eda6d3bf05c6c20c246cd6b3b847e569","messageTitle":"Made code more defensive","messageBody":"","fileTypesAndContributionMap":{"functional-code":{"insertions":168,"deletions":66},"test-code":{"insertions":10,"deletions":3}}},{"hash":"ce2b4e6f0f71562f37993eac06481189bccdd733","messageTitle":"Added some reposense comments","messageBody":"","fileTypesAndContributionMap":{"functional-code":{"insertions":48,"deletions":13},"test-code":{"insertions":8,"deletions":0}}}]},{"date":"2021-10-26","commitResults":[{"hash":"8c6a989f012a27b7c7bf786b9f165f0b9729e241","messageTitle":"Updated gitignore again","messageBody":"","fileTypesAndContributionMap":{"functional-code":{"insertions":0,"deletions":51}}},{"hash":"02208897226fa0f614c1fa1ddc1093fe83f22136","messageTitle":"Minor changes to UG + NewCommand Bug","messageBody":"","fileTypesAndContributionMap":{"functional-code":{"insertions":1,"deletions":1},"docs":{"insertions":6,"deletions":5}}},{"hash":"6bc5d8f688e3a1c47b109aaed81ad72d96fbc8dd","messageTitle":"Testing css alignments for DG","messageBody":"","fileTypesAndContributionMap":{"docs":{"insertions":5,"deletions":4}}},{"hash":"42dd4d188de737030a34f2b80b2bb5eb75e30e2b","messageTitle":"Added center alignment for Figure headers in DG","messageBody":"","fileTypesAndContributionMap":{"docs":{"insertions":7,"deletions":9}}},{"hash":"0c8913f829d54f952573ad67fd04bfe01cad73d4","messageTitle":"Fixed a few bugs","messageBody":"","fileTypesAndContributionMap":{"other":{"insertions":0,"deletions":0}}},{"hash":"b5cbd549db0af50752a6e22eb1cec0f1b0cc7bee","messageTitle":"Fixed a few bugs here","messageBody":"","fileTypesAndContributionMap":{"functional-code":{"insertions":105,"deletions":53},"docs":{"insertions":17,"deletions":15},"test-code":{"insertions":4,"deletions":2}}},{"hash":"81333daa3403f570ad0debfcc59fa41285f666b3","messageTitle":"Shifted Day, DaysList, Item, ItemsList, Trip, TripsList to new directory","messageBody":"","fileTypesAndContributionMap":{"functional-code":{"insertions":36,"deletions":35},"other":{"insertions":6,"deletions":7},"test-code":{"insertions":9,"deletions":4}}},{"hash":"ac968c1173e4caca7ddb96c4b22fc237e5d1f5ef","messageTitle":"Updated contributions","messageBody":"","fileTypesAndContributionMap":{"docs":{"insertions":38,"deletions":0}}},{"hash":"826bf83297394b0a9c7f7989c8726ca5d9382c9a","messageTitle":"Reverted a bug fix as it caused another bug","messageBody":"","fileTypesAndContributionMap":{"functional-code":{"insertions":1,"deletions":3}}},{"hash":"cb8b74eba61d976b0039ec3139051193d255ea11","messageTitle":"Added 2 words","messageBody":"","fileTypesAndContributionMap":{"docs":{"insertions":1,"deletions":1}}},{"hash":"bfc989701f372d0b10fc9b99379c5e9e414e0617","messageTitle":"Debugged more bugs","messageBody":"","fileTypesAndContributionMap":{"functional-code":{"insertions":22,"deletions":46}}},{"hash":"cc8312711fdb54520a36196a7b9e212ddf80caee","messageTitle":"Minor edits for gradle checkstyle","messageBody":"","fileTypesAndContributionMap":{"functional-code":{"insertions":2,"deletions":2}}}]},{"date":"2021-10-30","commitResults":[{"hash":"0f982cdfbdcff608006e5672a9f03943df650468","messageTitle":"OOP-ed Parser more","messageBody":"","fileTypesAndContributionMap":{"functional-code":{"insertions":137,"deletions":59}}},{"hash":"5a0f167e815b644fccc9ca86cdff5696823b80a3","messageTitle":"Mainly added more j unit test cases","messageBody":"","fileTypesAndContributionMap":{"functional-code":{"insertions":53,"deletions":24},"other":{"insertions":99,"deletions":15},"test-code":{"insertions":174,"deletions":88}}}]},{"date":"2021-11-01","commitResults":[{"hash":"777e01313636ff559f3a6f911d38fa35d12018e6","messageTitle":"Added time validation for item time field","messageBody":"","fileTypesAndContributionMap":{"functional-code":{"insertions":38,"deletions":4},"test-code":{"insertions":61,"deletions":43}}},{"hash":"89db72ccefb358a25fdd872ebb74eaadc6c46a3d","messageTitle":"Add-day does not allow for value 0","messageBody":"","fileTypesAndContributionMap":{"functional-code":{"insertions":16,"deletions":4},"test-code":{"insertions":4,"deletions":0}}},{"hash":"7c72500f51c3f0bcf2af902a3bc8af8dab798a94","messageTitle":"Improved on pretty printing of Item and ItemsList","messageBody":"","fileTypesAndContributionMap":{"functional-code":{"insertions":2,"deletions":2}}},{"hash":"1dccbfcc3a3ed28297dbb6e77dda020ef338f715","messageTitle":"Added Exception for missing field values","messageBody":"","fileTypesAndContributionMap":{"functional-code":{"insertions":50,"deletions":13},"test-code":{"insertions":4,"deletions":3}}},{"hash":"c297905677a91fdbccb20d39436226c0db63cfb7","messageTitle":"Prevent duplicate item entries","messageBody":"","fileTypesAndContributionMap":{"functional-code":{"insertions":41,"deletions":11},"test-code":{"insertions":39,"deletions":13}}},{"hash":"bd47052a593a0371c996fbd6fbaa20b83ff1d861","messageTitle":"Account for leading and trailing whitespaces in field values","messageBody":"","fileTypesAndContributionMap":{"functional-code":{"insertions":62,"deletions":57},"test-code":{"insertions":4,"deletions":4}}}]},{"date":"2021-11-04","commitResults":[{"hash":"3497097bc7f8e533b6daaa518ed58708e4f91457","messageTitle":"Updated UG","messageBody":"","fileTypesAndContributionMap":{"docs":{"insertions":72,"deletions":32}}},{"hash":"ef50af560cb2101ac6586367a129ac46546a94d9","messageTitle":"Changed the term \u0027dist\u0027 to \u0027time\u0027","messageBody":"","fileTypesAndContributionMap":{"functional-code":{"insertions":65,"deletions":78},"other":{"insertions":1,"deletions":1},"docs":{"insertions":28,"deletions":27},"test-code":{"insertions":11,"deletions":11}}}]},{"date":"2021-11-06","commitResults":[{"hash":"8a80042f383eda2a93e3e4567410c604f3587438","messageTitle":"Added class diagram in DG","messageBody":"","fileTypesAndContributionMap":{"functional-code":{"insertions":12,"deletions":12},"docs":{"insertions":57,"deletions":39}}}]},{"date":"2021-11-07","commitResults":[{"hash":"c47fd5560765f89d983127cbc28cbc01aa9d5ce0","messageTitle":"Renamed Xin Yu\u0027s PPP","messageBody":"","fileTypesAndContributionMap":{"docs":{"insertions":1,"deletions":1}}},{"hash":"ed86890be7bdd66e11196dc34df15fc5690ff5c4","messageTitle":"Updated UG","messageBody":"","fileTypesAndContributionMap":{"docs":{"insertions":27,"deletions":17}}},{"hash":"31dc16a41024ed6567032cf033365ad1f1f1ea2c","messageTitle":"Updated .gitignore","messageBody":"","fileTypesAndContributionMap":{"other":{"insertions":0,"deletions":12}}},{"hash":"9eceea54875fe44362164e1b495e8781dfe1bf5a","messageTitle":"Debugged edit command","messageBody":"","fileTypesAndContributionMap":{"functional-code":{"insertions":6,"deletions":1}}},{"hash":"cae1b717c54265139647eb13b283ae3c26e20491","messageTitle":"Made help function a little prettier Created a max cap of 30 days per trip","messageBody":"","fileTypesAndContributionMap":{"functional-code":{"insertions":30,"deletions":14},"docs":{"insertions":1,"deletions":0},"test-code":{"insertions":2,"deletions":2}}},{"hash":"01d3c2fbe3cf7ed9de7e79cae506f82ca13e6298","messageTitle":"Created a max cap of 50 items per day","messageBody":"","fileTypesAndContributionMap":{"functional-code":{"insertions":22,"deletions":1},"docs":{"insertions":1,"deletions":0}}},{"hash":"9fb6737c663cbfbbea1cf6cf4760b2f171727d91","messageTitle":"Prevent trip names from containing /","messageBody":"","fileTypesAndContributionMap":{"functional-code":{"insertions":1,"deletions":29},"docs":{"insertions":4,"deletions":0}}},{"hash":"e276c68c8b8b1ede7d9594cb76f7e640af9b8347","messageTitle":"Minor changes + Added elaborations for Parser section of DG","messageBody":"","fileTypesAndContributionMap":{"functional-code":{"insertions":7,"deletions":4},"docs":{"insertions":35,"deletions":2}}},{"hash":"08d0e7b61ccdd9c829f9b4bd02168bf84e29d3ac","messageTitle":"Bugs + reposense","messageBody":"","fileTypesAndContributionMap":{"functional-code":{"insertions":23,"deletions":3},"docs":{"insertions":1,"deletions":0},"test-code":{"insertions":14,"deletions":9}}},{"hash":"4214fea270c6dfbe6d13649af7b43862ecf19eb3","messageTitle":"Updated PPP","messageBody":"","fileTypesAndContributionMap":{"docs":{"insertions":6,"deletions":1}}},{"hash":"fd5fad6ec39c12ce4112de0e35e5b9afd1e48feb","messageTitle":"fixed a hyperlink","messageBody":"","fileTypesAndContributionMap":{"docs":{"insertions":1,"deletions":1}}},{"hash":"18d17d49a094e81b7ec0f438884ed340a6cef9c3","messageTitle":"Updated PPP","messageBody":"","fileTypesAndContributionMap":{"docs":{"insertions":69,"deletions":36}}},{"hash":"125ab1bb2d7c0f0ac765d19a1d65b597d26fb3f4","messageTitle":"bugs in my PPP","messageBody":"","fileTypesAndContributionMap":{"docs":{"insertions":8,"deletions":11}}}]},{"date":"2021-11-08","commitResults":[{"hash":"f691afa1c44bb16904f74357f2bb7983485ca2ba","messageTitle":"testing http alignment","messageBody":"","fileTypesAndContributionMap":{"docs":{"insertions":2,"deletions":0}}},{"hash":"77ee3326c1deed68d04a1f69c757a7c264de540b","messageTitle":"debugged DG","messageBody":"","fileTypesAndContributionMap":{"docs":{"insertions":110,"deletions":98}}},{"hash":"dc83a50fb547e0875b0ca684ad3aea64b5184195","messageTitle":"Updated UG","messageBody":"","fileTypesAndContributionMap":{"docs":{"insertions":21,"deletions":8}}},{"hash":"91cd03452bbaaeab45507a3987e9642da28ac44b","messageTitle":"Updated authorship","messageBody":"","fileTypesAndContributionMap":{"functional-code":{"insertions":6,"deletions":7}}},{"hash":"32e3bf2641e54bb074642ae31be66314b851d8fb","messageTitle":"Updated authorship again","messageBody":"","fileTypesAndContributionMap":{"functional-code":{"insertions":26,"deletions":1}}}]},{"date":"2021-11-09","commitResults":[{"hash":"9143e0816ba747a6ef8041b5417374b6325de508","messageTitle":"Adapted code for resource file in jar","messageBody":"","fileTypesAndContributionMap":{"functional-code":{"insertions":8,"deletions":9}}}]},{"date":"2021-11-11","commitResults":[{"hash":"12ee121ebdbcf73525ca559227834cc98f89d7cc","messageTitle":"Updated UG to use rEfiNEd EnGLiSh","messageBody":"","fileTypesAndContributionMap":{"docs":{"insertions":11,"deletions":9}}}]}],"Cuiminjing":[{"date":"2021-09-29","commitResults":[{"hash":"a605af3d474a8d1a0b6d6168a889ffa92ae8cd09","messageTitle":"about us by minjing","messageBody":"","fileTypesAndContributionMap":{"docs":{"insertions":1,"deletions":1}}},{"hash":"f58d774623ee037e1b0280a222f8557efb6ffc07","messageTitle":"no message","messageBody":"","fileTypesAndContributionMap":{"docs":{"insertions":3,"deletions":3}}}]},{"date":"2021-10-09","commitResults":[{"hash":"86f3c32a407246ede0bba06b071a671830bf78c0","messageTitle":"delete command added","messageBody":"","fileTypesAndContributionMap":{"functional-code":{"insertions":46,"deletions":7}}},{"hash":"464b5a7d83c3bc22088ec61ca4281fa71f5f27e0","messageTitle":"delete command added","messageBody":"","fileTypesAndContributionMap":{"functional-code":{"insertions":8,"deletions":10}}},{"hash":"62fb1f89983b3756d7680e0b1f7eee5da4be48e4","messageTitle":"delete command added","messageBody":"","fileTypesAndContributionMap":{"functional-code":{"insertions":5,"deletions":1}}},{"hash":"539d2ad9b7b4136a68a4a3c17090ccc80ffa92c4","messageTitle":"delete command added","messageBody":"","fileTypesAndContributionMap":{"functional-code":{"insertions":6,"deletions":2}}}]},{"date":"2021-10-10","commitResults":[{"hash":"dfe9513b7c6e9494e5321fbe5e0d23c69f51d2f7","messageTitle":"commit","messageBody":"","fileTypesAndContributionMap":{"functional-code":{"insertions":196,"deletions":49}}},{"hash":"8c9ff84d4db1ed27f272711330657813fb62587a","messageTitle":"search commad added","messageBody":"","fileTypesAndContributionMap":{"functional-code":{"insertions":15,"deletions":126}}},{"hash":"e6f502de5678918dcfafda0ff80e3e6837f3aa29","messageTitle":"search command added","messageBody":"","fileTypesAndContributionMap":{"functional-code":{"insertions":58,"deletions":52}}},{"hash":"cebed97e971bc71b4125e66aadf202db36618978","messageTitle":"search command added","messageBody":"","fileTypesAndContributionMap":{"functional-code":{"insertions":25,"deletions":25}}},{"hash":"462e34259fdaa037fbdc301af29fb48a31ad3b90","messageTitle":"search command","messageBody":"","fileTypesAndContributionMap":{"functional-code":{"insertions":25,"deletions":25}}}]},{"date":"2021-10-20","commitResults":[{"hash":"6647ca4d68e88844c69c3a9f5b6dc179d2f39598","messageTitle":"add delete day and delete item","messageBody":"","fileTypesAndContributionMap":{"functional-code":{"insertions":132,"deletions":0}}},{"hash":"9d2c0d58414c30d3b4b56d97cdbee58951eee231","messageTitle":"c","messageBody":"","fileTypesAndContributionMap":{"functional-code":{"insertions":21,"deletions":4},"test-code":{"insertions":49,"deletions":13}}},{"hash":"c3ec19d820968deefd14180e0cb636b1c2607e94","messageTitle":"delete added","messageBody":"","fileTypesAndContributionMap":{"functional-code":{"insertions":39,"deletions":44},"test-code":{"insertions":1,"deletions":5}}},{"hash":"1de4042802a6eec253abdff1dc52dbc003eaa7a2","messageTitle":"delete","messageBody":"","fileTypesAndContributionMap":{"functional-code":{"insertions":33,"deletions":33}}},{"hash":"0633db7d68c4bb119832826531e9aa15174758e8","messageTitle":"c","messageBody":"","fileTypesAndContributionMap":{"functional-code":{"insertions":1,"deletions":0}}}]},{"date":"2021-10-23","commitResults":[{"hash":"3009884d1ff35a80878d0e3bdb38245c07553d90","messageTitle":"delete and ug updated","messageBody":"","fileTypesAndContributionMap":{"functional-code":{"insertions":27,"deletions":4},"docs":{"insertions":31,"deletions":1}}},{"hash":"71e96c45956054041e72439224f96df797dbdbe7","messageTitle":".","messageBody":"","fileTypesAndContributionMap":{"functional-code":{"insertions":6,"deletions":7}}}]},{"date":"2021-10-27","commitResults":[{"hash":"10257be9832252ac646418bbb834a5bcbf1e0519","messageTitle":"docs add","messageBody":"","fileTypesAndContributionMap":{"docs":{"insertions":7,"deletions":1}}}]},{"date":"2021-10-29","commitResults":[{"hash":"8e24c7757600d94fc8cb40a330a8628e49d20e94","messageTitle":"dg updated","messageBody":"","fileTypesAndContributionMap":{"functional-code":{"insertions":3,"deletions":3},"docs":{"insertions":15,"deletions":2}}},{"hash":"ce4247f503d927d82db373fe2d5e928683809511","messageTitle":"Update AboutUs.md","messageBody":"","fileTypesAndContributionMap":{"docs":{"insertions":1,"deletions":1}}}]},{"date":"2021-11-04","commitResults":[{"hash":"16015108281ac93e01feef833d509268fbd2976e","messageTitle":"ppp update","messageBody":"","fileTypesAndContributionMap":{"docs":{"insertions":28,"deletions":0}}}]},{"date":"2021-11-06","commitResults":[{"hash":"81de67b1059ee903f1cd8daeb90cd6f362eba33d","messageTitle":"。。。","messageBody":"","fileTypesAndContributionMap":{"functional-code":{"insertions":2,"deletions":110}}},{"hash":"08809f4e3a05803eb22297239f87877e26bee089","messageTitle":"delete parser add","messageBody":"","fileTypesAndContributionMap":{"functional-code":{"insertions":109,"deletions":2}}},{"hash":"303903653b646492722e61d2229a6b0324bf38ca","messageTitle":"。。。","messageBody":"","fileTypesAndContributionMap":{"functional-code":{"insertions":1,"deletions":97}}},{"hash":"066273e8c0620ce14667ad7c3963d1cbd42ed696","messageTitle":"。。。","messageBody":"","fileTypesAndContributionMap":{"functional-code":{"insertions":97,"deletions":1}}},{"hash":"73963570f85b799d9c489a6ec1ced8e306dbb127","messageTitle":"txt file update","messageBody":"","fileTypesAndContributionMap":{"docs":{"insertions":18,"deletions":6}}},{"hash":"fff04f7725a9e126d9d2097e2d8e1296df04f448","messageTitle":"...","messageBody":"","fileTypesAndContributionMap":{"functional-code":{"insertions":0,"deletions":9}}},{"hash":"8eb4388db8af07d1953466991dcbe0a60505f5f7","messageTitle":"...","messageBody":"","fileTypesAndContributionMap":{"functional-code":{"insertions":9,"deletions":0}}},{"hash":"179bea1bca5086e85fb0475c261f6fa12b972410","messageTitle":"exception","messageBody":"","fileTypesAndContributionMap":{"functional-code":{"insertions":0,"deletions":8}}},{"hash":"162651eee0f0543fe3a934f5a49bc42798c09066","messageTitle":"deleteday","messageBody":"","fileTypesAndContributionMap":{"functional-code":{"insertions":8,"deletions":0}}},{"hash":"43f5d7c6dc2791c72453aae19e4cb91dc5f78c19","messageTitle":"..","messageBody":"","fileTypesAndContributionMap":{"functional-code":{"insertions":3,"deletions":14}}},{"hash":"e9eab0cc1ffbf7c57189b980a7f9d623aa4211b2","messageTitle":".","messageBody":"","fileTypesAndContributionMap":{"functional-code":{"insertions":12,"deletions":1}}},{"hash":"27fe67f229569b4ba0be8d7482e987a65e08a1ea","messageTitle":"gradle check","messageBody":"","fileTypesAndContributionMap":{"functional-code":{"insertions":1,"deletions":0}}}]},{"date":"2021-11-07","commitResults":[{"hash":"8276bcdb193b2002163b6778b7936f2d2d957c43","messageTitle":"ug update","messageBody":"","fileTypesAndContributionMap":{"docs":{"insertions":3,"deletions":2}}},{"hash":"49d572db2411e241f77fcf62d37b8f1829d39546","messageTitle":"UI","messageBody":"","fileTypesAndContributionMap":{"functional-code":{"insertions":1,"deletions":21}}},{"hash":"a369adad1ee5d4d3ff8fad1c0f76676707ebd803","messageTitle":"Ui","messageBody":"","fileTypesAndContributionMap":{"functional-code":{"insertions":21,"deletions":1}}},{"hash":"fb8b5461800aaf64077c8cafa85edf02d0a3c23e","messageTitle":"..","messageBody":"","fileTypesAndContributionMap":{"functional-code":{"insertions":0,"deletions":65}}},{"hash":"b4d83cf28ad48bfb22244b70cd72e3eccf0d1752","messageTitle":".","messageBody":"","fileTypesAndContributionMap":{"functional-code":{"insertions":65,"deletions":0}}},{"hash":"a8856a941e2f2e9eb1e1a87c63ca9f904f4d937f","messageTitle":"dg","messageBody":"","fileTypesAndContributionMap":{"docs":{"insertions":1,"deletions":2}}},{"hash":"1058913b8dfeb0dea90fb9b5e233f01953c8f27c","messageTitle":"dg update","messageBody":"","fileTypesAndContributionMap":{"docs":{"insertions":2,"deletions":1}}},{"hash":"b41119ea32ea86f00578d51eef0e8a8a4f79dfc4","messageTitle":"..","messageBody":"","fileTypesAndContributionMap":{"functional-code":{"insertions":20,"deletions":47},"docs":{"insertions":8,"deletions":53},"test-code":{"insertions":4,"deletions":6}}},{"hash":"ef13d64e3bb8a7879d2bda09e615d3305be0503f","messageTitle":"..","messageBody":"","fileTypesAndContributionMap":{"functional-code":{"insertions":31,"deletions":8},"docs":{"insertions":89,"deletions":7},"test-code":{"insertions":6,"deletions":4}}},{"hash":"356e443fec50240a022100cc86fb3e303e9c1c9a","messageTitle":".","messageBody":"","fileTypesAndContributionMap":{"functional-code":{"insertions":15,"deletions":12},"docs":{"insertions":12,"deletions":14}}},{"hash":"beaf442ddafeb08496005ac1e1039d112e0f1689","messageTitle":"day","messageBody":"","fileTypesAndContributionMap":{"functional-code":{"insertions":0,"deletions":43}}},{"hash":"fe51c5e24a49ed6d3fa57a6d2e0ca65f00f620e5","messageTitle":"day","messageBody":"","fileTypesAndContributionMap":{"functional-code":{"insertions":43,"deletions":0}}},{"hash":"6cfb874203f4dd9128da35b8fe01229e112a8401","messageTitle":"..","messageBody":"","fileTypesAndContributionMap":{"functional-code":{"insertions":0,"deletions":361}}},{"hash":"57b2641984e55fd5ff68dfa385f7658a83dfbf70","messageTitle":"..","messageBody":"","fileTypesAndContributionMap":{"functional-code":{"insertions":362,"deletions":1}}},{"hash":"4ef4ee59602a0e8d92afcaf7aed3d07e2957abe5","messageTitle":".","messageBody":"","fileTypesAndContributionMap":{"docs":{"insertions":26,"deletions":9}}},{"hash":"cfc41fe94ddb22ee06ddb25442699b457ce8762a","messageTitle":"solve conflict","messageBody":"","fileTypesAndContributionMap":{"functional-code":{"insertions":7,"deletions":6}}},{"hash":"134054f8eab4f859ef836f2baafb8b31f48ae910","messageTitle":"solve conflict","messageBody":"","fileTypesAndContributionMap":{"docs":{"insertions":3,"deletions":19}}},{"hash":"7075e24c2aa946dac04fca214c67e8a8429f40fc","messageTitle":"gradle","messageBody":"","fileTypesAndContributionMap":{"test-code":{"insertions":2,"deletions":2}}}]},{"date":"2021-11-08","commitResults":[{"hash":"d3a953eef1424a633571be2e1da3955bd7cf2b19","messageTitle":"ppp name changed","messageBody":"","fileTypesAndContributionMap":{"docs":{"insertions":1,"deletions":1}}},{"hash":"622e7d74ba17a100eb632b80705bba5ec0979372","messageTitle":"Rename Cuiminjing.md to cuiminjing.md","messageBody":"","fileTypesAndContributionMap":{"docs":{"insertions":0,"deletions":0}}}]},{"date":"2021-11-11","commitResults":[{"hash":"610f9456df5161665a0296fbad87f483e5f9f2c6","messageTitle":"Update AboutUs.md","messageBody":"","fileTypesAndContributionMap":{"docs":{"insertions":1,"deletions":1}}}]}]},"authorFileTypeContributionMap":{"conradwee":{"docs":94,"functional-code":692,"test-code":158,"other":8},"gavienwz":{"docs":370,"functional-code":647,"test-code":111,"other":4},"jach23":{"docs":204,"functional-code":906,"test-code":21,"other":1},"Uxinnn":{"docs":569,"functional-code":1212,"test-code":695,"other":2},"Cuiminjing":{"docs":90,"functional-code":365,"test-code":77}},"authorContributionVariance":{"conradwee":48294.55,"gavienwz":8821.218,"jach23":22035.602,"Uxinnn":76674.266,"Cuiminjing":52915.33},"authorDisplayNameMap":{"conradwee":"CS2113T-W13-1 CONR.. JAE","gavienwz":"CS2113T-W13-1 GAVI..ZHUO","jach23":"CS2113T-W13-1 JARE..EANG","Uxinnn":"CS2113T-W13-1 FOON..N YU","Cuiminjing":"CS2113T-W13-1 CUI ..JING"}}
