{"authorDailyContributionsMap":{"rizemon":[{"date":"2021-09-30","commitResults":[{"hash":"c09e025eedc6b3a7bec77eb0d68ec35766c436fe","messageTitle":"Update AboutUs.md","messageBody":"","fileTypesAndContributionMap":{"docs":{"insertions":2,"deletions":1}}}]},{"date":"2021-10-04","commitResults":[{"hash":"a69fe6eece928b1f24a17c3359ffc5aded9ff0b7","messageTitle":"Add project structure","messageBody":"","fileTypesAndContributionMap":{"functional-code":{"insertions":35,"deletions":0},"other":{"insertions":7,"deletions":7}}},{"hash":"69904fce723d98cdfbfed196db095aaa1bc50ff2","messageTitle":"Change name of test file","messageBody":"","fileTypesAndContributionMap":{"other":{"insertions":0,"deletions":0}}},{"hash":"1ccc560fa132e530c720b20f0d6d200c1b5fa759","messageTitle":"Add Data Class","messageBody":"","fileTypesAndContributionMap":{"functional-code":{"insertions":22,"deletions":1},"test-code":{"insertions":32,"deletions":0}}}]}],"arraysius":[{"date":"2021-09-30","commitResults":[{"hash":"e62e9cd6452b5bfefd0569f06b6fc0b0684f05a1","messageTitle":"Update AboutUs","messageBody":"","fileTypesAndContributionMap":{"docs":{"insertions":1,"deletions":1}}}]},{"date":"2021-10-04","commitResults":[{"hash":"da0e8fdcdb7012ee5985e01090608edb962724f5","messageTitle":"Add abstract BaseModule Class","messageBody":"","fileTypesAndContributionMap":{"functional-code":{"insertions":26,"deletions":1}}}]},{"date":"2021-10-05","commitResults":[{"hash":"9938ab990373e6c7830375567dc02d788bc11bfc","messageTitle":"Update BaseModule constructor to take in and set name and description","messageBody":"","fileTypesAndContributionMap":{"functional-code":{"insertions":3,"deletions":1}}}]}],"SeenFang":[{"date":"2021-09-30","commitResults":[{"hash":"b84edb5af48318cedc402f1b039cd63ebec3dc7a","messageTitle":"Update AboutUs","messageBody":"- Update AboutUs.md","fileTypesAndContributionMap":{"docs":{"insertions":2,"deletions":2}}}]}],"Kair0s3":[{"date":"2021-09-30","commitResults":[{"hash":"badf7c67bc458b4f7d92552030205641bcfcd7b7","messageTitle":"Updated AboutUs.md for myself","messageBody":"","fileTypesAndContributionMap":{"docs":{"insertions":1,"deletions":1}}},{"hash":"acf031a682ea303894c4c4e420ee85644622660c","messageTitle":"Revert \"Updated AboutUs.md for myself\"","messageBody":"This reverts commit badf7c67bc458b4f7d92552030205641bcfcd7b7.\n","fileTypesAndContributionMap":{"docs":{"insertions":1,"deletions":1}}},{"hash":"7dae5eb91cbc435e819c3b260d5666e2381ff85f","messageTitle":"Updated AboutUs for myself. again...","messageBody":"","fileTypesAndContributionMap":{"docs":{"insertions":1,"deletions":1}}}]},{"date":"2021-10-01","commitResults":[{"hash":"966874fed1da561f34b85b8b3852b68bceaebaec","messageTitle":"Skeletal Commit for tP","messageBody":"Skeletal base for team to start on their respective features (\"commands\") implementation.\n","fileTypesAndContributionMap":{"functional-code":{"insertions":28,"deletions":8}}},{"hash":"c40105542c4a0ba9398fdd6fd852f5a037a9921f","messageTitle":"Additional updates to fix the conflicts with gradle\u0027s checkStyleMain","messageBody":"","fileTypesAndContributionMap":{"functional-code":{"insertions":2,"deletions":2}}},{"hash":"01a876471b1a0e1ebddea437e3e4683c1d03fcff","messageTitle":"Fixing another issue (logic-related) during Gradle checks in Github","messageBody":"","fileTypesAndContributionMap":{"functional-code":{"insertions":1,"deletions":0}}},{"hash":"0c3f9b6a0060db05acd7d38d01e8f8eb2c7e0737","messageTitle":"Yet another update cause of gradle checks.","messageBody":"Kindda annoying, the local text-ui-test has no issues but the github action\u0027s one throws error for it.\n","fileTypesAndContributionMap":{"functional-code":{"insertions":1,"deletions":1}}}]}]},"authorFileTypeContributionMap":{"rizemon":{"docs":2,"functional-code":58,"test-code":34,"other":2},"arraysius":{"docs":0,"functional-code":28,"test-code":0},"SeenFang":{"docs":1,"functional-code":0,"test-code":0},"Kair0s3":{"docs":1,"functional-code":26,"test-code":0}},"authorContributionVariance":{"rizemon":889.4711,"arraysius":59.090908,"SeenFang":1.3223141,"Kair0s3":151.52069},"authorDisplayNameMap":{"rizemon":"CS2113T-T10-3 TAN ..A LE","arraysius":"CS2113T-T10-3 LEE ..SIUS","SeenFang":"CS2113T-T10-3 SEAN..HANG","Kair0s3":"CS2113T-T10-3 SIM ..BOON"}}
