{"authorDailyContributionsMap":{"rizemon":[{"date":"2021-09-30","commitResults":[{"hash":"c09e025eedc6b3a7bec77eb0d68ec35766c436fe","messageTitle":"Update AboutUs.md","messageBody":"","fileTypesAndContributionMap":{"docs":{"insertions":2,"deletions":1}}}]},{"date":"2021-10-04","commitResults":[{"hash":"a69fe6eece928b1f24a17c3359ffc5aded9ff0b7","messageTitle":"Add project structure","messageBody":"","fileTypesAndContributionMap":{"functional-code":{"insertions":35,"deletions":0},"other":{"insertions":7,"deletions":7}}},{"hash":"69904fce723d98cdfbfed196db095aaa1bc50ff2","messageTitle":"Change name of test file","messageBody":"","fileTypesAndContributionMap":{"other":{"insertions":0,"deletions":0}}},{"hash":"1ccc560fa132e530c720b20f0d6d200c1b5fa759","messageTitle":"Add Data Class","messageBody":"","fileTypesAndContributionMap":{"functional-code":{"insertions":22,"deletions":1},"test-code":{"insertions":32,"deletions":0}}},{"hash":"f5dc22d4fea683bd3fc92f9a09586be8c067f47f","messageTitle":"Add DataManager Class","messageBody":"","fileTypesAndContributionMap":{"functional-code":{"insertions":32,"deletions":0},"test-code":{"insertions":30,"deletions":0}}}]},{"date":"2021-10-05","commitResults":[{"hash":"2fb0f6ac23a7bb596fe5795055b0eb05388761b7","messageTitle":"Replace \"\u003d\u003d\" with Arrays.equals for byte array comparison","messageBody":"","fileTypesAndContributionMap":{"test-code":{"insertions":8,"deletions":2}}},{"hash":"3233b899d0559a5d2d9f01578a02c4b9de751aef","messageTitle":"Add requested newline","messageBody":"","fileTypesAndContributionMap":{"functional-code":{"insertions":1,"deletions":0}}}]},{"date":"2021-10-06","commitResults":[{"hash":"69272ec27f2d4ed681137740d385f93eb759a179","messageTitle":"Move base64 classes into a base64 folder","messageBody":"","fileTypesAndContributionMap":{"other":{"insertions":6,"deletions":4}}},{"hash":"afdca81951660a9491fcc61b92185142569bed21","messageTitle":"Remove need for starting data for DataManager constructor","messageBody":"","fileTypesAndContributionMap":{"functional-code":{"insertions":37,"deletions":11},"test-code":{"insertions":53,"deletions":12}}}]},{"date":"2021-10-07","commitResults":[{"hash":"5896898b2e740216c84540c44b95ce326b74958a","messageTitle":"Add DataCommand","messageBody":"","fileTypesAndContributionMap":{"functional-code":{"insertions":61,"deletions":4},"test-code":{"insertions":43,"deletions":0}}}]},{"date":"2021-10-08","commitResults":[{"hash":"719877392fb1b7389a4e81ab69c10021dac129d5","messageTitle":"Add suggested changes","messageBody":"","fileTypesAndContributionMap":{"functional-code":{"insertions":1,"deletions":1},"test-code":{"insertions":1,"deletions":1}}},{"hash":"7ab3e420bd5d8d2ef80c73e4b842c9e930b01cf6","messageTitle":"Revert changes on Decodex and text-ui-tests","messageBody":"","fileTypesAndContributionMap":{"functional-code":{"insertions":5,"deletions":18}}},{"hash":"e2ef133a316b9cd8c0fbe3fee543590ccbdf9408","messageTitle":"Add CommandException","messageBody":"","fileTypesAndContributionMap":{"functional-code":{"insertions":11,"deletions":0}}},{"hash":"7c33920e5e5ff81409db78c5664066881c9fb604","messageTitle":"Add ModuleException","messageBody":"","fileTypesAndContributionMap":{"functional-code":{"insertions":11,"deletions":0}}},{"hash":"e5b1328181b397cad694f8382463c828d591f2c4","messageTitle":"Redefine Command class","messageBody":"","fileTypesAndContributionMap":{"functional-code":{"insertions":13,"deletions":23},"test-code":{"insertions":1,"deletions":7}}},{"hash":"4969651fedeff8e6a4b579e7b3c2a90755729327","messageTitle":"Remove unintended auto-import","messageBody":"","fileTypesAndContributionMap":{"functional-code":{"insertions":0,"deletions":1}}},{"hash":"f1556fb49a243e587b84c69935776d0136a4843f","messageTitle":"Add DataCommand","messageBody":"","fileTypesAndContributionMap":{"functional-code":{"insertions":35,"deletions":2},"test-code":{"insertions":43,"deletions":0}}},{"hash":"82174b95bbc3062bbaf2373e05dc6ea57353f56e","messageTitle":"Add suggested changes","messageBody":"","fileTypesAndContributionMap":{"test-code":{"insertions":1,"deletions":1}}},{"hash":"cf4c6d9ec56b3a654039d7a067bf06043a91c853","messageTitle":"Revert changes on Decodex and text-ui-tests","messageBody":"","fileTypesAndContributionMap":{"functional-code":{"insertions":1,"deletions":1}}},{"hash":"f697d43e7d324d5e1695976f0b32b81bcba251a3","messageTitle":"Move exception handling to try-catch","messageBody":"","fileTypesAndContributionMap":{"functional-code":{"insertions":3,"deletions":3}}},{"hash":"9709bcdc79d8f8eb9e9080de6b934d20ab7aaa92","messageTitle":"Replace argument with dataString","messageBody":"","fileTypesAndContributionMap":{"functional-code":{"insertions":4,"deletions":5}}},{"hash":"fafac86c6afe53bb473af2d411383dca670ef373","messageTitle":"Add ResetCommand","messageBody":"","fileTypesAndContributionMap":{"functional-code":{"insertions":20,"deletions":0},"test-code":{"insertions":46,"deletions":0}}},{"hash":"e81c66bcf7cdead2a3a5f6fa1f17c0691ed58692","messageTitle":"Add newline at end of file","messageBody":"","fileTypesAndContributionMap":{"functional-code":{"insertions":1,"deletions":1},"test-code":{"insertions":2,"deletions":2}}}]},{"date":"2021-10-09","commitResults":[{"hash":"bfb5a4d7d0205bb3e533958196a734f737a53f69","messageTitle":"Add requested changes","messageBody":"","fileTypesAndContributionMap":{"functional-code":{"insertions":1,"deletions":2}}},{"hash":"53ad8b023310eb1bb9ff0e3fd17bd7c1c91fc3e6","messageTitle":"Add CommandException to tests","messageBody":"","fileTypesAndContributionMap":{"test-code":{"insertions":3,"deletions":2}}}]},{"date":"2021-10-11","commitResults":[{"hash":"5a76b5e0a10e048ddbf0d9987dd4625878383eb7","messageTitle":"Add assertions","messageBody":"","fileTypesAndContributionMap":{"functional-code":{"insertions":7,"deletions":0},"other":{"insertions":1,"deletions":0}}},{"hash":"af2cabe62341859e12d66d03f6da057ff5f1c59f","messageTitle":"Add messages to assert","messageBody":"","fileTypesAndContributionMap":{"functional-code":{"insertions":4,"deletions":3}}},{"hash":"67c08d917c55920cf280acca6a433483cd8108cb","messageTitle":"Add logging for commands","messageBody":"","fileTypesAndContributionMap":{"functional-code":{"insertions":1,"deletions":1}}},{"hash":"b9d6fa656f1ba2c6b4f2d5367fc5aec498342d7b","messageTitle":"Add indication of user input","messageBody":"","fileTypesAndContributionMap":{"functional-code":{"insertions":1,"deletions":1}}},{"hash":"2643b5a7c475f0be4bbaedb45b4119a18a32381c","messageTitle":"Add requested change","messageBody":"","fileTypesAndContributionMap":{"functional-code":{"insertions":2,"deletions":2}}},{"hash":"84681c0ab354b8195cf52fe4e12b32e14b252f06","messageTitle":"Remove  erroneous assertion","messageBody":"","fileTypesAndContributionMap":{"functional-code":{"insertions":0,"deletions":2}}},{"hash":"354fa49047be01419665da938817a8e02ee85057","messageTitle":"Change DataCommand to InputCommand","messageBody":"","fileTypesAndContributionMap":{"functional-code":{"insertions":3,"deletions":3},"other":{"insertions":6,"deletions":6},"test-code":{"insertions":2,"deletions":2}}},{"hash":"0e20758c2583e62306fd3f1a9226bb092682ae9c","messageTitle":"Update parser and tests with InputCommand","messageBody":"","fileTypesAndContributionMap":{"functional-code":{"insertions":2,"deletions":2},"test-code":{"insertions":2,"deletions":2}}}]},{"date":"2021-10-12","commitResults":[{"hash":"d1c3b048a5df779c3e4e0f4546713a23635c4258","messageTitle":"Add \"\" to output of data","messageBody":"","fileTypesAndContributionMap":{"functional-code":{"insertions":2,"deletions":2}}},{"hash":"77598860c5a64f7a227fb5ec173bffef52f11ab5","messageTitle":"Update user guide","messageBody":"","fileTypesAndContributionMap":{"docs":{"insertions":21,"deletions":0}}},{"hash":"b555d6ec88bffc51e25eacc3a808acc96d7b6aff","messageTitle":"Update user guide to fix bug","messageBody":"","fileTypesAndContributionMap":{"docs":{"insertions":3,"deletions":0}}},{"hash":"59d4f1c0637112b54fdad7c52dc1f97b0c810751","messageTitle":"Update screenshot to better explain","messageBody":"","fileTypesAndContributionMap":{"docs":{"insertions":4,"deletions":3}}},{"hash":"8873b6d48c6a587e1ce7680cee23db5d7e1b44f7","messageTitle":"Add requested changes","messageBody":"","fileTypesAndContributionMap":{"docs":{"insertions":2,"deletions":2}}}]},{"date":"2021-10-13","commitResults":[{"hash":"a47dff1864c24b91ccb2d48d4a1a602cd9e3318e","messageTitle":"Add dimensions to profile pictures","messageBody":"","fileTypesAndContributionMap":{"docs":{"insertions":4,"deletions":4}}},{"hash":"b82fe6ba3bf4bdea9ea080a73e9ed1e6d1ea7c1a","messageTitle":"Add comment about non-printable characters","messageBody":"","fileTypesAndContributionMap":{"docs":{"insertions":5,"deletions":1}}}]},{"date":"2021-10-16","commitResults":[{"hash":"e12c1d8a8fd1fda59e8098f7f959b352d6dca213","messageTitle":"Add Rotational Cipher module","messageBody":"","fileTypesAndContributionMap":{"functional-code":{"insertions":92,"deletions":0},"test-code":{"insertions":86,"deletions":0}}},{"hash":"01d052839329d348d70d3c728f298e34957beb52","messageTitle":"Remove magic number","messageBody":"","fileTypesAndContributionMap":{"functional-code":{"insertions":3,"deletions":2}}},{"hash":"024ba5d63c33324736827ca3f05de9bb166f01e9","messageTitle":"Add requested changes","messageBody":"* Update the Javadoc comment\n* Change to Character.isLowercase and isUppercase","fileTypesAndContributionMap":{"functional-code":{"insertions":4,"deletions":26}}},{"hash":"a88a9f6a056346c98567b2967052d23443a534f6","messageTitle":"Break down complex expression","messageBody":"","fileTypesAndContributionMap":{"functional-code":{"insertions":8,"deletions":2}}}]},{"date":"2021-10-17","commitResults":[{"hash":"cb1410a5d438d41faab2bf797109e09466ed7a60","messageTitle":"Add requested changes","messageBody":"* Remove some newlines\n* Add newline at EOF","fileTypesAndContributionMap":{"functional-code":{"insertions":0,"deletions":3},"test-code":{"insertions":1,"deletions":1}}}]}],"arraysius":[{"date":"2021-09-30","commitResults":[{"hash":"e62e9cd6452b5bfefd0569f06b6fc0b0684f05a1","messageTitle":"Update AboutUs","messageBody":"","fileTypesAndContributionMap":{"docs":{"insertions":1,"deletions":1}}}]},{"date":"2021-10-04","commitResults":[{"hash":"da0e8fdcdb7012ee5985e01090608edb962724f5","messageTitle":"Add abstract BaseModule Class","messageBody":"","fileTypesAndContributionMap":{"functional-code":{"insertions":26,"deletions":1}}}]},{"date":"2021-10-05","commitResults":[{"hash":"9938ab990373e6c7830375567dc02d788bc11bfc","messageTitle":"Update BaseModule constructor to take in and set name and description","messageBody":"","fileTypesAndContributionMap":{"functional-code":{"insertions":3,"deletions":1}}}]},{"date":"2021-10-06","commitResults":[{"hash":"99769cb076aa38f2c4df3138cf9a62008447eac4","messageTitle":"Add ModuleManager","messageBody":"","fileTypesAndContributionMap":{"functional-code":{"insertions":97,"deletions":5},"test-code":{"insertions":40,"deletions":0}}},{"hash":"6f1b36049c74888c52717e9a6615f08380730988","messageTitle":"Fix closing bracket position","messageBody":"","fileTypesAndContributionMap":{"functional-code":{"insertions":1,"deletions":2}}},{"hash":"c5ee26acdbab1707d24ed45897b3f635148cf061","messageTitle":"Modify import statements","messageBody":"","fileTypesAndContributionMap":{"functional-code":{"insertions":4,"deletions":34},"test-code":{"insertions":4,"deletions":4}}},{"hash":"4840deae0490fb35c15ba5fab435cc778ab061e7","messageTitle":"Simplify UnknownModuleException","messageBody":"","fileTypesAndContributionMap":{"functional-code":{"insertions":1,"deletions":5}}}]},{"date":"2021-10-07","commitResults":[{"hash":"f1dfdca76a85169c57c920fe2d8be25d7d087959","messageTitle":"Move Module Manager from decodex.data to decodex.modules","messageBody":"","fileTypesAndContributionMap":{"other":{"insertions":6,"deletions":8}}}]},{"date":"2021-10-09","commitResults":[{"hash":"491c59cf8063ea095724e2e55f9b3309f32a8f6e","messageTitle":"Add SelectCommand","messageBody":"* Add `SelectCommand` and `SelectCommandTest`\n* Add `UnknownModuleException` and `DataManagerException` to `Command`\u0027s `run` method signature\n* Add `UnknownModuleException` to `DataCommandTest`\u0027s and `ResetCommandTest`\u0027s test method signature","fileTypesAndContributionMap":{"functional-code":{"insertions":43,"deletions":3},"test-code":{"insertions":67,"deletions":3}}},{"hash":"23684386593023e4aac80aa791f3e42007edbb36","messageTitle":"Add ListCommand","messageBody":"","fileTypesAndContributionMap":{"functional-code":{"insertions":41,"deletions":0}}},{"hash":"47318e681d02929d6d3019a19dec572c9c61d954","messageTitle":"Set data in `DataManager` instead of relying on `DataCommand`","messageBody":"","fileTypesAndContributionMap":{"test-code":{"insertions":4,"deletions":3}}},{"hash":"a87dfec876946200e03656ee283c0b173c8c64ac","messageTitle":"Use `SelectCommand` instead of `Command`","messageBody":"","fileTypesAndContributionMap":{"test-code":{"insertions":2,"deletions":2}}},{"hash":"9c8dd56396478a4d4bf117472f737d4293e56d21","messageTitle":"Change  remaining setting of data in `DataManager` instead of relying on `DataCommand`","messageBody":"","fileTypesAndContributionMap":{"test-code":{"insertions":4,"deletions":4}}}]},{"date":"2021-10-10","commitResults":[{"hash":"5d622fb2c96d01633700457d56f6e795c4fc9a69","messageTitle":"Update tests for `ModuleManager`","messageBody":"* Reduce success test to selecting one module\n* Use `assertThrows` to detect exception thrown\n* Add test for blank module name","fileTypesAndContributionMap":{"test-code":{"insertions":17,"deletions":18}}}]},{"date":"2021-10-11","commitResults":[{"hash":"6e42b9801b0e9493ee5f2619bed8db29d31bc896","messageTitle":"Replace try-catch in code to throwing exception in method signature","messageBody":"","fileTypesAndContributionMap":{"test-code":{"insertions":4,"deletions":7}}},{"hash":"e14706152b39dad9552882b29058d6b70bff5f58","messageTitle":"Add assertion of number of modules in `ListCommand`","messageBody":"","fileTypesAndContributionMap":{"functional-code":{"insertions":1,"deletions":0}}},{"hash":"8da8cec3c7a107a033eef10f2a209362604abcba","messageTitle":"Log all modules loaded into `ModuleManager`","messageBody":"","fileTypesAndContributionMap":{"functional-code":{"insertions":9,"deletions":0}}},{"hash":"c5c18553e8d7084491ba47597498fbe16d31e5ad","messageTitle":"Replace `logger.log` to `logger.fine`","messageBody":"","fileTypesAndContributionMap":{"functional-code":{"insertions":1,"deletions":1}}},{"hash":"90770558b34928a7f75c26278961847a236f8dae","messageTitle":"Rename `BaseModule` to `Module`","messageBody":"","fileTypesAndContributionMap":{"functional-code":{"insertions":19,"deletions":23},"other":{"insertions":33,"deletions":33},"test-code":{"insertions":1,"deletions":1}}},{"hash":"94baa0e7cd936f5772688c2bb8dc8df05fb1c20d","messageTitle":"Add assertion to ensure data is not null in`Data` constructor","messageBody":"","fileTypesAndContributionMap":{"functional-code":{"insertions":1,"deletions":2}}},{"hash":"28227848e9b6a0be32f5cbe401bc42259c2eb6bb","messageTitle":"Update assertion message","messageBody":"","fileTypesAndContributionMap":{"functional-code":{"insertions":1,"deletions":1}}},{"hash":"d240ab802bc753e8163f813d62c184da8a6c9a73","messageTitle":"Update user guide with `list` and `select` command","messageBody":"","fileTypesAndContributionMap":{"docs":{"insertions":39,"deletions":16}}},{"hash":"ef1afb35cff407bc36d77c09037815ffaf210bea","messageTitle":"Minor edit in command details","messageBody":"","fileTypesAndContributionMap":{"docs":{"insertions":2,"deletions":2}}},{"hash":"f445a44e533a06e692d224053e88840ff5553d9f","messageTitle":"Fix format","messageBody":"","fileTypesAndContributionMap":{"docs":{"insertions":5,"deletions":7}}}]},{"date":"2021-10-13","commitResults":[{"hash":"fbcc0c5ea818797de42f5228ac6c0d9239018d8d","messageTitle":"Update product name and description in `docs/README.md`","messageBody":"","fileTypesAndContributionMap":{"docs":{"insertions":2,"deletions":2}}},{"hash":"37671daa2247caaf4c519434eec864cbe0eea02f","messageTitle":"Add error status for invalid hex string message","messageBody":"","fileTypesAndContributionMap":{"functional-code":{"insertions":1,"deletions":1}}},{"hash":"f2429bf1ce0b88e4ef4d4ad002831e6f728acca6","messageTitle":"Move exception message to `ModuleException``","messageBody":"","fileTypesAndContributionMap":{"functional-code":{"insertions":3,"deletions":3}}},{"hash":"b407d74238794ea9a3a267900ded14501944b929","messageTitle":"Fix user guide","messageBody":"* Add missing terminologies\n* Remove repeated info\n* Add code block for `data` under `input` command","fileTypesAndContributionMap":{"docs":{"insertions":12,"deletions":13}}},{"hash":"ed3b681af75d6ce7555db0e4839141399eccfca8","messageTitle":"Fix code block for `data`","messageBody":"","fileTypesAndContributionMap":{"docs":{"insertions":1,"deletions":1}}}]},{"date":"2021-10-17","commitResults":[{"hash":"ad573c2e3c2ad59c4fb0809ff539a6c6f01ca0d2","messageTitle":"Move all UI related functions to Ui class and package","messageBody":"","fileTypesAndContributionMap":{"functional-code":{"insertions":189,"deletions":67},"test-code":{"insertions":0,"deletions":1}}},{"hash":"82fbc66aa391798bcf70162753d1323c68e95d49","messageTitle":"Fix incorrect test-ui-test output","messageBody":"* Pass a scanner into Ui\n* Remove additional newline when printing input and output","fileTypesAndContributionMap":{"functional-code":{"insertions":6,"deletions":5}}},{"hash":"aae3c4dfd6703fdee80cf589ec29b881c047cc3f","messageTitle":"Remove AssertMessages class","messageBody":"","fileTypesAndContributionMap":{"functional-code":{"insertions":14,"deletions":40}}},{"hash":"48f3efee4bf5fb538ba6cfb04a75c0166c2af234","messageTitle":"Move scanner into Ui","messageBody":"","fileTypesAndContributionMap":{"functional-code":{"insertions":5,"deletions":5}}},{"hash":"050f0a71054a77427ff6dafa66b5aea5ed880a6e","messageTitle":"Revert line","messageBody":"","fileTypesAndContributionMap":{"functional-code":{"insertions":2,"deletions":2}}}]}],"SeenFang":[{"date":"2021-09-30","commitResults":[{"hash":"b84edb5af48318cedc402f1b039cd63ebec3dc7a","messageTitle":"Update AboutUs","messageBody":"- Update AboutUs.md","fileTypesAndContributionMap":{"docs":{"insertions":2,"deletions":2}}}]},{"date":"2021-10-05","commitResults":[{"hash":"8fb763b7922829d8877a07058db5426b0c751d5d","messageTitle":"Add Hex Encoder module","messageBody":"- Add hexEncoder module\n- Add JUnitTest for hexEncoder","fileTypesAndContributionMap":{"functional-code":{"insertions":34,"deletions":0},"test-code":{"insertions":26,"deletions":0}}},{"hash":"9997c47e5ef6d282d9e0ca01cb5fda72ff6f01df","messageTitle":"Add Hex Decoder module","messageBody":"- Add hexDecoder module\n- Add JUnitTest for hexDecoder","fileTypesAndContributionMap":{"functional-code":{"insertions":37,"deletions":0},"test-code":{"insertions":25,"deletions":0}}},{"hash":"ede4da74e7e775d766132350bde022a25df3931d","messageTitle":"Fix style","messageBody":"","fileTypesAndContributionMap":{"functional-code":{"insertions":4,"deletions":3}}},{"hash":"a5ff83985b307751773fc6ac79d41331d09a43b5","messageTitle":"Fix style","messageBody":"","fileTypesAndContributionMap":{"functional-code":{"insertions":5,"deletions":4},"test-code":{"insertions":3,"deletions":3}}},{"hash":"b635dfd0b641dc353ad500e772f38222147f8a5d","messageTitle":"Fix style","messageBody":"","fileTypesAndContributionMap":{"functional-code":{"insertions":2,"deletions":2}}},{"hash":"027637ae67edaeecdccbd85eb1673a8b8cd55a88","messageTitle":"Fix style","messageBody":"","fileTypesAndContributionMap":{"test-code":{"insertions":2,"deletions":2}}},{"hash":"4a0e1c2b8a487835d0407400cb314bf72cc50756","messageTitle":"Rename module file","messageBody":"HexDecode -\u003e HexDecoder","fileTypesAndContributionMap":{"other":{"insertions":5,"deletions":5}}},{"hash":"015bac389804888c449f401fd15f3cdbfefa37e0","messageTitle":"Rename module file","messageBody":"HexEncode -\u003e HexEncoder","fileTypesAndContributionMap":{"other":{"insertions":5,"deletions":5}}},{"hash":"ea792273882a714e43b6b5e7e908e89a4ff17537","messageTitle":"Remove dead code","messageBody":"","fileTypesAndContributionMap":{"functional-code":{"insertions":0,"deletions":1}}},{"hash":"6997784733900e5fcfc4d8c5952f9220990f3dd7","messageTitle":"Remove dead code","messageBody":"","fileTypesAndContributionMap":{"functional-code":{"insertions":0,"deletions":1}}},{"hash":"91c48dedede795a1759e38be02a308019ee5e636","messageTitle":"Add abstract command class and ExitCommand","messageBody":"- Add abstract command class\n- Add Exit Command\n- Add temporary code to allow running of program","fileTypesAndContributionMap":{"functional-code":{"insertions":65,"deletions":10}}},{"hash":"2a0e936e74a14e6662a89e7934abd89be3958988","messageTitle":"Fix Style","messageBody":"","fileTypesAndContributionMap":{"functional-code":{"insertions":1,"deletions":2}}}]},{"date":"2021-10-06","commitResults":[{"hash":"8dece0b3984311e22cf35f818db76a1aad92cab9","messageTitle":"Resolve suggested changes","messageBody":"","fileTypesAndContributionMap":{"functional-code":{"insertions":5,"deletions":3},"test-code":{"insertions":4,"deletions":5}}},{"hash":"957e4652452ad9b237aaabd5e6c0e4b51e196441","messageTitle":"Resolve suggested changes","messageBody":"","fileTypesAndContributionMap":{"functional-code":{"insertions":9,"deletions":4},"test-code":{"insertions":4,"deletions":5}}},{"hash":"c57887ad27ed3b2011e6a55bbdd3de1dfb6c0f50","messageTitle":"Resolve suggested changes","messageBody":"","fileTypesAndContributionMap":{"functional-code":{"insertions":7,"deletions":19}}},{"hash":"128b50e0b47ac1907019a022c417e80e51fb91c0","messageTitle":"Resolve suggested changes","messageBody":"- Made Command more abstract","fileTypesAndContributionMap":{"functional-code":{"insertions":24,"deletions":4}}},{"hash":"3316fc746bc62210e22de4c022488d490af9d456","messageTitle":"Resolve suggested changes","messageBody":"","fileTypesAndContributionMap":{"test-code":{"insertions":1,"deletions":1}}},{"hash":"4a539de41ad6915c8e82085617b192cbb20904f6","messageTitle":"Resolve suggested changes","messageBody":"","fileTypesAndContributionMap":{"functional-code":{"insertions":1,"deletions":3},"test-code":{"insertions":1,"deletions":1}}}]},{"date":"2021-10-07","commitResults":[{"hash":"5acb8cf0ba4b89fe34c8937c9eabddcabdfad5e4","messageTitle":"Resolve suggested changes","messageBody":"","fileTypesAndContributionMap":{"functional-code":{"insertions":3,"deletions":3}}}]},{"date":"2021-10-11","commitResults":[{"hash":"5ec94e6eee10653eeea1edfd94cec7925703be33","messageTitle":"Add checks and JUnit tests for hexencode/hexdecode","messageBody":"","fileTypesAndContributionMap":{"functional-code":{"insertions":49,"deletions":7},"test-code":{"insertions":47,"deletions":5}}},{"hash":"161449bf743acaf1454824c8371f9ca89f0d6b3b","messageTitle":"Remove extra lines","messageBody":"","fileTypesAndContributionMap":{"functional-code":{"insertions":0,"deletions":1},"test-code":{"insertions":0,"deletions":3}}},{"hash":"1f98e2cee115d169777f02d7b633163db7e21b78","messageTitle":"Resolve suggested changes","messageBody":"","fileTypesAndContributionMap":{"functional-code":{"insertions":2,"deletions":2},"test-code":{"insertions":13,"deletions":0}}},{"hash":"3bf36e83cf767c8816bf7f08a94f026b1f76c80f","messageTitle":"Add checks and JUnit tests for hexencode/hexdecode","messageBody":"","fileTypesAndContributionMap":{"functional-code":{"insertions":45,"deletions":3},"test-code":{"insertions":41,"deletions":1}}},{"hash":"0916ddaeb7f90130fafc5eb8e4d038969282586b","messageTitle":"Remove extra lines","messageBody":"","fileTypesAndContributionMap":{"functional-code":{"insertions":0,"deletions":1},"test-code":{"insertions":0,"deletions":3}}},{"hash":"971b5f4dfc3fe91544bebfbb04fd34156d908cf6","messageTitle":"Resolve suggested changes","messageBody":"","fileTypesAndContributionMap":{"functional-code":{"insertions":2,"deletions":2},"test-code":{"insertions":13,"deletions":0}}},{"hash":"59e6990c8dcb8b25e86a1a6698d58eb3e9a5165e","messageTitle":"Log all modules selected to run","messageBody":"","fileTypesAndContributionMap":{"functional-code":{"insertions":7,"deletions":0}}},{"hash":"5450b83adb0de2caf00fe8c88f2cde05496ddf2c","messageTitle":"Resolve suggested changes","messageBody":"- Remove unused imports","fileTypesAndContributionMap":{"functional-code":{"insertions":0,"deletions":2},"test-code":{"insertions":0,"deletions":2}}},{"hash":"d0512c4e93f152b4c55ad75f752d41bd52e92f2e","messageTitle":"Fix merge conflict","messageBody":"","fileTypesAndContributionMap":{"functional-code":{"insertions":0,"deletions":6}}},{"hash":"757cfc763c2310ed8b676bf65415a6e6c36be5f4","messageTitle":"Resolve suggested changes","messageBody":"","fileTypesAndContributionMap":{"functional-code":{"insertions":2,"deletions":2}}},{"hash":"abed594fb03146e2bb59bb555f16a5cf8bfd749d","messageTitle":"Add assertions","messageBody":"- Add command assertion\n- Remove redundant exit","fileTypesAndContributionMap":{"functional-code":{"insertions":1,"deletions":2}}},{"hash":"b7793e026aa0ebe3d023cd8d6e10c2ceba204e17","messageTitle":"Add requested change","messageBody":"","fileTypesAndContributionMap":{"functional-code":{"insertions":1,"deletions":1}}}]},{"date":"2021-10-12","commitResults":[{"hash":"67e548556ef387acf5d6404fa7ae27f655ed6b89","messageTitle":"Update user guide with `exit` command and command summary","messageBody":"","fileTypesAndContributionMap":{"docs":{"insertions":13,"deletions":5}}},{"hash":"303c982cb30219ae5629518b29f7da3ba3785d80","messageTitle":"Add requested changes","messageBody":"","fileTypesAndContributionMap":{"docs":{"insertions":8,"deletions":7}}},{"hash":"cbb09b1be08c0ca5d6f40cfb6d122306eb1a8a67","messageTitle":"Add an indent","messageBody":"","fileTypesAndContributionMap":{"docs":{"insertions":1,"deletions":1}}}]},{"date":"2021-10-13","commitResults":[{"hash":"8806d264160d03acedbc8977ebb8d5249e979f99","messageTitle":"Fix some formatting","messageBody":"","fileTypesAndContributionMap":{"docs":{"insertions":7,"deletions":7}}}]}],"Kair0s3":[{"date":"2021-09-30","commitResults":[{"hash":"badf7c67bc458b4f7d92552030205641bcfcd7b7","messageTitle":"Updated AboutUs.md for myself","messageBody":"","fileTypesAndContributionMap":{"docs":{"insertions":1,"deletions":1}}},{"hash":"acf031a682ea303894c4c4e420ee85644622660c","messageTitle":"Revert \"Updated AboutUs.md for myself\"","messageBody":"This reverts commit badf7c67bc458b4f7d92552030205641bcfcd7b7.\n","fileTypesAndContributionMap":{"docs":{"insertions":1,"deletions":1}}},{"hash":"7dae5eb91cbc435e819c3b260d5666e2381ff85f","messageTitle":"Updated AboutUs for myself. again...","messageBody":"","fileTypesAndContributionMap":{"docs":{"insertions":1,"deletions":1}}}]},{"date":"2021-10-01","commitResults":[{"hash":"966874fed1da561f34b85b8b3852b68bceaebaec","messageTitle":"Skeletal Commit for tP","messageBody":"Skeletal base for team to start on their respective features (\"commands\") implementation.\n","fileTypesAndContributionMap":{"functional-code":{"insertions":28,"deletions":8}}},{"hash":"c40105542c4a0ba9398fdd6fd852f5a037a9921f","messageTitle":"Additional updates to fix the conflicts with gradle\u0027s checkStyleMain","messageBody":"","fileTypesAndContributionMap":{"functional-code":{"insertions":2,"deletions":2}}},{"hash":"01a876471b1a0e1ebddea437e3e4683c1d03fcff","messageTitle":"Fixing another issue (logic-related) during Gradle checks in Github","messageBody":"","fileTypesAndContributionMap":{"functional-code":{"insertions":1,"deletions":0}}},{"hash":"0c3f9b6a0060db05acd7d38d01e8f8eb2c7e0737","messageTitle":"Yet another update cause of gradle checks.","messageBody":"Kindda annoying, the local text-ui-test has no issues but the github action\u0027s one throws error for it.\n","fileTypesAndContributionMap":{"functional-code":{"insertions":1,"deletions":1}}}]},{"date":"2021-10-05","commitResults":[{"hash":"5f2cc909f2895690091a340bc732cfc305052ee1","messageTitle":"Added Base64Encoder and Base64Decoder Classes.","messageBody":"Also added JUnit test for the above respective classes.\n","fileTypesAndContributionMap":{"functional-code":{"insertions":60,"deletions":0},"test-code":{"insertions":44,"deletions":0}}},{"hash":"7d06d6bd241cfb70aaba24fc9018e9799b4d2e3c","messageTitle":"Changes to Base64Decoder and Encoder\u0027s Class constructor. Also made some changes to the class by adding public constants for the name and description of the respective modules.","messageBody":"","fileTypesAndContributionMap":{"functional-code":{"insertions":10,"deletions":4}}},{"hash":"554766712e7b5d771fbfc371d83c56c4e3a943f9","messageTitle":"Updated the JUnit test with respect to the changes to the Base64 Module classes.","messageBody":"","fileTypesAndContributionMap":{"test-code":{"insertions":4,"deletions":8}}},{"hash":"f252a95d36787f8eb548668d939b40d9215b8ac6","messageTitle":"Added comments to describe the classes and its purpose.","messageBody":"","fileTypesAndContributionMap":{"functional-code":{"insertions":6,"deletions":0}}},{"hash":"80d6c0534ee82bc1c3f2c82f490938a846333952","messageTitle":"Changes to newlines in end of file.","messageBody":"","fileTypesAndContributionMap":{"functional-code":{"insertions":2,"deletions":2}}},{"hash":"464e8a927c89c0f88f7903db6b4673d6ba39c4dc","messageTitle":"Another update to the newlines.","messageBody":"","fileTypesAndContributionMap":{"functional-code":{"insertions":2,"deletions":2}}}]},{"date":"2021-10-06","commitResults":[{"hash":"b218967a9c507fecf93908a4c4e27881180fab7c","messageTitle":"Should be the last commit for the newlines for end of file.","messageBody":"","fileTypesAndContributionMap":{"test-code":{"insertions":2,"deletions":2}}},{"hash":"e700ed1eeb5e116a47f38a90280f689b010420dd","messageTitle":"Added some of the \"base level\" methods for parser class.","messageBody":"1. getCommandType\n2. getUserArgument (Returns a single string argument since our first v1.0 only has one single parameter)\n","fileTypesAndContributionMap":{"functional-code":{"insertions":31,"deletions":0}}},{"hash":"320ad19df306a9f2a906d214adb9fd37a3ee5a69","messageTitle":"Added JUnit testing for Parser.","messageBody":"","fileTypesAndContributionMap":{"test-code":{"insertions":38,"deletions":0}}},{"hash":"87175691d8c4c2db4241ba1f954b72aa0d5b6e27","messageTitle":"Made some changes to Decodex.java to incorporate the Parser\u0027s methods.","messageBody":"","fileTypesAndContributionMap":{"functional-code":{"insertions":19,"deletions":1}}}]},{"date":"2021-10-07","commitResults":[{"hash":"28254dc90b7e623b2512dc39071d1255410db8cd","messageTitle":"Moved some of the necessary objects to be initialized within a seperate init method.","messageBody":"Also abstracted some of the printing related code into their seperate methods, for easier moving over to UI class.\n","fileTypesAndContributionMap":{"functional-code":{"insertions":32,"deletions":11}}},{"hash":"b99c86f9384a7d69995ccfa042fb41c68d81fd2e","messageTitle":"Added/moved the command parsing logic over to Parser Class.","messageBody":"","fileTypesAndContributionMap":{"functional-code":{"insertions":35,"deletions":11}}},{"hash":"4c9d77b99596752b383b9037c6afa7ebee9abcea","messageTitle":"Removed redundant lines of code. And added additional JUnit test for Parser.","messageBody":"","fileTypesAndContributionMap":{"functional-code":{"insertions":2,"deletions":5},"test-code":{"insertions":25,"deletions":4}}},{"hash":"24098039ce76bb02da0d3a70cb6f14a06ed3ed54","messageTitle":"Made changes to Parser\u0027s getUserArgument to getUserArguments, to return an array of arguments instead of just a single one.","messageBody":"Also made changes to it\u0027s corresponding JUnit test method.\n","fileTypesAndContributionMap":{"functional-code":{"insertions":5,"deletions":3},"test-code":{"insertions":5,"deletions":4}}},{"hash":"a1f80087ac053056df59d34d83077df631bc2d15","messageTitle":"Added the additional spacing in front of the \u00271\u0027.","messageBody":"","fileTypesAndContributionMap":{"functional-code":{"insertions":1,"deletions":1}}},{"hash":"2995b8b4f3ac63057c6c648aea95e6932c5000d7","messageTitle":"Added a dummy ParserException which I will be working on tomorrow morning.","messageBody":"","fileTypesAndContributionMap":{"functional-code":{"insertions":5,"deletions":0}}},{"hash":"235a1d41eb1e4fff6c6cf589ada66d1b43c35d58","messageTitle":"Decided to just do it now, getting triggered by CS2102\u0027s assignment.","messageBody":"","fileTypesAndContributionMap":{"functional-code":{"insertions":8,"deletions":1}}},{"hash":"71718035ecfb78b349fc99f9adaa5ca45681fdc5","messageTitle":"Modified the Parser functions to throw ParserException upon checks and Decodex.java to catch for ParserExceptions.","messageBody":"","fileTypesAndContributionMap":{"functional-code":{"insertions":35,"deletions":22}}},{"hash":"0a6314fb2367aa0dad3169978328989082066242","messageTitle":"Updated the related problems in terms of the newly added ParserExceptions handling in the ParserTest JUnit file.","messageBody":"","fileTypesAndContributionMap":{"test-code":{"insertions":5,"deletions":4}}},{"hash":"3adb6c8def07795c8aac346d392febd881ea9438","messageTitle":"Changes to line 57 - method signature of the Parser.java as it was longer than 120 chars.","messageBody":"","fileTypesAndContributionMap":{"functional-code":{"insertions":2,"deletions":1}}},{"hash":"754f3e024d7e38190c33d824d1496a31caa9defa","messageTitle":"Removed the redundant try-catch to rethrow the ParserException.","messageBody":"","fileTypesAndContributionMap":{"functional-code":{"insertions":18,"deletions":13}}},{"hash":"d3cf2599977ea03b67531be146274d466f0f9769","messageTitle":"Changes to the error handling logic. (Mostly to avoid rethrowing of exceptions)","messageBody":"","fileTypesAndContributionMap":{"functional-code":{"insertions":4,"deletions":6}}},{"hash":"e7f10de06d0fd1788a940afea4a06879cffb24a6","messageTitle":"Added another \"easter egg\" error message targeted towards \"bug finders\".","messageBody":"For now, this message is triggered when space is give as the command.\nThis results in tokens being length 0, as opposed to empty command that gives length of 0 with tokens[0] being \"\".\n\nSome of the error messages will be changed in future commits.\n","fileTypesAndContributionMap":{"functional-code":{"insertions":7,"deletions":1}}},{"hash":"9fb9ad2aed885ad4164f6687a6d905b9e4e29a54","messageTitle":"Some formatting changes","messageBody":"1. Removed the dead line for Decodex\n2. Took out the magic literals to be constants instead and some comments to explain what they are used for.\n","fileTypesAndContributionMap":{"functional-code":{"insertions":19,"deletions":5}}}]},{"date":"2021-10-08","commitResults":[{"hash":"b651afb5903a36cd5be454d71f1cb9ea13e8c3f6","messageTitle":"Added stripping of trailing ends.","messageBody":"","fileTypesAndContributionMap":{"functional-code":{"insertions":1,"deletions":0}}},{"hash":"c5b1f6951f2fd628e6f9cf275c66eb03f0ee4eb4","messageTitle":"Changes to the CONSTANTS used for checking validity of the tokens.","messageBody":"","fileTypesAndContributionMap":{"functional-code":{"insertions":4,"deletions":3}}},{"hash":"cd9b2606db9356759101971bdf4a589db7bdcd7d","messageTitle":"Moved ParserException into decodex.data.exception package.","messageBody":"","fileTypesAndContributionMap":{"functional-code":{"insertions":2,"deletions":2},"other":{"insertions":1,"deletions":1},"test-code":{"insertions":1,"deletions":1}}}]},{"date":"2021-10-10","commitResults":[{"hash":"d67fb6af2866ba68d77719a40e6aca188c8aa6eb","messageTitle":"Removed unused imports for Parser.","messageBody":"","fileTypesAndContributionMap":{"functional-code":{"insertions":0,"deletions":3}}},{"hash":"7de709b216ecd4f985668d99f90a1f3cc8162524","messageTitle":"Added more switch cases to run the respective commands.","messageBody":"","fileTypesAndContributionMap":{"functional-code":{"insertions":99,"deletions":7},"test-code":{"insertions":1,"deletions":1}}},{"hash":"e26950491c69f07b0249a241f023948d813e510e","messageTitle":"Changes the Base64 Encoding description.","messageBody":"","fileTypesAndContributionMap":{"functional-code":{"insertions":1,"deletions":1}}},{"hash":"1e405f4ae6ca6ae2c84d953bff25a6ea552d47c4","messageTitle":"Changes to Error Messages for ParserExceptions","messageBody":"","fileTypesAndContributionMap":{"functional-code":{"insertions":3,"deletions":4}}},{"hash":"54c54befb1c7eb94f36a149e637316ee272b90d7","messageTitle":"Error handling for Base64 Decoding - where string given is not a valid base64 string.","messageBody":"","fileTypesAndContributionMap":{"functional-code":{"insertions":16,"deletions":7}}},{"hash":"fb565eaecba35904985915cc71718fa73c151a86","messageTitle":"Reorganized Decodex.java to have a run method instead.","messageBody":"","fileTypesAndContributionMap":{"functional-code":{"insertions":4,"deletions":0}}},{"hash":"27e707e5dfc24ec07c3e87ab100975d060a0dc79","messageTitle":"Reverted error handling for base64 decoding, requires discussion due to changes in other parts of the code in terms of error handling hierarchy.","messageBody":"","fileTypesAndContributionMap":{"functional-code":{"insertions":7,"deletions":13}}},{"hash":"8dabd942f5a2a2191cd8c240f8470185a160817c","messageTitle":"Reorganized some of the imports.","messageBody":"","fileTypesAndContributionMap":{"functional-code":{"insertions":3,"deletions":2}}},{"hash":"2ee0fa057866a9620697898425b0eac39f0612a9","messageTitle":"Added JUnit test for the regular workflow for the commands (switch-case logic).","messageBody":"","fileTypesAndContributionMap":{"test-code":{"insertions":41,"deletions":2}}},{"hash":"f1b885682fb7f3c527061d0f583fba8a51cc8e3f","messageTitle":"Reorganized some of the Base64 imports.","messageBody":"","fileTypesAndContributionMap":{"functional-code":{"insertions":2,"deletions":4}}},{"hash":"ee5ad2d970cc4025399a5403fe7281054c2f74b0","messageTitle":"Moved the Initialization and greeting calls the constructor instead.","messageBody":"The printing of the greeting will be moved to UI in upcoming iterations.\n","fileTypesAndContributionMap":{"functional-code":{"insertions":5,"deletions":3}}},{"hash":"f360e2c6eb3d94fb7407462bf0e60e4361848e89","messageTitle":"Fixed some of the checkstyle test issues.","messageBody":"","fileTypesAndContributionMap":{"functional-code":{"insertions":3,"deletions":3}}},{"hash":"e94184b98b2bb349d71cce292b02863f0484a284","messageTitle":"Removed the auto * imports and replaced with the explicit imports.","messageBody":"","fileTypesAndContributionMap":{"test-code":{"insertions":6,"deletions":1}}}]},{"date":"2021-10-11","commitResults":[{"hash":"6a119cf16d7d5cf953d98f3547bebf1fc1ccb3a5","messageTitle":"Removed The unnecessary method and it\u0027s corresponding JUnit test method.","messageBody":"","fileTypesAndContributionMap":{"functional-code":{"insertions":0,"deletions":16},"test-code":{"insertions":0,"deletions":12}}},{"hash":"95196875b2f24cac7e3f2d0017acdd4e90a70bd1","messageTitle":"Added the \u0027-1\u0027 to split to ensure that double spacings will be kept in the joined string. Also, changed the weird message to a more meaningful name.","messageBody":"","fileTypesAndContributionMap":{"functional-code":{"insertions":4,"deletions":8}}},{"hash":"fc4bfff8ae98303d633b11e092fd6c0ac96170af","messageTitle":"Removed the additional error message which happens when tokens length is invalid for command.","messageBody":"","fileTypesAndContributionMap":{"functional-code":{"insertions":3,"deletions":5}}},{"hash":"9d9f87288ee53f9810c34f6a8d269586abb71307","messageTitle":"Changed the simple JUnit test to be for getUserArgumentsAsString.","messageBody":"","fileTypesAndContributionMap":{"functional-code":{"insertions":1,"deletions":1},"test-code":{"insertions":11,"deletions":1}}},{"hash":"72a317b65cb64a6aed9b6dab29a0ac4039ab511d","messageTitle":"Renamed the method name for the getting of user arguments.","messageBody":"","fileTypesAndContributionMap":{"functional-code":{"insertions":3,"deletions":3},"test-code":{"insertions":1,"deletions":1}}},{"hash":"ef9b15bd941b6493d13ba846a19d9cc36c17a5f4","messageTitle":"Error handling for base64decode - Sample error message.","messageBody":"","fileTypesAndContributionMap":{"functional-code":{"insertions":19,"deletions":10}}},{"hash":"404419393f3fdc5c12f13711e415702ad241abbf","messageTitle":"Changed the error message for the previous commit.","messageBody":"","fileTypesAndContributionMap":{"functional-code":{"insertions":1,"deletions":1}}},{"hash":"796852956ec3036117b9754879e0f162c0b70c01","messageTitle":"Fixed the missing spacing for Base64Decoder","messageBody":"","fileTypesAndContributionMap":{"functional-code":{"insertions":1,"deletions":1}}},{"hash":"9ca205a232dab23c9a8846b463123a1c145af308","messageTitle":"Line wrapped the catch exception on Decodex.java","messageBody":"","fileTypesAndContributionMap":{"functional-code":{"insertions":2,"deletions":1}}},{"hash":"0fd09a19c0303cce822d12356a37fd576d98a798","messageTitle":"Changed method name is getUserArgument instead.","messageBody":"","fileTypesAndContributionMap":{"functional-code":{"insertions":3,"deletions":3},"test-code":{"insertions":1,"deletions":1}}},{"hash":"0783a188bf1ac29919300689d59092a0992b015c","messageTitle":"Fixed some issues with JUnit test.","messageBody":"","fileTypesAndContributionMap":{"test-code":{"insertions":2,"deletions":1}}},{"hash":"baefd8c3cd8e416a7924c47661eab174c61059a2","messageTitle":"Added ModuleException to throws list for the respective JUnit java files.","messageBody":"","fileTypesAndContributionMap":{"test-code":{"insertions":11,"deletions":4}}},{"hash":"389a96c535e32a6e002252139ebfc9c1bbe2ace6","messageTitle":"Changed to use lstrip over strip and change to variable name.","messageBody":"","fileTypesAndContributionMap":{"functional-code":{"insertions":5,"deletions":4}}},{"hash":"25416cf7f0376ad0c364df42541525e1e25b27d1","messageTitle":"Added more JUnit test for Base64Decoder","messageBody":"","fileTypesAndContributionMap":{"test-code":{"insertions":41,"deletions":0}}},{"hash":"df035d0e0f294e06d7b408ebed5bc7904b478673","messageTitle":"Added the public logger variable for global use in Decodex application.","messageBody":"","fileTypesAndContributionMap":{"functional-code":{"insertions":4,"deletions":0}}},{"hash":"9a6a39b2b5356aaf2025d26d683c65451f2d7c62","messageTitle":"Removed the weird additional line","messageBody":"","fileTypesAndContributionMap":{"functional-code":{"insertions":0,"deletions":1}}},{"hash":"3e2b42f63cb2839189e905cb4a9754e85fa90c5b","messageTitle":"Added logging for Decodex\u0027s exception catching.","messageBody":"","fileTypesAndContributionMap":{"functional-code":{"insertions":4,"deletions":0}}},{"hash":"2ee47d071e3df72afc20dc2bf2c8feb9d0216f07","messageTitle":"Added asserts to the command type string.","messageBody":"","fileTypesAndContributionMap":{"functional-code":{"insertions":4,"deletions":1}}},{"hash":"41a2ba2aa860058ffec9e4b2fff143372f86219a","messageTitle":"Removed Logo and changed greeting message.","messageBody":"","fileTypesAndContributionMap":{"functional-code":{"insertions":3,"deletions":11}}},{"hash":"d673009d6c59796c7b7fea415b7071a86cbf66c1","messageTitle":"Base UG to work on.","messageBody":"","fileTypesAndContributionMap":{"docs":{"insertions":27,"deletions":28}}}]},{"date":"2021-10-12","commitResults":[{"hash":"cf4c3164bff2ec91e7bb0a8ce0f5a93a71490cbe","messageTitle":"Changes to some of the header ([x]) of the exception messages.","messageBody":"","fileTypesAndContributionMap":{"functional-code":{"insertions":3,"deletions":3}}},{"hash":"2efbc199604f716dcd9dc362f37542b5b46e07a9","messageTitle":"Reverted some changes.","messageBody":"","fileTypesAndContributionMap":{"functional-code":{"insertions":1,"deletions":1}}},{"hash":"30e93a204233acda06f10d800f9a2716ecda2f9d","messageTitle":"Updated methods for getting module name and getting input data for \"input\" command.","messageBody":"","fileTypesAndContributionMap":{"functional-code":{"insertions":29,"deletions":3}}},{"hash":"6dc4952784da3cbf7c67d083be5205fadcb1e7dc","messageTitle":"Removed unnecessary method and constants","messageBody":"","fileTypesAndContributionMap":{"functional-code":{"insertions":3,"deletions":27}}},{"hash":"3a760f5a4b088e16e598e9c937ed3e7776042ea7","messageTitle":"Fixed the issue with the github actions","messageBody":"","fileTypesAndContributionMap":{"test-code":{"insertions":1,"deletions":1}}},{"hash":"388f5f2748ac77d477d5e32240c7aceef3f85627","messageTitle":"Added JavaDocs to 2 of the methods and made the exception message more general.","messageBody":"","fileTypesAndContributionMap":{"functional-code":{"insertions":13,"deletions":1}}}]},{"date":"2021-10-16","commitResults":[{"hash":"21a25d889888b8d8a76718fb3258b91867d1ebee","messageTitle":"Changes to standardized wording/convention standards in Parser.java","messageBody":"*Additional change - Made changes to the return type of the respective crafting methods, to reduce ambiguity and more accuracy with the javadocs*\n","fileTypesAndContributionMap":{"functional-code":{"insertions":26,"deletions":26}}},{"hash":"478e4e5d6dd72f024cee1d176fadac4e4ec357e2","messageTitle":"Minor changes to some of the wordings in parser.","messageBody":"","fileTypesAndContributionMap":{"functional-code":{"insertions":1,"deletions":1}}},{"hash":"5b2ec1203d2b7189788ed6c98a118e8f6daa46c9","messageTitle":"Added javadocs for DataManager","messageBody":"","fileTypesAndContributionMap":{"functional-code":{"insertions":27,"deletions":1}}},{"hash":"3f16ca1418d9d450f02123a82029fd4b5e30ae94","messageTitle":"Changes to the starting javadocs header of the class","messageBody":"","fileTypesAndContributionMap":{"functional-code":{"insertions":1,"deletions":1}}},{"hash":"318c2a73687f0030a7e6eef9417d3035ae3fc038","messageTitle":"Changes \"Crafts\" to \"Prepares\" instead","messageBody":"","fileTypesAndContributionMap":{"functional-code":{"insertions":5,"deletions":5}}},{"hash":"88806ce2be99ea8946f631e48fff27e79cabaf3b","messageTitle":"Replace respective with \"corresponding\". Additional, also made changes to the \"class javadoc headers\" to follow a more fixed format as suggested.","messageBody":"","fileTypesAndContributionMap":{"functional-code":{"insertions":3,"deletions":3}}},{"hash":"8cd8149dc7455157988f1ef40a72bcd83a6d12e2","messageTitle":"Update to remove residing \"respective\"","messageBody":"","fileTypesAndContributionMap":{"functional-code":{"insertions":1,"deletions":1}}},{"hash":"7d4cb2a745da3b56663fefefb3cbd79e9a97fd31","messageTitle":"Changing the constrcutor javadocs to use starting verb instead.","messageBody":"","fileTypesAndContributionMap":{"functional-code":{"insertions":1,"deletions":1}}},{"hash":"0b26ba500b47c02f6f02b899301dd0267411dc39","messageTitle":"Some of the changes suggested","messageBody":"","fileTypesAndContributionMap":{"functional-code":{"insertions":3,"deletions":2}}},{"hash":"c322a7e89ab373452159d287bd3c862127ae3867","messageTitle":"Updated the JavaDocs as of the suggestions 2.0","messageBody":"","fileTypesAndContributionMap":{"functional-code":{"insertions":8,"deletions":8}}}]},{"date":"2021-10-17","commitResults":[{"hash":"9b7d2e24ad9b715e69fa9069cd864fbe406756da","messageTitle":"Last missing parserexception throws doc","messageBody":"","fileTypesAndContributionMap":{"functional-code":{"insertions":1,"deletions":0}}}]}]},"authorFileTypeContributionMap":{"rizemon":{"docs":24,"functional-code":269,"test-code":288,"other":3},"arraysius":{"docs":39,"functional-code":341,"test-code":98},"SeenFang":{"docs":12,"functional-code":144,"test-code":97},"Kair0s3":{"docs":9,"functional-code":323,"test-code":178}},"authorContributionVariance":{"rizemon":5827.3564,"arraysius":7961.621,"SeenFang":5475.9893,"Kair0s3":8585.463},"authorDisplayNameMap":{"rizemon":"CS2113T-T10-3 TAN ..A LE","arraysius":"CS2113T-T10-3 LEE ..SIUS","SeenFang":"CS2113T-T10-3 SEAN..HANG","Kair0s3":"CS2113T-T10-3 SIM ..BOON"}}
