{"authorDailyContributionsMap":{"antrikshv":[{"date":"2021-09-29","commitResults":[{"hash":"bc4aae61c4baa6ab8bd669868cae0b5bbb4de011","messageTitle":"antriksh-AboutUs","messageBody":"","fileTypesAndContributionMap":{"docs":{"insertions":1,"deletions":2}}}]},{"date":"2021-10-04","commitResults":[{"hash":"c95180b0756498fd3318a425c834cd8b749c1e02","messageTitle":"Skeleton files for all the programs updated","messageBody":"","fileTypesAndContributionMap":{"functional-code":{"insertions":266,"deletions":13}}},{"hash":"afada1b181807914562eb1fc8a66e5dc2e85dec5","messageTitle":"ListCommand added","messageBody":"","fileTypesAndContributionMap":{"functional-code":{"insertions":95,"deletions":0}}},{"hash":"8dc3ee1589791bffa633d7581ac4500012cca2b8","messageTitle":"CheckStyle error fixed","messageBody":"","fileTypesAndContributionMap":{"functional-code":{"insertions":14,"deletions":56}}},{"hash":"0cf75c7d67994187066dc1ee57582f1076925e9d","messageTitle":"style fixed","messageBody":"","fileTypesAndContributionMap":{"functional-code":{"insertions":7,"deletions":4}}}]},{"date":"2021-10-10","commitResults":[{"hash":"10c5260ecbb5fc470df13ada7c93bc863d9bdb83","messageTitle":"convertDateTime function added, to convert between string date and datetime date","messageBody":"","fileTypesAndContributionMap":{"functional-code":{"insertions":14,"deletions":0}}},{"hash":"848a2ca0b0a5d6c71d9ea3229c868041a0e5fad8","messageTitle":"Updated the storing of date in the different classes.","messageBody":"Now the dates are stored as LocalDateTime variables\n","fileTypesAndContributionMap":{"functional-code":{"insertions":15,"deletions":9}}},{"hash":"d12a386caf74d12b1ae6a2b904fef20937193877","messageTitle":"Added list commands, to fit new implementation","messageBody":"","fileTypesAndContributionMap":{"functional-code":{"insertions":53,"deletions":32}}},{"hash":"9be17458aaac19e27402f7a24e76b5ca7a35eaa4","messageTitle":"added the next command feature","messageBody":"will display the next upcoming event\n","fileTypesAndContributionMap":{"functional-code":{"insertions":49,"deletions":21}}},{"hash":"048838e1fe8f578354a140ea8e2c679c4b0e504b","messageTitle":"add ui functions to print event as well as parser functions to combine the list","messageBody":"","fileTypesAndContributionMap":{"functional-code":{"insertions":13,"deletions":24}}},{"hash":"3eab7de322d4de0bacb72bb7b8e39047b238ff38","messageTitle":"Update command feature added.","messageBody":"","fileTypesAndContributionMap":{"functional-code":{"insertions":166,"deletions":6}}},{"hash":"e8d9b38de432a464e6268ff0f10c187fb1a4fac8","messageTitle":"Coding Style fixed","messageBody":"","fileTypesAndContributionMap":{"functional-code":{"insertions":2,"deletions":2}}}]}],"Alvinlj00":[{"date":"2021-09-29","commitResults":[{"hash":"e4dc8557b2d783de5a95f7129dbbc0aa1b3fc7e5","messageTitle":"Update Name","messageBody":"","fileTypesAndContributionMap":{"docs":{"insertions":1,"deletions":2}}}]},{"date":"2021-10-08","commitResults":[{"hash":"27e4846fee5f4006cf8506df266a4f12d9d8af26","messageTitle":"Add AddCommand fuctions for initialising a task","messageBody":"","fileTypesAndContributionMap":{"functional-code":{"insertions":83,"deletions":6}}}]},{"date":"2021-10-09","commitResults":[{"hash":"0a75c536ebcfe539e6ae47dab09225cfae3f216c","messageTitle":"Fix checkstyle errors","messageBody":"","fileTypesAndContributionMap":{"functional-code":{"insertions":8,"deletions":8}}},{"hash":"6f2ab716adaf60f28e26ae46dd8fc4d1311300db","messageTitle":"Remove redundant DukeException class","messageBody":"","fileTypesAndContributionMap":{"functional-code":{"insertions":1,"deletions":8}}},{"hash":"573cefbfd18512e0068a6fb39ead5625ba01e235","messageTitle":"Improve code quality","messageBody":"","fileTypesAndContributionMap":{"functional-code":{"insertions":35,"deletions":45}}}]},{"date":"2021-10-11","commitResults":[{"hash":"f0b2205ccaed544ac96914694b799d14fec51c15","messageTitle":"Combine date attributes","messageBody":"","fileTypesAndContributionMap":{"functional-code":{"insertions":61,"deletions":63}}},{"hash":"081cdf63e0cd3ebb17f73d6ef08e824ab6b2435e","messageTitle":"Add done and undo","messageBody":"","fileTypesAndContributionMap":{"functional-code":{"insertions":187,"deletions":34}}}]},{"date":"2021-10-21","commitResults":[{"hash":"e31f16b18b20311b300f82222c96139f22cefe92","messageTitle":"Update AddCommand according to new class structure","messageBody":"","fileTypesAndContributionMap":{"functional-code":{"insertions":29,"deletions":22},"test-code":{"insertions":3,"deletions":3}}}]},{"date":"2021-10-22","commitResults":[{"hash":"637b4a59d5600c3ceda40bccaaf71c50da3bece8","messageTitle":"Add EventCatalog","messageBody":"","fileTypesAndContributionMap":{"functional-code":{"insertions":97,"deletions":41}}},{"hash":"682ae2d7e4e0d77242cd95b35415ae82f774aaeb","messageTitle":"Refactor code","messageBody":"","fileTypesAndContributionMap":{"functional-code":{"insertions":1,"deletions":1}}},{"hash":"a298fc1337f4ccbc31ff2fd97577ed8fa1377e9d","messageTitle":"Add JUnit tests and assertions","messageBody":"","fileTypesAndContributionMap":{"functional-code":{"insertions":27,"deletions":12},"test-code":{"insertions":47,"deletions":2}}},{"hash":"033146eaaf2657d544e51062698de41a5b572630","messageTitle":"Fix checkstyle errors","messageBody":"","fileTypesAndContributionMap":{"test-code":{"insertions":2,"deletions":2}}}]}],"crabnuggets":[{"date":"2021-09-29","commitResults":[{"hash":"153f459c6de72a9b76d274c70dd5b296b9da2e97","messageTitle":"Update aboutUS for Alvin Pang","messageBody":"","fileTypesAndContributionMap":{"docs":{"insertions":2,"deletions":2}}}]},{"date":"2021-10-06","commitResults":[{"hash":"face6e44f897daea320b4f508a8335b51528a52d","messageTitle":"Add skeleton classes for file saving functionality","messageBody":"","fileTypesAndContributionMap":{"functional-code":{"insertions":51,"deletions":0}}},{"hash":"ad115b2ed53699a35826be3b502c41ca4d5d63a1","messageTitle":"Add methods for decoding of event data","messageBody":"","fileTypesAndContributionMap":{"functional-code":{"insertions":10,"deletions":9}}},{"hash":"419d894533f384eae4994c227bc1e5efaac2da38","messageTitle":"Event.java: Add placeholder constructor for even EventDecoder","messageBody":"","fileTypesAndContributionMap":{"functional-code":{"insertions":5,"deletions":0}}},{"hash":"8cc889ea0a2081deeaa5a42cca1783407dc527ac","messageTitle":"Add methods for decoding of task data","messageBody":"","fileTypesAndContributionMap":{"functional-code":{"insertions":28,"deletions":0}}},{"hash":"17eab006b1b9ae0a4e87411d3f598039cdf53957","messageTitle":"Task.java: Add placeholder constructor for TaskDecoder","messageBody":"","fileTypesAndContributionMap":{"functional-code":{"insertions":5,"deletions":0}}},{"hash":"4b98fbea53615b643ea34a5d332cfa1c17bbc8fc","messageTitle":"Change \"decode from string\" methods to private","messageBody":"","fileTypesAndContributionMap":{"functional-code":{"insertions":2,"deletions":2}}},{"hash":"5fb0394a285d109b0cacb82bbf10a5b2cb550695","messageTitle":"Move delimiter for decoding to respective classes","messageBody":"This allows the encoder to have access to the same delimiters as\nwell and ensures that the decoder and encoder can work on the same\nformat.\n","fileTypesAndContributionMap":{"functional-code":{"insertions":6,"deletions":6}}},{"hash":"fea1082931d148e34d1670fbc311f81d49439998","messageTitle":"EventEncoder.java: Add skeleton code for methods","messageBody":"","fileTypesAndContributionMap":{"functional-code":{"insertions":17,"deletions":0}}}]},{"date":"2021-10-07","commitResults":[{"hash":"8d7da1a012e3d1e86561b5a05e8daae1569b94ec","messageTitle":"EventDecoder.java: Update eventBudget to type int","messageBody":"","fileTypesAndContributionMap":{"functional-code":{"insertions":2,"deletions":2}}},{"hash":"96123a7f576e57eb827d4c4456ee0946bbb4b283","messageTitle":"Implement methods for EventEncoder class","messageBody":"* encodeEventsList\n* encodeEventToString\n","fileTypesAndContributionMap":{"functional-code":{"insertions":6,"deletions":4}}},{"hash":"f44c9c835bd5a238712afcabd29648de6f6e035e","messageTitle":"Add file saving feature to data/slamData.txt","messageBody":"","fileTypesAndContributionMap":{"functional-code":{"insertions":109,"deletions":6}}},{"hash":"0c64853cbe30c02693f003ec3859cd49e71961b3","messageTitle":"Update other classes to match file saving requirements","messageBody":"","fileTypesAndContributionMap":{"functional-code":{"insertions":81,"deletions":28}}},{"hash":"bccf2b961395c0410e716fac0c270c74541f6d05","messageTitle":"Fix checkstyle errors","messageBody":"","fileTypesAndContributionMap":{"functional-code":{"insertions":18,"deletions":10}}},{"hash":"08f2c8ea2b59a7b5a6de54d788d10982ccffde09","messageTitle":"Fix checkstyle errors","messageBody":"","fileTypesAndContributionMap":{"functional-code":{"insertions":14,"deletions":14}}}]},{"date":"2021-10-10","commitResults":[{"hash":"28278f01d203dccc7d872b4c59a298c0dbf6c0ac","messageTitle":"Add general useful methods to Ui.java","messageBody":"In addition, refactor code in command classes to implement relevant\nUi class methods. Event and Task classes also have their toString\nmethods overridden for the printList method in the Ui class.\n","fileTypesAndContributionMap":{"functional-code":{"insertions":88,"deletions":13}}}]},{"date":"2021-10-11","commitResults":[{"hash":"d35c648fbf6f1d9642675978824ca99a44574a44","messageTitle":"Update file saving for dateTime object compatibility","messageBody":"","fileTypesAndContributionMap":{"functional-code":{"insertions":10,"deletions":6}}},{"hash":"1ef595902b93d43ddc6dd8c08bbb855d7da6c93a","messageTitle":"Fix some simple message format issues","messageBody":"","fileTypesAndContributionMap":{"functional-code":{"insertions":13,"deletions":11}}},{"hash":"2c18449f79f111c0e5cc2106aebe003dbd776235","messageTitle":"Fix checkStyle errors","messageBody":"","fileTypesAndContributionMap":{"functional-code":{"insertions":1,"deletions":1}}},{"hash":"17a5c5198ffede2130644aab52249919aec26bf0","messageTitle":"Ui.java: Update readInput for IO redirection tests","messageBody":"Also changed EXPECTED.txt to match current greeting message\n","fileTypesAndContributionMap":{"functional-code":{"insertions":5,"deletions":1}}}]},{"date":"2021-10-12","commitResults":[{"hash":"5860aa746653e94ba7a8f3aebebe48810cefc93e","messageTitle":"Add JUnit tests for decoder classes for file saving","messageBody":"In addition, add getter for isDone in Item class for JUnit testing\n","fileTypesAndContributionMap":{"functional-code":{"insertions":4,"deletions":0},"test-code":{"insertions":77,"deletions":0}}},{"hash":"fc6042147f6e95d0602c6600c88fcf4227b75905","messageTitle":"Update visibility of encodeToString methods in encoder classes","messageBody":"The encodeToString methods are made private as this method is only\nused internally within the respective encoder classes.\n","fileTypesAndContributionMap":{"functional-code":{"insertions":2,"deletions":2}}},{"hash":"bccf7c264de7f60d8eb8c565a8a774f426cd4117","messageTitle":"Add JUnit tests for encoder classes for file saving","messageBody":"","fileTypesAndContributionMap":{"test-code":{"insertions":90,"deletions":8}}},{"hash":"ce8911386279f75ef4badf37b53c3dde723a41ce","messageTitle":"StorageFile.java: Update writeToFile method to private","messageBody":"","fileTypesAndContributionMap":{"functional-code":{"insertions":1,"deletions":1}}},{"hash":"f5507ed6d07b6755f574ef00a122753ca70fa54e","messageTitle":"Add newline to end of files","messageBody":"","fileTypesAndContributionMap":{"test-code":{"insertions":4,"deletions":4}}},{"hash":"e57d3caabeed667786316654cd171c694da22d52","messageTitle":"Fix checkStyle errors","messageBody":"","fileTypesAndContributionMap":{"test-code":{"insertions":11,"deletions":17}}},{"hash":"752eb5495195d06759892f8dc319d044223124ad","messageTitle":"Add JUnit tests for important Ui class methods","messageBody":"* Add JUnit test for printList method\n* Add JUnit test for printEvent method\n* Add JUnit test for printTask method\n","fileTypesAndContributionMap":{"test-code":{"insertions":139,"deletions":0}}},{"hash":"b1ac48c4df81d963ac23393356b93e83bedfc61e","messageTitle":"Fix checkStyle errors","messageBody":"","fileTypesAndContributionMap":{"test-code":{"insertions":1,"deletions":3}}},{"hash":"e3fbecff41d4bd2f7fe34a5be63d2143cceeca6f","messageTitle":"Fix JUnit test for printTask of a single Task object","messageBody":"","fileTypesAndContributionMap":{"test-code":{"insertions":2,"deletions":2}}}]},{"date":"2021-10-17","commitResults":[{"hash":"a7b9f4a14c2fa48c91d50b430d9e2017126aba7c","messageTitle":"Add new taskList attribute to Event class","messageBody":"In addition, add getter method to retrieve the taskList.\n","fileTypesAndContributionMap":{"functional-code":{"insertions":7,"deletions":0}}},{"hash":"915ec08d2cb68de0bb1af8000faf9615ec195d18","messageTitle":"Refactor and rename global eventList to eventCatalog","messageBody":"","fileTypesAndContributionMap":{"functional-code":{"insertions":15,"deletions":19}}},{"hash":"436627c8d0eaa8ae39c59cd3e908ba8a67491919","messageTitle":"Event.java: Change visibility of taskList attribute to public","messageBody":"","fileTypesAndContributionMap":{"functional-code":{"insertions":3,"deletions":1}}}]},{"date":"2021-10-19","commitResults":[{"hash":"f43d366acf60bf894878530bbb5a9a8f34391195","messageTitle":"Add item type as new field for encoding of events","messageBody":"","fileTypesAndContributionMap":{"functional-code":{"insertions":2,"deletions":1}}},{"hash":"e0df8d76aba09dd864018e720a208b109bae4e51","messageTitle":"Add item type as new field for encoding of tasks","messageBody":"","fileTypesAndContributionMap":{"functional-code":{"insertions":2,"deletions":1}}},{"hash":"69c09f74f8e3209c7d7bf96454fb0b0e5a66af0b","messageTitle":"Update EventEncoder class to encode subtasks within each event","messageBody":"","fileTypesAndContributionMap":{"functional-code":{"insertions":17,"deletions":4}}},{"hash":"1c81aac8f03401b4c358f3fa363ad16c105ebdbf","messageTitle":"Update JUnit test for EventEncoder","messageBody":"","fileTypesAndContributionMap":{"test-code":{"insertions":41,"deletions":10}}},{"hash":"6dd275e3e4129312c825ea3b0ddb221e555c3ad0","messageTitle":"Update save method in StorageFile.java","messageBody":"Save functionality is now written to save events with tasks nested\nunder them.\n","fileTypesAndContributionMap":{"functional-code":{"insertions":6,"deletions":12}}},{"hash":"a55c3a36aa6c639041fa125cb6dbd507c619724b","messageTitle":"Update StorageFile to load file based on new project structure","messageBody":"The load method will first scan each line of String for an event. It\nwill then construct that event. If the next line of String is a\ntask, it will add that task to the last constructed event. The main\nassertion is that the first line in the save file always has to be\nan event.\n","fileTypesAndContributionMap":{"functional-code":{"insertions":20,"deletions":24}}},{"hash":"19393e343d5430e76b231aad9d74c139232c3ce6","messageTitle":"Remove unused methods in Event and Task Decoders","messageBody":"","fileTypesAndContributionMap":{"functional-code":{"insertions":14,"deletions":32}}},{"hash":"6d9afc883bd7ff0a57bf8fa86f8ebf449c04c02b","messageTitle":"Duke.java: Update main to reflect changes","messageBody":"","fileTypesAndContributionMap":{"functional-code":{"insertions":3,"deletions":7}}},{"hash":"9a55d7af558ed8e0a18187f317d205941285a320","messageTitle":"Update JUnit tests","messageBody":"","fileTypesAndContributionMap":{"test-code":{"insertions":14,"deletions":44}}},{"hash":"ddd5986578f260d3f8f8fccfa1efbc477c9d985f","messageTitle":"Fix checkStyle errors","messageBody":"","fileTypesAndContributionMap":{"functional-code":{"insertions":2,"deletions":2}}},{"hash":"210d8ce92e34a0e01833ae91db7a7a8385eb890e","messageTitle":"Fix checkStyle errors","messageBody":"","fileTypesAndContributionMap":{"test-code":{"insertions":3,"deletions":3}}},{"hash":"a104fee3529bfffac3b1231f4405ba7bc06ea92b","messageTitle":"Update JUnit test for TaskEncoder","messageBody":"","fileTypesAndContributionMap":{"test-code":{"insertions":2,"deletions":2}}},{"hash":"de48ae483f236f399b941377edc0be3fa5fa9564","messageTitle":"Add assertion","messageBody":"","fileTypesAndContributionMap":{"functional-code":{"insertions":2,"deletions":1}}},{"hash":"38f7065571a0fe9619e9b3343ed9f488b3596b6e","messageTitle":"Enable assertions","messageBody":"","fileTypesAndContributionMap":{"other":{"insertions":1,"deletions":0}}},{"hash":"de2201d74a2826c6445a4565958b51f4cba94bdb","messageTitle":"Update DG for save functionality","messageBody":"","fileTypesAndContributionMap":{"docs":{"insertions":40,"deletions":1}}}]}],"alwinangys":[{"date":"2021-09-29","commitResults":[{"hash":"73e99053f52669fca5fcfd34cac2709cfe9cc707","messageTitle":"Update AboutUs.md","messageBody":"","fileTypesAndContributionMap":{"docs":{"insertions":1,"deletions":2}}}]},{"date":"2021-10-06","commitResults":[{"hash":"77656dda62c6eba60c950842a4a400ba0a3d1c9e","messageTitle":"Add general exception","messageBody":"","fileTypesAndContributionMap":{"functional-code":{"insertions":8,"deletions":0}}},{"hash":"8a6ac8a956483f190dd430853134eacc14f7f391","messageTitle":"Add class attributes and methods","messageBody":"","fileTypesAndContributionMap":{"functional-code":{"insertions":61,"deletions":2}}},{"hash":"d985b9c1058107bfe7e8aef793094eb84329a6c4","messageTitle":"Add delete method","messageBody":"","fileTypesAndContributionMap":{"functional-code":{"insertions":34,"deletions":4}}},{"hash":"832c5584d6b3b1a2d9b01c06fb7ff9cfb8dd13de","messageTitle":"Convert command array to string","messageBody":"","fileTypesAndContributionMap":{"functional-code":{"insertions":10,"deletions":6}}}]},{"date":"2021-10-08","commitResults":[{"hash":"a468bb08d88cc92192b162ef0411e636a407ab7f","messageTitle":"Update item, task, event classes","messageBody":"","fileTypesAndContributionMap":{"functional-code":{"insertions":31,"deletions":45}}},{"hash":"653b4a6489693bb4945cedd7d0bcdceb4aa0bfad","messageTitle":"Improve code","messageBody":"","fileTypesAndContributionMap":{"functional-code":{"insertions":1,"deletions":2}}},{"hash":"5ab7b5f3229ee2d76b2bf0895a061f99432a440a","messageTitle":"Add basic features to SelectCommand class","messageBody":"","fileTypesAndContributionMap":{"functional-code":{"insertions":39,"deletions":2}}},{"hash":"2ccb0ca1b3a0c7af13d6cba2733e470cf6ecf158","messageTitle":"Improve code","messageBody":"","fileTypesAndContributionMap":{"functional-code":{"insertions":5,"deletions":4}}},{"hash":"4739099719b6c84237ace8eac4c7de08cc15169f","messageTitle":"Fix checkstyle","messageBody":"","fileTypesAndContributionMap":{"functional-code":{"insertions":1,"deletions":1}}}]},{"date":"2021-10-11","commitResults":[{"hash":"1bd97133a900fbb6a9594f20aa07727f84cb5b55","messageTitle":"Change SelectCommand to FindCommand, add new FindCommand class","messageBody":"","fileTypesAndContributionMap":{"functional-code":{"insertions":40,"deletions":36}}}]},{"date":"2021-10-12","commitResults":[{"hash":"da27d531b26f9518bd503e22f0e7c1631e427bac","messageTitle":"Added find in parser","messageBody":"","fileTypesAndContributionMap":{"functional-code":{"insertions":3,"deletions":1}}},{"hash":"56587de8587ef72dfb9ca4bda585050355234fd1","messageTitle":"Change date to dateTime","messageBody":"","fileTypesAndContributionMap":{"functional-code":{"insertions":7,"deletions":7}}},{"hash":"641a4498859a97bda61d1478a9ba127cd568e822","messageTitle":"Improvde code","messageBody":"","fileTypesAndContributionMap":{"functional-code":{"insertions":13,"deletions":6}}},{"hash":"7c6ba3c74b07bbf85d6ab69b4e2defc0e73a7a7a","messageTitle":"Add initial SelectCommand class","messageBody":"","fileTypesAndContributionMap":{"functional-code":{"insertions":48,"deletions":1}}},{"hash":"c0793d56fbfee6a05cc495ae989b2cab9e836876","messageTitle":"Add Ui messages for selecting tasks","messageBody":"","fileTypesAndContributionMap":{"functional-code":{"insertions":10,"deletions":0}}},{"hash":"1285fddcc782ef601a991d6abf06919febef8410","messageTitle":"Improve code","messageBody":"","fileTypesAndContributionMap":{"functional-code":{"insertions":16,"deletions":3}}},{"hash":"b42840d1c4b4cdbe18e750e482eab7c71b687e86","messageTitle":"Add exceptions","messageBody":"","fileTypesAndContributionMap":{"functional-code":{"insertions":27,"deletions":2}}},{"hash":"7ff585c25d839f9f1d3f64056a7acad9868c9187","messageTitle":"Add SelectCommand class","messageBody":"","fileTypesAndContributionMap":{"functional-code":{"insertions":30,"deletions":20}}},{"hash":"07eb187a01187d72659157d892815fb305d152d3","messageTitle":"Removed whitespace","messageBody":"","fileTypesAndContributionMap":{"functional-code":{"insertions":0,"deletions":2}}},{"hash":"38c2e402b6de774d80b66b106b6e125c20ff50a5","messageTitle":"Improve code","messageBody":"","fileTypesAndContributionMap":{"functional-code":{"insertions":25,"deletions":11}}},{"hash":"cc706873e2931ecf11f02f4094cdb17a3d5452f2","messageTitle":"Improve formatting","messageBody":"","fileTypesAndContributionMap":{"functional-code":{"insertions":1,"deletions":1}}},{"hash":"e90d37b7bf45aafbc5e0b4634af7a96b41258cc6","messageTitle":"Improve code","messageBody":"","fileTypesAndContributionMap":{"functional-code":{"insertions":23,"deletions":24}}}]},{"date":"2021-10-19","commitResults":[{"hash":"23f3967ed2ad475838fc125ecc987782713d76c2","messageTitle":"Add initial changes","messageBody":"","fileTypesAndContributionMap":{"functional-code":{"insertions":62,"deletions":32}}}]},{"date":"2021-10-21","commitResults":[{"hash":"766c93363b261700aa78091c87407970d7217251","messageTitle":"first commit before change","messageBody":"","fileTypesAndContributionMap":{"functional-code":{"insertions":35,"deletions":11}}},{"hash":"6eeb77400d91655f9ec029399c8227880a8c5d1f","messageTitle":"Add delete all confirmation","messageBody":"","fileTypesAndContributionMap":{"functional-code":{"insertions":63,"deletions":44}}},{"hash":"c4a6e03e8e985d2be5eb40ca8d52556f81c32f8b","messageTitle":"Add basic logging and assertions","messageBody":"","fileTypesAndContributionMap":{"functional-code":{"insertions":11,"deletions":1}}},{"hash":"bf344e8c8e6646c61cf5c82879a4f21e0fa2a60f","messageTitle":"Add basic JUnit tests","messageBody":"","fileTypesAndContributionMap":{"test-code":{"insertions":39,"deletions":0}}},{"hash":"96c4936fde5ea1a39ba4b991a73a7e5eacbc68d1","messageTitle":"Fix gradle checks","messageBody":"","fileTypesAndContributionMap":{"functional-code":{"insertions":6,"deletions":5}}},{"hash":"6bc90b4b585c07653e83dd9a9e67f21c98fad985","messageTitle":"Fix gradle checks","messageBody":"","fileTypesAndContributionMap":{"test-code":{"insertions":2,"deletions":2}}}]},{"date":"2021-10-22","commitResults":[{"hash":"ffacefe625024aabb0c3c11b03c30e6533c83d9c","messageTitle":"initial commit","messageBody":"","fileTypesAndContributionMap":{"docs":{"insertions":13,"deletions":0}}},{"hash":"d953c4448bae4d9032556e9f13d3193d4fe4b328","messageTitle":"Update DG with simple description of DeleteCommand","messageBody":"","fileTypesAndContributionMap":{"docs":{"insertions":6,"deletions":2}}}]}]},"authorFileTypeContributionMap":{"antrikshv":{"docs":1,"functional-code":431,"test-code":0},"Alvinlj00":{"docs":1,"functional-code":477,"test-code":50},"crabnuggets":{"docs":41,"functional-code":311,"test-code":288,"other":1},"alwinangys":{"docs":18,"functional-code":352,"test-code":37}},"authorContributionVariance":{"antrikshv":12328.904,"Alvinlj00":6085.3623,"crabnuggets":10449.71,"alwinangys":5090.637},"authorDisplayNameMap":{"antrikshv":"CS2113T-W12-3 ANTR..ERMA","Alvinlj00":"CS2113T-W12-3 ALVI.. JUN","crabnuggets":"CS2113T-W12-3 ALVI..IONG","alwinangys":"CS2113T-W12-3 ANG ..LWIN"}}
