{"authorDailyContributionsMap":{"antrikshv":[{"date":"2021-09-29","commitResults":[{"hash":"bc4aae61c4baa6ab8bd669868cae0b5bbb4de011","messageTitle":"antriksh-AboutUs","messageBody":"","fileTypesAndContributionMap":{"docs":{"insertions":1,"deletions":2}}}]},{"date":"2021-10-04","commitResults":[{"hash":"c95180b0756498fd3318a425c834cd8b749c1e02","messageTitle":"Skeleton files for all the programs updated","messageBody":"","fileTypesAndContributionMap":{"functional-code":{"insertions":266,"deletions":13}}},{"hash":"afada1b181807914562eb1fc8a66e5dc2e85dec5","messageTitle":"ListCommand added","messageBody":"","fileTypesAndContributionMap":{"functional-code":{"insertions":95,"deletions":0}}},{"hash":"8dc3ee1589791bffa633d7581ac4500012cca2b8","messageTitle":"CheckStyle error fixed","messageBody":"","fileTypesAndContributionMap":{"functional-code":{"insertions":14,"deletions":56}}},{"hash":"0cf75c7d67994187066dc1ee57582f1076925e9d","messageTitle":"style fixed","messageBody":"","fileTypesAndContributionMap":{"functional-code":{"insertions":7,"deletions":4}}}]},{"date":"2021-10-10","commitResults":[{"hash":"10c5260ecbb5fc470df13ada7c93bc863d9bdb83","messageTitle":"convertDateTime function added, to convert between string date and datetime date","messageBody":"","fileTypesAndContributionMap":{"functional-code":{"insertions":14,"deletions":0}}},{"hash":"848a2ca0b0a5d6c71d9ea3229c868041a0e5fad8","messageTitle":"Updated the storing of date in the different classes.","messageBody":"Now the dates are stored as LocalDateTime variables\n","fileTypesAndContributionMap":{"functional-code":{"insertions":15,"deletions":9}}},{"hash":"d12a386caf74d12b1ae6a2b904fef20937193877","messageTitle":"Added list commands, to fit new implementation","messageBody":"","fileTypesAndContributionMap":{"functional-code":{"insertions":53,"deletions":32}}},{"hash":"9be17458aaac19e27402f7a24e76b5ca7a35eaa4","messageTitle":"added the next command feature","messageBody":"will display the next upcoming event\n","fileTypesAndContributionMap":{"functional-code":{"insertions":49,"deletions":21}}},{"hash":"048838e1fe8f578354a140ea8e2c679c4b0e504b","messageTitle":"add ui functions to print event as well as parser functions to combine the list","messageBody":"","fileTypesAndContributionMap":{"functional-code":{"insertions":13,"deletions":24}}},{"hash":"3eab7de322d4de0bacb72bb7b8e39047b238ff38","messageTitle":"Update command feature added.","messageBody":"","fileTypesAndContributionMap":{"functional-code":{"insertions":166,"deletions":6}}},{"hash":"e8d9b38de432a464e6268ff0f10c187fb1a4fac8","messageTitle":"Coding Style fixed","messageBody":"","fileTypesAndContributionMap":{"functional-code":{"insertions":2,"deletions":2}}}]},{"date":"2021-10-24","commitResults":[{"hash":"be48f5f8796f3cf3207f43e477f98f6f74713568","messageTitle":"Commands Update and List and Next updated for the new implementation.","messageBody":"","fileTypesAndContributionMap":{"functional-code":{"insertions":155,"deletions":141}}},{"hash":"7de5eeaafe1ffd0e5599dca4f50b7de9d4d6864e","messageTitle":"Updated list and update commands for memberlist","messageBody":"","fileTypesAndContributionMap":{"functional-code":{"insertions":86,"deletions":38}}},{"hash":"dd64397a65aa72facc751fba9e77f7ff10805d6b","messageTitle":"Task Decoder returned to normal usage","messageBody":"","fileTypesAndContributionMap":{"functional-code":{"insertions":2,"deletions":2}}},{"hash":"d7fdbdf6390bdf9c16640883907841da0db67eb2","messageTitle":"fixed checkstyle","messageBody":"","fileTypesAndContributionMap":{"functional-code":{"insertions":12,"deletions":8},"test-code":{"insertions":12,"deletions":8}}}]},{"date":"2021-10-25","commitResults":[{"hash":"cfa7dfbc97ee8fca51b4eb12d7bc561ec521aff4","messageTitle":"Next Junit test added","messageBody":"","fileTypesAndContributionMap":{"functional-code":{"insertions":35,"deletions":16},"test-code":{"insertions":80,"deletions":0}}},{"hash":"cbdd691197bf389a0c7403b6833eb8b7047efbe5","messageTitle":"Refactoring of code","messageBody":"","fileTypesAndContributionMap":{"functional-code":{"insertions":55,"deletions":45}}},{"hash":"f23427c9d35c049c5174a6a6d73ea65cb5f77b9c","messageTitle":"Checkstyle fixed","messageBody":"","fileTypesAndContributionMap":{"functional-code":{"insertions":11,"deletions":9}}},{"hash":"9405cd58b00748f5bf1d98c8e26ee2e5dee3ddc1","messageTitle":"next command updated","messageBody":"","fileTypesAndContributionMap":{"functional-code":{"insertions":3,"deletions":1}}},{"hash":"51f2a9829bd9df21bc0d54f0ba0321ddb67e77fe","messageTitle":"jUnit test fixed","messageBody":"","fileTypesAndContributionMap":{"test-code":{"insertions":1,"deletions":0}}},{"hash":"ace97bc00dafe3796ce1c0a1c19b474d457ab49f","messageTitle":"next command Junitt test updated","messageBody":"","fileTypesAndContributionMap":{"functional-code":{"insertions":2,"deletions":0},"test-code":{"insertions":28,"deletions":4}}},{"hash":"c4eb7ba8e6c4d286ba16039d5b60f11e905b1595","messageTitle":"List command Junit test added","messageBody":"","fileTypesAndContributionMap":{"test-code":{"insertions":106,"deletions":0}}},{"hash":"1f32f10c69c26e4ef84e7fd01606105e45a1d1ac","messageTitle":"Bye command Junit Test added","messageBody":"","fileTypesAndContributionMap":{"test-code":{"insertions":37,"deletions":0}}}]},{"date":"2021-10-26","commitResults":[{"hash":"4badd63762b9fc28a378c07f91b7400988b685e0","messageTitle":"fixed bugs in update command and added updatecommandtest","messageBody":"","fileTypesAndContributionMap":{"functional-code":{"insertions":47,"deletions":36},"test-code":{"insertions":68,"deletions":0}}},{"hash":"3b1056d4c78457e9927f818aed7cd533fca253b4","messageTitle":"Update command reworked to update a member","messageBody":"","fileTypesAndContributionMap":{"functional-code":{"insertions":23,"deletions":5}}},{"hash":"c48ca1cffd2541eca0fad8e0c14994216de11df4","messageTitle":"update list command, to display member Roster  using list -m","messageBody":"","fileTypesAndContributionMap":{"functional-code":{"insertions":26,"deletions":4}}},{"hash":"7b335e295c5ab754d5494a21272c5f944b57108a","messageTitle":"Fixed issues in updateCommandTest","messageBody":"","fileTypesAndContributionMap":{"test-code":{"insertions":2,"deletions":1}}},{"hash":"a7fa5ecc6df01dcf1bc366ed31ac7afa87724382","messageTitle":"checkstyle fixed","messageBody":"","fileTypesAndContributionMap":{"test-code":{"insertions":20,"deletions":19}}},{"hash":"0d59bd3c51f7de83e506735f286cf5f1d9532bbf","messageTitle":"added setInput to updateCommnadTest","messageBody":"","fileTypesAndContributionMap":{"test-code":{"insertions":7,"deletions":3}}},{"hash":"e3dbe2641ec7898c85a5bb51434b5fc027267fbf","messageTitle":"add command bugs fixed","messageBody":"","fileTypesAndContributionMap":{"functional-code":{"insertions":19,"deletions":6}}},{"hash":"52dc7257b6718ab6a74d74e47a5dc8195c364514","messageTitle":"fixed bugs in update command","messageBody":"","fileTypesAndContributionMap":{"functional-code":{"insertions":21,"deletions":13}}},{"hash":"5c5af4a0ef0f2885abfb3ac09d9e3ea91bfb5a9c","messageTitle":"fixed bugs in listCommand","messageBody":"","fileTypesAndContributionMap":{"functional-code":{"insertions":38,"deletions":16}}},{"hash":"d737b2fbe59400d19eb6d5bd7cd42d37b8f487fb","messageTitle":"manage conflict","messageBody":"","fileTypesAndContributionMap":{"functional-code":{"insertions":8,"deletions":13}}},{"hash":"0b81a1ef3b97ca94b63d735b986571b9e971ce16","messageTitle":"merge conflict resolved","messageBody":"","fileTypesAndContributionMap":{"functional-code":{"insertions":1,"deletions":3}}},{"hash":"56a782ab334bac41c16e328a06fa7a3cd157a8b0","messageTitle":"checkstyle fixed","messageBody":"","fileTypesAndContributionMap":{"functional-code":{"insertions":19,"deletions":5}}},{"hash":"e4ee025a9594fa28cc997779f5170a60e7090b4e","messageTitle":"updateCommand updated to allow deletion of member from a particular task","messageBody":"","fileTypesAndContributionMap":{"functional-code":{"insertions":37,"deletions":2}}}]},{"date":"2021-10-27","commitResults":[{"hash":"416e46359f4f423ab7cc778eebbe20810da6cb4c","messageTitle":"List functionality added to DG","messageBody":"","fileTypesAndContributionMap":{"docs":{"insertions":44,"deletions":0}}},{"hash":"251402aa3e1a5fc767934a55a3eaac5c9a797b01","messageTitle":"Added Junit for update and next","messageBody":"","fileTypesAndContributionMap":{"functional-code":{"insertions":16,"deletions":8},"docs":{"insertions":62,"deletions":1}}}]},{"date":"2021-10-28","commitResults":[{"hash":"b3449a66d5e8a3e81dd83d12e51b01795fd9c1e8","messageTitle":"Update bug fixed!","messageBody":"","fileTypesAndContributionMap":{"functional-code":{"insertions":6,"deletions":1}}},{"hash":"e789f3d4a2fc3a5f273feb7184facb0b5a6e7527","messageTitle":"update bug fixed","messageBody":"","fileTypesAndContributionMap":{"functional-code":{"insertions":10,"deletions":10}}}]},{"date":"2021-10-29","commitResults":[{"hash":"7680f83c872be610dcd31e3d978e9e0914358912","messageTitle":"added user guide, and fixed bug in nextCommand","messageBody":"","fileTypesAndContributionMap":{"functional-code":{"insertions":7,"deletions":3},"docs":{"insertions":107,"deletions":0}}}]},{"date":"2021-10-31","commitResults":[{"hash":"904bba900f433b7680804c4cdc72a03f5d55b646","messageTitle":"Ability to assign member to a task has been added","messageBody":"","fileTypesAndContributionMap":{"functional-code":{"insertions":22,"deletions":0}}},{"hash":"da928cad6627ab2abe71e4bdd6cfe6ab66900616","messageTitle":"Update Command refactored","messageBody":"","fileTypesAndContributionMap":{"functional-code":{"insertions":399,"deletions":46}}}]},{"date":"2021-11-01","commitResults":[{"hash":"786e404de04485f25366e668e60cf95d61bacc0f","messageTitle":"Exception handling for Update Command","messageBody":"","fileTypesAndContributionMap":{"functional-code":{"insertions":38,"deletions":11}}},{"hash":"88ba920cbf78f18f1f808cc903a5b349543000ac","messageTitle":"gradle checkstyle fixed","messageBody":"","fileTypesAndContributionMap":{"functional-code":{"insertions":45,"deletions":16},"test-code":{"insertions":43,"deletions":20}}},{"hash":"779d499b58aa3dd0460fdd508394059381ea260a","messageTitle":"refactored updateCommands","messageBody":"","fileTypesAndContributionMap":{"functional-code":{"insertions":3,"deletions":276},"other":{"insertions":9,"deletions":3},"test-code":{"insertions":0,"deletions":78}}},{"hash":"036de401af6c61832e03bcb93a8667e176c80f94","messageTitle":"gradle check fixed","messageBody":"","fileTypesAndContributionMap":{"functional-code":{"insertions":3,"deletions":4},"other":{"insertions":3,"deletions":3}}}]},{"date":"2021-11-02","commitResults":[{"hash":"4b761ad079ba8eca9e33b7e4c9cf84a5944640ab","messageTitle":"List Command refactored","messageBody":"","fileTypesAndContributionMap":{"functional-code":{"insertions":103,"deletions":36}}},{"hash":"ae1464ff4dca701f0786692464ae73505f1af09e","messageTitle":"NextCommand refactored","messageBody":"","fileTypesAndContributionMap":{"functional-code":{"insertions":101,"deletions":67}}},{"hash":"7d6885480f14e85c9679c9b700e7382a9bfe7730","messageTitle":"Junit and Checkstyle fixed","messageBody":"","fileTypesAndContributionMap":{"functional-code":{"insertions":55,"deletions":71},"test-code":{"insertions":31,"deletions":19}}},{"hash":"7e4f667bbc0466392a6075d9150c2a5162a644e2","messageTitle":"help command summary updated","messageBody":"","fileTypesAndContributionMap":{"functional-code":{"insertions":6,"deletions":3}}},{"hash":"453a1a2abf1add6a254ee2de7756cb6f7c6fe788","messageTitle":"updated update task intromessage","messageBody":"","fileTypesAndContributionMap":{"functional-code":{"insertions":1,"deletions":0}}},{"hash":"f81d6598e24d34ca415f8cf6e56ecc540b1a6700","messageTitle":"task intro message updated","messageBody":"","fileTypesAndContributionMap":{"functional-code":{"insertions":1,"deletions":1}}},{"hash":"6931c285488e91b727817d9168f7c3aa0eed4fe5","messageTitle":"updated implementation to update parser","messageBody":"","fileTypesAndContributionMap":{"functional-code":{"insertions":117,"deletions":91}}}]},{"date":"2021-11-03","commitResults":[{"hash":"66d2a09d447d07a2a1b332f750492625d5e77ff3","messageTitle":"removed exception in command class","messageBody":"","fileTypesAndContributionMap":{"functional-code":{"insertions":1,"deletions":4}}},{"hash":"01bef2d6340f7ad2630323cbc1141e2c8a7f5699","messageTitle":"update commands fixed","messageBody":"","fileTypesAndContributionMap":{"functional-code":{"insertions":3,"deletions":9}}},{"hash":"b4252b54345e51a1172bcb009dfb9b85bddc6858","messageTitle":"checkstyle fixed","messageBody":"","fileTypesAndContributionMap":{"functional-code":{"insertions":1,"deletions":1}}},{"hash":"e503e111089565dc2a3c1bd6869c7c5094bc7739","messageTitle":"fix","messageBody":"","fileTypesAndContributionMap":{"functional-code":{"insertions":6,"deletions":6}}},{"hash":"5d3f81aec0fc0c7e3bb4b7f7deb9faea089ca327","messageTitle":"checkstyle fix","messageBody":"","fileTypesAndContributionMap":{"functional-code":{"insertions":1,"deletions":1}}},{"hash":"dfdae2a04a18dca31e9f5da4368bdbd50c9aa996","messageTitle":"Junit test updated for update list and next","messageBody":"","fileTypesAndContributionMap":{"test-code":{"insertions":153,"deletions":7}}}]},{"date":"2021-11-07","commitResults":[{"hash":"4d87c176572e5f6f239a20ebf1cf7651e5081a89","messageTitle":"update to listparser","messageBody":"","fileTypesAndContributionMap":{"functional-code":{"insertions":2,"deletions":2}}}]},{"date":"2021-11-08","commitResults":[{"hash":"d6a1ff3949d0b68185e66e96de2c19aa49221dd0","messageTitle":"added the ability to display calendar with next -e","messageBody":"","fileTypesAndContributionMap":{"functional-code":{"insertions":37,"deletions":0}}},{"hash":"325488b03e5f2c1bb495a2e8f3ac948f741f00f4","messageTitle":"gradlew checkstyle fixed","messageBody":"","fileTypesAndContributionMap":{"functional-code":{"insertions":4,"deletions":2}}}]}],"Alvinlj00":[{"date":"2021-09-29","commitResults":[{"hash":"e4dc8557b2d783de5a95f7129dbbc0aa1b3fc7e5","messageTitle":"Update Name","messageBody":"","fileTypesAndContributionMap":{"docs":{"insertions":1,"deletions":2}}}]},{"date":"2021-10-08","commitResults":[{"hash":"27e4846fee5f4006cf8506df266a4f12d9d8af26","messageTitle":"Add AddCommand fuctions for initialising a task","messageBody":"","fileTypesAndContributionMap":{"functional-code":{"insertions":83,"deletions":6}}}]},{"date":"2021-10-09","commitResults":[{"hash":"0a75c536ebcfe539e6ae47dab09225cfae3f216c","messageTitle":"Fix checkstyle errors","messageBody":"","fileTypesAndContributionMap":{"functional-code":{"insertions":8,"deletions":8}}},{"hash":"6f2ab716adaf60f28e26ae46dd8fc4d1311300db","messageTitle":"Remove redundant DukeException class","messageBody":"","fileTypesAndContributionMap":{"functional-code":{"insertions":1,"deletions":8}}},{"hash":"573cefbfd18512e0068a6fb39ead5625ba01e235","messageTitle":"Improve code quality","messageBody":"","fileTypesAndContributionMap":{"functional-code":{"insertions":35,"deletions":45}}}]},{"date":"2021-10-11","commitResults":[{"hash":"f0b2205ccaed544ac96914694b799d14fec51c15","messageTitle":"Combine date attributes","messageBody":"","fileTypesAndContributionMap":{"functional-code":{"insertions":61,"deletions":63}}},{"hash":"081cdf63e0cd3ebb17f73d6ef08e824ab6b2435e","messageTitle":"Add done and undo","messageBody":"","fileTypesAndContributionMap":{"functional-code":{"insertions":187,"deletions":34}}}]},{"date":"2021-10-21","commitResults":[{"hash":"e31f16b18b20311b300f82222c96139f22cefe92","messageTitle":"Update AddCommand according to new class structure","messageBody":"","fileTypesAndContributionMap":{"functional-code":{"insertions":29,"deletions":22},"test-code":{"insertions":3,"deletions":3}}}]},{"date":"2021-10-22","commitResults":[{"hash":"637b4a59d5600c3ceda40bccaaf71c50da3bece8","messageTitle":"Add EventCatalog","messageBody":"","fileTypesAndContributionMap":{"functional-code":{"insertions":97,"deletions":41}}},{"hash":"682ae2d7e4e0d77242cd95b35415ae82f774aaeb","messageTitle":"Refactor code","messageBody":"","fileTypesAndContributionMap":{"functional-code":{"insertions":1,"deletions":1}}},{"hash":"a298fc1337f4ccbc31ff2fd97577ed8fa1377e9d","messageTitle":"Add JUnit tests and assertions","messageBody":"","fileTypesAndContributionMap":{"functional-code":{"insertions":27,"deletions":12},"test-code":{"insertions":47,"deletions":2}}},{"hash":"033146eaaf2657d544e51062698de41a5b572630","messageTitle":"Fix checkstyle errors","messageBody":"","fileTypesAndContributionMap":{"test-code":{"insertions":2,"deletions":2}}}]},{"date":"2021-10-23","commitResults":[{"hash":"6042266d9272ef82f6cf08b42fab3c27439f64db","messageTitle":"Add Member and MemberRoster classes","messageBody":"","fileTypesAndContributionMap":{"functional-code":{"insertions":115,"deletions":0}}},{"hash":"62b39eefff2ebf480dbc16e56032c7d1907a0ff8","messageTitle":"Add mainlists package","messageBody":"","fileTypesAndContributionMap":{"functional-code":{"insertions":5,"deletions":49}}}]},{"date":"2021-10-25","commitResults":[{"hash":"29fe9cad0a44adebcf1b2cb965f74109b867d28e","messageTitle":"Include add member functionality","messageBody":"","fileTypesAndContributionMap":{"functional-code":{"insertions":59,"deletions":15}}},{"hash":"a6df98c4364392e8fbd5122f5f85ff78e100aa6b","messageTitle":"Add functionality to assign tasks to a member","messageBody":"","fileTypesAndContributionMap":{"functional-code":{"insertions":83,"deletions":41}}},{"hash":"14e94507f08218a99a018d5a2b6163092a9d982b","messageTitle":"Fix checkstyle errors","messageBody":"","fileTypesAndContributionMap":{"functional-code":{"insertions":1,"deletions":1}}}]},{"date":"2021-10-26","commitResults":[{"hash":"5e43c495c97bfa1ec0e05c6ded8cfcddb49539ae","messageTitle":"Update DoneUndoCommand to fit new class structure","messageBody":"","fileTypesAndContributionMap":{"functional-code":{"insertions":63,"deletions":44}}},{"hash":"0319facf1a6d1361b5cff67be88af7e6fca4a12a","messageTitle":"Add exception for DoneUndoCommand","messageBody":"","fileTypesAndContributionMap":{"functional-code":{"insertions":4,"deletions":0}}},{"hash":"20ac2d28e521949abdd84341c1ac998f88aec984","messageTitle":"Fix bugs","messageBody":"","fileTypesAndContributionMap":{"functional-code":{"insertions":9,"deletions":15}}}]},{"date":"2021-10-28","commitResults":[{"hash":"8217c587a0b219aff79d2c8031b1531a169ccebb","messageTitle":"Update user guide for add, done and undo event functionalities","messageBody":"","fileTypesAndContributionMap":{"docs":{"insertions":57,"deletions":0}}}]},{"date":"2021-11-04","commitResults":[{"hash":"2bcbe4d825cfa2c040608bbdef3d52aaa27bf549","messageTitle":"Modify AddParser and add specific AddCommand files","messageBody":"","fileTypesAndContributionMap":{"functional-code":{"insertions":293,"deletions":316},"test-code":{"insertions":0,"deletions":41}}},{"hash":"6df5c34549d3ee97c91e39cbb1429e2eb31fce8c","messageTitle":"Fix checkstyle errors and bugs","messageBody":"","fileTypesAndContributionMap":{"functional-code":{"insertions":26,"deletions":20}}},{"hash":"23c2caf144b2d8b66b18f56e1ed01adacc791cb1","messageTitle":"Fix checkstyle errors","messageBody":"","fileTypesAndContributionMap":{"functional-code":{"insertions":2,"deletions":2}}}]},{"date":"2021-11-06","commitResults":[{"hash":"0149fb87be40399ffb0b2fbd73e92c812f93ab3a","messageTitle":"Add comparator for items","messageBody":"","fileTypesAndContributionMap":{"functional-code":{"insertions":27,"deletions":31}}}]},{"date":"2021-11-07","commitResults":[{"hash":"120b8c0c1a20d7ca2e013407e91be2c64468fc76","messageTitle":"Update DoneUndoParser and DoneUndoCommand","messageBody":"","fileTypesAndContributionMap":{"functional-code":{"insertions":182,"deletions":127}}},{"hash":"c05e603d8de976229fd12e1dafc17f440abd4056","messageTitle":"Resolve merge conflicts","messageBody":"","fileTypesAndContributionMap":{"functional-code":{"insertions":6,"deletions":11}}},{"hash":"42ff12c1809910eb4af4d773b6701bf657eb332c","messageTitle":"Fix checkstyle errors","messageBody":"","fileTypesAndContributionMap":{"functional-code":{"insertions":11,"deletions":7}}},{"hash":"6afa4b530a477258d14330a125f74fc30ccce339","messageTitle":"Fix UI issues","messageBody":"","fileTypesAndContributionMap":{"functional-code":{"insertions":8,"deletions":0}}},{"hash":"c4e9bc4b78847769c1615cb5e68db8debbbac9ff","messageTitle":"Update UI for done and undo commands","messageBody":"","fileTypesAndContributionMap":{"functional-code":{"insertions":1,"deletions":1}}}]}],"crabnuggets":[{"date":"2021-09-29","commitResults":[{"hash":"153f459c6de72a9b76d274c70dd5b296b9da2e97","messageTitle":"Update aboutUS for Alvin Pang","messageBody":"","fileTypesAndContributionMap":{"docs":{"insertions":2,"deletions":2}}}]},{"date":"2021-10-06","commitResults":[{"hash":"face6e44f897daea320b4f508a8335b51528a52d","messageTitle":"Add skeleton classes for file saving functionality","messageBody":"","fileTypesAndContributionMap":{"functional-code":{"insertions":51,"deletions":0}}},{"hash":"ad115b2ed53699a35826be3b502c41ca4d5d63a1","messageTitle":"Add methods for decoding of event data","messageBody":"","fileTypesAndContributionMap":{"functional-code":{"insertions":10,"deletions":9}}},{"hash":"419d894533f384eae4994c227bc1e5efaac2da38","messageTitle":"Event.java: Add placeholder constructor for even EventDecoder","messageBody":"","fileTypesAndContributionMap":{"functional-code":{"insertions":5,"deletions":0}}},{"hash":"8cc889ea0a2081deeaa5a42cca1783407dc527ac","messageTitle":"Add methods for decoding of task data","messageBody":"","fileTypesAndContributionMap":{"functional-code":{"insertions":28,"deletions":0}}},{"hash":"17eab006b1b9ae0a4e87411d3f598039cdf53957","messageTitle":"Task.java: Add placeholder constructor for TaskDecoder","messageBody":"","fileTypesAndContributionMap":{"functional-code":{"insertions":5,"deletions":0}}},{"hash":"4b98fbea53615b643ea34a5d332cfa1c17bbc8fc","messageTitle":"Change \"decode from string\" methods to private","messageBody":"","fileTypesAndContributionMap":{"functional-code":{"insertions":2,"deletions":2}}},{"hash":"5fb0394a285d109b0cacb82bbf10a5b2cb550695","messageTitle":"Move delimiter for decoding to respective classes","messageBody":"This allows the encoder to have access to the same delimiters as\nwell and ensures that the decoder and encoder can work on the same\nformat.\n","fileTypesAndContributionMap":{"functional-code":{"insertions":6,"deletions":6}}},{"hash":"fea1082931d148e34d1670fbc311f81d49439998","messageTitle":"EventEncoder.java: Add skeleton code for methods","messageBody":"","fileTypesAndContributionMap":{"functional-code":{"insertions":17,"deletions":0}}}]},{"date":"2021-10-07","commitResults":[{"hash":"8d7da1a012e3d1e86561b5a05e8daae1569b94ec","messageTitle":"EventDecoder.java: Update eventBudget to type int","messageBody":"","fileTypesAndContributionMap":{"functional-code":{"insertions":2,"deletions":2}}},{"hash":"96123a7f576e57eb827d4c4456ee0946bbb4b283","messageTitle":"Implement methods for EventEncoder class","messageBody":"* encodeEventsList\n* encodeEventToString\n","fileTypesAndContributionMap":{"functional-code":{"insertions":6,"deletions":4}}},{"hash":"f44c9c835bd5a238712afcabd29648de6f6e035e","messageTitle":"Add file saving feature to data/slamData.txt","messageBody":"","fileTypesAndContributionMap":{"functional-code":{"insertions":109,"deletions":6}}},{"hash":"0c64853cbe30c02693f003ec3859cd49e71961b3","messageTitle":"Update other classes to match file saving requirements","messageBody":"","fileTypesAndContributionMap":{"functional-code":{"insertions":81,"deletions":28}}},{"hash":"bccf2b961395c0410e716fac0c270c74541f6d05","messageTitle":"Fix checkstyle errors","messageBody":"","fileTypesAndContributionMap":{"functional-code":{"insertions":18,"deletions":10}}},{"hash":"08f2c8ea2b59a7b5a6de54d788d10982ccffde09","messageTitle":"Fix checkstyle errors","messageBody":"","fileTypesAndContributionMap":{"functional-code":{"insertions":14,"deletions":14}}}]},{"date":"2021-10-10","commitResults":[{"hash":"28278f01d203dccc7d872b4c59a298c0dbf6c0ac","messageTitle":"Add general useful methods to Ui.java","messageBody":"In addition, refactor code in command classes to implement relevant\nUi class methods. Event and Task classes also have their toString\nmethods overridden for the printList method in the Ui class.\n","fileTypesAndContributionMap":{"functional-code":{"insertions":88,"deletions":13}}}]},{"date":"2021-10-11","commitResults":[{"hash":"d35c648fbf6f1d9642675978824ca99a44574a44","messageTitle":"Update file saving for dateTime object compatibility","messageBody":"","fileTypesAndContributionMap":{"functional-code":{"insertions":10,"deletions":6}}},{"hash":"1ef595902b93d43ddc6dd8c08bbb855d7da6c93a","messageTitle":"Fix some simple message format issues","messageBody":"","fileTypesAndContributionMap":{"functional-code":{"insertions":13,"deletions":11}}},{"hash":"2c18449f79f111c0e5cc2106aebe003dbd776235","messageTitle":"Fix checkStyle errors","messageBody":"","fileTypesAndContributionMap":{"functional-code":{"insertions":1,"deletions":1}}},{"hash":"17a5c5198ffede2130644aab52249919aec26bf0","messageTitle":"Ui.java: Update readInput for IO redirection tests","messageBody":"Also changed EXPECTED.txt to match current greeting message\n","fileTypesAndContributionMap":{"functional-code":{"insertions":5,"deletions":1}}}]},{"date":"2021-10-12","commitResults":[{"hash":"5860aa746653e94ba7a8f3aebebe48810cefc93e","messageTitle":"Add JUnit tests for decoder classes for file saving","messageBody":"In addition, add getter for isDone in Item class for JUnit testing\n","fileTypesAndContributionMap":{"functional-code":{"insertions":4,"deletions":0},"test-code":{"insertions":77,"deletions":0}}},{"hash":"fc6042147f6e95d0602c6600c88fcf4227b75905","messageTitle":"Update visibility of encodeToString methods in encoder classes","messageBody":"The encodeToString methods are made private as this method is only\nused internally within the respective encoder classes.\n","fileTypesAndContributionMap":{"functional-code":{"insertions":2,"deletions":2}}},{"hash":"bccf7c264de7f60d8eb8c565a8a774f426cd4117","messageTitle":"Add JUnit tests for encoder classes for file saving","messageBody":"","fileTypesAndContributionMap":{"test-code":{"insertions":90,"deletions":8}}},{"hash":"ce8911386279f75ef4badf37b53c3dde723a41ce","messageTitle":"StorageFile.java: Update writeToFile method to private","messageBody":"","fileTypesAndContributionMap":{"functional-code":{"insertions":1,"deletions":1}}},{"hash":"f5507ed6d07b6755f574ef00a122753ca70fa54e","messageTitle":"Add newline to end of files","messageBody":"","fileTypesAndContributionMap":{"test-code":{"insertions":4,"deletions":4}}},{"hash":"e57d3caabeed667786316654cd171c694da22d52","messageTitle":"Fix checkStyle errors","messageBody":"","fileTypesAndContributionMap":{"test-code":{"insertions":11,"deletions":17}}},{"hash":"752eb5495195d06759892f8dc319d044223124ad","messageTitle":"Add JUnit tests for important Ui class methods","messageBody":"* Add JUnit test for printList method\n* Add JUnit test for printEvent method\n* Add JUnit test for printTask method\n","fileTypesAndContributionMap":{"test-code":{"insertions":139,"deletions":0}}},{"hash":"b1ac48c4df81d963ac23393356b93e83bedfc61e","messageTitle":"Fix checkStyle errors","messageBody":"","fileTypesAndContributionMap":{"test-code":{"insertions":1,"deletions":3}}},{"hash":"e3fbecff41d4bd2f7fe34a5be63d2143cceeca6f","messageTitle":"Fix JUnit test for printTask of a single Task object","messageBody":"","fileTypesAndContributionMap":{"test-code":{"insertions":2,"deletions":2}}}]},{"date":"2021-10-17","commitResults":[{"hash":"a7b9f4a14c2fa48c91d50b430d9e2017126aba7c","messageTitle":"Add new taskList attribute to Event class","messageBody":"In addition, add getter method to retrieve the taskList.\n","fileTypesAndContributionMap":{"functional-code":{"insertions":7,"deletions":0}}},{"hash":"915ec08d2cb68de0bb1af8000faf9615ec195d18","messageTitle":"Refactor and rename global eventList to eventCatalog","messageBody":"","fileTypesAndContributionMap":{"functional-code":{"insertions":15,"deletions":19}}},{"hash":"436627c8d0eaa8ae39c59cd3e908ba8a67491919","messageTitle":"Event.java: Change visibility of taskList attribute to public","messageBody":"","fileTypesAndContributionMap":{"functional-code":{"insertions":3,"deletions":1}}}]},{"date":"2021-10-19","commitResults":[{"hash":"f43d366acf60bf894878530bbb5a9a8f34391195","messageTitle":"Add item type as new field for encoding of events","messageBody":"","fileTypesAndContributionMap":{"functional-code":{"insertions":2,"deletions":1}}},{"hash":"e0df8d76aba09dd864018e720a208b109bae4e51","messageTitle":"Add item type as new field for encoding of tasks","messageBody":"","fileTypesAndContributionMap":{"functional-code":{"insertions":2,"deletions":1}}},{"hash":"69c09f74f8e3209c7d7bf96454fb0b0e5a66af0b","messageTitle":"Update EventEncoder class to encode subtasks within each event","messageBody":"","fileTypesAndContributionMap":{"functional-code":{"insertions":17,"deletions":4}}},{"hash":"1c81aac8f03401b4c358f3fa363ad16c105ebdbf","messageTitle":"Update JUnit test for EventEncoder","messageBody":"","fileTypesAndContributionMap":{"test-code":{"insertions":41,"deletions":10}}},{"hash":"6dd275e3e4129312c825ea3b0ddb221e555c3ad0","messageTitle":"Update save method in StorageFile.java","messageBody":"Save functionality is now written to save events with tasks nested\nunder them.\n","fileTypesAndContributionMap":{"functional-code":{"insertions":6,"deletions":12}}},{"hash":"a55c3a36aa6c639041fa125cb6dbd507c619724b","messageTitle":"Update StorageFile to load file based on new project structure","messageBody":"The load method will first scan each line of String for an event. It\nwill then construct that event. If the next line of String is a\ntask, it will add that task to the last constructed event. The main\nassertion is that the first line in the save file always has to be\nan event.\n","fileTypesAndContributionMap":{"functional-code":{"insertions":20,"deletions":24}}},{"hash":"19393e343d5430e76b231aad9d74c139232c3ce6","messageTitle":"Remove unused methods in Event and Task Decoders","messageBody":"","fileTypesAndContributionMap":{"functional-code":{"insertions":14,"deletions":32}}},{"hash":"6d9afc883bd7ff0a57bf8fa86f8ebf449c04c02b","messageTitle":"Duke.java: Update main to reflect changes","messageBody":"","fileTypesAndContributionMap":{"functional-code":{"insertions":3,"deletions":7}}},{"hash":"9a55d7af558ed8e0a18187f317d205941285a320","messageTitle":"Update JUnit tests","messageBody":"","fileTypesAndContributionMap":{"test-code":{"insertions":14,"deletions":44}}},{"hash":"ddd5986578f260d3f8f8fccfa1efbc477c9d985f","messageTitle":"Fix checkStyle errors","messageBody":"","fileTypesAndContributionMap":{"functional-code":{"insertions":2,"deletions":2}}},{"hash":"210d8ce92e34a0e01833ae91db7a7a8385eb890e","messageTitle":"Fix checkStyle errors","messageBody":"","fileTypesAndContributionMap":{"test-code":{"insertions":3,"deletions":3}}},{"hash":"a104fee3529bfffac3b1231f4405ba7bc06ea92b","messageTitle":"Update JUnit test for TaskEncoder","messageBody":"","fileTypesAndContributionMap":{"test-code":{"insertions":2,"deletions":2}}},{"hash":"de48ae483f236f399b941377edc0be3fa5fa9564","messageTitle":"Add assertion","messageBody":"","fileTypesAndContributionMap":{"functional-code":{"insertions":2,"deletions":1}}},{"hash":"38f7065571a0fe9619e9b3343ed9f488b3596b6e","messageTitle":"Enable assertions","messageBody":"","fileTypesAndContributionMap":{"other":{"insertions":1,"deletions":0}}},{"hash":"de2201d74a2826c6445a4565958b51f4cba94bdb","messageTitle":"Update DG for save functionality","messageBody":"","fileTypesAndContributionMap":{"docs":{"insertions":40,"deletions":1}}}]},{"date":"2021-10-23","commitResults":[{"hash":"71bbca411f176603011017670d304f15ebfda946","messageTitle":"Add new MemberParser class","messageBody":"","fileTypesAndContributionMap":{"functional-code":{"insertions":36,"deletions":0}}},{"hash":"dc549bb2776107d979eb1567302059f1e96b98ab","messageTitle":"Create parser package","messageBody":"* Refactor Parser.java into parser package\n","fileTypesAndContributionMap":{"functional-code":{"insertions":13,"deletions":12},"other":{"insertions":2,"deletions":1},"test-code":{"insertions":5,"deletions":10}}}]},{"date":"2021-10-24","commitResults":[{"hash":"ce051e8cc55dfdd084d347cd496ece3276fd6d12","messageTitle":"Add MemberEncoder class","messageBody":"","fileTypesAndContributionMap":{"functional-code":{"insertions":29,"deletions":0}}},{"hash":"988a7254f6e817d6bb9e7834ee709c1df89cf143","messageTitle":"Add JUnit tests for MemberEncoder class","messageBody":"","fileTypesAndContributionMap":{"test-code":{"insertions":32,"deletions":0}}},{"hash":"b668afd0bad1ea7c23ce86e09b4b50399e6dbfb8","messageTitle":"Add MemberDecoder class","messageBody":"","fileTypesAndContributionMap":{"functional-code":{"insertions":19,"deletions":0}}},{"hash":"eeabc89b43d93a6ee51079711311001526f33355","messageTitle":"Add JUnit tests for MemberDecoder class","messageBody":"","fileTypesAndContributionMap":{"test-code":{"insertions":19,"deletions":0}}},{"hash":"88d685dafb8ff44e29c76dd30720ea3bc5b9c3d6","messageTitle":"Add file loading delimiter attribute in Member class","messageBody":"","fileTypesAndContributionMap":{"functional-code":{"insertions":2,"deletions":0}}},{"hash":"f50e618511607fdce037335478a307e8d6bea0ca","messageTitle":"Update memberRoster to ArrayList\u003cMember\u003e","messageBody":"","fileTypesAndContributionMap":{"functional-code":{"insertions":1,"deletions":1}}},{"hash":"da5af26abc6ea17ae915133c56183a542b62b513","messageTitle":"Add new memberList and event attribute to Task","messageBody":"The memberList refers to the list of member objects assigned to the\ntask. The event refers to the event the task is assigned to.\n","fileTypesAndContributionMap":{"functional-code":{"insertions":16,"deletions":0}}},{"hash":"7f0c7f996a4bfd9c7488cdb4aa3fd86ddbd1a988","messageTitle":"Update task encoder to encode assigned members in memberList","messageBody":"In MemberEncoder.java, let\u0027s update encodeMemberNameToString\u0027s\nvisibility to protected to achieve this.\n","fileTypesAndContributionMap":{"functional-code":{"insertions":12,"deletions":2}}},{"hash":"9f928ceddb4987640447ac54fca8c59e988c0589","messageTitle":"Update JUnit test for TaskEncoder","messageBody":"","fileTypesAndContributionMap":{"test-code":{"insertions":27,"deletions":9}}},{"hash":"424bf67c689c051a010c5dc3660041d339093565","messageTitle":"StorageFile.java: Update save to save memberRoster","messageBody":"","fileTypesAndContributionMap":{"functional-code":{"insertions":13,"deletions":5}}},{"hash":"add2e9c59439b00c9ca1a8108773b7e6022b7e12","messageTitle":"TaskDecoder.java: Add method to decode assigned members","messageBody":"","fileTypesAndContributionMap":{"functional-code":{"insertions":26,"deletions":2}}},{"hash":"1b5a6f963851be9b50dce1430c07998fbe4f1f9a","messageTitle":"StorageFile.java: Update load functionality to load member data","messageBody":"","fileTypesAndContributionMap":{"functional-code":{"insertions":40,"deletions":10}}},{"hash":"855830e2606b85665a8e36287fb70ff51efd9f63","messageTitle":"Update Duke.java to implement new save and load functionalities","messageBody":"","fileTypesAndContributionMap":{"functional-code":{"insertions":8,"deletions":3}}},{"hash":"8e36e45dfb243e12896b1569847156b2e021d51d","messageTitle":"Update encoder/decoder method visibilities","messageBody":"","fileTypesAndContributionMap":{"functional-code":{"insertions":9,"deletions":10}}},{"hash":"4376a12f0fb871de83a49d843ca324b1a517eb73","messageTitle":"Update JUnit test for TaskDecoder class","messageBody":"","fileTypesAndContributionMap":{"test-code":{"insertions":5,"deletions":2}}},{"hash":"5ad0379c6b8d7c37e0cac4ba565c895b9ef7c70d","messageTitle":"Fix CheckStyle import errors","messageBody":"","fileTypesAndContributionMap":{"test-code":{"insertions":2,"deletions":2}}},{"hash":"0b113811d8f2b194897688ad492a545138ee8659","messageTitle":"Fix JUnit test for EventEncoder class","messageBody":"","fileTypesAndContributionMap":{"test-code":{"insertions":10,"deletions":5}}}]},{"date":"2021-10-26","commitResults":[{"hash":"22de9bd63e08634f8780ed68e7dcee5594962900","messageTitle":"Update UI help messages","messageBody":"* Update parseCommand such that help message is not printed as default\n","fileTypesAndContributionMap":{"functional-code":{"insertions":41,"deletions":17}}},{"hash":"73e3892becd107943df0c4a359fbe2d975e3d7db","messageTitle":"Add parseCommand exception throw to JUnit tests","messageBody":"","fileTypesAndContributionMap":{"test-code":{"insertions":18,"deletions":11}}}]},{"date":"2021-10-27","commitResults":[{"hash":"b9ed82677bbd7a7881a21763aec13d7b5ba2e385","messageTitle":"Update UG documentation","messageBody":"* General skeleton of UG implemented\n","fileTypesAndContributionMap":{"docs":{"insertions":170,"deletions":21}}},{"hash":"4fdca82b528a3b3ca5009645876aeedfdaf2d0b9","messageTitle":"Update DG for save and load functionality","messageBody":"","fileTypesAndContributionMap":{"docs":{"insertions":65,"deletions":5}}},{"hash":"22c6eb54a37cb5fdf765946ec98a187813d62256","messageTitle":"Add delete all function in UI help message","messageBody":"","fileTypesAndContributionMap":{"functional-code":{"insertions":2,"deletions":0}}},{"hash":"e574ab9200a725f00f3eae1104c4c5fc1cd589dc","messageTitle":"Update UG","messageBody":"* Add list functions\n* Shift delete all documentation to below delete event function\n* Add FAQ\n* Add command summary\n","fileTypesAndContributionMap":{"docs":{"insertions":132,"deletions":18}}}]},{"date":"2021-10-29","commitResults":[{"hash":"8692cf4e0f82efef7b8cf73e0af506a5090dd1c1","messageTitle":"Update UG formatting","messageBody":"","fileTypesAndContributionMap":{"docs":{"insertions":14,"deletions":10}}}]},{"date":"2021-10-30","commitResults":[{"hash":"b3c30ef4b43ce8ff407506630778df9a7012ffcc","messageTitle":"Add crabnuggets.md ppp file","messageBody":"","fileTypesAndContributionMap":{"docs":{"insertions":0,"deletions":0}}}]},{"date":"2021-10-31","commitResults":[{"hash":"6b6e239128c51819316873ed18502d41b0bbfe99","messageTitle":"Add ItemAttribute and ItemType enums","messageBody":"","fileTypesAndContributionMap":{"functional-code":{"insertions":44,"deletions":0}}},{"hash":"808dd101818088e4ccba3b6166cc27416191670c","messageTitle":"Update Parser class to be abstract","messageBody":"","fileTypesAndContributionMap":{"functional-code":{"insertions":1,"deletions":0}}},{"hash":"420755edaac41079bdcb92cddeac64483f0398a9","messageTitle":"Add new main Parser methods for parser restructure","messageBody":"* Add getItemType method\n* Add getCommandAttributes method\n* Add retrieveItemAttribute method\n* Add AttributeNotFoundException\n* Add InvalidItemTypeException\n* Add NoCommandAttributesException\n","fileTypesAndContributionMap":{"functional-code":{"insertions":113,"deletions":3}}},{"hash":"215fbf77dbfcf4c9861c2a41a9daa3ede12553dc","messageTitle":"Add abstract AddParser subclass","messageBody":"* Inherit from Parser class\n* Add example template for getAddCommand method\n* Add example template for parseAddEvent method\n","fileTypesAndContributionMap":{"functional-code":{"insertions":89,"deletions":0}}},{"hash":"53a54b685e3c48486d09d0f4ea4daf7649068b3f","messageTitle":"Add skeleton for AddParser","messageBody":"","fileTypesAndContributionMap":{"functional-code":{"insertions":8,"deletions":1}}},{"hash":"294d84461a8ecda9f558b34305d08a981f4236ec","messageTitle":"Add description field for event case in getAddCommand","messageBody":"","fileTypesAndContributionMap":{"functional-code":{"insertions":2,"deletions":0}}},{"hash":"b9eb35c93f9f517fa70df00e39b342ec737ecba6","messageTitle":"Update parser package skeleton","messageBody":"","fileTypesAndContributionMap":{"functional-code":{"insertions":70,"deletions":0},"test-code":{"insertions":0,"deletions":5}}},{"hash":"8ee32d5d6549620c4ca547153e22f91912aa9360","messageTitle":"Fix checkstyle errors","messageBody":"","fileTypesAndContributionMap":{"functional-code":{"insertions":12,"deletions":9}}},{"hash":"64f37a4d09d951a70337a0409b314a0f2997aa27","messageTitle":"Fix bug to allow for JUnit test using old Parser structure","messageBody":"","fileTypesAndContributionMap":{"functional-code":{"insertions":5,"deletions":2}}},{"hash":"9574b89da8c8a136629d2eb010b156983c7fcbb3","messageTitle":"Add conversion of budget as double and dateTime as LocalDateTime","messageBody":"* Add new InvalidBudgetException\n* Update convertDateTime method in Parse to throw new exception\n","fileTypesAndContributionMap":{"functional-code":{"insertions":54,"deletions":4}}},{"hash":"8456663e8caeee667bbd742e0900f8b741213c04","messageTitle":"Update EventDecoder to handle new convertDateTime thrown exception","messageBody":"","fileTypesAndContributionMap":{"functional-code":{"insertions":2,"deletions":1},"test-code":{"insertions":2,"deletions":1}}},{"hash":"2cb4483ee94e5f32c098f07f09e5dd2d2469dd70","messageTitle":"Update TaskDecoder to handle new convertDateTime thrown exception","messageBody":"","fileTypesAndContributionMap":{"functional-code":{"insertions":2,"deletions":1},"test-code":{"insertions":2,"deletions":1}}},{"hash":"67c1674543c00ca3bdf8fcd758e1300b59869229","messageTitle":"Update JUnit tests to handle new convertDateTime thrown exception","messageBody":"","fileTypesAndContributionMap":{"test-code":{"insertions":6,"deletions":4}}},{"hash":"f6b1158a636c75c93fdd83d15b78e9bba8e2ea21","messageTitle":"Update JUnit tests to handle new convertDateTime thrown exception","messageBody":"","fileTypesAndContributionMap":{"test-code":{"insertions":3,"deletions":3}}},{"hash":"ef7464fc72ef689621643866231447089744a4ab","messageTitle":"Update JUnit tests to handle new convertDateTime thrown exception","messageBody":"","fileTypesAndContributionMap":{"test-code":{"insertions":10,"deletions":9}}}]},{"date":"2021-11-04","commitResults":[{"hash":"6826e1f7d1a299326dc73c35af1a8f161e3d6ffb","messageTitle":"crabnuggets.md: Add further updates to ppp","messageBody":"","fileTypesAndContributionMap":{"docs":{"insertions":58,"deletions":0}}},{"hash":"9ace9648efefb2bc84c614f3bdc6d846690ab8c0","messageTitle":"Add event of index and event title to task encoding","messageBody":"","fileTypesAndContributionMap":{"functional-code":{"insertions":7,"deletions":1}}},{"hash":"8720fa786e180ab7e51973f6e92baeceef583755","messageTitle":"Add event index and title decoding for tasks","messageBody":"","fileTypesAndContributionMap":{"functional-code":{"insertions":30,"deletions":2}}},{"hash":"8552b9bde84e8be3ef9c6c7dda75c3731e7195cf","messageTitle":"Add parseDateTimeForSaving method","messageBody":"* Does not throw exception\n* Does not care about whether date has already passed since\nsuch invalid data cannot be saved in the first place\n","fileTypesAndContributionMap":{"functional-code":{"insertions":4,"deletions":0}}}]},{"date":"2021-11-07","commitResults":[{"hash":"9aadd1b242c49d99c4742c4f66baf9523c3740ba","messageTitle":"Update file saving to catch errors and print errors in loading","messageBody":"","fileTypesAndContributionMap":{"functional-code":{"insertions":42,"deletions":26}}},{"hash":"86f5d17c662d086184e4e3e9cbcb306f59a4c2a0","messageTitle":"Update task decoder to check for validity of members","messageBody":"","fileTypesAndContributionMap":{"functional-code":{"insertions":42,"deletions":7}}},{"hash":"857f3a856f69f0dea7b2815d18bb7b4bf621f28b","messageTitle":"Update JUnit tests","messageBody":"","fileTypesAndContributionMap":{"test-code":{"insertions":163,"deletions":36}}},{"hash":"e3e7fcb272febca0aa101dac150e3a6b75c99c4a","messageTitle":"Clean up imports and code","messageBody":"","fileTypesAndContributionMap":{"functional-code":{"insertions":0,"deletions":1},"test-code":{"insertions":5,"deletions":8}}},{"hash":"d71729474d6a05618b6316dd18a82fa5591b6b66","messageTitle":"Fix member decoder JUnit test","messageBody":"","fileTypesAndContributionMap":{"test-code":{"insertions":2,"deletions":2}}},{"hash":"ac010b378ffd3ea1691d9143cea236985667e942","messageTitle":"Improve branch coverage of JUnit tests","messageBody":"","fileTypesAndContributionMap":{"test-code":{"insertions":37,"deletions":2}}},{"hash":"9992db4dd6a3d247ffea688c90e2557576c22425","messageTitle":"Update EXPECTED.TXT","messageBody":"","fileTypesAndContributionMap":{"functional-code":{"insertions":2,"deletions":1}}},{"hash":"612db7f3d1f4d588044f61aea03e79134137a683","messageTitle":"Refactor name of load method to be slightly more descriptive","messageBody":"","fileTypesAndContributionMap":{"functional-code":{"insertions":2,"deletions":2}}},{"hash":"f45613a75bb7c72a547e9cccf9fc33e9acb700d9","messageTitle":"Update .puml and image files for load and save diagrams","messageBody":"","fileTypesAndContributionMap":{"functional-code":{"insertions":6,"deletions":8},"docs":{"insertions":49,"deletions":39}}},{"hash":"84626caf82aa29acc35a720a7c14a5533828349c","messageTitle":"Update DG for load and save functionalities","messageBody":"","fileTypesAndContributionMap":{"docs":{"insertions":14,"deletions":14}}}]},{"date":"2021-11-08","commitResults":[{"hash":"163698f167b32c1899689e3dd2ef29fe16c6849a","messageTitle":"Update PPP","messageBody":"","fileTypesAndContributionMap":{"docs":{"insertions":21,"deletions":44}}},{"hash":"1f70b42c2c8dd7370f5d0520a9ddef2c5757a1ee","messageTitle":"Fix bug whereby task decoder was creating new duplicate member objects","messageBody":"","fileTypesAndContributionMap":{"functional-code":{"insertions":6,"deletions":2}}}]}],"alwinangys":[{"date":"2021-09-29","commitResults":[{"hash":"73e99053f52669fca5fcfd34cac2709cfe9cc707","messageTitle":"Update AboutUs.md","messageBody":"","fileTypesAndContributionMap":{"docs":{"insertions":1,"deletions":2}}}]},{"date":"2021-10-06","commitResults":[{"hash":"77656dda62c6eba60c950842a4a400ba0a3d1c9e","messageTitle":"Add general exception","messageBody":"","fileTypesAndContributionMap":{"functional-code":{"insertions":8,"deletions":0}}},{"hash":"8a6ac8a956483f190dd430853134eacc14f7f391","messageTitle":"Add class attributes and methods","messageBody":"","fileTypesAndContributionMap":{"functional-code":{"insertions":61,"deletions":2}}},{"hash":"d985b9c1058107bfe7e8aef793094eb84329a6c4","messageTitle":"Add delete method","messageBody":"","fileTypesAndContributionMap":{"functional-code":{"insertions":34,"deletions":4}}},{"hash":"832c5584d6b3b1a2d9b01c06fb7ff9cfb8dd13de","messageTitle":"Convert command array to string","messageBody":"","fileTypesAndContributionMap":{"functional-code":{"insertions":10,"deletions":6}}}]},{"date":"2021-10-08","commitResults":[{"hash":"a468bb08d88cc92192b162ef0411e636a407ab7f","messageTitle":"Update item, task, event classes","messageBody":"","fileTypesAndContributionMap":{"functional-code":{"insertions":31,"deletions":45}}},{"hash":"653b4a6489693bb4945cedd7d0bcdceb4aa0bfad","messageTitle":"Improve code","messageBody":"","fileTypesAndContributionMap":{"functional-code":{"insertions":1,"deletions":2}}},{"hash":"5ab7b5f3229ee2d76b2bf0895a061f99432a440a","messageTitle":"Add basic features to SelectCommand class","messageBody":"","fileTypesAndContributionMap":{"functional-code":{"insertions":39,"deletions":2}}},{"hash":"2ccb0ca1b3a0c7af13d6cba2733e470cf6ecf158","messageTitle":"Improve code","messageBody":"","fileTypesAndContributionMap":{"functional-code":{"insertions":5,"deletions":4}}},{"hash":"4739099719b6c84237ace8eac4c7de08cc15169f","messageTitle":"Fix checkstyle","messageBody":"","fileTypesAndContributionMap":{"functional-code":{"insertions":1,"deletions":1}}}]},{"date":"2021-10-11","commitResults":[{"hash":"1bd97133a900fbb6a9594f20aa07727f84cb5b55","messageTitle":"Change SelectCommand to FindCommand, add new FindCommand class","messageBody":"","fileTypesAndContributionMap":{"functional-code":{"insertions":40,"deletions":36}}}]},{"date":"2021-10-12","commitResults":[{"hash":"da27d531b26f9518bd503e22f0e7c1631e427bac","messageTitle":"Added find in parser","messageBody":"","fileTypesAndContributionMap":{"functional-code":{"insertions":3,"deletions":1}}},{"hash":"56587de8587ef72dfb9ca4bda585050355234fd1","messageTitle":"Change date to dateTime","messageBody":"","fileTypesAndContributionMap":{"functional-code":{"insertions":7,"deletions":7}}},{"hash":"641a4498859a97bda61d1478a9ba127cd568e822","messageTitle":"Improvde code","messageBody":"","fileTypesAndContributionMap":{"functional-code":{"insertions":13,"deletions":6}}},{"hash":"7c6ba3c74b07bbf85d6ab69b4e2defc0e73a7a7a","messageTitle":"Add initial SelectCommand class","messageBody":"","fileTypesAndContributionMap":{"functional-code":{"insertions":48,"deletions":1}}},{"hash":"c0793d56fbfee6a05cc495ae989b2cab9e836876","messageTitle":"Add Ui messages for selecting tasks","messageBody":"","fileTypesAndContributionMap":{"functional-code":{"insertions":10,"deletions":0}}},{"hash":"1285fddcc782ef601a991d6abf06919febef8410","messageTitle":"Improve code","messageBody":"","fileTypesAndContributionMap":{"functional-code":{"insertions":16,"deletions":3}}},{"hash":"b42840d1c4b4cdbe18e750e482eab7c71b687e86","messageTitle":"Add exceptions","messageBody":"","fileTypesAndContributionMap":{"functional-code":{"insertions":27,"deletions":2}}},{"hash":"7ff585c25d839f9f1d3f64056a7acad9868c9187","messageTitle":"Add SelectCommand class","messageBody":"","fileTypesAndContributionMap":{"functional-code":{"insertions":30,"deletions":20}}},{"hash":"07eb187a01187d72659157d892815fb305d152d3","messageTitle":"Removed whitespace","messageBody":"","fileTypesAndContributionMap":{"functional-code":{"insertions":0,"deletions":2}}},{"hash":"38c2e402b6de774d80b66b106b6e125c20ff50a5","messageTitle":"Improve code","messageBody":"","fileTypesAndContributionMap":{"functional-code":{"insertions":25,"deletions":11}}},{"hash":"cc706873e2931ecf11f02f4094cdb17a3d5452f2","messageTitle":"Improve formatting","messageBody":"","fileTypesAndContributionMap":{"functional-code":{"insertions":1,"deletions":1}}},{"hash":"e90d37b7bf45aafbc5e0b4634af7a96b41258cc6","messageTitle":"Improve code","messageBody":"","fileTypesAndContributionMap":{"functional-code":{"insertions":23,"deletions":24}}}]},{"date":"2021-10-19","commitResults":[{"hash":"23f3967ed2ad475838fc125ecc987782713d76c2","messageTitle":"Add initial changes","messageBody":"","fileTypesAndContributionMap":{"functional-code":{"insertions":62,"deletions":32}}}]},{"date":"2021-10-21","commitResults":[{"hash":"766c93363b261700aa78091c87407970d7217251","messageTitle":"first commit before change","messageBody":"","fileTypesAndContributionMap":{"functional-code":{"insertions":35,"deletions":11}}},{"hash":"6eeb77400d91655f9ec029399c8227880a8c5d1f","messageTitle":"Add delete all confirmation","messageBody":"","fileTypesAndContributionMap":{"functional-code":{"insertions":63,"deletions":44}}},{"hash":"c4a6e03e8e985d2be5eb40ca8d52556f81c32f8b","messageTitle":"Add basic logging and assertions","messageBody":"","fileTypesAndContributionMap":{"functional-code":{"insertions":11,"deletions":1}}},{"hash":"bf344e8c8e6646c61cf5c82879a4f21e0fa2a60f","messageTitle":"Add basic JUnit tests","messageBody":"","fileTypesAndContributionMap":{"test-code":{"insertions":39,"deletions":0}}},{"hash":"96c4936fde5ea1a39ba4b991a73a7e5eacbc68d1","messageTitle":"Fix gradle checks","messageBody":"","fileTypesAndContributionMap":{"functional-code":{"insertions":6,"deletions":5}}},{"hash":"6bc90b4b585c07653e83dd9a9e67f21c98fad985","messageTitle":"Fix gradle checks","messageBody":"","fileTypesAndContributionMap":{"test-code":{"insertions":2,"deletions":2}}}]},{"date":"2021-10-22","commitResults":[{"hash":"ffacefe625024aabb0c3c11b03c30e6533c83d9c","messageTitle":"initial commit","messageBody":"","fileTypesAndContributionMap":{"docs":{"insertions":13,"deletions":0}}},{"hash":"d953c4448bae4d9032556e9f13d3193d4fe4b328","messageTitle":"Update DG with simple description of DeleteCommand","messageBody":"","fileTypesAndContributionMap":{"docs":{"insertions":6,"deletions":2}}}]},{"date":"2021-10-23","commitResults":[{"hash":"6899869f98aaa04192c8119214553b8260ab5588","messageTitle":"Restart SelectCommand implementation","messageBody":"","fileTypesAndContributionMap":{"functional-code":{"insertions":1,"deletions":58}}}]},{"date":"2021-10-24","commitResults":[{"hash":"4546216e4a5d03cb5faddf887059d63dab67371c","messageTitle":"Improve delete command","messageBody":"","fileTypesAndContributionMap":{"functional-code":{"insertions":3,"deletions":5}}},{"hash":"bbfe583030d68ddaf4626e43d42ebd003e1c4c4b","messageTitle":"Initial SelectCommand","messageBody":"","fileTypesAndContributionMap":{"functional-code":{"insertions":86,"deletions":1}}},{"hash":"d397d49e2953cabd3f54695202b2e4a683a1cbe5","messageTitle":"Update getting task and event for printing","messageBody":"","fileTypesAndContributionMap":{"functional-code":{"insertions":7,"deletions":2}}},{"hash":"793acac65eaddf641af0e892fc3b7a2a2fdbd302","messageTitle":"Add memberList","messageBody":"","fileTypesAndContributionMap":{"functional-code":{"insertions":4,"deletions":0}}},{"hash":"9a41bb3e46add802ef7c42f7c1ce927e92dd6488","messageTitle":"Removed check for selected event, already done in Add","messageBody":"","fileTypesAndContributionMap":{"functional-code":{"insertions":3,"deletions":9}}},{"hash":"9b04418f0afce0b2dfd3c0812ec9e56e0da6f978","messageTitle":"Improve code","messageBody":"","fileTypesAndContributionMap":{"functional-code":{"insertions":1,"deletions":5}}},{"hash":"ef4628fac1f5a265b851c307e55b2568777b6679","messageTitle":"Add ability to store last selected event","messageBody":"","fileTypesAndContributionMap":{"functional-code":{"insertions":55,"deletions":11}}},{"hash":"320c860af6d46a58ba5bc0f0695bea86d02750e9","messageTitle":"Improve code","messageBody":"","fileTypesAndContributionMap":{"functional-code":{"insertions":1,"deletions":1}}},{"hash":"c408c8a837b7343f7456b4ab915cfcf912a95543","messageTitle":"Initial implementation","messageBody":"","fileTypesAndContributionMap":{"functional-code":{"insertions":41,"deletions":44}}},{"hash":"49f2470908f7f7039977212fc0d6c8c333e47cd8","messageTitle":"change from ArrayList to array implementation","messageBody":"","fileTypesAndContributionMap":{"functional-code":{"insertions":11,"deletions":8}}},{"hash":"d1245e8f68eb1889323557cecc3c29350c1c3ff7","messageTitle":"Improve code","messageBody":"","fileTypesAndContributionMap":{"functional-code":{"insertions":1,"deletions":1}}}]},{"date":"2021-10-25","commitResults":[{"hash":"776b91f317dc8531a54b12daa1454c137e1a4b07","messageTitle":"Add JUnit tests for select","messageBody":"","fileTypesAndContributionMap":{"test-code":{"insertions":61,"deletions":0}}},{"hash":"b35a73b8b8c48d2453e891313e902e525af43e2b","messageTitle":"Improve code","messageBody":"","fileTypesAndContributionMap":{"test-code":{"insertions":1,"deletions":7}}},{"hash":"8fd1f4546210a48f6d98354fe9aa30167e736a88","messageTitle":"fix checkstyle","messageBody":"","fileTypesAndContributionMap":{"functional-code":{"insertions":1,"deletions":1}}},{"hash":"c85bc29e87ee6286b1ef2750faa68c7350e5a81a","messageTitle":"clear eventCatalog before starting test","messageBody":"","fileTypesAndContributionMap":{"test-code":{"insertions":2,"deletions":0}}},{"hash":"ea0b0c2a1b24ec245b71a48160d08ad0a6200f6b","messageTitle":"improve code","messageBody":"","fileTypesAndContributionMap":{"test-code":{"insertions":1,"deletions":0}}},{"hash":"53b046a68e905579b702d25e9cf476ca1fef1cbd","messageTitle":"Improve select when event is deleted","messageBody":"","fileTypesAndContributionMap":{"functional-code":{"insertions":14,"deletions":1}}}]},{"date":"2021-10-26","commitResults":[{"hash":"1fc99bb40f151f7716e1f71e7929e29352ff89d2","messageTitle":"add SelectCommand UML diagram","messageBody":"","fileTypesAndContributionMap":{"docs":{"insertions":33,"deletions":0}}},{"hash":"fb0d4c635528d7108e9a42c1e82247797b7d63f0","messageTitle":"update UML diagram","messageBody":"","fileTypesAndContributionMap":{"docs":{"insertions":1,"deletions":1}}},{"hash":"57e77ddb3b932ccf1aa805312e604e7966173cc5","messageTitle":"add new UML diagram","messageBody":"","fileTypesAndContributionMap":{"docs":{"insertions":0,"deletions":0}}},{"hash":"5de94bd671fc7c627193a7087cd4243a18f84151","messageTitle":"Update UML diagram","messageBody":"","fileTypesAndContributionMap":{"docs":{"insertions":2,"deletions":0}}},{"hash":"101da234b3aa5f8b9e99cb25b2ca552c331297cc","messageTitle":"initial commit","messageBody":"","fileTypesAndContributionMap":{"docs":{"insertions":8,"deletions":1}}},{"hash":"78f733e09b66d6e7f461cd3a32e4adb2ec953f17","messageTitle":"update DG","messageBody":"","fileTypesAndContributionMap":{"docs":{"insertions":4,"deletions":1}}},{"hash":"adbf55b9a71005f15adf612c56f6e10dd16ac815","messageTitle":"Improve deleteCommand for member","messageBody":"","fileTypesAndContributionMap":{"functional-code":{"insertions":48,"deletions":2}}},{"hash":"9c37eba229749f64270d9fb4eaeba6ac1aa5d936","messageTitle":"Add member deletion message","messageBody":"","fileTypesAndContributionMap":{"functional-code":{"insertions":5,"deletions":0}}},{"hash":"93238c1985bfa508eaad565d1328f5e300503068","messageTitle":"improve code","messageBody":"","fileTypesAndContributionMap":{"functional-code":{"insertions":0,"deletions":1}}},{"hash":"97d6139b4b453016f87814bf0ff82ea095f27028","messageTitle":"improve printing messages","messageBody":"","fileTypesAndContributionMap":{"functional-code":{"insertions":16,"deletions":11}}},{"hash":"dd62738357b787dde400a9aa7d4b1192d78bd5c5","messageTitle":"add ability to get tasks as String","messageBody":"","fileTypesAndContributionMap":{"functional-code":{"insertions":10,"deletions":0}}},{"hash":"ae0dc9f32ca5594780c01141ac60ea82a8b262c8","messageTitle":"add ability to get memberlist as string","messageBody":"","fileTypesAndContributionMap":{"functional-code":{"insertions":10,"deletions":0}}},{"hash":"a3508826c48d81b0b93e4ab9b0c33a1ac9a56501","messageTitle":"improve DeleteCommand","messageBody":"","fileTypesAndContributionMap":{"functional-code":{"insertions":17,"deletions":9}}}]},{"date":"2021-10-27","commitResults":[{"hash":"bb3e89a2dd51754046683d32586b6ba25a96d808","messageTitle":"update UG","messageBody":"","fileTypesAndContributionMap":{"docs":{"insertions":42,"deletions":3}}}]},{"date":"2021-10-28","commitResults":[{"hash":"99c7cf41ed16b108fb3a90a52af7b7b2a579e47e","messageTitle":"fix print counter","messageBody":"","fileTypesAndContributionMap":{"functional-code":{"insertions":2,"deletions":0}}}]},{"date":"2021-11-03","commitResults":[{"hash":"2090d00116b788ec32b6112a6fc72c785b254a05","messageTitle":"minor improve code","messageBody":"","fileTypesAndContributionMap":{"functional-code":{"insertions":8,"deletions":5}}},{"hash":"cc453307c49d05298c9137af7054897721c72dc9","messageTitle":"restart SelectCommand","messageBody":"","fileTypesAndContributionMap":{"functional-code":{"insertions":1,"deletions":113}}},{"hash":"280d231f0081002482cf0b83da2bae86297df459","messageTitle":"add ability to select event and task","messageBody":"","fileTypesAndContributionMap":{"functional-code":{"insertions":74,"deletions":1}}}]},{"date":"2021-11-04","commitResults":[{"hash":"e19aa0f0b717615e16b9e0f79b0d7d707dd70527","messageTitle":"improve code","messageBody":"","fileTypesAndContributionMap":{"functional-code":{"insertions":50,"deletions":10}}}]},{"date":"2021-11-06","commitResults":[{"hash":"d425720925b95c9f789778ac661b2ca8c4f064e8","messageTitle":"update parsing and searching for member","messageBody":"","fileTypesAndContributionMap":{"functional-code":{"insertions":62,"deletions":10}}},{"hash":"3417cc380e54212ecdf7b3e30d5f972f0a839cc7","messageTitle":"add execution of selected member via index","messageBody":"","fileTypesAndContributionMap":{"functional-code":{"insertions":20,"deletions":3}}},{"hash":"cdd4f0b175dac2a4d31ee31e56d5eab17c2f569d","messageTitle":"add select member mesesage","messageBody":"","fileTypesAndContributionMap":{"functional-code":{"insertions":5,"deletions":0}}},{"hash":"88b8c6417c6465e8f91bc50d999e0c7a58d50db9","messageTitle":"add parsing of selecting member","messageBody":"","fileTypesAndContributionMap":{"functional-code":{"insertions":15,"deletions":32}}},{"hash":"c781f87218ae0e84ad69ea6fa791067ed1a4c820","messageTitle":"improve print messages","messageBody":"","fileTypesAndContributionMap":{"functional-code":{"insertions":3,"deletions":5}}},{"hash":"892d3baffde9aa18801e8f157062712ac2a2188b","messageTitle":"improve error message","messageBody":"","fileTypesAndContributionMap":{"functional-code":{"insertions":1,"deletions":2}}},{"hash":"4b4f4a6f6e83bb35ff792245ac8b721f14a3096f","messageTitle":"remove whitespace","messageBody":"","fileTypesAndContributionMap":{"functional-code":{"insertions":0,"deletions":1}}},{"hash":"8387621540cd3171bae905060a86769e2e4b7414","messageTitle":"fix catching invalid task index bug","messageBody":"","fileTypesAndContributionMap":{"functional-code":{"insertions":5,"deletions":6}}},{"hash":"ae1f90d6ddbf0e7c9b5d5cf71e53e1b7c7e869ef","messageTitle":"fix checkstyle","messageBody":"","fileTypesAndContributionMap":{"functional-code":{"insertions":1,"deletions":2}}},{"hash":"4730bf3a57ff44a6ca9422c76679b0b1b55f8537","messageTitle":"initial commit","messageBody":"","fileTypesAndContributionMap":{"functional-code":{"insertions":1,"deletions":47}}},{"hash":"6a909c34bb8c0ab920809310a5969d47aa122d30","messageTitle":"add ability to find tasks","messageBody":"","fileTypesAndContributionMap":{"functional-code":{"insertions":80,"deletions":13}}}]},{"date":"2021-11-07","commitResults":[{"hash":"58ee4ed4ea2b92f2e14d5a478ea727068a3110c6","messageTitle":"condense find results directly into string","messageBody":"","fileTypesAndContributionMap":{"functional-code":{"insertions":14,"deletions":28}}},{"hash":"9c7ed757cf37fec196d84df939e4d80cf48cb8af","messageTitle":"add JUnit tests","messageBody":"","fileTypesAndContributionMap":{"test-code":{"insertions":82,"deletions":0}}},{"hash":"072ea5aeca611c490c5d4bd1a1ed9e25ef0e2b8d","messageTitle":"fix checkstyle","messageBody":"","fileTypesAndContributionMap":{"test-code":{"insertions":9,"deletions":4}}},{"hash":"cd847e006beb65cc103e72ff36cbf25772c546f6","messageTitle":"remove whitespace","messageBody":"","fileTypesAndContributionMap":{"test-code":{"insertions":2,"deletions":2}}},{"hash":"e295368038db01335bf19da35aa740549cd559d6","messageTitle":"comment out code to postpone fix","messageBody":"","fileTypesAndContributionMap":{"test-code":{"insertions":17,"deletions":17}}},{"hash":"1e0459e72a3053e7afe734a6a4ea07c83d682096","messageTitle":"fix indentation","messageBody":"","fileTypesAndContributionMap":{"test-code":{"insertions":17,"deletions":17}}},{"hash":"a3328a6b22427e35e0002f2a2fdceddf465c3b93","messageTitle":"refactor filtering of events into FindCommand","messageBody":"","fileTypesAndContributionMap":{"functional-code":{"insertions":33,"deletions":30}}},{"hash":"8b3ce83237113af075ae50cac6e40f3a5227ad2b","messageTitle":"improve JUnit","messageBody":"","fileTypesAndContributionMap":{"test-code":{"insertions":8,"deletions":8}}},{"hash":"af789f400b7c64b9fe6fd52f40e2e8db877bf573","messageTitle":"add more JUnit","messageBody":"","fileTypesAndContributionMap":{"test-code":{"insertions":10,"deletions":9}}},{"hash":"6ec2e9fe44dcd914198c23a6c2c8a93dba5d58a8","messageTitle":"improve JUnit","messageBody":"","fileTypesAndContributionMap":{"test-code":{"insertions":1,"deletions":1}}},{"hash":"776528e6ac0d712b5601d27cb679a7b1a246f3f0","messageTitle":"improve JUnit","messageBody":"","fileTypesAndContributionMap":{"test-code":{"insertions":1,"deletions":1}}},{"hash":"2223e351f476c6c07d7b0913115fa661d2624d0d","messageTitle":"restart deleteCommand","messageBody":"","fileTypesAndContributionMap":{"functional-code":{"insertions":0,"deletions":182}}},{"hash":"0e096fc86779f8a5375e8d2722f793f159411d35","messageTitle":"deleteParser initial commit","messageBody":"","fileTypesAndContributionMap":{"functional-code":{"insertions":78,"deletions":4}}},{"hash":"be44da77ea172df06921197e314cf9a98e8cbd52","messageTitle":"improve code","messageBody":"","fileTypesAndContributionMap":{"functional-code":{"insertions":5,"deletions":7}}},{"hash":"592b7c3e4081d93c18165e4469dcaacd0db053e5","messageTitle":"first test for deleting event and task","messageBody":"","fileTypesAndContributionMap":{"functional-code":{"insertions":91,"deletions":1}}},{"hash":"dcf8ec71caeaf294d23aa5e6ce46fbc2085a5550","messageTitle":"fix IndexOutOfBounds exception","messageBody":"","fileTypesAndContributionMap":{"functional-code":{"insertions":2,"deletions":2}}},{"hash":"f162b7575e18f52f27e31303970f0ba358c512f3","messageTitle":"fix IndexOutOfBounds exception","messageBody":"","fileTypesAndContributionMap":{"functional-code":{"insertions":2,"deletions":2}}},{"hash":"3ca0fe49d086e8cc1dc09b2426558e57ca50d0f9","messageTitle":"improve code","messageBody":"","fileTypesAndContributionMap":{"functional-code":{"insertions":1,"deletions":1}}},{"hash":"554837d76e2b312005b126d585fd7ee769d2fadd","messageTitle":"remove commented out code","messageBody":"","fileTypesAndContributionMap":{"functional-code":{"insertions":0,"deletions":13}}},{"hash":"227aaf2c438fcbc05a6379cd3c469557fa4c6a68","messageTitle":"improve error messages","messageBody":"","fileTypesAndContributionMap":{"functional-code":{"insertions":8,"deletions":2}}},{"hash":"931e2db776b01fce0987dd2e22f0b64a9a3953fc","messageTitle":"improve code","messageBody":"","fileTypesAndContributionMap":{"functional-code":{"insertions":1,"deletions":2}}},{"hash":"2c53339b41152ce5dac8c0ca7d36aad4f20f9924","messageTitle":"add initial deletemember functionality","messageBody":"","fileTypesAndContributionMap":{"functional-code":{"insertions":86,"deletions":4}}}]},{"date":"2021-11-08","commitResults":[{"hash":"84d27095cca12ac894c08df678a9dfd54aea2d10","messageTitle":"improve code","messageBody":"","fileTypesAndContributionMap":{"functional-code":{"insertions":55,"deletions":25}}},{"hash":"3dd0b961051b388fbdfe7b93cf54971bb68404d2","messageTitle":"fix bugs","messageBody":"","fileTypesAndContributionMap":{"functional-code":{"insertions":5,"deletions":3}}}]}]},"authorFileTypeContributionMap":{"antrikshv":{"docs":213,"functional-code":1015,"test-code":428},"Alvinlj00":{"docs":58,"functional-code":782,"test-code":13},"crabnuggets":{"docs":434,"functional-code":883,"test-code":530,"other":1},"alwinangys":{"docs":99,"functional-code":661,"test-code":176}},"authorContributionVariance":{"antrikshv":36366.32,"Alvinlj00":16987.428,"crabnuggets":19608.104,"alwinangys":19925.342},"authorDisplayNameMap":{"antrikshv":"CS2113T-W12-3 ANTR..ERMA","Alvinlj00":"CS2113T-W12-3 ALVI.. JUN","crabnuggets":"CS2113T-W12-3 ALVI..IONG","alwinangys":"CS2113T-W12-3 ANG ..LWIN"}}
