{"authorDailyContributionsMap":{"SvethaMahadevan":[{"date":"2021-09-30","commitResults":[{"hash":"67c231ca4c2b099325ddaf08281ce59314175d56","messageTitle":"Update AboutUs.md","messageBody":"","fileTypesAndContributionMap":{"docs":{"insertions":1,"deletions":1}}}]},{"date":"2021-10-06","commitResults":[{"hash":"216ffae6edf812b313ed08a1b633f212a679a0a0","messageTitle":"add note functionality","messageBody":"","fileTypesAndContributionMap":{"functional-code":{"insertions":53,"deletions":1},"test-code":{"insertions":6,"deletions":0}}},{"hash":"de092dd932675a7c592f282a737e1412bc5218aa","messageTitle":"fixing bugs","messageBody":"","fileTypesAndContributionMap":{"functional-code":{"insertions":3,"deletions":7}}},{"hash":"3b37780f36a1c1e8bbd3a9cf0ad407d4e6fa9287","messageTitle":"fixing bugs","messageBody":"","fileTypesAndContributionMap":{"functional-code":{"insertions":1,"deletions":0}}},{"hash":"6b1f2c2fbfd86d13d1e63005c8c6c63b8ba37497","messageTitle":"JUnit test extracted and minor edits","messageBody":"","fileTypesAndContributionMap":{"functional-code":{"insertions":15,"deletions":11},"test-code":{"insertions":20,"deletions":5}}},{"hash":"92554085524604e9cfba88f9090a66d43c1416a1","messageTitle":"Update ParserJournalTest","messageBody":"","fileTypesAndContributionMap":{"test-code":{"insertions":1,"deletions":3}}}]},{"date":"2021-10-11","commitResults":[{"hash":"9e7ec00a9153182e9c56c7504440eeed1f8da8c7","messageTitle":"added storage for notes and implemented adding of notes and adding of entries to desired note","messageBody":"","fileTypesAndContributionMap":{"functional-code":{"insertions":264,"deletions":56}}},{"hash":"aebd4510eba688e8deb283deabcd56728cbda824","messageTitle":"fixed checkstyle errors","messageBody":"","fileTypesAndContributionMap":{"functional-code":{"insertions":23,"deletions":12}}},{"hash":"12764f3fd96710d27ad1c7670261d33c05ee8a3d","messageTitle":"fixed checkstyle errors","messageBody":"","fileTypesAndContributionMap":{"functional-code":{"insertions":1,"deletions":2},"test-code":{"insertions":0,"deletions":17}}}]},{"date":"2021-10-13","commitResults":[{"hash":"409b6c9b8c3907260ae6f176d86aaac8f3dcce3e","messageTitle":"resolving conflicts","messageBody":"","fileTypesAndContributionMap":{"functional-code":{"insertions":396,"deletions":81},"test-code":{"insertions":14,"deletions":0}}},{"hash":"c983f7d74cee1da247a89e846f2e570bd9527092","messageTitle":"minor edits","messageBody":"","fileTypesAndContributionMap":{"functional-code":{"insertions":1,"deletions":1}}},{"hash":"5c60239cb63facdd87476f2bfe14eb535e7db92e","messageTitle":"checkstyleTest errors fixing","messageBody":"","fileTypesAndContributionMap":{"test-code":{"insertions":1,"deletions":1}}},{"hash":"a26cb37a99ff678172413a09198f0a83d109c8d2","messageTitle":"fixing IO test errors","messageBody":"","fileTypesAndContributionMap":{"functional-code":{"insertions":5,"deletions":2}}},{"hash":"7fd0aef835426ca76f6088320cce03d417030c76","messageTitle":"adding JavaDoc comments","messageBody":"","fileTypesAndContributionMap":{"functional-code":{"insertions":11,"deletions":2}}},{"hash":"4c8790092e2f9e04580b633a1c84b3375e5eb7c0","messageTitle":"javadoc","messageBody":"","fileTypesAndContributionMap":{"functional-code":{"insertions":112,"deletions":30},"test-code":{"insertions":54,"deletions":0}}},{"hash":"7794f3c4da691c7ca9a1ad87e660aa143a5bd23d","messageTitle":"checkstyle","messageBody":"","fileTypesAndContributionMap":{"functional-code":{"insertions":12,"deletions":10},"test-code":{"insertions":12,"deletions":20}}},{"hash":"b9d50ef4f0017030b2d8c95781c55badde646844","messageTitle":"Javadoc and checkstyle errors","messageBody":"","fileTypesAndContributionMap":{"functional-code":{"insertions":1,"deletions":1}}},{"hash":"9c78cda803fc206a298dcc36470f64214c85e21c","messageTitle":"fixing checkstyleTest errors","messageBody":"","fileTypesAndContributionMap":{"test-code":{"insertions":1,"deletions":1}}},{"hash":"710532ec0ac90319a8386687288d330814fba225","messageTitle":"fixing JUnit tests","messageBody":"","fileTypesAndContributionMap":{"test-code":{"insertions":20,"deletions":12}}},{"hash":"eb071a23afebba9a6ec1c369bf1339be379b24d2","messageTitle":"added assertions","messageBody":"","fileTypesAndContributionMap":{"functional-code":{"insertions":1,"deletions":0}}},{"hash":"77300bf72c890d546ebfbf08d910176bd649c7ef","messageTitle":"fixed checkstyle error","messageBody":"","fileTypesAndContributionMap":{"functional-code":{"insertions":1,"deletions":1}}},{"hash":"5d7240a905213ed1d9fe5abd5d066a4a07f79846","messageTitle":"editing Javadoc","messageBody":"","fileTypesAndContributionMap":{"functional-code":{"insertions":1,"deletions":1}}},{"hash":"544c7488c90e0ebb638f883e6157a38941676291","messageTitle":"FIXES FOR STORAGE","messageBody":"","fileTypesAndContributionMap":{"functional-code":{"insertions":10,"deletions":3}}}]}],"nvbinh15":[{"date":"2021-09-30","commitResults":[{"hash":"0eb8d9688b60988c4b69e6e3ec558abbb1c527d6","messageTitle":"Update AboutUs.md","messageBody":"","fileTypesAndContributionMap":{"docs":{"insertions":1,"deletions":1}}}]},{"date":"2021-10-04","commitResults":[{"hash":"d2f78afacd955f8ed7d648033170f1ef47560b02","messageTitle":"Define project structure","messageBody":"","fileTypesAndContributionMap":{"functional-code":{"insertions":24,"deletions":0}}},{"hash":"e5d7c7d7def48a2b51fc7df5832a860be9fe8482","messageTitle":"Fix class name","messageBody":"","fileTypesAndContributionMap":{"other":{"insertions":3,"deletions":3}}},{"hash":"36ff812ce72a6cfbe95d1b2d5f0409e47749e7d9","messageTitle":"Add date time parser and test","messageBody":"","fileTypesAndContributionMap":{"functional-code":{"insertions":63,"deletions":1},"test-code":{"insertions":17,"deletions":0}}},{"hash":"7ab81921844128ad8758cdb951cdacca1ce05e36","messageTitle":"Fix javadoc","messageBody":"","fileTypesAndContributionMap":{"functional-code":{"insertions":1,"deletions":1},"test-code":{"insertions":1,"deletions":1}}},{"hash":"9ecf425770f289348cf4591c369bb4fe36cce484","messageTitle":"Update an abstract class Command","messageBody":"","fileTypesAndContributionMap":{"functional-code":{"insertions":20,"deletions":2}}},{"hash":"1c8b6696e79cde1839360be206a899bf586e1793","messageTitle":"Update exceptions","messageBody":"","fileTypesAndContributionMap":{"functional-code":{"insertions":10,"deletions":0}}},{"hash":"039f357d573732da1f8453d60189062d0b799960","messageTitle":"Update Parser and ParserTest","messageBody":"","fileTypesAndContributionMap":{"functional-code":{"insertions":2,"deletions":0},"test-code":{"insertions":13,"deletions":2}}},{"hash":"aed974ead59cb0ed30a6750d1e9c9439e6c00f01","messageTitle":"Add exit command, modify main components","messageBody":"","fileTypesAndContributionMap":{"functional-code":{"insertions":208,"deletions":17}}},{"hash":"b13e3f73c6b375b68675c0efb0d29a80389c9724","messageTitle":"Fix coding style","messageBody":"","fileTypesAndContributionMap":{"functional-code":{"insertions":5,"deletions":2}}}]},{"date":"2021-10-05","commitResults":[{"hash":"d2ba5cb56e7a4fe3122dcca3b34a2b5706aa0e63","messageTitle":"Add blank lines to the end of files","messageBody":"","fileTypesAndContributionMap":{"functional-code":{"insertions":2,"deletions":2},"test-code":{"insertions":2,"deletions":2}}}]},{"date":"2021-10-07","commitResults":[{"hash":"778d11b532c97cdabea0a016da30aff3fd059e95","messageTitle":"Define Module and ModuleManager classes","messageBody":"","fileTypesAndContributionMap":{"functional-code":{"insertions":153,"deletions":0}}},{"hash":"5364930dbfe6f9eb5d22d98d7558e7522d50ffe7","messageTitle":"Fix Module constructors","messageBody":"","fileTypesAndContributionMap":{"functional-code":{"insertions":4,"deletions":4}}},{"hash":"5965b4074297daf59766d51878ef6b5f5789ccda","messageTitle":"Initialize AddModuleCommand","messageBody":"","fileTypesAndContributionMap":{"functional-code":{"insertions":18,"deletions":0}}},{"hash":"969817c72f2b77e1762ed65e9210d9657da6dead","messageTitle":"Claim authorship","messageBody":"","fileTypesAndContributionMap":{"functional-code":{"insertions":6,"deletions":0}}},{"hash":"49f2d1d6cccffbaacdc6ab55274d2d7d8fce7170","messageTitle":"Add Module JUnit tests","messageBody":"","fileTypesAndContributionMap":{"test-code":{"insertions":72,"deletions":0}}},{"hash":"36c5842800cdd873bbab0c9e89dd4ecd8e873946","messageTitle":"Use String to represent Module grades","messageBody":"","fileTypesAndContributionMap":{"functional-code":{"insertions":5,"deletions":5},"test-code":{"insertions":4,"deletions":4}}}]},{"date":"2021-10-11","commitResults":[{"hash":"c3d5d63b08a2f26dd0479546bb88f6597afa53d6","messageTitle":"Add Parser assertion","messageBody":"","fileTypesAndContributionMap":{"functional-code":{"insertions":1,"deletions":0}}},{"hash":"e7b186c41b927633a5da44b3fba495c353660a60","messageTitle":"Add ClickLogger","messageBody":"","fileTypesAndContributionMap":{"functional-code":{"insertions":50,"deletions":0}}},{"hash":"3d106c2dfb90d90c621c72225a0901f8ad02ec83","messageTitle":"Add Introduction and FAQ to UserGuide","messageBody":"","fileTypesAndContributionMap":{"docs":{"insertions":29,"deletions":14}}},{"hash":"97d104a7eb3ce7234f1c7399a1f98e9b7b02c07b","messageTitle":"Update UserGuide","messageBody":"","fileTypesAndContributionMap":{"docs":{"insertions":12,"deletions":7}}}]},{"date":"2021-10-12","commitResults":[{"hash":"9e6d959b67ba939e4f72f0178f0364586ec139e8","messageTitle":"Add MoudleStorage","messageBody":"","fileTypesAndContributionMap":{"functional-code":{"insertions":142,"deletions":37}}},{"hash":"bc15b5bf9fdc5b6d6fe1c6721a61aa700bb59473","messageTitle":"Add StorageException","messageBody":"","fileTypesAndContributionMap":{"functional-code":{"insertions":4,"deletions":0}}},{"hash":"26c883a7a09d073c14756322b5f6379525fc9c5b","messageTitle":"Update Parser and ModuleList","messageBody":"","fileTypesAndContributionMap":{"functional-code":{"insertions":40,"deletions":14}}},{"hash":"26f97627ed1fcef81499a9042605b796b1bf632a","messageTitle":"Add list and add module commands","messageBody":"","fileTypesAndContributionMap":{"functional-code":{"insertions":43,"deletions":2}}},{"hash":"c3e5525b048685de59669e5706ef835436fa1aeb","messageTitle":"Fix coding style","messageBody":"","fileTypesAndContributionMap":{"functional-code":{"insertions":15,"deletions":1}}},{"hash":"9fa9e7e682326e84f5468004538c0b50f4d2e127","messageTitle":"Factor out constants, cover different adding module inputs","messageBody":"","fileTypesAndContributionMap":{"functional-code":{"insertions":26,"deletions":11}}},{"hash":"6b84fccbc2d94a62067372327971634afe269862","messageTitle":"Add deleting module command","messageBody":"","fileTypesAndContributionMap":{"functional-code":{"insertions":46,"deletions":12}}}]},{"date":"2021-10-13","commitResults":[{"hash":"cd6f5d932326bd199680725dbc9bc461894167cb","messageTitle":"Extract getModuleCommand method","messageBody":"","fileTypesAndContributionMap":{"functional-code":{"insertions":23,"deletions":11}}},{"hash":"2ce4000a9d5708c8f18bdddcfc5ed0e24232d9e4","messageTitle":"Add JavaDoc","messageBody":"","fileTypesAndContributionMap":{"functional-code":{"insertions":82,"deletions":6}}},{"hash":"2a0372a18ef3d3ec38f38318927ba234ccd7e4b9","messageTitle":"Add assertions","messageBody":"","fileTypesAndContributionMap":{"functional-code":{"insertions":2,"deletions":0}}},{"hash":"3a47f2b7f1792ff987f32116888c3515cbd0aa35","messageTitle":"Handle Module exception","messageBody":"","fileTypesAndContributionMap":{"functional-code":{"insertions":17,"deletions":7}}},{"hash":"10ad66a7e9a075854666a296e3f128eab631b720","messageTitle":"Add IllegalModuleException handling","messageBody":"","fileTypesAndContributionMap":{"functional-code":{"insertions":32,"deletions":6}}},{"hash":"1f2975a284e5e4c89032e144b84cc35d7e89b694","messageTitle":"Fix checkstyle error","messageBody":"","fileTypesAndContributionMap":{"functional-code":{"insertions":2,"deletions":1}}},{"hash":"7e32b89f633eec1c781a9597edbcbae770e3982a","messageTitle":"Fix io test","messageBody":"","fileTypesAndContributionMap":{"functional-code":{"insertions":1,"deletions":1}}},{"hash":"f75c4fc57e6430f79f95083bcc141f9b2fab3005","messageTitle":"Refactor main class","messageBody":"","fileTypesAndContributionMap":{"other":{"insertions":4,"deletions":7}}},{"hash":"2dff926de9ffafffdeb061f2685f9f58699a706c","messageTitle":"Update config","messageBody":"","fileTypesAndContributionMap":{"other":{"insertions":2,"deletions":2}}}]}],"ngnigel99":[{"date":"2021-09-30","commitResults":[{"hash":"d0cb27e6c65e0148d338aefd7c4c112b805790e0","messageTitle":"Update AboutUs.md","messageBody":"","fileTypesAndContributionMap":{"docs":{"insertions":1,"deletions":1}}}]},{"date":"2021-10-05","commitResults":[{"hash":"17a2b296845391b2a070546d746f029f882e0415","messageTitle":"Add list  of  records specifically for food Add command of adding a singular food record to the list","messageBody":"","fileTypesAndContributionMap":{"functional-code":{"insertions":170,"deletions":0}}},{"hash":"e9307a22d7ad3db7429c156835d8fcf14e08c0cb","messageTitle":"Add list food functionality","messageBody":"","fileTypesAndContributionMap":{"functional-code":{"insertions":59,"deletions":2}}},{"hash":"4b8edb75f55a08fc2496e957f482431708f5061a","messageTitle":"Update user message on done printing food list","messageBody":"","fileTypesAndContributionMap":{"functional-code":{"insertions":1,"deletions":0}}},{"hash":"10b6c7560ea6fced917681a83179deee31dcb7f2","messageTitle":"Fix gradle checkstyle","messageBody":"","fileTypesAndContributionMap":{"functional-code":{"insertions":26,"deletions":25},"other":{"insertions":2,"deletions":2}}},{"hash":"c74ac7152e40cd62b43ef281c4b6f114f407a09b","messageTitle":"Add clear food list functionallity Clean up code","messageBody":"","fileTypesAndContributionMap":{"functional-code":{"insertions":33,"deletions":0}}}]},{"date":"2021-10-06","commitResults":[{"hash":"01e36073b82e195ff98493899902d082d3754ae4","messageTitle":"Add illegal food syntax exception Add food tests Add parser functionality for food records","messageBody":"","fileTypesAndContributionMap":{"functional-code":{"insertions":71,"deletions":11},"test-code":{"insertions":64,"deletions":0}}},{"hash":"a45f85a19b6e5ea960ddb3bd92f78302bab08514","messageTitle":"Add command constants for food","messageBody":"","fileTypesAndContributionMap":{"functional-code":{"insertions":17,"deletions":4}}}]},{"date":"2021-10-09","commitResults":[{"hash":"0705573feb62be4227d6f5c03eac04133eb43c58","messageTitle":"Add  ExceptionHandler","messageBody":"","fileTypesAndContributionMap":{"functional-code":{"insertions":3,"deletions":1}}},{"hash":"6cc004a1d28ddf29c42033691986dc84cbeda432","messageTitle":"Remove comments","messageBody":"","fileTypesAndContributionMap":{"functional-code":{"insertions":8,"deletions":9}}},{"hash":"cda2d4ecceaa001c0ab458b258c8f3be694306e2","messageTitle":"Rework prefix naming in food Implement exception handler, customized  to each feature Tidy up food features","messageBody":"","fileTypesAndContributionMap":{"functional-code":{"insertions":40,"deletions":26}}},{"hash":"8608abd4a115f7aac717b4f47bfe4c3596c82a05","messageTitle":"Add placeholder to create branch","messageBody":"","fileTypesAndContributionMap":{"functional-code":{"insertions":1,"deletions":0}}},{"hash":"85d3a2d77bb54f0bbcce374a7e0b21c9c44b605c","messageTitle":"Remove whitespace","messageBody":"","fileTypesAndContributionMap":{"functional-code":{"insertions":0,"deletions":1}}},{"hash":"5d87de76e719489dd9715242579871303675a292","messageTitle":"Add food storing operation Add parsing food from text file Add creating directory on exception Add create file on exception","messageBody":"","fileTypesAndContributionMap":{"functional-code":{"insertions":107,"deletions":4}}},{"hash":"d59997bb2841204439f89255e42105e13a78cf30","messageTitle":"Rename calories package Try directory creation","messageBody":"","fileTypesAndContributionMap":{"functional-code":{"insertions":16,"deletions":8},"other":{"insertions":3,"deletions":3},"test-code":{"insertions":0,"deletions":1}}}]},{"date":"2021-10-10","commitResults":[{"hash":"e555b1ecb2f268b50aacc114f87023b4e63118e0","messageTitle":"Add  food storage and writing to file capability","messageBody":"","fileTypesAndContributionMap":{"functional-code":{"insertions":38,"deletions":13}}},{"hash":"7d90640e8070d1a1a365b10ba7822a56a5f21086","messageTitle":"Implement reading in command execution Fully functional food add, clear, list","messageBody":"","fileTypesAndContributionMap":{"functional-code":{"insertions":32,"deletions":23}}},{"hash":"f702d55dd42786e36a18ad068d7cb652f106a120","messageTitle":"Fix checkstyle T_T","messageBody":"","fileTypesAndContributionMap":{"functional-code":{"insertions":10,"deletions":9}}},{"hash":"e58c4fcb14779529048d487bedd2ab16e26f5295","messageTitle":"Attempt to fix IO/ redirection  bug","messageBody":"","fileTypesAndContributionMap":{"functional-code":{"insertions":2,"deletions":1}}},{"hash":"2cc7b141ec6b963f29c8bc14e9ae34a680109050","messageTitle":"Fix checkstyle error","messageBody":"","fileTypesAndContributionMap":{"functional-code":{"insertions":0,"deletions":1}}},{"hash":"1afedd04a1d1c70a5505bc83c01be198f83d9dee","messageTitle":"Add  has  next line  check to debug","messageBody":"","fileTypesAndContributionMap":{"functional-code":{"insertions":1,"deletions":1}}},{"hash":"387e2a261efcf5f5ea92355a1443c76626eab286","messageTitle":"Add whitespace to fix checkstyle","messageBody":"","fileTypesAndContributionMap":{"functional-code":{"insertions":1,"deletions":1}}},{"hash":"08e16db5e9c2a7f28cedf97770a44d8af90f5774","messageTitle":"Fix merge conflicts","messageBody":"","fileTypesAndContributionMap":{"functional-code":{"insertions":2,"deletions":9}}},{"hash":"0776225080523f6bd9eff93557650ee85189323e","messageTitle":"Update parsing of food records","messageBody":"","fileTypesAndContributionMap":{"functional-code":{"insertions":15,"deletions":7}}},{"hash":"1aa24b317374a7c5ce67e97aca85521b182232eb","messageTitle":"Update reading to null instead of empty string","messageBody":"","fileTypesAndContributionMap":{"functional-code":{"insertions":1,"deletions":1}}},{"hash":"c116d5bd3d143d76726d2dd43c26695b96d2b8a8","messageTitle":"Change parser functionality for food","messageBody":"Move calendar into folder creation (still testing)\n","fileTypesAndContributionMap":{"functional-code":{"insertions":40,"deletions":26}}},{"hash":"83e1b48bc512abe190f59eefe29837166dd6d469","messageTitle":"Update gradle tag for assertions","messageBody":"","fileTypesAndContributionMap":{"other":{"insertions":1,"deletions":0}}}]},{"date":"2021-10-11","commitResults":[{"hash":"a30b34cac4cccaa375aeae80fad32cf5316a4285","messageTitle":"Add exceptions for food parsing, dividers","messageBody":"","fileTypesAndContributionMap":{"functional-code":{"insertions":61,"deletions":10}}},{"hash":"8c5aa6c2b6d63e5e874fedec718fa18449940b06","messageTitle":"Add logging on file creation, specifically for Food objects Add log to gitignore","messageBody":"","fileTypesAndContributionMap":{"functional-code":{"insertions":23,"deletions":4}}},{"hash":"3719557e16d9ac53a655cf056170c500b613fde1","messageTitle":"Update IO tests Fix minor bug in food parsing","messageBody":"","fileTypesAndContributionMap":{"functional-code":{"insertions":2,"deletions":3}}}]},{"date":"2021-10-13","commitResults":[{"hash":"e6c88bb888150406decbe767d315679117547404","messageTitle":"Add delete food functionality Add assertions to reduce developer errors Clean up code, rename exceptions namely index not found","messageBody":"","fileTypesAndContributionMap":{"functional-code":{"insertions":132,"deletions":30},"other":{"insertions":2,"deletions":2}}},{"hash":"d943712e9f4ba749b57d95df96a4893be3fa8830","messageTitle":"Fix Checkstyle errors","messageBody":"","fileTypesAndContributionMap":{"functional-code":{"insertions":24,"deletions":7}}},{"hash":"3ba94ab944976be4580389199cb3d59078ca5e9c","messageTitle":"Update java  docs","messageBody":"","fileTypesAndContributionMap":{"functional-code":{"insertions":120,"deletions":34},"test-code":{"insertions":20,"deletions":2}}},{"hash":"cdef1a845260a8a45c3ea3464d1fc3ea6965c30e","messageTitle":"Remove test","messageBody":"","fileTypesAndContributionMap":{"test-code":{"insertions":1,"deletions":15}}},{"hash":"da1c9e63582ae5bbc0ce03a18fa79a6d384cdb53","messageTitle":"Add food test","messageBody":"","fileTypesAndContributionMap":{"test-code":{"insertions":16,"deletions":1}}}]}],"shoibloya":[{"date":"2021-10-04","commitResults":[{"hash":"8bcd050c24486009e1893ca045f45da369184c43","messageTitle":"Shoib Loya","messageBody":"","fileTypesAndContributionMap":{"docs":{"insertions":1,"deletions":1}}}]},{"date":"2021-10-11","commitResults":[{"hash":"c3c974dbf97f2bad44722e6232de53b574c0eec6","messageTitle":"Help Function - Updated","messageBody":"","fileTypesAndContributionMap":{"functional-code":{"insertions":62,"deletions":27}}},{"hash":"bb28bd72a74f076c3a0e91f7625764787653cda9","messageTitle":"Help Function - Updated","messageBody":"","fileTypesAndContributionMap":{"functional-code":{"insertions":16,"deletions":15}}},{"hash":"bc83f360f66fa1e348993d90ad5cbaebe39ecf86","messageTitle":"Fixed CI","messageBody":"","fileTypesAndContributionMap":{"functional-code":{"insertions":40,"deletions":6}}}]},{"date":"2021-10-13","commitResults":[{"hash":"4089b009102d6d17c8dd4bbe2ba372fb93d76d03","messageTitle":"Changing the help the function","messageBody":"","fileTypesAndContributionMap":{"functional-code":{"insertions":35,"deletions":25}}},{"hash":"9e898449da519a972a9248c8bd06d9780d1be88c","messageTitle":"Zoom Link and improved help","messageBody":"","fileTypesAndContributionMap":{"functional-code":{"insertions":118,"deletions":64}}},{"hash":"9aafe0fd40fe283463178f40cf50c2fb0f4866b8","messageTitle":"Updating help","messageBody":"","fileTypesAndContributionMap":{"functional-code":{"insertions":36,"deletions":2}}},{"hash":"e90633156a5f8d3462b9a047aa16d9b93bb67a1a","messageTitle":"Updated help","messageBody":"","fileTypesAndContributionMap":{"functional-code":{"insertions":79,"deletions":26}}},{"hash":"bb2112c24ef25fce4bbc6dea7b2532674ad8d4c5","messageTitle":"Fixed styling errors","messageBody":"","fileTypesAndContributionMap":{"functional-code":{"insertions":120,"deletions":76}}},{"hash":"caeccf5b3ff63b130e85e381740dfaae9288e2f5","messageTitle":"Adding helpMessage for different commands","messageBody":"","fileTypesAndContributionMap":{"functional-code":{"insertions":19,"deletions":2}}},{"hash":"bcd0af6d2ccadd926d94b48f6596515c707f4d68","messageTitle":"Syntax message","messageBody":"","fileTypesAndContributionMap":{"functional-code":{"insertions":9,"deletions":0}}},{"hash":"6244a66b10126becacf4e0d036070ede48a2b31f","messageTitle":"Added help message","messageBody":"","fileTypesAndContributionMap":{"functional-code":{"insertions":8,"deletions":8},"other":{"insertions":6,"deletions":9}}}]}],"swatimahadevan":[{"date":"2021-09-30","commitResults":[{"hash":"b426d24c1ca6cc54954bff44d3c727a9f47f4cdd","messageTitle":"Added swatimahadevan info","messageBody":"","fileTypesAndContributionMap":{"docs":{"insertions":1,"deletions":0}}}]},{"date":"2021-10-04","commitResults":[{"hash":"cbccf7e1d812d7b089926727340f545d49312ac2","messageTitle":"Calendar without tasks","messageBody":"","fileTypesAndContributionMap":{"functional-code":{"insertions":98,"deletions":2},"test-code":{"insertions":21,"deletions":0}}},{"hash":"f5243d8fe753212efd7a9a21f46ff6de33ef3777","messageTitle":"Removed buggy wrapping","messageBody":"","fileTypesAndContributionMap":{"functional-code":{"insertions":11,"deletions":21}}},{"hash":"577c9ffeefb8c6e83a8286f42675e783c78c630b","messageTitle":"Fixed checkstyle issues","messageBody":"","fileTypesAndContributionMap":{"functional-code":{"insertions":7,"deletions":3}}},{"hash":"1004276598f6d70e772a347b0713c4116cc33d36","messageTitle":"Removed javadoc","messageBody":"","fileTypesAndContributionMap":{"test-code":{"insertions":1,"deletions":3}}}]},{"date":"2021-10-06","commitResults":[{"hash":"ed8551d690c6dc11471277397a081b62c3003dfd","messageTitle":"Resolved merge conflicts and checkstyle","messageBody":"","fileTypesAndContributionMap":{"functional-code":{"insertions":2,"deletions":4}}},{"hash":"b8130de2484601f4d956a4533892dee259761bd6","messageTitle":"Extracted calendar command with exceptions","messageBody":"","fileTypesAndContributionMap":{"functional-code":{"insertions":113,"deletions":44},"test-code":{"insertions":9,"deletions":19}}},{"hash":"7b26057410b9eb563c5aa564a97bce4d48862d94","messageTitle":"Update UI","messageBody":"","fileTypesAndContributionMap":{"functional-code":{"insertions":1,"deletions":1}}},{"hash":"2cad0d110e6657cbede1983bef2c97e3048930b6","messageTitle":"Fixed Parser Test","messageBody":"","fileTypesAndContributionMap":{"functional-code":{"insertions":11,"deletions":1},"test-code":{"insertions":1,"deletions":3}}},{"hash":"56eeb700ff0834551896d21a39b4b4bc16364401","messageTitle":"Replaced with constants","messageBody":"","fileTypesAndContributionMap":{"functional-code":{"insertions":11,"deletions":1}}},{"hash":"27043cf73a2139b38b3dc4a3a955e64b2e15e571","messageTitle":"Replaced with constants #2","messageBody":"","fileTypesAndContributionMap":{"functional-code":{"insertions":16,"deletions":9}}},{"hash":"9477acf63995345ab3de2b12ed9b742410c393f5","messageTitle":"extracted junit back out","messageBody":"","fileTypesAndContributionMap":{"functional-code":{"insertions":15,"deletions":10},"test-code":{"insertions":18,"deletions":7}}}]},{"date":"2021-10-09","commitResults":[{"hash":"e0c7bbc0e25f21dbd21baecd3fc9f1573317b122","messageTitle":"Storage skeleton and tasks addition and listing","messageBody":"","fileTypesAndContributionMap":{"functional-code":{"insertions":341,"deletions":20}}},{"hash":"c62a0434a35f578732539720534901eb59bb63e0","messageTitle":"Removed debugging code","messageBody":"","fileTypesAndContributionMap":{"functional-code":{"insertions":4,"deletions":18}}},{"hash":"864b1e551a5706c99ea40b0ba249b63f9b965c03","messageTitle":"Checkstyle fix","messageBody":"","fileTypesAndContributionMap":{"functional-code":{"insertions":5,"deletions":1}}}]},{"date":"2021-10-10","commitResults":[{"hash":"6b6620405ac47c0c858048f414b600fad61b5215","messageTitle":"Removed tasklist param","messageBody":"","fileTypesAndContributionMap":{"functional-code":{"insertions":16,"deletions":13}}},{"hash":"a2024be421cdad25f34ea56683f5085b58df75ed","messageTitle":"Removed tasklist param #2","messageBody":"","fileTypesAndContributionMap":{"functional-code":{"insertions":6,"deletions":2}}},{"hash":"aa5907f8716c2a19617a3e3fa04aea0c059c378d","messageTitle":"Fixed bugs","messageBody":"","fileTypesAndContributionMap":{"functional-code":{"insertions":18,"deletions":9}}}]},{"date":"2021-10-12","commitResults":[{"hash":"4f569c6574cbebba75853feaa847c627229dfb4f","messageTitle":"Recommitting files that weren\u0027t pushed in previous pr","messageBody":"","fileTypesAndContributionMap":{"functional-code":{"insertions":199,"deletions":39}}},{"hash":"9d8e9e945304c41a494637ba40b043c7e7ef93ba","messageTitle":"IO fix","messageBody":"","fileTypesAndContributionMap":{"functional-code":{"insertions":2,"deletions":1}}}]},{"date":"2021-10-13","commitResults":[{"hash":"26e397acbee08b08a05b92f8ab33963659182015","messageTitle":"Added Exceptions to Calendar","messageBody":"","fileTypesAndContributionMap":{"functional-code":{"insertions":257,"deletions":126}}},{"hash":"3b7a0229ea7009c7dd0d7bec19068af67ec02324","messageTitle":"Logging and deleted storage directories","messageBody":"","fileTypesAndContributionMap":{"functional-code":{"insertions":9,"deletions":9}}},{"hash":"f6968917168edc83740e6d34346f6716cbb98451","messageTitle":"added junit tests and some javadoc","messageBody":"","fileTypesAndContributionMap":{"functional-code":{"insertions":238,"deletions":60},"test-code":{"insertions":60,"deletions":0}}},{"hash":"313f65d1911973d206e12fc4325fd4873171c2cf","messageTitle":"fixed checkstyle","messageBody":"","fileTypesAndContributionMap":{"functional-code":{"insertions":2,"deletions":0}}},{"hash":"17696dad60fe6fb48ae47562547bb7c0207abfec","messageTitle":"fixed checkstyle","messageBody":"","fileTypesAndContributionMap":{"functional-code":{"insertions":1,"deletions":2}}},{"hash":"8c5813f5a4e6245e79c8893c519bbe38ea4bfad0","messageTitle":"fixed checkstyle","messageBody":"","fileTypesAndContributionMap":{"functional-code":{"insertions":1,"deletions":2}}},{"hash":"25849298c02ac51bc6ad420cf2bb8aed4e3dc3aa","messageTitle":"fixed checkstyle","messageBody":"","fileTypesAndContributionMap":{"test-code":{"insertions":2,"deletions":2}}},{"hash":"130ace5d38cd2390d05b590fa6a0f1be4fbb10ee","messageTitle":"io and click logo","messageBody":"","fileTypesAndContributionMap":{"functional-code":{"insertions":5,"deletions":5}}},{"hash":"fec4dd2e0b2910bf922ca1347caeb46c4c015b76","messageTitle":"fixed click logo and more io","messageBody":"","fileTypesAndContributionMap":{"functional-code":{"insertions":3,"deletions":3}}}]},{"date":"2021-10-14","commitResults":[{"hash":"f3dc377b2da4ff86f2045d00bec7fde36a7a7cfa","messageTitle":"Fixed minor bug","messageBody":"","fileTypesAndContributionMap":{"functional-code":{"insertions":10,"deletions":11}}},{"hash":"7d574eb4408802dee93fcae88effcaa24d2dc267","messageTitle":"Refractored code for error handling","messageBody":"","fileTypesAndContributionMap":{"functional-code":{"insertions":31,"deletions":30}}},{"hash":"4cc978a61b8ccfc11638e485742832bd4f6083b8","messageTitle":"Refractored code","messageBody":"","fileTypesAndContributionMap":{"functional-code":{"insertions":43,"deletions":45}}},{"hash":"56f135343cd4155b09979566231897f125e3fdc7","messageTitle":"Fix checkstyle","messageBody":"","fileTypesAndContributionMap":{"functional-code":{"insertions":17,"deletions":4}}},{"hash":"752f913ca78921af6831b4db771bd4efe8ee3cce","messageTitle":"minor changes","messageBody":"","fileTypesAndContributionMap":{"functional-code":{"insertions":200,"deletions":43},"docs":{"insertions":37,"deletions":0}}}]}]},"authorFileTypeContributionMap":{"SvethaMahadevan":{"docs":1,"functional-code":690,"test-code":68},"nvbinh15":{"docs":34,"functional-code":1184,"test-code":101,"other":2},"ngnigel99":{"docs":1,"functional-code":633,"test-code":82,"other":1},"shoibloya":{"docs":1,"functional-code":246,"test-code":0},"swatimahadevan":{"docs":38,"functional-code":1112,"test-code":80}},"authorContributionVariance":{"SvethaMahadevan":36994.09,"nvbinh15":17257.027,"ngnigel99":15357.959,"shoibloya":20345.95,"swatimahadevan":43918.062},"authorDisplayNameMap":{"SvethaMahadevan":"CS2113T-T09-4 MAHA..ETHA","nvbinh15":"CS2113T-T09-4 NGUY..BINH","ngnigel99":"CS2113T-T09-4 NIGE..L NG","shoibloya":"CS2113T-T09-4 MOHA..LOYA","swatimahadevan":"CS2113T-T09-4 MAHA..WATI"}}
