{"authorDailyContributionsMap":{"SvethaMahadevan":[{"date":"2021-09-30","commitResults":[{"hash":"67c231ca4c2b099325ddaf08281ce59314175d56","messageTitle":"Update AboutUs.md","messageBody":"","fileTypesAndContributionMap":{"docs":{"insertions":1,"deletions":1}}}]},{"date":"2021-10-06","commitResults":[{"hash":"216ffae6edf812b313ed08a1b633f212a679a0a0","messageTitle":"add note functionality","messageBody":"","fileTypesAndContributionMap":{"functional-code":{"insertions":53,"deletions":1},"test-code":{"insertions":6,"deletions":0}}},{"hash":"de092dd932675a7c592f282a737e1412bc5218aa","messageTitle":"fixing bugs","messageBody":"","fileTypesAndContributionMap":{"functional-code":{"insertions":3,"deletions":7}}},{"hash":"3b37780f36a1c1e8bbd3a9cf0ad407d4e6fa9287","messageTitle":"fixing bugs","messageBody":"","fileTypesAndContributionMap":{"functional-code":{"insertions":1,"deletions":0}}},{"hash":"6b1f2c2fbfd86d13d1e63005c8c6c63b8ba37497","messageTitle":"JUnit test extracted and minor edits","messageBody":"","fileTypesAndContributionMap":{"functional-code":{"insertions":15,"deletions":11},"test-code":{"insertions":20,"deletions":5}}},{"hash":"92554085524604e9cfba88f9090a66d43c1416a1","messageTitle":"Update ParserJournalTest","messageBody":"","fileTypesAndContributionMap":{"test-code":{"insertions":1,"deletions":3}}}]}],"nvbinh15":[{"date":"2021-09-30","commitResults":[{"hash":"0eb8d9688b60988c4b69e6e3ec558abbb1c527d6","messageTitle":"Update AboutUs.md","messageBody":"","fileTypesAndContributionMap":{"docs":{"insertions":1,"deletions":1}}}]},{"date":"2021-10-04","commitResults":[{"hash":"d2f78afacd955f8ed7d648033170f1ef47560b02","messageTitle":"Define project structure","messageBody":"","fileTypesAndContributionMap":{"functional-code":{"insertions":24,"deletions":0}}},{"hash":"e5d7c7d7def48a2b51fc7df5832a860be9fe8482","messageTitle":"Fix class name","messageBody":"","fileTypesAndContributionMap":{"other":{"insertions":3,"deletions":3}}},{"hash":"36ff812ce72a6cfbe95d1b2d5f0409e47749e7d9","messageTitle":"Add date time parser and test","messageBody":"","fileTypesAndContributionMap":{"functional-code":{"insertions":63,"deletions":1},"test-code":{"insertions":17,"deletions":0}}},{"hash":"7ab81921844128ad8758cdb951cdacca1ce05e36","messageTitle":"Fix javadoc","messageBody":"","fileTypesAndContributionMap":{"functional-code":{"insertions":1,"deletions":1},"test-code":{"insertions":1,"deletions":1}}},{"hash":"9ecf425770f289348cf4591c369bb4fe36cce484","messageTitle":"Update an abstract class Command","messageBody":"","fileTypesAndContributionMap":{"functional-code":{"insertions":20,"deletions":2}}},{"hash":"1c8b6696e79cde1839360be206a899bf586e1793","messageTitle":"Update exceptions","messageBody":"","fileTypesAndContributionMap":{"functional-code":{"insertions":10,"deletions":0}}},{"hash":"039f357d573732da1f8453d60189062d0b799960","messageTitle":"Update Parser and ParserTest","messageBody":"","fileTypesAndContributionMap":{"functional-code":{"insertions":2,"deletions":0},"test-code":{"insertions":13,"deletions":2}}},{"hash":"aed974ead59cb0ed30a6750d1e9c9439e6c00f01","messageTitle":"Add exit command, modify main components","messageBody":"","fileTypesAndContributionMap":{"functional-code":{"insertions":208,"deletions":17}}},{"hash":"b13e3f73c6b375b68675c0efb0d29a80389c9724","messageTitle":"Fix coding style","messageBody":"","fileTypesAndContributionMap":{"functional-code":{"insertions":5,"deletions":2}}}]},{"date":"2021-10-05","commitResults":[{"hash":"d2ba5cb56e7a4fe3122dcca3b34a2b5706aa0e63","messageTitle":"Add blank lines to the end of files","messageBody":"","fileTypesAndContributionMap":{"functional-code":{"insertions":2,"deletions":2},"test-code":{"insertions":2,"deletions":2}}}]},{"date":"2021-10-07","commitResults":[{"hash":"778d11b532c97cdabea0a016da30aff3fd059e95","messageTitle":"Define Module and ModuleManager classes","messageBody":"","fileTypesAndContributionMap":{"functional-code":{"insertions":153,"deletions":0}}},{"hash":"5364930dbfe6f9eb5d22d98d7558e7522d50ffe7","messageTitle":"Fix Module constructors","messageBody":"","fileTypesAndContributionMap":{"functional-code":{"insertions":4,"deletions":4}}},{"hash":"5965b4074297daf59766d51878ef6b5f5789ccda","messageTitle":"Initialize AddModuleCommand","messageBody":"","fileTypesAndContributionMap":{"functional-code":{"insertions":18,"deletions":0}}},{"hash":"969817c72f2b77e1762ed65e9210d9657da6dead","messageTitle":"Claim authorship","messageBody":"","fileTypesAndContributionMap":{"functional-code":{"insertions":6,"deletions":0}}},{"hash":"49f2d1d6cccffbaacdc6ab55274d2d7d8fce7170","messageTitle":"Add Module JUnit tests","messageBody":"","fileTypesAndContributionMap":{"test-code":{"insertions":72,"deletions":0}}},{"hash":"36c5842800cdd873bbab0c9e89dd4ecd8e873946","messageTitle":"Use String to represent Module grades","messageBody":"","fileTypesAndContributionMap":{"functional-code":{"insertions":5,"deletions":5},"test-code":{"insertions":4,"deletions":4}}}]}],"ngnigel99":[{"date":"2021-09-30","commitResults":[{"hash":"d0cb27e6c65e0148d338aefd7c4c112b805790e0","messageTitle":"Update AboutUs.md","messageBody":"","fileTypesAndContributionMap":{"docs":{"insertions":1,"deletions":1}}}]},{"date":"2021-10-05","commitResults":[{"hash":"17a2b296845391b2a070546d746f029f882e0415","messageTitle":"Add list  of  records specifically for food Add command of adding a singular food record to the list","messageBody":"","fileTypesAndContributionMap":{"functional-code":{"insertions":170,"deletions":0}}},{"hash":"e9307a22d7ad3db7429c156835d8fcf14e08c0cb","messageTitle":"Add list food functionality","messageBody":"","fileTypesAndContributionMap":{"functional-code":{"insertions":59,"deletions":2}}},{"hash":"4b8edb75f55a08fc2496e957f482431708f5061a","messageTitle":"Update user message on done printing food list","messageBody":"","fileTypesAndContributionMap":{"functional-code":{"insertions":1,"deletions":0}}},{"hash":"10b6c7560ea6fced917681a83179deee31dcb7f2","messageTitle":"Fix gradle checkstyle","messageBody":"","fileTypesAndContributionMap":{"functional-code":{"insertions":26,"deletions":25},"other":{"insertions":2,"deletions":2}}},{"hash":"c74ac7152e40cd62b43ef281c4b6f114f407a09b","messageTitle":"Add clear food list functionallity Clean up code","messageBody":"","fileTypesAndContributionMap":{"functional-code":{"insertions":33,"deletions":0}}}]},{"date":"2021-10-06","commitResults":[{"hash":"01e36073b82e195ff98493899902d082d3754ae4","messageTitle":"Add illegal food syntax exception Add food tests Add parser functionality for food records","messageBody":"","fileTypesAndContributionMap":{"functional-code":{"insertions":71,"deletions":11},"test-code":{"insertions":64,"deletions":0}}},{"hash":"a45f85a19b6e5ea960ddb3bd92f78302bab08514","messageTitle":"Add command constants for food","messageBody":"","fileTypesAndContributionMap":{"functional-code":{"insertions":17,"deletions":4}}}]},{"date":"2021-10-09","commitResults":[{"hash":"0705573feb62be4227d6f5c03eac04133eb43c58","messageTitle":"Add  ExceptionHandler","messageBody":"","fileTypesAndContributionMap":{"functional-code":{"insertions":3,"deletions":1}}},{"hash":"6cc004a1d28ddf29c42033691986dc84cbeda432","messageTitle":"Remove comments","messageBody":"","fileTypesAndContributionMap":{"functional-code":{"insertions":8,"deletions":9}}},{"hash":"cda2d4ecceaa001c0ab458b258c8f3be694306e2","messageTitle":"Rework prefix naming in food Implement exception handler, customized  to each feature Tidy up food features","messageBody":"","fileTypesAndContributionMap":{"functional-code":{"insertions":40,"deletions":26}}},{"hash":"8608abd4a115f7aac717b4f47bfe4c3596c82a05","messageTitle":"Add placeholder to create branch","messageBody":"","fileTypesAndContributionMap":{"functional-code":{"insertions":1,"deletions":0}}},{"hash":"85d3a2d77bb54f0bbcce374a7e0b21c9c44b605c","messageTitle":"Remove whitespace","messageBody":"","fileTypesAndContributionMap":{"functional-code":{"insertions":0,"deletions":1}}},{"hash":"5d87de76e719489dd9715242579871303675a292","messageTitle":"Add food storing operation Add parsing food from text file Add creating directory on exception Add create file on exception","messageBody":"","fileTypesAndContributionMap":{"functional-code":{"insertions":107,"deletions":4}}},{"hash":"d59997bb2841204439f89255e42105e13a78cf30","messageTitle":"Rename calories package Try directory creation","messageBody":"","fileTypesAndContributionMap":{"functional-code":{"insertions":16,"deletions":8},"other":{"insertions":3,"deletions":3},"test-code":{"insertions":0,"deletions":1}}}]},{"date":"2021-10-10","commitResults":[{"hash":"e555b1ecb2f268b50aacc114f87023b4e63118e0","messageTitle":"Add  food storage and writing to file capability","messageBody":"","fileTypesAndContributionMap":{"functional-code":{"insertions":38,"deletions":13}}},{"hash":"7d90640e8070d1a1a365b10ba7822a56a5f21086","messageTitle":"Implement reading in command execution Fully functional food add, clear, list","messageBody":"","fileTypesAndContributionMap":{"functional-code":{"insertions":32,"deletions":23}}},{"hash":"f702d55dd42786e36a18ad068d7cb652f106a120","messageTitle":"Fix checkstyle T_T","messageBody":"","fileTypesAndContributionMap":{"functional-code":{"insertions":10,"deletions":9}}},{"hash":"e58c4fcb14779529048d487bedd2ab16e26f5295","messageTitle":"Attempt to fix IO/ redirection  bug","messageBody":"","fileTypesAndContributionMap":{"functional-code":{"insertions":2,"deletions":1}}},{"hash":"2cc7b141ec6b963f29c8bc14e9ae34a680109050","messageTitle":"Fix checkstyle error","messageBody":"","fileTypesAndContributionMap":{"functional-code":{"insertions":0,"deletions":1}}},{"hash":"1afedd04a1d1c70a5505bc83c01be198f83d9dee","messageTitle":"Add  has  next line  check to debug","messageBody":"","fileTypesAndContributionMap":{"functional-code":{"insertions":1,"deletions":1}}},{"hash":"387e2a261efcf5f5ea92355a1443c76626eab286","messageTitle":"Add whitespace to fix checkstyle","messageBody":"","fileTypesAndContributionMap":{"functional-code":{"insertions":1,"deletions":1}}},{"hash":"08e16db5e9c2a7f28cedf97770a44d8af90f5774","messageTitle":"Fix merge conflicts","messageBody":"","fileTypesAndContributionMap":{"functional-code":{"insertions":2,"deletions":9}}},{"hash":"0776225080523f6bd9eff93557650ee85189323e","messageTitle":"Update parsing of food records","messageBody":"","fileTypesAndContributionMap":{"functional-code":{"insertions":15,"deletions":7}}},{"hash":"1aa24b317374a7c5ce67e97aca85521b182232eb","messageTitle":"Update reading to null instead of empty string","messageBody":"","fileTypesAndContributionMap":{"functional-code":{"insertions":1,"deletions":1}}},{"hash":"c116d5bd3d143d76726d2dd43c26695b96d2b8a8","messageTitle":"Change parser functionality for food","messageBody":"Move calendar into folder creation (still testing)\n","fileTypesAndContributionMap":{"functional-code":{"insertions":40,"deletions":26}}},{"hash":"83e1b48bc512abe190f59eefe29837166dd6d469","messageTitle":"Update gradle tag for assertions","messageBody":"","fileTypesAndContributionMap":{"other":{"insertions":1,"deletions":0}}}]}],"shoibloya":[{"date":"2021-10-04","commitResults":[{"hash":"8bcd050c24486009e1893ca045f45da369184c43","messageTitle":"Shoib Loya","messageBody":"","fileTypesAndContributionMap":{"docs":{"insertions":1,"deletions":1}}}]}],"swatimahadevan":[{"date":"2021-09-30","commitResults":[{"hash":"b426d24c1ca6cc54954bff44d3c727a9f47f4cdd","messageTitle":"Added swatimahadevan info","messageBody":"","fileTypesAndContributionMap":{"docs":{"insertions":1,"deletions":0}}}]},{"date":"2021-10-04","commitResults":[{"hash":"cbccf7e1d812d7b089926727340f545d49312ac2","messageTitle":"Calendar without tasks","messageBody":"","fileTypesAndContributionMap":{"functional-code":{"insertions":98,"deletions":2},"test-code":{"insertions":21,"deletions":0}}},{"hash":"f5243d8fe753212efd7a9a21f46ff6de33ef3777","messageTitle":"Removed buggy wrapping","messageBody":"","fileTypesAndContributionMap":{"functional-code":{"insertions":11,"deletions":21}}},{"hash":"577c9ffeefb8c6e83a8286f42675e783c78c630b","messageTitle":"Fixed checkstyle issues","messageBody":"","fileTypesAndContributionMap":{"functional-code":{"insertions":7,"deletions":3}}},{"hash":"1004276598f6d70e772a347b0713c4116cc33d36","messageTitle":"Removed javadoc","messageBody":"","fileTypesAndContributionMap":{"test-code":{"insertions":1,"deletions":3}}}]},{"date":"2021-10-06","commitResults":[{"hash":"ed8551d690c6dc11471277397a081b62c3003dfd","messageTitle":"Resolved merge conflicts and checkstyle","messageBody":"","fileTypesAndContributionMap":{"functional-code":{"insertions":2,"deletions":4}}},{"hash":"b8130de2484601f4d956a4533892dee259761bd6","messageTitle":"Extracted calendar command with exceptions","messageBody":"","fileTypesAndContributionMap":{"functional-code":{"insertions":113,"deletions":44},"test-code":{"insertions":9,"deletions":19}}},{"hash":"7b26057410b9eb563c5aa564a97bce4d48862d94","messageTitle":"Update UI","messageBody":"","fileTypesAndContributionMap":{"functional-code":{"insertions":1,"deletions":1}}},{"hash":"2cad0d110e6657cbede1983bef2c97e3048930b6","messageTitle":"Fixed Parser Test","messageBody":"","fileTypesAndContributionMap":{"functional-code":{"insertions":11,"deletions":1},"test-code":{"insertions":1,"deletions":3}}},{"hash":"56eeb700ff0834551896d21a39b4b4bc16364401","messageTitle":"Replaced with constants","messageBody":"","fileTypesAndContributionMap":{"functional-code":{"insertions":11,"deletions":1}}},{"hash":"27043cf73a2139b38b3dc4a3a955e64b2e15e571","messageTitle":"Replaced with constants #2","messageBody":"","fileTypesAndContributionMap":{"functional-code":{"insertions":16,"deletions":9}}},{"hash":"9477acf63995345ab3de2b12ed9b742410c393f5","messageTitle":"extracted junit back out","messageBody":"","fileTypesAndContributionMap":{"functional-code":{"insertions":15,"deletions":10},"test-code":{"insertions":18,"deletions":7}}}]},{"date":"2021-10-09","commitResults":[{"hash":"e0c7bbc0e25f21dbd21baecd3fc9f1573317b122","messageTitle":"Storage skeleton and tasks addition and listing","messageBody":"","fileTypesAndContributionMap":{"functional-code":{"insertions":341,"deletions":20}}},{"hash":"c62a0434a35f578732539720534901eb59bb63e0","messageTitle":"Removed debugging code","messageBody":"","fileTypesAndContributionMap":{"functional-code":{"insertions":4,"deletions":18}}},{"hash":"864b1e551a5706c99ea40b0ba249b63f9b965c03","messageTitle":"Checkstyle fix","messageBody":"","fileTypesAndContributionMap":{"functional-code":{"insertions":5,"deletions":1}}}]},{"date":"2021-10-10","commitResults":[{"hash":"6b6620405ac47c0c858048f414b600fad61b5215","messageTitle":"Removed tasklist param","messageBody":"","fileTypesAndContributionMap":{"functional-code":{"insertions":16,"deletions":13}}},{"hash":"a2024be421cdad25f34ea56683f5085b58df75ed","messageTitle":"Removed tasklist param #2","messageBody":"","fileTypesAndContributionMap":{"functional-code":{"insertions":6,"deletions":2}}},{"hash":"aa5907f8716c2a19617a3e3fa04aea0c059c378d","messageTitle":"Fixed bugs","messageBody":"","fileTypesAndContributionMap":{"functional-code":{"insertions":18,"deletions":9}}}]}]},"authorFileTypeContributionMap":{"SvethaMahadevan":{"docs":1,"functional-code":40,"test-code":17},"nvbinh15":{"docs":1,"functional-code":561,"test-code":100},"ngnigel99":{"docs":1,"functional-code":487,"test-code":63,"other":1},"shoibloya":{"docs":1,"functional-code":0,"test-code":0},"swatimahadevan":{"docs":1,"functional-code":480,"test-code":20}},"authorContributionVariance":{"SvethaMahadevan":928.5,"nvbinh15":12720.244,"ngnigel99":11367.339,"shoibloya":0.234375,"swatimahadevan":13647.964},"authorDisplayNameMap":{"SvethaMahadevan":"CS2113T-T09-4 MAHA..ETHA","nvbinh15":"CS2113T-T09-4 NGUY..BINH","ngnigel99":"CS2113T-T09-4 NIGE..L NG","shoibloya":"CS2113T-T09-4 MOHA..LOYA","swatimahadevan":"CS2113T-T09-4 MAHA..WATI"}}
