{"authorDailyContributionsMap":{"SvethaMahadevan":[{"date":"2021-09-30","commitResults":[{"hash":"67c231ca4c2b099325ddaf08281ce59314175d56","messageTitle":"Update AboutUs.md","messageBody":"","fileTypesAndContributionMap":{"docs":{"insertions":1,"deletions":1}}}]},{"date":"2021-10-06","commitResults":[{"hash":"216ffae6edf812b313ed08a1b633f212a679a0a0","messageTitle":"add note functionality","messageBody":"","fileTypesAndContributionMap":{"functional-code":{"insertions":53,"deletions":1},"test-code":{"insertions":6,"deletions":0}}},{"hash":"de092dd932675a7c592f282a737e1412bc5218aa","messageTitle":"fixing bugs","messageBody":"","fileTypesAndContributionMap":{"functional-code":{"insertions":3,"deletions":7}}},{"hash":"3b37780f36a1c1e8bbd3a9cf0ad407d4e6fa9287","messageTitle":"fixing bugs","messageBody":"","fileTypesAndContributionMap":{"functional-code":{"insertions":1,"deletions":0}}},{"hash":"6b1f2c2fbfd86d13d1e63005c8c6c63b8ba37497","messageTitle":"JUnit test extracted and minor edits","messageBody":"","fileTypesAndContributionMap":{"functional-code":{"insertions":15,"deletions":11},"test-code":{"insertions":20,"deletions":5}}},{"hash":"92554085524604e9cfba88f9090a66d43c1416a1","messageTitle":"Update ParserJournalTest","messageBody":"","fileTypesAndContributionMap":{"test-code":{"insertions":1,"deletions":3}}}]},{"date":"2021-10-11","commitResults":[{"hash":"9e7ec00a9153182e9c56c7504440eeed1f8da8c7","messageTitle":"added storage for notes and implemented adding of notes and adding of entries to desired note","messageBody":"","fileTypesAndContributionMap":{"functional-code":{"insertions":264,"deletions":56}}},{"hash":"aebd4510eba688e8deb283deabcd56728cbda824","messageTitle":"fixed checkstyle errors","messageBody":"","fileTypesAndContributionMap":{"functional-code":{"insertions":23,"deletions":12}}},{"hash":"12764f3fd96710d27ad1c7670261d33c05ee8a3d","messageTitle":"fixed checkstyle errors","messageBody":"","fileTypesAndContributionMap":{"functional-code":{"insertions":1,"deletions":2},"test-code":{"insertions":0,"deletions":17}}}]},{"date":"2021-10-13","commitResults":[{"hash":"409b6c9b8c3907260ae6f176d86aaac8f3dcce3e","messageTitle":"resolving conflicts","messageBody":"","fileTypesAndContributionMap":{"functional-code":{"insertions":396,"deletions":81},"test-code":{"insertions":14,"deletions":0}}},{"hash":"c983f7d74cee1da247a89e846f2e570bd9527092","messageTitle":"minor edits","messageBody":"","fileTypesAndContributionMap":{"functional-code":{"insertions":1,"deletions":1}}},{"hash":"5c60239cb63facdd87476f2bfe14eb535e7db92e","messageTitle":"checkstyleTest errors fixing","messageBody":"","fileTypesAndContributionMap":{"test-code":{"insertions":1,"deletions":1}}},{"hash":"a26cb37a99ff678172413a09198f0a83d109c8d2","messageTitle":"fixing IO test errors","messageBody":"","fileTypesAndContributionMap":{"functional-code":{"insertions":5,"deletions":2}}},{"hash":"7fd0aef835426ca76f6088320cce03d417030c76","messageTitle":"adding JavaDoc comments","messageBody":"","fileTypesAndContributionMap":{"functional-code":{"insertions":11,"deletions":2}}},{"hash":"4c8790092e2f9e04580b633a1c84b3375e5eb7c0","messageTitle":"javadoc","messageBody":"","fileTypesAndContributionMap":{"functional-code":{"insertions":112,"deletions":30},"test-code":{"insertions":54,"deletions":0}}},{"hash":"7794f3c4da691c7ca9a1ad87e660aa143a5bd23d","messageTitle":"checkstyle","messageBody":"","fileTypesAndContributionMap":{"functional-code":{"insertions":12,"deletions":10},"test-code":{"insertions":12,"deletions":20}}},{"hash":"b9d50ef4f0017030b2d8c95781c55badde646844","messageTitle":"Javadoc and checkstyle errors","messageBody":"","fileTypesAndContributionMap":{"functional-code":{"insertions":1,"deletions":1}}},{"hash":"9c78cda803fc206a298dcc36470f64214c85e21c","messageTitle":"fixing checkstyleTest errors","messageBody":"","fileTypesAndContributionMap":{"test-code":{"insertions":1,"deletions":1}}},{"hash":"710532ec0ac90319a8386687288d330814fba225","messageTitle":"fixing JUnit tests","messageBody":"","fileTypesAndContributionMap":{"test-code":{"insertions":20,"deletions":12}}},{"hash":"eb071a23afebba9a6ec1c369bf1339be379b24d2","messageTitle":"added assertions","messageBody":"","fileTypesAndContributionMap":{"functional-code":{"insertions":1,"deletions":0}}},{"hash":"77300bf72c890d546ebfbf08d910176bd649c7ef","messageTitle":"fixed checkstyle error","messageBody":"","fileTypesAndContributionMap":{"functional-code":{"insertions":1,"deletions":1}}},{"hash":"5d7240a905213ed1d9fe5abd5d066a4a07f79846","messageTitle":"editing Javadoc","messageBody":"","fileTypesAndContributionMap":{"functional-code":{"insertions":1,"deletions":1}}},{"hash":"544c7488c90e0ebb638f883e6157a38941676291","messageTitle":"FIXES FOR STORAGE","messageBody":"","fileTypesAndContributionMap":{"functional-code":{"insertions":10,"deletions":3}}}]},{"date":"2021-10-20","commitResults":[{"hash":"6f87cddf717badee788da197e132908cf2db1f12","messageTitle":"adding numbering in journal list and allowing for notebook deletion.","messageBody":"","fileTypesAndContributionMap":{"functional-code":{"insertions":91,"deletions":3}}},{"hash":"6066a63b15416e32450f06b0852de53c4811fe66","messageTitle":"minor changes","messageBody":"","fileTypesAndContributionMap":{"functional-code":{"insertions":1,"deletions":1}}},{"hash":"03dd0119a6d2a6da0ba3c5c87d1afab54337764b","messageTitle":"Updating DG","messageBody":"","fileTypesAndContributionMap":{"docs":{"insertions":36,"deletions":0}}},{"hash":"76595e2a8fe4424d32629d21a75c5e6672bb9d9d","messageTitle":"minor edits","messageBody":"","fileTypesAndContributionMap":{"docs":{"insertions":4,"deletions":2}}},{"hash":"17e94b2e2004ba8d15ed39e315e8b42fd3cd9e3b","messageTitle":"DG edits","messageBody":"","fileTypesAndContributionMap":{"docs":{"insertions":2,"deletions":2}}},{"hash":"4e9f52f68cdfb0038476dc273d7b2909089480d0","messageTitle":"editing DG","messageBody":"","fileTypesAndContributionMap":{"docs":{"insertions":40,"deletions":0}}},{"hash":"b848689a73c02cb9c8a4e45d54b2dd9fb6800afa","messageTitle":"editing dg","messageBody":"","fileTypesAndContributionMap":{"docs":{"insertions":2,"deletions":2}}},{"hash":"cd4c7b9050866a72dfb774d294bd1f2db5cb0b36","messageTitle":"minor edits","messageBody":"","fileTypesAndContributionMap":{"docs":{"insertions":2,"deletions":2}}}]},{"date":"2021-10-21","commitResults":[{"hash":"d859cbf19fdd29e37c4439230e91940c3eaf59a9","messageTitle":"editing UG","messageBody":"","fileTypesAndContributionMap":{"docs":{"insertions":42,"deletions":3}}}]},{"date":"2021-10-24","commitResults":[{"hash":"7e1bce21e631a0f1714ce5cd8097d69e9a6022ce","messageTitle":"adding delete entry functionality","messageBody":"","fileTypesAndContributionMap":{"functional-code":{"insertions":97,"deletions":4},"other":{"insertions":2,"deletions":2}}}]},{"date":"2021-10-27","commitResults":[{"hash":"96e6c7a223db6d4ac121dca551a5389979a296c9","messageTitle":"edits","messageBody":"","fileTypesAndContributionMap":{"functional-code":{"insertions":456,"deletions":104}}},{"hash":"f136d5ad09c8f1e7977f9b2a52343e08c384f4fc","messageTitle":"tag functionality","messageBody":"","fileTypesAndContributionMap":{"functional-code":{"insertions":1,"deletions":1}}},{"hash":"5c10ef7292a7abd56e959511c7073d95691e9bcd","messageTitle":"minor change","messageBody":"","fileTypesAndContributionMap":{"test-code":{"insertions":1,"deletions":1}}},{"hash":"e954d8a10284bdd79a80ab173ed7bcc7a73a71c2","messageTitle":"ug edits","messageBody":"","fileTypesAndContributionMap":{"functional-code":{"insertions":43,"deletions":3},"docs":{"insertions":56,"deletions":2}}},{"hash":"e0d5780d94e161fb8bfa12e4dec6b94e0beaab87","messageTitle":"edits in command summary in ug","messageBody":"","fileTypesAndContributionMap":{"docs":{"insertions":11,"deletions":6}}}]},{"date":"2021-10-28","commitResults":[{"hash":"be6ebf84af4a55f411d105645664bea9089dac56","messageTitle":"ug edits","messageBody":"","fileTypesAndContributionMap":{"docs":{"insertions":21,"deletions":21}}}]},{"date":"2021-11-03","commitResults":[{"hash":"9a9d5c4d2f208790b7e706a36b15d6e3671c6adc","messageTitle":"ppp draft svetha","messageBody":"","fileTypesAndContributionMap":{"docs":{"insertions":24,"deletions":0}}}]},{"date":"2021-11-05","commitResults":[{"hash":"3db935c3f4829d5c3c55afcf1ed6e953239eeeb4","messageTitle":"tag","messageBody":"","fileTypesAndContributionMap":{"functional-code":{"insertions":25,"deletions":120}}}]},{"date":"2021-11-06","commitResults":[{"hash":"499baef9a27ce2b1f69021e4ba783640a2d03663","messageTitle":"bug fixes in journal","messageBody":"","fileTypesAndContributionMap":{"functional-code":{"insertions":354,"deletions":132},"docs":{"insertions":1,"deletions":1},"test-code":{"insertions":1,"deletions":1}}},{"hash":"4e68ff6e76d218a6b72cdd0e65981e64ec18ba8a","messageTitle":"fixed checkstyle errors","messageBody":"","fileTypesAndContributionMap":{"functional-code":{"insertions":98,"deletions":51}}}]},{"date":"2021-11-07","commitResults":[{"hash":"afa044f75238e759332701bfc38339a0960eb47d","messageTitle":"adding Target User Profile and Value Proposition in DG","messageBody":"","fileTypesAndContributionMap":{"docs":{"insertions":91,"deletions":2},"test-code":{"insertions":1,"deletions":0}}},{"hash":"64f2d16879d9d00c3a99ef94fc1bdfc149fb37c5","messageTitle":"formatting dg","messageBody":"","fileTypesAndContributionMap":{"docs":{"insertions":2,"deletions":2}}},{"hash":"7bb256171294bd8069a5be743468567845f0b53f","messageTitle":"minor-bug","messageBody":"","fileTypesAndContributionMap":{"functional-code":{"insertions":1,"deletions":1}}}]}],"nvbinh15":[{"date":"2021-09-30","commitResults":[{"hash":"0eb8d9688b60988c4b69e6e3ec558abbb1c527d6","messageTitle":"Update AboutUs.md","messageBody":"","fileTypesAndContributionMap":{"docs":{"insertions":1,"deletions":1}}}]},{"date":"2021-10-04","commitResults":[{"hash":"d2f78afacd955f8ed7d648033170f1ef47560b02","messageTitle":"Define project structure","messageBody":"","fileTypesAndContributionMap":{"functional-code":{"insertions":24,"deletions":0}}},{"hash":"e5d7c7d7def48a2b51fc7df5832a860be9fe8482","messageTitle":"Fix class name","messageBody":"","fileTypesAndContributionMap":{"other":{"insertions":3,"deletions":3}}},{"hash":"36ff812ce72a6cfbe95d1b2d5f0409e47749e7d9","messageTitle":"Add date time parser and test","messageBody":"","fileTypesAndContributionMap":{"functional-code":{"insertions":63,"deletions":1},"test-code":{"insertions":17,"deletions":0}}},{"hash":"7ab81921844128ad8758cdb951cdacca1ce05e36","messageTitle":"Fix javadoc","messageBody":"","fileTypesAndContributionMap":{"functional-code":{"insertions":1,"deletions":1},"test-code":{"insertions":1,"deletions":1}}},{"hash":"9ecf425770f289348cf4591c369bb4fe36cce484","messageTitle":"Update an abstract class Command","messageBody":"","fileTypesAndContributionMap":{"functional-code":{"insertions":20,"deletions":2}}},{"hash":"1c8b6696e79cde1839360be206a899bf586e1793","messageTitle":"Update exceptions","messageBody":"","fileTypesAndContributionMap":{"functional-code":{"insertions":10,"deletions":0}}},{"hash":"039f357d573732da1f8453d60189062d0b799960","messageTitle":"Update Parser and ParserTest","messageBody":"","fileTypesAndContributionMap":{"functional-code":{"insertions":2,"deletions":0},"test-code":{"insertions":13,"deletions":2}}},{"hash":"aed974ead59cb0ed30a6750d1e9c9439e6c00f01","messageTitle":"Add exit command, modify main components","messageBody":"","fileTypesAndContributionMap":{"functional-code":{"insertions":208,"deletions":17}}},{"hash":"b13e3f73c6b375b68675c0efb0d29a80389c9724","messageTitle":"Fix coding style","messageBody":"","fileTypesAndContributionMap":{"functional-code":{"insertions":5,"deletions":2}}}]},{"date":"2021-10-05","commitResults":[{"hash":"d2ba5cb56e7a4fe3122dcca3b34a2b5706aa0e63","messageTitle":"Add blank lines to the end of files","messageBody":"","fileTypesAndContributionMap":{"functional-code":{"insertions":2,"deletions":2},"test-code":{"insertions":2,"deletions":2}}}]},{"date":"2021-10-07","commitResults":[{"hash":"778d11b532c97cdabea0a016da30aff3fd059e95","messageTitle":"Define Module and ModuleManager classes","messageBody":"","fileTypesAndContributionMap":{"functional-code":{"insertions":153,"deletions":0}}},{"hash":"5364930dbfe6f9eb5d22d98d7558e7522d50ffe7","messageTitle":"Fix Module constructors","messageBody":"","fileTypesAndContributionMap":{"functional-code":{"insertions":4,"deletions":4}}},{"hash":"5965b4074297daf59766d51878ef6b5f5789ccda","messageTitle":"Initialize AddModuleCommand","messageBody":"","fileTypesAndContributionMap":{"functional-code":{"insertions":18,"deletions":0}}},{"hash":"969817c72f2b77e1762ed65e9210d9657da6dead","messageTitle":"Claim authorship","messageBody":"","fileTypesAndContributionMap":{"functional-code":{"insertions":6,"deletions":0}}},{"hash":"49f2d1d6cccffbaacdc6ab55274d2d7d8fce7170","messageTitle":"Add Module JUnit tests","messageBody":"","fileTypesAndContributionMap":{"test-code":{"insertions":72,"deletions":0}}},{"hash":"36c5842800cdd873bbab0c9e89dd4ecd8e873946","messageTitle":"Use String to represent Module grades","messageBody":"","fileTypesAndContributionMap":{"functional-code":{"insertions":5,"deletions":5},"test-code":{"insertions":4,"deletions":4}}}]},{"date":"2021-10-11","commitResults":[{"hash":"c3d5d63b08a2f26dd0479546bb88f6597afa53d6","messageTitle":"Add Parser assertion","messageBody":"","fileTypesAndContributionMap":{"functional-code":{"insertions":1,"deletions":0}}},{"hash":"e7b186c41b927633a5da44b3fba495c353660a60","messageTitle":"Add ClickLogger","messageBody":"","fileTypesAndContributionMap":{"functional-code":{"insertions":50,"deletions":0}}},{"hash":"3d106c2dfb90d90c621c72225a0901f8ad02ec83","messageTitle":"Add Introduction and FAQ to UserGuide","messageBody":"","fileTypesAndContributionMap":{"docs":{"insertions":29,"deletions":14}}},{"hash":"97d104a7eb3ce7234f1c7399a1f98e9b7b02c07b","messageTitle":"Update UserGuide","messageBody":"","fileTypesAndContributionMap":{"docs":{"insertions":12,"deletions":7}}}]},{"date":"2021-10-12","commitResults":[{"hash":"9e6d959b67ba939e4f72f0178f0364586ec139e8","messageTitle":"Add MoudleStorage","messageBody":"","fileTypesAndContributionMap":{"functional-code":{"insertions":142,"deletions":37}}},{"hash":"bc15b5bf9fdc5b6d6fe1c6721a61aa700bb59473","messageTitle":"Add StorageException","messageBody":"","fileTypesAndContributionMap":{"functional-code":{"insertions":4,"deletions":0}}},{"hash":"26c883a7a09d073c14756322b5f6379525fc9c5b","messageTitle":"Update Parser and ModuleList","messageBody":"","fileTypesAndContributionMap":{"functional-code":{"insertions":40,"deletions":14}}},{"hash":"26f97627ed1fcef81499a9042605b796b1bf632a","messageTitle":"Add list and add module commands","messageBody":"","fileTypesAndContributionMap":{"functional-code":{"insertions":43,"deletions":2}}},{"hash":"c3e5525b048685de59669e5706ef835436fa1aeb","messageTitle":"Fix coding style","messageBody":"","fileTypesAndContributionMap":{"functional-code":{"insertions":15,"deletions":1}}},{"hash":"9fa9e7e682326e84f5468004538c0b50f4d2e127","messageTitle":"Factor out constants, cover different adding module inputs","messageBody":"","fileTypesAndContributionMap":{"functional-code":{"insertions":26,"deletions":11}}},{"hash":"6b84fccbc2d94a62067372327971634afe269862","messageTitle":"Add deleting module command","messageBody":"","fileTypesAndContributionMap":{"functional-code":{"insertions":46,"deletions":12}}}]},{"date":"2021-10-13","commitResults":[{"hash":"cd6f5d932326bd199680725dbc9bc461894167cb","messageTitle":"Extract getModuleCommand method","messageBody":"","fileTypesAndContributionMap":{"functional-code":{"insertions":23,"deletions":11}}},{"hash":"2ce4000a9d5708c8f18bdddcfc5ed0e24232d9e4","messageTitle":"Add JavaDoc","messageBody":"","fileTypesAndContributionMap":{"functional-code":{"insertions":82,"deletions":6}}},{"hash":"2a0372a18ef3d3ec38f38318927ba234ccd7e4b9","messageTitle":"Add assertions","messageBody":"","fileTypesAndContributionMap":{"functional-code":{"insertions":2,"deletions":0}}},{"hash":"3a47f2b7f1792ff987f32116888c3515cbd0aa35","messageTitle":"Handle Module exception","messageBody":"","fileTypesAndContributionMap":{"functional-code":{"insertions":17,"deletions":7}}},{"hash":"10ad66a7e9a075854666a296e3f128eab631b720","messageTitle":"Add IllegalModuleException handling","messageBody":"","fileTypesAndContributionMap":{"functional-code":{"insertions":32,"deletions":6}}},{"hash":"1f2975a284e5e4c89032e144b84cc35d7e89b694","messageTitle":"Fix checkstyle error","messageBody":"","fileTypesAndContributionMap":{"functional-code":{"insertions":2,"deletions":1}}},{"hash":"7e32b89f633eec1c781a9597edbcbae770e3982a","messageTitle":"Fix io test","messageBody":"","fileTypesAndContributionMap":{"functional-code":{"insertions":1,"deletions":1}}},{"hash":"f75c4fc57e6430f79f95083bcc141f9b2fab3005","messageTitle":"Refactor main class","messageBody":"","fileTypesAndContributionMap":{"other":{"insertions":4,"deletions":7}}},{"hash":"2dff926de9ffafffdeb061f2685f9f58699a706c","messageTitle":"Update config","messageBody":"","fileTypesAndContributionMap":{"other":{"insertions":2,"deletions":2}}}]},{"date":"2021-10-15","commitResults":[{"hash":"393764967488e0ff294bc79c43ffdb401e3812d3","messageTitle":"Refactor commands to packages","messageBody":"","fileTypesAndContributionMap":{"functional-code":{"insertions":17,"deletions":22},"other":{"insertions":33,"deletions":17},"test-code":{"insertions":2,"deletions":2}}},{"hash":"2760309600d4235a0c25956eee12783acb66e997","messageTitle":"Refactor exceptions into packages","messageBody":"","fileTypesAndContributionMap":{"functional-code":{"insertions":33,"deletions":29},"other":{"insertions":14,"deletions":11},"test-code":{"insertions":1,"deletions":1}}}]},{"date":"2021-10-18","commitResults":[{"hash":"f4c7b6d435df9c97b7bae9d750d1e8eea78877f8","messageTitle":"Store expected grades as enum","messageBody":"","fileTypesAndContributionMap":{"functional-code":{"insertions":17,"deletions":7},"test-code":{"insertions":4,"deletions":4}}}]},{"date":"2021-10-19","commitResults":[{"hash":"026ec3dd85233b478fd4904327c2969a2c38c835","messageTitle":"Add module class diagram","messageBody":"","fileTypesAndContributionMap":{"docs":{"insertions":26,"deletions":0}}},{"hash":"1a40e8e2f7c0f772f357498c047059cf348d0944","messageTitle":"Add module-related DG","messageBody":"","fileTypesAndContributionMap":{"docs":{"insertions":54,"deletions":13}}},{"hash":"e39a3547d99a0c2277be209edf166e114849cd49","messageTitle":"Add LetterGrade and GradeValue to record expected grades","messageBody":"","fileTypesAndContributionMap":{"functional-code":{"insertions":55,"deletions":2}}}]},{"date":"2021-10-20","commitResults":[{"hash":"bfd82c3e66e399b2517c212161039ca4fd1ca06a","messageTitle":"Use Map to store grades","messageBody":"","fileTypesAndContributionMap":{"functional-code":{"insertions":64,"deletions":66},"test-code":{"insertions":5,"deletions":5}}},{"hash":"ca19b5b56a77c721ec51ad5f00d2e72ff0d69980","messageTitle":"Add ListModuleCommand implementation to DG","messageBody":"","fileTypesAndContributionMap":{"docs":{"insertions":53,"deletions":2}}},{"hash":"986067a7e6b18104607da7cae4a0fabb3be169a7","messageTitle":"Add AddModuleCommand and DeleteModuleCommand implemetation details","messageBody":"","fileTypesAndContributionMap":{"docs":{"insertions":103,"deletions":7}}}]},{"date":"2021-10-21","commitResults":[{"hash":"30399be8bb341c5334fe5ad854c4f87f4c803320","messageTitle":"Update UG skeleton, add Module related features info","messageBody":"","fileTypesAndContributionMap":{"docs":{"insertions":60,"deletions":17}}},{"hash":"b408b4bd35c92d81888e7e076ae332b072b00556","messageTitle":"Add module related commands descriptions","messageBody":"","fileTypesAndContributionMap":{"docs":{"insertions":49,"deletions":5}}},{"hash":"8bbcd02fd92b7ce927566176c824ad772db980eb","messageTitle":"Add UG skeleton and ToC","messageBody":"","fileTypesAndContributionMap":{"docs":{"insertions":11,"deletions":1}}},{"hash":"7d371ed53018fadaabda6228366d2a621bc7c63e","messageTitle":"Add modular credit attribute to Module","messageBody":"","fileTypesAndContributionMap":{"functional-code":{"insertions":93,"deletions":6}}},{"hash":"5a456ce7b482bc5161a9affa2ad038bfa7643e01","messageTitle":"Update Module and ModuleTest","messageBody":"","fileTypesAndContributionMap":{"functional-code":{"insertions":12,"deletions":18},"test-code":{"insertions":35,"deletions":9}}},{"hash":"227e4ad98d6b2315e4298a850761b256b471a119","messageTitle":"Implement GetCapCommand","messageBody":"","fileTypesAndContributionMap":{"functional-code":{"insertions":43,"deletions":7}}},{"hash":"390769216f10c0bed7cb31a867abda380376f353","messageTitle":"Update AddModuleCommand and DeleteModuleCommand","messageBody":"","fileTypesAndContributionMap":{"functional-code":{"insertions":53,"deletions":32},"test-code":{"insertions":2,"deletions":2}}},{"hash":"ec20106e76c620f5b8081599e57177ff3c4d2bba","messageTitle":"Fix checkStyle error","messageBody":"","fileTypesAndContributionMap":{"functional-code":{"insertions":2,"deletions":1}}},{"hash":"eb1d67ef6a2fabad557fb0395df3e4d9c95c0dd7","messageTitle":"Handle IllegaExpectedGradeException","messageBody":"","fileTypesAndContributionMap":{"functional-code":{"insertions":19,"deletions":4},"test-code":{"insertions":30,"deletions":0}}}]},{"date":"2021-10-22","commitResults":[{"hash":"6c7b04b87afdeef004d80c3ba9761c895be18e00","messageTitle":"Claim authorship","messageBody":"","fileTypesAndContributionMap":{"functional-code":{"insertions":7,"deletions":0},"test-code":{"insertions":2,"deletions":0}}},{"hash":"1f88466f8e499c17724e93df6da7d639f8faddfc","messageTitle":"Refactor constants","messageBody":"","fileTypesAndContributionMap":{"functional-code":{"insertions":7,"deletions":4}}}]},{"date":"2021-10-23","commitResults":[{"hash":"f77500885639cee56006429e48d520e1bfa7d21e","messageTitle":"Refactor Module related operations from Parser to ParserModule","messageBody":"","fileTypesAndContributionMap":{"functional-code":{"insertions":25,"deletions":29}}},{"hash":"3148a18893fbc972df63caefbb8fcb10ea436f19","messageTitle":"Add JavaDoc","messageBody":"","fileTypesAndContributionMap":{"functional-code":{"insertions":93,"deletions":4}}},{"hash":"6d305d8f8c35e282d84b0b9079b8e859ee79db7f","messageTitle":"Refactor cap command constant","messageBody":"","fileTypesAndContributionMap":{"functional-code":{"insertions":3,"deletions":1}}}]},{"date":"2021-10-25","commitResults":[{"hash":"0cd6c67a110c861ca0dfc5fad363981ed8ecd5e1","messageTitle":"Add CapInfoCommand","messageBody":"","fileTypesAndContributionMap":{"functional-code":{"insertions":58,"deletions":11}}},{"hash":"cbda3720d4e75fea75614ec5502de52327c36430","messageTitle":"Handle exceptions of CapInfoCommand","messageBody":"","fileTypesAndContributionMap":{"functional-code":{"insertions":32,"deletions":1}}},{"hash":"5133f11b8f322b9c9cd2f10d80b065296ae79e63","messageTitle":"Store CAP info","messageBody":"","fileTypesAndContributionMap":{"functional-code":{"insertions":98,"deletions":24}}},{"hash":"af577dbc99c1e284c2842e0200806abbea7c4f81","messageTitle":"Change add command syntax","messageBody":"","fileTypesAndContributionMap":{"functional-code":{"insertions":14,"deletions":26}}},{"hash":"1499d408ff271c0e71f89f2f689b8e82bc1fdef4","messageTitle":"Change message to user CapInfoCommand","messageBody":"","fileTypesAndContributionMap":{"functional-code":{"insertions":1,"deletions":1}}},{"hash":"1deff325060afa9dec03f0b9a9cb779f274fa4cd","messageTitle":"Fix checkStyle error","messageBody":"","fileTypesAndContributionMap":{"functional-code":{"insertions":2,"deletions":2}}},{"hash":"2f84a4bc06b49ef0f3dd325db88f1693be1863a7","messageTitle":"Edit ui output message syntax","messageBody":"","fileTypesAndContributionMap":{"functional-code":{"insertions":7,"deletions":14}}},{"hash":"72179884566158c53e69039f724d21a92f786500","messageTitle":"Change ui formatting of module-related commands","messageBody":"","fileTypesAndContributionMap":{"functional-code":{"insertions":26,"deletions":14}}},{"hash":"958ce318b7969cfd8576bcf571a174200df1cb83","messageTitle":"Change ui formatting of exit, help, and zoom commands","messageBody":"","fileTypesAndContributionMap":{"functional-code":{"insertions":21,"deletions":3}}}]},{"date":"2021-10-26","commitResults":[{"hash":"80afa47391563a811a3017857f65dc676d49d7fb","messageTitle":"Edit module-related command description","messageBody":"","fileTypesAndContributionMap":{"docs":{"insertions":101,"deletions":35}}},{"hash":"1406117b40689c6a77f135fc6ece420a1a4cb8f0","messageTitle":"Update command summary","messageBody":"","fileTypesAndContributionMap":{"docs":{"insertions":6,"deletions":6}}}]},{"date":"2021-10-27","commitResults":[{"hash":"d1b396cd4a7728cfc96131d92ce9df5908c2da0d","messageTitle":"Fix minor bugs","messageBody":"","fileTypesAndContributionMap":{"functional-code":{"insertions":20,"deletions":16}}}]},{"date":"2021-10-28","commitResults":[{"hash":"31b07a8505d1b85bbb4bfcb9d8b0400c09bbd83e","messageTitle":"Update add module command in UG","messageBody":"","fileTypesAndContributionMap":{"docs":{"insertions":5,"deletions":0}}},{"hash":"c1b8db3d0600f0b942e77cc93571f2386270b229","messageTitle":"Update Readme, AboutUs create PPP","messageBody":"","fileTypesAndContributionMap":{"docs":{"insertions":5,"deletions":2}}},{"hash":"90d7ad4e7684f046f061c3af9eaf0d390e0ba3cd","messageTitle":"Update jar file link","messageBody":"","fileTypesAndContributionMap":{"docs":{"insertions":1,"deletions":1}}},{"hash":"419aff35d780470bb264a74889f7472a515a190e","messageTitle":"Add DG ToC, Introduction, and Setting Up","messageBody":"","fileTypesAndContributionMap":{"docs":{"insertions":41,"deletions":23}}},{"hash":"531aaacb1955d4ede8daabe9d61714b1238aaa4c","messageTitle":"Update setting up","messageBody":"","fileTypesAndContributionMap":{"docs":{"insertions":4,"deletions":1}}},{"hash":"97ca0347c1c71c3cb7dc5241f44badce385fdc5f","messageTitle":"Add ModuleListTest","messageBody":"","fileTypesAndContributionMap":{"test-code":{"insertions":22,"deletions":9}}},{"hash":"39052b2e3d69a35784e070439fbd549752246c37","messageTitle":"Add ModuleManagerTest skeleton","messageBody":"","fileTypesAndContributionMap":{"test-code":{"insertions":31,"deletions":0}}}]},{"date":"2021-10-29","commitResults":[{"hash":"3989e69c04332ef851b45272003ebcfc400469dc","messageTitle":"Add ParserModuleTest","messageBody":"","fileTypesAndContributionMap":{"functional-code":{"insertions":3,"deletions":0},"test-code":{"insertions":53,"deletions":1}}},{"hash":"1f713b90919386be32adcd0d1edd258290d8910e","messageTitle":"Add note to cap command","messageBody":"","fileTypesAndContributionMap":{"docs":{"insertions":4,"deletions":0}}},{"hash":"a517328abfba3fb2b890369761b29685d5a07559","messageTitle":"Add JavaDoc to JUnit test","messageBody":"","fileTypesAndContributionMap":{"test-code":{"insertions":41,"deletions":0}}},{"hash":"c2b629c20d7a20cbf2037e4917b5d32233e7d456","messageTitle":"Add JavaDoc source code","messageBody":"","fileTypesAndContributionMap":{"functional-code":{"insertions":51,"deletions":5}}},{"hash":"681e5b2379768ffd303356bd1bf14bc23e0c824b","messageTitle":"Refactor constants","messageBody":"","fileTypesAndContributionMap":{"functional-code":{"insertions":8,"deletions":4}}},{"hash":"2f7dfb3f27e15070f7ff20c9afeb0a7e6014313d","messageTitle":"Fix checkStyle error","messageBody":"","fileTypesAndContributionMap":{"test-code":{"insertions":3,"deletions":4}}},{"hash":"99743feb11e1cc9e196ff388a16cc2823839b27f","messageTitle":"Make happy path for ParserModule","messageBody":"","fileTypesAndContributionMap":{"functional-code":{"insertions":8,"deletions":8}}},{"hash":"806589630de0fc870693953cc055c53dbf4e0be1","messageTitle":"Update UG","messageBody":"","fileTypesAndContributionMap":{"docs":{"insertions":22,"deletions":11}}},{"hash":"9c7e2c17b806e5b9c7b23a3cf882c96026f1f18b","messageTitle":"Update UserGuide.md","messageBody":"","fileTypesAndContributionMap":{"docs":{"insertions":4,"deletions":3}}},{"hash":"697e6bacc513129849ba0093fd587c1ef84e7e74","messageTitle":"Update UG ToC","messageBody":"","fileTypesAndContributionMap":{"docs":{"insertions":1,"deletions":1}}},{"hash":"f77b4802a58e7a3e7db2a2d72111703cf107c405","messageTitle":"Update UserGuide.md","messageBody":"","fileTypesAndContributionMap":{"docs":{"insertions":1,"deletions":1}}}]},{"date":"2021-10-30","commitResults":[{"hash":"51f9191cba19f55ae6787f9e46d9dae220c9ee9e","messageTitle":"Add ppp skeleton","messageBody":"","fileTypesAndContributionMap":{"docs":{"insertions":24,"deletions":0}}},{"hash":"c7bb7cd21d15251ffc18f9052380190d22301de7","messageTitle":"Add code contribution link","messageBody":"","fileTypesAndContributionMap":{"docs":{"insertions":2,"deletions":2}}}]},{"date":"2021-11-01","commitResults":[{"hash":"2fc5a28b43579937672fbeba011a79f58de063b7","messageTitle":"Update ClickException and ExceptionHandler to print specified messages","messageBody":"","fileTypesAndContributionMap":{"functional-code":{"insertions":18,"deletions":2}}},{"hash":"5cd3b0b4755dc8ebf0d709c27da75b48d4c78b4b","messageTitle":"Add messages to exceptions","messageBody":"","fileTypesAndContributionMap":{"functional-code":{"insertions":30,"deletions":1}}},{"hash":"a8c25b7a4169d7420e7d7bc0a3046b6d9a1aa429","messageTitle":"Fix checkstyle error","messageBody":"","fileTypesAndContributionMap":{"functional-code":{"insertions":3,"deletions":2}}},{"hash":"3684b5fb163a4ac539963ff967113fbbed8af868","messageTitle":"Add messages to module exceptions","messageBody":"","fileTypesAndContributionMap":{"functional-code":{"insertions":43,"deletions":6}}}]},{"date":"2021-11-02","commitResults":[{"hash":"a17d03ad16f745d0d3f20ed96cf39551dd8ab1fd","messageTitle":"Check the valid range of modular credit","messageBody":"","fileTypesAndContributionMap":{"functional-code":{"insertions":34,"deletions":4}}},{"hash":"f93b1dd09dfb6968c979b9172f0167007b910d4d","messageTitle":"Update UG","messageBody":"","fileTypesAndContributionMap":{"docs":{"insertions":2,"deletions":0}}},{"hash":"6ab89030cc554f7e7a47338b3c1b8bfc9f6a53ec","messageTitle":"Fix checkstyleMain","messageBody":"","fileTypesAndContributionMap":{"functional-code":{"insertions":2,"deletions":2}}},{"hash":"d8258a8f535dd0b78d0001ca6b3c29998f2a7a5e","messageTitle":"Update IllegalModuleException message","messageBody":"","fileTypesAndContributionMap":{"functional-code":{"insertions":4,"deletions":2}}},{"hash":"2825350a84a3f6957d91e9eedffa6c28d66c3945","messageTitle":"Check module already exists while adding","messageBody":"","fileTypesAndContributionMap":{"functional-code":{"insertions":31,"deletions":5}}},{"hash":"dc9cb0756215b38878f5dc6309a706da87ccbf92","messageTitle":"Add JavaDoc","messageBody":"","fileTypesAndContributionMap":{"functional-code":{"insertions":38,"deletions":1}}},{"hash":"d66b8627fc7cff26bbe40fe1f7b614f65aa852a1","messageTitle":"Add GradePointsTest and ModuleListTest","messageBody":"","fileTypesAndContributionMap":{"test-code":{"insertions":41,"deletions":31}}},{"hash":"5ebfb6c6191d95f873c0e81846757c29aaed61cb","messageTitle":"Fix checkstyle error","messageBody":"","fileTypesAndContributionMap":{"test-code":{"insertions":3,"deletions":1}}}]},{"date":"2021-11-03","commitResults":[{"hash":"96990663b285cd5b20e1c21c526ddcd65e783ae9","messageTitle":"Add community section to the PPP","messageBody":"","fileTypesAndContributionMap":{"docs":{"insertions":14,"deletions":1}}}]},{"date":"2021-11-05","commitResults":[{"hash":"f8eabaf0f6276ba60d19c07fcccf75b2883adc45","messageTitle":"Handle DuplicateModuleParamException","messageBody":"","fileTypesAndContributionMap":{"functional-code":{"insertions":38,"deletions":7}}},{"hash":"2747294cabe3027077bb55b174ce0534dabec921","messageTitle":"Change module add command format, add JavaDoc","messageBody":"","fileTypesAndContributionMap":{"functional-code":{"insertions":22,"deletions":4}}},{"hash":"1be2b8c556246aa419ac3247c01b7dc67c0d8058","messageTitle":"Update UG and help command","messageBody":"","fileTypesAndContributionMap":{"functional-code":{"insertions":1,"deletions":1},"docs":{"insertions":5,"deletions":5}}},{"hash":"47211089745671eaa4d478c175bf8e6735c16990","messageTitle":"Fix checkstyle error","messageBody":"","fileTypesAndContributionMap":{"functional-code":{"insertions":1,"deletions":1}}}]},{"date":"2021-11-06","commitResults":[{"hash":"d03064abdc667f85d3735f5bef436ca7c6995e17","messageTitle":"Handle StorageModuleException","messageBody":"","fileTypesAndContributionMap":{"functional-code":{"insertions":33,"deletions":13},"test-code":{"insertions":2,"deletions":1}}},{"hash":"05ce2b505fb2e4f7d69f23cb88b5b33ee0513034","messageTitle":"Refactor StorageModuleException","messageBody":"","fileTypesAndContributionMap":{"functional-code":{"insertions":24,"deletions":15},"test-code":{"insertions":1,"deletions":1}}},{"hash":"efd845a650554ac09339e525e4a3339b592123b0","messageTitle":"Add IllegalModuleCommandException","messageBody":"","fileTypesAndContributionMap":{"functional-code":{"insertions":35,"deletions":17}}},{"hash":"e1d238977e3fb08b7e3eab031f161a5d1573e2c9","messageTitle":"Update JUnit test parser.module","messageBody":"","fileTypesAndContributionMap":{"test-code":{"insertions":2,"deletions":2}}},{"hash":"b4c0c9386a5dfe8344baf5409541bf4b8d4740fb","messageTitle":"Move all data file to 1 directory","messageBody":"","fileTypesAndContributionMap":{"functional-code":{"insertions":7,"deletions":7}}}]},{"date":"2021-11-07","commitResults":[{"hash":"4c2a3089b2c90a18ac145bd45cfb0b01e4de4fd2","messageTitle":"Update DG","messageBody":"","fileTypesAndContributionMap":{"docs":{"insertions":34,"deletions":25}}},{"hash":"53eadb82bcd6a945bc106d77055aa2dc5b9c3638","messageTitle":"Update DG Design section","messageBody":"","fileTypesAndContributionMap":{"docs":{"insertions":26,"deletions":3}}},{"hash":"8ef5432350c41093357db357bea083ef1da7ee29","messageTitle":"Add logging implementation","messageBody":"","fileTypesAndContributionMap":{"docs":{"insertions":36,"deletions":1}}},{"hash":"35f68d7e99aa4467fc2ebacd8e466fded52cd246","messageTitle":"Update DG ToC","messageBody":"","fileTypesAndContributionMap":{"docs":{"insertions":1,"deletions":1}}}]}],"ngnigel99":[{"date":"2021-09-30","commitResults":[{"hash":"d0cb27e6c65e0148d338aefd7c4c112b805790e0","messageTitle":"Update AboutUs.md","messageBody":"","fileTypesAndContributionMap":{"docs":{"insertions":1,"deletions":1}}}]},{"date":"2021-10-05","commitResults":[{"hash":"17a2b296845391b2a070546d746f029f882e0415","messageTitle":"Add list  of  records specifically for food Add command of adding a singular food record to the list","messageBody":"","fileTypesAndContributionMap":{"functional-code":{"insertions":170,"deletions":0}}},{"hash":"e9307a22d7ad3db7429c156835d8fcf14e08c0cb","messageTitle":"Add list food functionality","messageBody":"","fileTypesAndContributionMap":{"functional-code":{"insertions":59,"deletions":2}}},{"hash":"4b8edb75f55a08fc2496e957f482431708f5061a","messageTitle":"Update user message on done printing food list","messageBody":"","fileTypesAndContributionMap":{"functional-code":{"insertions":1,"deletions":0}}},{"hash":"10b6c7560ea6fced917681a83179deee31dcb7f2","messageTitle":"Fix gradle checkstyle","messageBody":"","fileTypesAndContributionMap":{"functional-code":{"insertions":26,"deletions":25},"other":{"insertions":2,"deletions":2}}},{"hash":"c74ac7152e40cd62b43ef281c4b6f114f407a09b","messageTitle":"Add clear food list functionallity Clean up code","messageBody":"","fileTypesAndContributionMap":{"functional-code":{"insertions":33,"deletions":0}}}]},{"date":"2021-10-06","commitResults":[{"hash":"01e36073b82e195ff98493899902d082d3754ae4","messageTitle":"Add illegal food syntax exception Add food tests Add parser functionality for food records","messageBody":"","fileTypesAndContributionMap":{"functional-code":{"insertions":71,"deletions":11},"test-code":{"insertions":64,"deletions":0}}},{"hash":"a45f85a19b6e5ea960ddb3bd92f78302bab08514","messageTitle":"Add command constants for food","messageBody":"","fileTypesAndContributionMap":{"functional-code":{"insertions":17,"deletions":4}}}]},{"date":"2021-10-09","commitResults":[{"hash":"0705573feb62be4227d6f5c03eac04133eb43c58","messageTitle":"Add  ExceptionHandler","messageBody":"","fileTypesAndContributionMap":{"functional-code":{"insertions":3,"deletions":1}}},{"hash":"6cc004a1d28ddf29c42033691986dc84cbeda432","messageTitle":"Remove comments","messageBody":"","fileTypesAndContributionMap":{"functional-code":{"insertions":8,"deletions":9}}},{"hash":"cda2d4ecceaa001c0ab458b258c8f3be694306e2","messageTitle":"Rework prefix naming in food Implement exception handler, customized  to each feature Tidy up food features","messageBody":"","fileTypesAndContributionMap":{"functional-code":{"insertions":40,"deletions":26}}},{"hash":"8608abd4a115f7aac717b4f47bfe4c3596c82a05","messageTitle":"Add placeholder to create branch","messageBody":"","fileTypesAndContributionMap":{"functional-code":{"insertions":1,"deletions":0}}},{"hash":"85d3a2d77bb54f0bbcce374a7e0b21c9c44b605c","messageTitle":"Remove whitespace","messageBody":"","fileTypesAndContributionMap":{"functional-code":{"insertions":0,"deletions":1}}},{"hash":"5d87de76e719489dd9715242579871303675a292","messageTitle":"Add food storing operation Add parsing food from text file Add creating directory on exception Add create file on exception","messageBody":"","fileTypesAndContributionMap":{"functional-code":{"insertions":107,"deletions":4}}},{"hash":"d59997bb2841204439f89255e42105e13a78cf30","messageTitle":"Rename calories package Try directory creation","messageBody":"","fileTypesAndContributionMap":{"functional-code":{"insertions":16,"deletions":8},"other":{"insertions":3,"deletions":3},"test-code":{"insertions":0,"deletions":1}}}]},{"date":"2021-10-10","commitResults":[{"hash":"e555b1ecb2f268b50aacc114f87023b4e63118e0","messageTitle":"Add  food storage and writing to file capability","messageBody":"","fileTypesAndContributionMap":{"functional-code":{"insertions":38,"deletions":13}}},{"hash":"7d90640e8070d1a1a365b10ba7822a56a5f21086","messageTitle":"Implement reading in command execution Fully functional food add, clear, list","messageBody":"","fileTypesAndContributionMap":{"functional-code":{"insertions":32,"deletions":23}}},{"hash":"f702d55dd42786e36a18ad068d7cb652f106a120","messageTitle":"Fix checkstyle T_T","messageBody":"","fileTypesAndContributionMap":{"functional-code":{"insertions":10,"deletions":9}}},{"hash":"e58c4fcb14779529048d487bedd2ab16e26f5295","messageTitle":"Attempt to fix IO/ redirection  bug","messageBody":"","fileTypesAndContributionMap":{"functional-code":{"insertions":2,"deletions":1}}},{"hash":"2cc7b141ec6b963f29c8bc14e9ae34a680109050","messageTitle":"Fix checkstyle error","messageBody":"","fileTypesAndContributionMap":{"functional-code":{"insertions":0,"deletions":1}}},{"hash":"1afedd04a1d1c70a5505bc83c01be198f83d9dee","messageTitle":"Add  has  next line  check to debug","messageBody":"","fileTypesAndContributionMap":{"functional-code":{"insertions":1,"deletions":1}}},{"hash":"387e2a261efcf5f5ea92355a1443c76626eab286","messageTitle":"Add whitespace to fix checkstyle","messageBody":"","fileTypesAndContributionMap":{"functional-code":{"insertions":1,"deletions":1}}},{"hash":"08e16db5e9c2a7f28cedf97770a44d8af90f5774","messageTitle":"Fix merge conflicts","messageBody":"","fileTypesAndContributionMap":{"functional-code":{"insertions":2,"deletions":9}}},{"hash":"0776225080523f6bd9eff93557650ee85189323e","messageTitle":"Update parsing of food records","messageBody":"","fileTypesAndContributionMap":{"functional-code":{"insertions":15,"deletions":7}}},{"hash":"1aa24b317374a7c5ce67e97aca85521b182232eb","messageTitle":"Update reading to null instead of empty string","messageBody":"","fileTypesAndContributionMap":{"functional-code":{"insertions":1,"deletions":1}}},{"hash":"c116d5bd3d143d76726d2dd43c26695b96d2b8a8","messageTitle":"Change parser functionality for food","messageBody":"Move calendar into folder creation (still testing)\n","fileTypesAndContributionMap":{"functional-code":{"insertions":40,"deletions":26}}},{"hash":"83e1b48bc512abe190f59eefe29837166dd6d469","messageTitle":"Update gradle tag for assertions","messageBody":"","fileTypesAndContributionMap":{"other":{"insertions":1,"deletions":0}}}]},{"date":"2021-10-11","commitResults":[{"hash":"a30b34cac4cccaa375aeae80fad32cf5316a4285","messageTitle":"Add exceptions for food parsing, dividers","messageBody":"","fileTypesAndContributionMap":{"functional-code":{"insertions":61,"deletions":10}}},{"hash":"8c5aa6c2b6d63e5e874fedec718fa18449940b06","messageTitle":"Add logging on file creation, specifically for Food objects Add log to gitignore","messageBody":"","fileTypesAndContributionMap":{"functional-code":{"insertions":23,"deletions":4}}},{"hash":"3719557e16d9ac53a655cf056170c500b613fde1","messageTitle":"Update IO tests Fix minor bug in food parsing","messageBody":"","fileTypesAndContributionMap":{"functional-code":{"insertions":2,"deletions":3}}}]},{"date":"2021-10-13","commitResults":[{"hash":"e6c88bb888150406decbe767d315679117547404","messageTitle":"Add delete food functionality Add assertions to reduce developer errors Clean up code, rename exceptions namely index not found","messageBody":"","fileTypesAndContributionMap":{"functional-code":{"insertions":132,"deletions":30},"other":{"insertions":2,"deletions":2}}},{"hash":"d943712e9f4ba749b57d95df96a4893be3fa8830","messageTitle":"Fix Checkstyle errors","messageBody":"","fileTypesAndContributionMap":{"functional-code":{"insertions":24,"deletions":7}}},{"hash":"3ba94ab944976be4580389199cb3d59078ca5e9c","messageTitle":"Update java  docs","messageBody":"","fileTypesAndContributionMap":{"functional-code":{"insertions":120,"deletions":34},"test-code":{"insertions":20,"deletions":2}}},{"hash":"cdef1a845260a8a45c3ea3464d1fc3ea6965c30e","messageTitle":"Remove test","messageBody":"","fileTypesAndContributionMap":{"test-code":{"insertions":1,"deletions":15}}},{"hash":"da1c9e63582ae5bbc0ce03a18fa79a6d384cdb53","messageTitle":"Add food test","messageBody":"","fileTypesAndContributionMap":{"test-code":{"insertions":16,"deletions":1}}}]},{"date":"2021-10-17","commitResults":[{"hash":"b992e7abbd0024e8152f3959368dbd82e6781857","messageTitle":"Add zoom folder check and add directory Fix empty command zoom bug by returning exception","messageBody":"","fileTypesAndContributionMap":{"functional-code":{"insertions":21,"deletions":26}}}]},{"date":"2021-10-18","commitResults":[{"hash":"e26ee61420a6ba4927e364949d021103b6e1d846","messageTitle":"Add dynamic runtime read command feature Refactor read functionality into help package Extract sorting commands","messageBody":"","fileTypesAndContributionMap":{"functional-code":{"insertions":263,"deletions":30}}},{"hash":"581df72d824072ff593db45d6ced67372df2efc5","messageTitle":"Code cleanup, Fix constructors for help message","messageBody":"","fileTypesAndContributionMap":{"functional-code":{"insertions":56,"deletions":43},"other":{"insertions":3,"deletions":3}}},{"hash":"a07ac6a11221b089575e7f3cdf99ab01c99e08d9","messageTitle":"Remove hard-coded values","messageBody":"","fileTypesAndContributionMap":{"functional-code":{"insertions":1,"deletions":90}}},{"hash":"90dd072b85c185f7bca6f570a60841ed56193b6e","messageTitle":"Update default, fix checkstyle error","messageBody":"","fileTypesAndContributionMap":{"functional-code":{"insertions":3,"deletions":3}}},{"hash":"99d27e5f9f0eefe1f23d3d929f9140e93760d5ed","messageTitle":"Remove extra syntax line","messageBody":"","fileTypesAndContributionMap":{"functional-code":{"insertions":0,"deletions":1}}},{"hash":"126fddad0c9c8aa9c3493d82e04c7784c8c164bb","messageTitle":"Silence compiler noise","messageBody":"","fileTypesAndContributionMap":{"functional-code":{"insertions":2,"deletions":2}}},{"hash":"9b0975c82b56431da8601c9f61f1edee850d35ce","messageTitle":"Fix depreciation","messageBody":"","fileTypesAndContributionMap":{"functional-code":{"insertions":1,"deletions":1}}},{"hash":"8e91961e99e4aa749b0cd8fd321f9014fcc7ec36","messageTitle":"Fix checkstyle","messageBody":"","fileTypesAndContributionMap":{"functional-code":{"insertions":1,"deletions":1}}},{"hash":"8405ddcd8a22a7988dd288b05834543b50087756","messageTitle":"Fix constructors","messageBody":"","fileTypesAndContributionMap":{"functional-code":{"insertions":8,"deletions":9}}}]},{"date":"2021-10-19","commitResults":[{"hash":"5f907395d1ee4b687fbe72552393eb4a6599ff3a","messageTitle":"Add auto-generated UML","messageBody":"","fileTypesAndContributionMap":{"docs":{"insertions":164,"deletions":0}}}]},{"date":"2021-10-20","commitResults":[{"hash":"f575c9dd02a66419d4db4d35c8f1e00b07e06cdf","messageTitle":"Add diagrams, DG","messageBody":"","fileTypesAndContributionMap":{"docs":{"insertions":209,"deletions":160}}}]},{"date":"2021-10-21","commitResults":[{"hash":"88484938552308c5fd9ddaf66d9b39c61d25a27b","messageTitle":"Add food, help commands to user guide Update all command summary via Help functionality Update syntax in add lecture, add todo default constructors","messageBody":"","fileTypesAndContributionMap":{"functional-code":{"insertions":9,"deletions":4},"docs":{"insertions":89,"deletions":1}}},{"hash":"488e09defe6ce694d3a04c89a5874c200bbf163b","messageTitle":"Minor syntax change","messageBody":"","fileTypesAndContributionMap":{"docs":{"insertions":1,"deletions":1}}},{"hash":"ac2d0075784e27541e289ef1b66742078932ae2b","messageTitle":"Add new line to fix checkstyle error T_T","messageBody":"","fileTypesAndContributionMap":{"functional-code":{"insertions":1,"deletions":0}}},{"hash":"00dad6b53e4da2359bd6ccae43d79c96beb9e7e3","messageTitle":"Add food, help DG","messageBody":"","fileTypesAndContributionMap":{"functional-code":{"insertions":0,"deletions":4},"docs":{"insertions":252,"deletions":42}}},{"hash":"4fd36792ece873bfa30de6b870e97c2f0429b9ff","messageTitle":"Add indexes, header formatting","messageBody":"","fileTypesAndContributionMap":{"docs":{"insertions":25,"deletions":24}}},{"hash":"62c802843f0d92949591bf76ddb92dfc4fcab14c","messageTitle":"Add spacing for headers","messageBody":"","fileTypesAndContributionMap":{"docs":{"insertions":23,"deletions":23}}},{"hash":"552073f029615bab43c80a776655b81c488b5fe1","messageTitle":"Minor update to user guide for readability","messageBody":"","fileTypesAndContributionMap":{"docs":{"insertions":51,"deletions":29}}},{"hash":"290408516a475e9588a9714986d0e2670f77b59c","messageTitle":"Rework hyperlink  text on user  guide for readability","messageBody":"","fileTypesAndContributionMap":{"docs":{"insertions":5,"deletions":5}}},{"hash":"2855e57e7978520fd555fad49c69339d9bb54937","messageTitle":"Minor additions to developer guide","messageBody":"","fileTypesAndContributionMap":{"docs":{"insertions":109,"deletions":4}}}]},{"date":"2021-10-22","commitResults":[{"hash":"7c79924268631878e78f7495ebae0cb6193932cd","messageTitle":"Change Duke -\u003e Click","messageBody":"","fileTypesAndContributionMap":{"functional-code":{"insertions":1,"deletions":1}}},{"hash":"da50d6152491824aab4e1d7078a55d659f2e9e6f","messageTitle":"Add author tags","messageBody":"","fileTypesAndContributionMap":{"functional-code":{"insertions":12,"deletions":3},"test-code":{"insertions":1,"deletions":1}}}]},{"date":"2021-10-23","commitResults":[{"hash":"e0a13d8d33cfdc1932e9a33b40d124d719548db0","messageTitle":"Add date tagging on food addition Rework store feature of food to integrate date","messageBody":"","fileTypesAndContributionMap":{"functional-code":{"insertions":68,"deletions":14}}},{"hash":"270c09be198b556dc0832b6c0b7cc0623af96a33","messageTitle":"Update add food syntax","messageBody":"","fileTypesAndContributionMap":{"docs":{"insertions":5,"deletions":2}}},{"hash":"8b9b9f3ec4b7497ef157a03a365ef8835e0c90c9","messageTitle":"Fix checkstyle T_T","messageBody":"","fileTypesAndContributionMap":{"functional-code":{"insertions":3,"deletions":2}}}]},{"date":"2021-10-26","commitResults":[{"hash":"41c7602ee199190e03677374f5c5d08f3f8ccb96","messageTitle":"Add reference lists as text files","messageBody":"","fileTypesAndContributionMap":{"functional-code":{"insertions":93,"deletions":65}}},{"hash":"32f88939385a4fcd179a3c4c4b72008445621bd5","messageTitle":"Add test for parsing from save file Clean up code Start working on view reference list","messageBody":"","fileTypesAndContributionMap":{"functional-code":{"insertions":567,"deletions":96},"test-code":{"insertions":8,"deletions":0}}},{"hash":"1c0aae9bb7e7fd9d267a91eb9ce4a94eb8c0d601","messageTitle":"Add reference food command  into Parser","messageBody":"","fileTypesAndContributionMap":{"functional-code":{"insertions":51,"deletions":32}}}]},{"date":"2021-10-27","commitResults":[{"hash":"970dd1fba0c79e4e905b76b61b73cc3b18a86186","messageTitle":"Add find food command","messageBody":"","fileTypesAndContributionMap":{"functional-code":{"insertions":82,"deletions":5}}},{"hash":"bd9efbac4dc72c18354b960bb8baedca499c7bcf","messageTitle":"Add ability to add from reference list","messageBody":"","fileTypesAndContributionMap":{"functional-code":{"insertions":72,"deletions":4}}},{"hash":"2e7cc240f42dac9c6d065056f370a407c7e4440c","messageTitle":"Add saving of list after adding from reference","messageBody":"","fileTypesAndContributionMap":{"functional-code":{"insertions":2,"deletions":0}}},{"hash":"3ec2567c3039de083c9711b25398774d0a09c671","messageTitle":"Fix checkstyle","messageBody":"","fileTypesAndContributionMap":{"functional-code":{"insertions":537,"deletions":531},"test-code":{"insertions":4,"deletions":1}}},{"hash":"dc8c29d68d55403fc54630a890895e6272f6a4ed","messageTitle":"Add review changes","messageBody":"","fileTypesAndContributionMap":{"functional-code":{"insertions":4,"deletions":5}}},{"hash":"9708450e248bf87d2010f700e0cdda0813deda51","messageTitle":"Fix divider on food radd","messageBody":"","fileTypesAndContributionMap":{"functional-code":{"insertions":2,"deletions":2}}},{"hash":"450248074ec990f1c2471bc37ecca2cb5ba7fae3","messageTitle":"Update printing of food-related messages","messageBody":"","fileTypesAndContributionMap":{"functional-code":{"insertions":14,"deletions":10}}},{"hash":"f5daa3a09714f740b3ea77025b5fa9c7726cf838","messageTitle":"Update printing of food-related messages","messageBody":"","fileTypesAndContributionMap":{"functional-code":{"insertions":30,"deletions":11}}},{"hash":"a828adb06e5346be6bf612db35710112c546d955","messageTitle":"Add bracket to help syntax for standardization","messageBody":"","fileTypesAndContributionMap":{"functional-code":{"insertions":13,"deletions":12}}},{"hash":"26f5c31571922297b436df97727174587570fe09","messageTitle":"Fix checkstyle error T_T","messageBody":"","fileTypesAndContributionMap":{"functional-code":{"insertions":2,"deletions":2}}},{"hash":"9e098e90f92ac28a8b8e105152d3f32399cbd15a","messageTitle":"Update JUnit test for printing a food record","messageBody":"","fileTypesAndContributionMap":{"test-code":{"insertions":1,"deletions":1}}},{"hash":"9e0dab749c65932469a95a9c15491b8a4c8a1120","messageTitle":"Rename command for printing in help","messageBody":"","fileTypesAndContributionMap":{"functional-code":{"insertions":4,"deletions":6},"other":{"insertions":4,"deletions":4},"docs":{"insertions":6,"deletions":2}}},{"hash":"9963f1a4ddba73fdffa0173df842db0a6c255722","messageTitle":"Fix help message on Jar file","messageBody":"","fileTypesAndContributionMap":{"functional-code":{"insertions":65,"deletions":2}}},{"hash":"928caee439efb72c7a7bfca9616c7bed75bee85e","messageTitle":"Correct syntax for module","messageBody":"","fileTypesAndContributionMap":{"functional-code":{"insertions":6,"deletions":6}}},{"hash":"b1aaeb1cfdba9b0d92af45396cff5b3e4bcc5939","messageTitle":"Add updates to food user guide","messageBody":"","fileTypesAndContributionMap":{"docs":{"insertions":135,"deletions":17}}}]},{"date":"2021-10-28","commitResults":[{"hash":"f0247436bd2a6844c97b04df0d0291505841a65a","messageTitle":"Add food reference in command summary","messageBody":"","fileTypesAndContributionMap":{"docs":{"insertions":4,"deletions":3}}}]},{"date":"2021-10-29","commitResults":[{"hash":"2a823f14be31da23b6184fc593402684af54fb2d","messageTitle":"Update user guide","messageBody":"","fileTypesAndContributionMap":{"docs":{"insertions":123,"deletions":62}}},{"hash":"91df752f11fb557edb8810beb49b1332cfb4cac0","messageTitle":"Update calendar edit command in user guide","messageBody":"","fileTypesAndContributionMap":{"docs":{"insertions":6,"deletions":3}}},{"hash":"0301d374c733fe34f56a538986942daa005a50ea","messageTitle":"Add whitespace and parameter brackets to user guide","messageBody":"","fileTypesAndContributionMap":{"docs":{"insertions":25,"deletions":14}}}]},{"date":"2021-10-31","commitResults":[{"hash":"8cc9a16c6a52521df893fc757b4de9b4e06259bd","messageTitle":"Update code based on Cynthia\u0027s code review","messageBody":"","fileTypesAndContributionMap":{"functional-code":{"insertions":9,"deletions":10},"other":{"insertions":10,"deletions":10}}},{"hash":"0c9c59e2fb7d6b6f0e1778e057f482bb0cc603e0","messageTitle":"Update help message","messageBody":"","fileTypesAndContributionMap":{"functional-code":{"insertions":38,"deletions":64}}},{"hash":"29e1e6c1a2c0742df37d426e56322cd17e11fa21","messageTitle":"Update UG, fixed #209","messageBody":"","fileTypesAndContributionMap":{"docs":{"insertions":9,"deletions":10}}},{"hash":"2d6d698f3d0d8afb5118493deb6c80847be0617b","messageTitle":"Fix checkstyle","messageBody":"","fileTypesAndContributionMap":{"functional-code":{"insertions":35,"deletions":31}}}]},{"date":"2021-11-02","commitResults":[{"hash":"bf1d1d4976434ac56f4ecc920090f4a3e0cc63aa","messageTitle":"Update constructors of food-related exceptions","messageBody":"","fileTypesAndContributionMap":{"functional-code":{"insertions":2,"deletions":16}}},{"hash":"c355a907e6d9dd1b60c3e9bd0570a34c796773c4","messageTitle":"Add more food exceptions","messageBody":"","fileTypesAndContributionMap":{"functional-code":{"insertions":19,"deletions":0}}}]},{"date":"2021-11-03","commitResults":[{"hash":"eedf6177a21d5f076556f51efdb109e193302eb7","messageTitle":"Update food parser to work without whitespace","messageBody":"","fileTypesAndContributionMap":{"functional-code":{"insertions":12,"deletions":17},"test-code":{"insertions":1,"deletions":1}}},{"hash":"212adaa0351f65c24f9ca8f874985f55d67ab069","messageTitle":"Clean up food exceptions, handled generally by exception handler","messageBody":"","fileTypesAndContributionMap":{"functional-code":{"insertions":29,"deletions":23}}},{"hash":"3d16a55d3cd558f823d6d1901f86484b6a9ef23d","messageTitle":"Fix checkstyle","messageBody":"","fileTypesAndContributionMap":{"functional-code":{"insertions":36,"deletions":40}}},{"hash":"dc024c92f7005256a50daa2312ca0417e5e0ce40","messageTitle":"Update food test exception messages","messageBody":"","fileTypesAndContributionMap":{"test-code":{"insertions":4,"deletions":2}}},{"hash":"f76612ce84fd175984f59d75c9b3de8f8a289772","messageTitle":"Refactor exception messages to constants","messageBody":"","fileTypesAndContributionMap":{"functional-code":{"insertions":14,"deletions":5}}},{"hash":"fe7fea74a9f44d186bfe98965489384541f294ca","messageTitle":"Tidy up printing message for food view","messageBody":"","fileTypesAndContributionMap":{"functional-code":{"insertions":4,"deletions":2}}},{"hash":"037ba12e24650d683961463794964cee5382af14","messageTitle":"Add new command where user can get calories less than a certain value Add exceptions for new command Clean up code","messageBody":"","fileTypesAndContributionMap":{"functional-code":{"insertions":138,"deletions":5}}},{"hash":"4850c820534f44da9374889abecadb68f86b97bc","messageTitle":"Add developer mode for help command, accessed via help rt -- runtime Add calories lower than syntax in help","messageBody":"","fileTypesAndContributionMap":{"functional-code":{"insertions":39,"deletions":4}}},{"hash":"8eed28e27b6b4319f9543a6998293b2b98067551","messageTitle":"Update user guide","messageBody":"","fileTypesAndContributionMap":{"docs":{"insertions":23,"deletions":1}}}]},{"date":"2021-11-04","commitResults":[{"hash":"4cd2d4c2e529bdea5b924dbc0300c8c40aa3cf95","messageTitle":"Refactor code","messageBody":"","fileTypesAndContributionMap":{"functional-code":{"insertions":29,"deletions":11}}},{"hash":"98395dd35ff6bc6466d25cc2bd0740e80a005be7","messageTitle":"Refactor methods and strings","messageBody":"","fileTypesAndContributionMap":{"functional-code":{"insertions":82,"deletions":12}}},{"hash":"7166a38b2b3cb3c8122049b71c350a12b9eb9b9d","messageTitle":"Add bug handling for food radd","messageBody":"","fileTypesAndContributionMap":{"functional-code":{"insertions":62,"deletions":35}}},{"hash":"e5cbd787b15ab6af7ce3f118e8c5f81fcf413043","messageTitle":"Clean up developer mode on help","messageBody":"","fileTypesAndContributionMap":{"functional-code":{"insertions":22,"deletions":18}}},{"hash":"a9c9e795f964f76cf4fdd887f7fe810bebb06f83","messageTitle":"Add check for negative calorie count","messageBody":"","fileTypesAndContributionMap":{"functional-code":{"insertions":34,"deletions":18}}},{"hash":"fabf5118a6c6813e45734fd25a95a8aa162a99e7","messageTitle":"Update exception handling for reference add","messageBody":"","fileTypesAndContributionMap":{"functional-code":{"insertions":97,"deletions":20}}},{"hash":"586858c8b5fcfbc496f9b0d658cd197f8a3eb8a2","messageTitle":"Add package for general syntax handling Add exception handling for null inputs (food radd)","messageBody":"","fileTypesAndContributionMap":{"functional-code":{"insertions":92,"deletions":46},"other":{"insertions":16,"deletions":7},"test-code":{"insertions":4,"deletions":8}}},{"hash":"ee8b56d69741f11dd5a91fc6f1a5116fa5630c60","messageTitle":"Update error message for food exceptions","messageBody":"","fileTypesAndContributionMap":{"functional-code":{"insertions":56,"deletions":9}}},{"hash":"bd35d31a6d400adae2d9ebd45711a1119cfc7003","messageTitle":"Update date format in food list","messageBody":"","fileTypesAndContributionMap":{"functional-code":{"insertions":46,"deletions":16}}},{"hash":"f1dd8aa0588a106bf51d64f13cb8a617f3679f63","messageTitle":"Fix checkstyle T_T","messageBody":"","fileTypesAndContributionMap":{"functional-code":{"insertions":27,"deletions":18},"test-code":{"insertions":6,"deletions":2}}}]},{"date":"2021-11-06","commitResults":[{"hash":"df61934cb6a40d28cafca9eda2c89b2c42190a23","messageTitle":"Update UserGuide.md","messageBody":"format ug","fileTypesAndContributionMap":{"docs":{"insertions":1,"deletions":1}}},{"hash":"70fb27370376d720671b72ffb918423836ef3582","messageTitle":"Update UserGuide.md","messageBody":"","fileTypesAndContributionMap":{"docs":{"insertions":1,"deletions":1}}},{"hash":"694e43bce7cb7365faaa219c59212c2de0118641","messageTitle":"Add PPAP","messageBody":"","fileTypesAndContributionMap":{"docs":{"insertions":113,"deletions":0}}},{"hash":"f883b8f673c78fbf39f0b79b49eca5f63c3d583d","messageTitle":"Add mini actions","messageBody":"","fileTypesAndContributionMap":{"docs":{"insertions":3,"deletions":0}}},{"hash":"0a1da9bf93e1c8ff37c6b605f4d86c7691b2e0f2","messageTitle":"Change github to GitHub","messageBody":"","fileTypesAndContributionMap":{"docs":{"insertions":1,"deletions":1}}}]}],"shoibloya":[{"date":"2021-10-04","commitResults":[{"hash":"8bcd050c24486009e1893ca045f45da369184c43","messageTitle":"Shoib Loya","messageBody":"","fileTypesAndContributionMap":{"docs":{"insertions":1,"deletions":1}}}]},{"date":"2021-10-11","commitResults":[{"hash":"c3c974dbf97f2bad44722e6232de53b574c0eec6","messageTitle":"Help Function - Updated","messageBody":"","fileTypesAndContributionMap":{"functional-code":{"insertions":62,"deletions":27}}},{"hash":"bb28bd72a74f076c3a0e91f7625764787653cda9","messageTitle":"Help Function - Updated","messageBody":"","fileTypesAndContributionMap":{"functional-code":{"insertions":16,"deletions":15}}},{"hash":"bc83f360f66fa1e348993d90ad5cbaebe39ecf86","messageTitle":"Fixed CI","messageBody":"","fileTypesAndContributionMap":{"functional-code":{"insertions":40,"deletions":6}}}]},{"date":"2021-10-13","commitResults":[{"hash":"4089b009102d6d17c8dd4bbe2ba372fb93d76d03","messageTitle":"Changing the help the function","messageBody":"","fileTypesAndContributionMap":{"functional-code":{"insertions":35,"deletions":25}}},{"hash":"9e898449da519a972a9248c8bd06d9780d1be88c","messageTitle":"Zoom Link and improved help","messageBody":"","fileTypesAndContributionMap":{"functional-code":{"insertions":118,"deletions":64}}},{"hash":"9aafe0fd40fe283463178f40cf50c2fb0f4866b8","messageTitle":"Updating help","messageBody":"","fileTypesAndContributionMap":{"functional-code":{"insertions":36,"deletions":2}}},{"hash":"e90633156a5f8d3462b9a047aa16d9b93bb67a1a","messageTitle":"Updated help","messageBody":"","fileTypesAndContributionMap":{"functional-code":{"insertions":79,"deletions":26}}},{"hash":"bb2112c24ef25fce4bbc6dea7b2532674ad8d4c5","messageTitle":"Fixed styling errors","messageBody":"","fileTypesAndContributionMap":{"functional-code":{"insertions":120,"deletions":76}}},{"hash":"caeccf5b3ff63b130e85e381740dfaae9288e2f5","messageTitle":"Adding helpMessage for different commands","messageBody":"","fileTypesAndContributionMap":{"functional-code":{"insertions":19,"deletions":2}}},{"hash":"bcd0af6d2ccadd926d94b48f6596515c707f4d68","messageTitle":"Syntax message","messageBody":"","fileTypesAndContributionMap":{"functional-code":{"insertions":9,"deletions":0}}},{"hash":"6244a66b10126becacf4e0d036070ede48a2b31f","messageTitle":"Added help message","messageBody":"","fileTypesAndContributionMap":{"functional-code":{"insertions":8,"deletions":8},"other":{"insertions":6,"deletions":9}}}]},{"date":"2021-10-21","commitResults":[{"hash":"858f33e9aa84b8e1f5ac2431fd4c831fdc0ecb0c","messageTitle":"Create shoib.md","messageBody":"","fileTypesAndContributionMap":{"docs":{"insertions":17,"deletions":0}}},{"hash":"f7e5e20a7605ea8e1d4a4bd59020225600a1eaec","messageTitle":"Rename shoib.md to DG_shoib.md","messageBody":"","fileTypesAndContributionMap":{"docs":{"insertions":0,"deletions":0}}}]},{"date":"2021-10-22","commitResults":[{"hash":"cb64b323c2f82128e7c4aabd217c9e5496dda732","messageTitle":"Update DeveloperGuide.md","messageBody":"","fileTypesAndContributionMap":{"docs":{"insertions":16,"deletions":0}}},{"hash":"0fa6c1e9c40813abd4b9acc127e7fc9b6224ac9a","messageTitle":"Update DeveloperGuide.md","messageBody":"","fileTypesAndContributionMap":{"docs":{"insertions":2,"deletions":2}}}]},{"date":"2021-10-25","commitResults":[{"hash":"94b955888dfc1c6f23055f942627e314404278a9","messageTitle":"Zoom connected to Module","messageBody":"","fileTypesAndContributionMap":{"functional-code":{"insertions":27,"deletions":9}}}]},{"date":"2021-10-27","commitResults":[{"hash":"743698de2f6584da8271563af19451c4184928f8","messageTitle":"Finished Zoom Feature","messageBody":"","fileTypesAndContributionMap":{"functional-code":{"insertions":234,"deletions":30},"test-code":{"insertions":15,"deletions":0}}},{"hash":"e4d65360566536e0906b8258215203d373e87959","messageTitle":"Update src/main/java/seedu/duke/commands/zoom/ListZoomLinks.java","messageBody":"Co-authored-by: Nigel Ng \u003c69423287+ngnigel99@users.noreply.github.com\u003e","fileTypesAndContributionMap":{"functional-code":{"insertions":1,"deletions":1}}},{"hash":"253ee14fe05d731ee4d792fd062525900b15eee9","messageTitle":"Changes to zoom feature","messageBody":"","fileTypesAndContributionMap":{"functional-code":{"insertions":15,"deletions":18},"other":{"insertions":1,"deletions":1}}},{"hash":"95d6e100590452a06ff12f771179d733556fe6cb","messageTitle":"Correction to Zoom","messageBody":"","fileTypesAndContributionMap":{"functional-code":{"insertions":2,"deletions":1}}},{"hash":"7a87740a650f85e6480d9d3beabeb5eb0d994535","messageTitle":"Add zoom file","messageBody":"","fileTypesAndContributionMap":{"functional-code":{"insertions":6,"deletions":1}}},{"hash":"62d3eda94d94c1dcedef071a02833944f4b65b27","messageTitle":"Update UserGuide.md","messageBody":"","fileTypesAndContributionMap":{"docs":{"insertions":61,"deletions":1}}}]},{"date":"2021-11-05","commitResults":[{"hash":"1729f7e9b1d483f6e04d1d4c1771c49794971cbb","messageTitle":"Zoom exceptions fixed","messageBody":"","fileTypesAndContributionMap":{"functional-code":{"insertions":19,"deletions":3}}}]},{"date":"2021-11-07","commitResults":[{"hash":"7bd136c489e2fc190fba99cc5b0f24f1c9f08efe","messageTitle":"Zoom Exception","messageBody":"","fileTypesAndContributionMap":{"functional-code":{"insertions":15,"deletions":16}}},{"hash":"0279ec1d70501de05e50efd5d43ecb6a21a1a616","messageTitle":"Zoom Exception","messageBody":"","fileTypesAndContributionMap":{"functional-code":{"insertions":2,"deletions":1}}}]}],"swatimahadevan":[{"date":"2021-09-30","commitResults":[{"hash":"b426d24c1ca6cc54954bff44d3c727a9f47f4cdd","messageTitle":"Added swatimahadevan info","messageBody":"","fileTypesAndContributionMap":{"docs":{"insertions":1,"deletions":0}}}]},{"date":"2021-10-04","commitResults":[{"hash":"cbccf7e1d812d7b089926727340f545d49312ac2","messageTitle":"Calendar without tasks","messageBody":"","fileTypesAndContributionMap":{"functional-code":{"insertions":98,"deletions":2},"test-code":{"insertions":21,"deletions":0}}},{"hash":"f5243d8fe753212efd7a9a21f46ff6de33ef3777","messageTitle":"Removed buggy wrapping","messageBody":"","fileTypesAndContributionMap":{"functional-code":{"insertions":11,"deletions":21}}},{"hash":"577c9ffeefb8c6e83a8286f42675e783c78c630b","messageTitle":"Fixed checkstyle issues","messageBody":"","fileTypesAndContributionMap":{"functional-code":{"insertions":7,"deletions":3}}},{"hash":"1004276598f6d70e772a347b0713c4116cc33d36","messageTitle":"Removed javadoc","messageBody":"","fileTypesAndContributionMap":{"test-code":{"insertions":1,"deletions":3}}}]},{"date":"2021-10-06","commitResults":[{"hash":"ed8551d690c6dc11471277397a081b62c3003dfd","messageTitle":"Resolved merge conflicts and checkstyle","messageBody":"","fileTypesAndContributionMap":{"functional-code":{"insertions":2,"deletions":4}}},{"hash":"b8130de2484601f4d956a4533892dee259761bd6","messageTitle":"Extracted calendar command with exceptions","messageBody":"","fileTypesAndContributionMap":{"functional-code":{"insertions":113,"deletions":44},"test-code":{"insertions":9,"deletions":19}}},{"hash":"7b26057410b9eb563c5aa564a97bce4d48862d94","messageTitle":"Update UI","messageBody":"","fileTypesAndContributionMap":{"functional-code":{"insertions":1,"deletions":1}}},{"hash":"2cad0d110e6657cbede1983bef2c97e3048930b6","messageTitle":"Fixed Parser Test","messageBody":"","fileTypesAndContributionMap":{"functional-code":{"insertions":11,"deletions":1},"test-code":{"insertions":1,"deletions":3}}},{"hash":"56eeb700ff0834551896d21a39b4b4bc16364401","messageTitle":"Replaced with constants","messageBody":"","fileTypesAndContributionMap":{"functional-code":{"insertions":11,"deletions":1}}},{"hash":"27043cf73a2139b38b3dc4a3a955e64b2e15e571","messageTitle":"Replaced with constants #2","messageBody":"","fileTypesAndContributionMap":{"functional-code":{"insertions":16,"deletions":9}}},{"hash":"9477acf63995345ab3de2b12ed9b742410c393f5","messageTitle":"extracted junit back out","messageBody":"","fileTypesAndContributionMap":{"functional-code":{"insertions":15,"deletions":10},"test-code":{"insertions":18,"deletions":7}}}]},{"date":"2021-10-09","commitResults":[{"hash":"e0c7bbc0e25f21dbd21baecd3fc9f1573317b122","messageTitle":"Storage skeleton and tasks addition and listing","messageBody":"","fileTypesAndContributionMap":{"functional-code":{"insertions":341,"deletions":20}}},{"hash":"c62a0434a35f578732539720534901eb59bb63e0","messageTitle":"Removed debugging code","messageBody":"","fileTypesAndContributionMap":{"functional-code":{"insertions":4,"deletions":18}}},{"hash":"864b1e551a5706c99ea40b0ba249b63f9b965c03","messageTitle":"Checkstyle fix","messageBody":"","fileTypesAndContributionMap":{"functional-code":{"insertions":5,"deletions":1}}}]},{"date":"2021-10-10","commitResults":[{"hash":"6b6620405ac47c0c858048f414b600fad61b5215","messageTitle":"Removed tasklist param","messageBody":"","fileTypesAndContributionMap":{"functional-code":{"insertions":16,"deletions":13}}},{"hash":"a2024be421cdad25f34ea56683f5085b58df75ed","messageTitle":"Removed tasklist param #2","messageBody":"","fileTypesAndContributionMap":{"functional-code":{"insertions":6,"deletions":2}}},{"hash":"aa5907f8716c2a19617a3e3fa04aea0c059c378d","messageTitle":"Fixed bugs","messageBody":"","fileTypesAndContributionMap":{"functional-code":{"insertions":18,"deletions":9}}}]},{"date":"2021-10-12","commitResults":[{"hash":"4f569c6574cbebba75853feaa847c627229dfb4f","messageTitle":"Recommitting files that weren\u0027t pushed in previous pr","messageBody":"","fileTypesAndContributionMap":{"functional-code":{"insertions":199,"deletions":39}}},{"hash":"9d8e9e945304c41a494637ba40b043c7e7ef93ba","messageTitle":"IO fix","messageBody":"","fileTypesAndContributionMap":{"functional-code":{"insertions":2,"deletions":1}}}]},{"date":"2021-10-13","commitResults":[{"hash":"26e397acbee08b08a05b92f8ab33963659182015","messageTitle":"Added Exceptions to Calendar","messageBody":"","fileTypesAndContributionMap":{"functional-code":{"insertions":257,"deletions":126}}},{"hash":"3b7a0229ea7009c7dd0d7bec19068af67ec02324","messageTitle":"Logging and deleted storage directories","messageBody":"","fileTypesAndContributionMap":{"functional-code":{"insertions":9,"deletions":9}}},{"hash":"f6968917168edc83740e6d34346f6716cbb98451","messageTitle":"added junit tests and some javadoc","messageBody":"","fileTypesAndContributionMap":{"functional-code":{"insertions":238,"deletions":60},"test-code":{"insertions":60,"deletions":0}}},{"hash":"313f65d1911973d206e12fc4325fd4873171c2cf","messageTitle":"fixed checkstyle","messageBody":"","fileTypesAndContributionMap":{"functional-code":{"insertions":2,"deletions":0}}},{"hash":"17696dad60fe6fb48ae47562547bb7c0207abfec","messageTitle":"fixed checkstyle","messageBody":"","fileTypesAndContributionMap":{"functional-code":{"insertions":1,"deletions":2}}},{"hash":"8c5813f5a4e6245e79c8893c519bbe38ea4bfad0","messageTitle":"fixed checkstyle","messageBody":"","fileTypesAndContributionMap":{"functional-code":{"insertions":1,"deletions":2}}},{"hash":"25849298c02ac51bc6ad420cf2bb8aed4e3dc3aa","messageTitle":"fixed checkstyle","messageBody":"","fileTypesAndContributionMap":{"test-code":{"insertions":2,"deletions":2}}},{"hash":"130ace5d38cd2390d05b590fa6a0f1be4fbb10ee","messageTitle":"io and click logo","messageBody":"","fileTypesAndContributionMap":{"functional-code":{"insertions":5,"deletions":5}}},{"hash":"fec4dd2e0b2910bf922ca1347caeb46c4c015b76","messageTitle":"fixed click logo and more io","messageBody":"","fileTypesAndContributionMap":{"functional-code":{"insertions":3,"deletions":3}}}]},{"date":"2021-10-14","commitResults":[{"hash":"f3dc377b2da4ff86f2045d00bec7fde36a7a7cfa","messageTitle":"Fixed minor bug","messageBody":"","fileTypesAndContributionMap":{"functional-code":{"insertions":10,"deletions":11}}},{"hash":"7d574eb4408802dee93fcae88effcaa24d2dc267","messageTitle":"Refractored code for error handling","messageBody":"","fileTypesAndContributionMap":{"functional-code":{"insertions":31,"deletions":30}}},{"hash":"4cc978a61b8ccfc11638e485742832bd4f6083b8","messageTitle":"Refractored code","messageBody":"","fileTypesAndContributionMap":{"functional-code":{"insertions":43,"deletions":45}}},{"hash":"56f135343cd4155b09979566231897f125e3fdc7","messageTitle":"Fix checkstyle","messageBody":"","fileTypesAndContributionMap":{"functional-code":{"insertions":17,"deletions":4}}},{"hash":"752f913ca78921af6831b4db771bd4efe8ee3cce","messageTitle":"minor changes","messageBody":"","fileTypesAndContributionMap":{"functional-code":{"insertions":200,"deletions":43},"docs":{"insertions":37,"deletions":0}}}]},{"date":"2021-10-16","commitResults":[{"hash":"535322d3e14439c85583fbb74f0d4f129b202bce","messageTitle":"updated dg content","messageBody":"","fileTypesAndContributionMap":{"functional-code":{"insertions":0,"deletions":169},"docs":{"insertions":93,"deletions":8}}},{"hash":"b6ce6c949d7fe698ac3086347c96b29011253d55","messageTitle":"edit task feature added","messageBody":"","fileTypesAndContributionMap":{"functional-code":{"insertions":147,"deletions":34}}}]},{"date":"2021-10-18","commitResults":[{"hash":"6034dbadbae2e85bd468d42e1f1aa78c0c2e4a5b","messageTitle":"Refactored dg image files","messageBody":"","fileTypesAndContributionMap":{"docs":{"insertions":2,"deletions":2}}}]},{"date":"2021-10-19","commitResults":[{"hash":"93ae75b3180d59b4dcab1b29e262ea102943a74d","messageTitle":"module lecture added to calendar","messageBody":"","fileTypesAndContributionMap":{"functional-code":{"insertions":427,"deletions":79},"other":{"insertions":3,"deletions":3}}}]},{"date":"2021-10-20","commitResults":[{"hash":"9e76216e10f4608904e9f89e6eb48db56b3d6576","messageTitle":"minor additions and dg update","messageBody":"","fileTypesAndContributionMap":{"functional-code":{"insertions":57,"deletions":27},"other":{"insertions":5,"deletions":5},"docs":{"insertions":93,"deletions":90},"test-code":{"insertions":2,"deletions":2}}},{"hash":"14f1b3ec07f6712cb9bf71f95016a3028cfb8fdd","messageTitle":"fixed io test","messageBody":"","fileTypesAndContributionMap":{"functional-code":{"insertions":0,"deletions":1}}}]},{"date":"2021-10-21","commitResults":[{"hash":"ed2352ff8e4436cbb5454e2aa6cf5ba85321453a","messageTitle":"ugdg update and minor changes","messageBody":"","fileTypesAndContributionMap":{"functional-code":{"insertions":26,"deletions":14},"docs":{"insertions":124,"deletions":18},"test-code":{"insertions":1,"deletions":1}}}]},{"date":"2021-10-25","commitResults":[{"hash":"5de4817dccf74f031b865d5294371e85dea1038f","messageTitle":"Finished lecture commands","messageBody":"","fileTypesAndContributionMap":{"functional-code":{"insertions":226,"deletions":53},"other":{"insertions":7,"deletions":5},"test-code":{"insertions":3,"deletions":3}}},{"hash":"4a2aa688208e634bdcf12d44380b5ea5793ea8d5","messageTitle":"resolved conflicts","messageBody":"","fileTypesAndContributionMap":{"functional-code":{"insertions":10,"deletions":14}}},{"hash":"6b8fd4f7812a87e9bffb0941636d2ffbffcb6471","messageTitle":"resolve conflicts","messageBody":"","fileTypesAndContributionMap":{"functional-code":{"insertions":14,"deletions":1}}},{"hash":"da9fbfb7b23c5536381a888654942054f3e7f06e","messageTitle":"minor changes","messageBody":"","fileTypesAndContributionMap":{"functional-code":{"insertions":3,"deletions":5}}}]},{"date":"2021-10-27","commitResults":[{"hash":"11840ef3842f3ac34fc48b16ee30a89821423b49","messageTitle":"Added javadoc, updated print statements \u0026 ug","messageBody":"","fileTypesAndContributionMap":{"functional-code":{"insertions":302,"deletions":90},"docs":{"insertions":40,"deletions":7}}},{"hash":"36f29f79bdaa41ad6ad71dab4d84f6063cd1445e","messageTitle":"updated test","messageBody":"","fileTypesAndContributionMap":{"test-code":{"insertions":1,"deletions":1}}},{"hash":"af709fd140f74fc52803a26b5ea301893a3773c8","messageTitle":"minor changes","messageBody":"","fileTypesAndContributionMap":{"functional-code":{"insertions":19,"deletions":6}}},{"hash":"8ce6c895dde59f75008a41ebf5ede182f5db5262","messageTitle":"minor changes 2","messageBody":"","fileTypesAndContributionMap":{"functional-code":{"insertions":6,"deletions":0}}},{"hash":"e47a0420e11f5bde6bb32208ace5a9cfe79b33bb","messageTitle":"minor changes 3","messageBody":"","fileTypesAndContributionMap":{"functional-code":{"insertions":6,"deletions":13}}}]},{"date":"2021-10-28","commitResults":[{"hash":"e7a566bcb4408fa60b4bef79db526eab091313da","messageTitle":"ug edit","messageBody":"","fileTypesAndContributionMap":{"docs":{"insertions":1,"deletions":1}}}]},{"date":"2021-10-29","commitResults":[{"hash":"cf416b82aa983b8acce3c299b308eb8b6c30d40c","messageTitle":"fix","messageBody":"","fileTypesAndContributionMap":{"functional-code":{"insertions":14,"deletions":1}}}]},{"date":"2021-11-03","commitResults":[{"hash":"501f045f4cd0bb8be9b6ad101b72cc3aab74a82e","messageTitle":"ppp draft","messageBody":"","fileTypesAndContributionMap":{"functional-code":{"insertions":1,"deletions":1},"docs":{"insertions":24,"deletions":0}}},{"hash":"02a101cacfbf2f482b9057f1968b2a26a78d3907","messageTitle":"fix link","messageBody":"","fileTypesAndContributionMap":{"docs":{"insertions":1,"deletions":1}}}]},{"date":"2021-11-05","commitResults":[{"hash":"cf18b5920e1731753467e35c8262f784a7b881c3","messageTitle":"allows no space delimited inputs and modified exceptions to match","messageBody":"","fileTypesAndContributionMap":{"functional-code":{"insertions":59,"deletions":114},"test-code":{"insertions":1,"deletions":2}}},{"hash":"9073e9961697e533ea77c593d72c975a05ef804c","messageTitle":"fixed ped bugs and minor changes","messageBody":"","fileTypesAndContributionMap":{"functional-code":{"insertions":72,"deletions":115}}},{"hash":"74a5c3631b9c11e21474159f7f06a5e0c668145c","messageTitle":"fix checkstyle","messageBody":"","fileTypesAndContributionMap":{"functional-code":{"insertions":33,"deletions":18}}}]},{"date":"2021-11-06","commitResults":[{"hash":"b9ae348bcbd15800b590e026b3a7a3f2e9c1c236","messageTitle":"ug dg updates","messageBody":"","fileTypesAndContributionMap":{"functional-code":{"insertions":4,"deletions":0},"docs":{"insertions":148,"deletions":2}}},{"hash":"f421ace8cb6dd25b18714151d9e0855a3406af0b","messageTitle":"ug dg updates","messageBody":"","fileTypesAndContributionMap":{"functional-code":{"insertions":1,"deletions":1},"docs":{"insertions":59,"deletions":0}}}]},{"date":"2021-11-07","commitResults":[{"hash":"80815f6f1df44c36304ba94ced91654eb3e5c737","messageTitle":"minor code refractor","messageBody":"","fileTypesAndContributionMap":{"functional-code":{"insertions":22,"deletions":7}}},{"hash":"3c69790dadff0a330204eeeaa667eece64197d01","messageTitle":"fix checkstyle","messageBody":"","fileTypesAndContributionMap":{"functional-code":{"insertions":7,"deletions":2}}},{"hash":"1dce557d1a77cd4e8e61d0201ac9e8d0640f5efe","messageTitle":"ppp update and dg changes","messageBody":"","fileTypesAndContributionMap":{"docs":{"insertions":23,"deletions":7}}},{"hash":"7e1fbf13c162002d8c9a9bf9d7df184d89107115","messageTitle":"ppp completed and AboutUs update","messageBody":"","fileTypesAndContributionMap":{"docs":{"insertions":8,"deletions":6}}},{"hash":"8f5dcbc7a7a03c2380ac55f56a7a25ec14ae3e59","messageTitle":"ppp completed","messageBody":"","fileTypesAndContributionMap":{"docs":{"insertions":1,"deletions":1}}},{"hash":"de1c88043207170839209c7feb20078615b3b7ff","messageTitle":"refactored ParserSchedule and changed moved literals to constants package","messageBody":"","fileTypesAndContributionMap":{"functional-code":{"insertions":99,"deletions":40}}},{"hash":"5c11e1e9c2db3947ec582ecc8dbafe6481a8a6bf","messageTitle":"Fixed checkstyle","messageBody":"","fileTypesAndContributionMap":{"functional-code":{"insertions":4,"deletions":2}}},{"hash":"ec882efd69c58e12268c91714420333cdf9a6e03","messageTitle":"added tests and javadoc","messageBody":"","fileTypesAndContributionMap":{"functional-code":{"insertions":19,"deletions":21},"other":{"insertions":16,"deletions":5},"test-code":{"insertions":45,"deletions":3}}},{"hash":"680adee7c481d8f4eb56b968528da7c62248a2af","messageTitle":"Fixed checkstyle","messageBody":"","fileTypesAndContributionMap":{"functional-code":{"insertions":3,"deletions":3}}},{"hash":"77fbe03d80500674930d0ca5c532fa0192806273","messageTitle":"fixed bug in lecture command","messageBody":"","fileTypesAndContributionMap":{"functional-code":{"insertions":23,"deletions":14}}},{"hash":"b01ebae0897abdfedd6bd45ce6435bdd8dfc834c","messageTitle":"Fixed checkstyle","messageBody":"","fileTypesAndContributionMap":{"functional-code":{"insertions":5,"deletions":4}}},{"hash":"c2ad67042e36ddf34c2a0d779d9556819b48ee2b","messageTitle":"fixed nullpointerexception crash bug","messageBody":"","fileTypesAndContributionMap":{"functional-code":{"insertions":9,"deletions":5},"docs":{"insertions":2,"deletions":0}}},{"hash":"42922de8925438ac6f4aae4da983aaf1b451ed07","messageTitle":"Fixed checkstyle","messageBody":"","fileTypesAndContributionMap":{"functional-code":{"insertions":16,"deletions":4},"docs":{"insertions":1,"deletions":1}}},{"hash":"fd0e7768fb3985ded691fdac5c2173ba44e1dc73","messageTitle":"fixed aboutus link","messageBody":"","fileTypesAndContributionMap":{"docs":{"insertions":1,"deletions":1}}},{"hash":"5a94c6e271fb86972f4010ed2166e1d29f4192af","messageTitle":"fixed aboutus link","messageBody":"","fileTypesAndContributionMap":{"docs":{"insertions":1,"deletions":1}}}]}]},"authorFileTypeContributionMap":{"SvethaMahadevan":{"docs":280,"functional-code":1398,"test-code":69},"nvbinh15":{"docs":601,"functional-code":1904,"test-code":307,"other":2},"ngnigel99":{"docs":978,"functional-code":2307,"test-code":96,"other":1},"shoibloya":{"docs":93,"functional-code":395,"test-code":15},"swatimahadevan":{"docs":500,"functional-code":1953,"test-code":132}},"authorContributionVariance":{"SvethaMahadevan":35006.277,"nvbinh15":17436.082,"ngnigel99":98084.195,"shoibloya":12587.993,"swatimahadevan":39816.33},"authorDisplayNameMap":{"SvethaMahadevan":"CS2113T-T09-4 MAHA..ETHA","nvbinh15":"CS2113T-T09-4 NGUY..BINH","ngnigel99":"CS2113T-T09-4 NIGE..L NG","shoibloya":"CS2113T-T09-4 MOHA..LOYA","swatimahadevan":"CS2113T-T09-4 MAHA..WATI"}}
