[{"path":"docs/AboutUs.md","fileType":"docs","lines":[{"lineNumber":1,"author":{"gitId":"-"},"content":"# About us","lastModifiedDate":"2020-05-24"},{"lineNumber":2,"author":{"gitId":"-"},"content":"","lastModifiedDate":"2020-05-24"},{"lineNumber":3,"author":{"gitId":"-"},"content":"Display | Name | Github Profile | Portfolio ","lastModifiedDate":"2020-05-24"},{"lineNumber":4,"author":{"gitId":"-"},"content":"--------|:----:|:--------------:|:---------:","lastModifiedDate":"2020-05-24"},{"lineNumber":5,"author":{"gitId":"naijie2108"},"content":"![](https://via.placeholder.com/100.png?text\u003dPhoto) | Nai Jie | [Github](https://github.com/) | [Portfolio](docs/team/johndoe.md)","lastModifiedDate":"2021-10-01"},{"lineNumber":6,"author":{"gitId":"-"},"content":"![](https://via.placeholder.com/100.png?text\u003dPhoto) | Don Joe | [Github](https://github.com/) | [Portfolio](docs/team/johndoe.md)","lastModifiedDate":"2020-05-24"},{"lineNumber":7,"author":{"gitId":"-"},"content":"![](https://via.placeholder.com/100.png?text\u003dPhoto) | Ron John | [Github](https://github.com/) | [Portfolio](docs/team/johndoe.md)","lastModifiedDate":"2020-05-24"},{"lineNumber":8,"author":{"gitId":"-"},"content":"![](https://via.placeholder.com/100.png?text\u003dPhoto) | John Roe | [Github](https://github.com/) | [Portfolio](docs/team/johndoe.md)","lastModifiedDate":"2020-05-24"},{"lineNumber":9,"author":{"gitId":"jiexiong-zeng"},"content":"![](https://via.placeholder.com/100.png?text\u003dPhoto) | Zeng Jiexiong | [Github](https://github.com/) | [Portfolio](docs/team/johndoe.md)","lastModifiedDate":"2021-10-01"}],"authorContributionMap":{"naijie2108":1,"jiexiong-zeng":1,"-":7}},{"path":"src/main/java/command/ModuleList.java","fileType":"functional-code","lines":[{"lineNumber":1,"author":{"gitId":"jiexiong-zeng"},"content":"package command;","lastModifiedDate":"2021-10-03"},{"lineNumber":2,"author":{"gitId":"jiexiong-zeng"},"content":"","lastModifiedDate":"2021-10-03"},{"lineNumber":3,"author":{"gitId":"jiexiong-zeng"},"content":"public class ModuleList {","lastModifiedDate":"2021-10-03"},{"lineNumber":4,"author":{"gitId":"jiexiong-zeng"},"content":"}","lastModifiedDate":"2021-10-03"}],"authorContributionMap":{"jiexiong-zeng":4}},{"path":"src/main/java/command/NoCap.java","fileType":"functional-code","lines":[{"lineNumber":1,"author":{"gitId":"jiexiong-zeng"},"content":"package command;","lastModifiedDate":"2021-10-03"},{"lineNumber":2,"author":{"gitId":"jiexiong-zeng"},"content":"","lastModifiedDate":"2021-10-03"},{"lineNumber":3,"author":{"gitId":"yzhedwin"},"content":"import java.util.Scanner;","lastModifiedDate":"2021-10-04"},{"lineNumber":4,"author":{"gitId":"yzhedwin"},"content":"","lastModifiedDate":"2021-10-04"},{"lineNumber":5,"author":{"gitId":"jiexiong-zeng"},"content":"public class NoCap {","lastModifiedDate":"2021-10-03"},{"lineNumber":6,"author":{"gitId":"yzhedwin"},"content":"    private final Storage storage;","lastModifiedDate":"2021-10-04"},{"lineNumber":7,"author":{"gitId":"jiexiong-zeng"},"content":"","lastModifiedDate":"2021-10-03"},{"lineNumber":8,"author":{"gitId":"yzhedwin"},"content":"    public NoCap() {","lastModifiedDate":"2021-10-04"},{"lineNumber":9,"author":{"gitId":"yzhedwin"},"content":"        storage \u003d new Storage();","lastModifiedDate":"2021-10-04"},{"lineNumber":10,"author":{"gitId":"yzhedwin"},"content":"    }","lastModifiedDate":"2021-10-04"},{"lineNumber":11,"author":{"gitId":"yzhedwin"},"content":"    private void run() {","lastModifiedDate":"2021-10-04"},{"lineNumber":12,"author":{"gitId":"yzhedwin"},"content":"        Ui.printStartMessage();","lastModifiedDate":"2021-10-04"},{"lineNumber":13,"author":{"gitId":"yzhedwin"},"content":"        Parser parse \u003d new Parser();","lastModifiedDate":"2021-10-04"},{"lineNumber":14,"author":{"gitId":"yzhedwin"},"content":"        Scanner in \u003d new Scanner(System.in);","lastModifiedDate":"2021-10-04"},{"lineNumber":15,"author":{"gitId":"yzhedwin"},"content":"        while (!parse.isExit()) {","lastModifiedDate":"2021-10-04"},{"lineNumber":16,"author":{"gitId":"yzhedwin"},"content":"            String input \u003d in.nextLine();","lastModifiedDate":"2021-10-04"},{"lineNumber":17,"author":{"gitId":"yzhedwin"},"content":"            parse.chooseTask(input);","lastModifiedDate":"2021-10-04"},{"lineNumber":18,"author":{"gitId":"yzhedwin"},"content":"        }","lastModifiedDate":"2021-10-04"},{"lineNumber":19,"author":{"gitId":"yzhedwin"},"content":"        Ui.printEndMessage();","lastModifiedDate":"2021-10-04"},{"lineNumber":20,"author":{"gitId":"yzhedwin"},"content":"    }","lastModifiedDate":"2021-10-04"},{"lineNumber":21,"author":{"gitId":"jiexiong-zeng"},"content":"    public static void main(String[] args) {","lastModifiedDate":"2021-10-03"},{"lineNumber":22,"author":{"gitId":"yzhedwin"},"content":"        new NoCap().run();","lastModifiedDate":"2021-10-04"},{"lineNumber":23,"author":{"gitId":"jiexiong-zeng"},"content":"    }","lastModifiedDate":"2021-10-03"},{"lineNumber":24,"author":{"gitId":"jiexiong-zeng"},"content":"}","lastModifiedDate":"2021-10-03"}],"authorContributionMap":{"yzhedwin":17,"jiexiong-zeng":7}},{"path":"src/main/java/command/Parser.java","fileType":"functional-code","lines":[{"lineNumber":1,"author":{"gitId":"jiexiong-zeng"},"content":"package command;","lastModifiedDate":"2021-10-03"},{"lineNumber":2,"author":{"gitId":"jiexiong-zeng"},"content":"","lastModifiedDate":"2021-10-03"},{"lineNumber":3,"author":{"gitId":"jiexiong-zeng"},"content":"import java.time.LocalDateTime;","lastModifiedDate":"2021-10-03"},{"lineNumber":4,"author":{"gitId":"jiexiong-zeng"},"content":"import java.time.format.DateTimeFormatter;","lastModifiedDate":"2021-10-03"},{"lineNumber":5,"author":{"gitId":"jiexiong-zeng"},"content":"","lastModifiedDate":"2021-10-03"},{"lineNumber":6,"author":{"gitId":"jiexiong-zeng"},"content":"public class Parser {","lastModifiedDate":"2021-10-03"},{"lineNumber":7,"author":{"gitId":"jiexiong-zeng"},"content":"","lastModifiedDate":"2021-10-03"},{"lineNumber":8,"author":{"gitId":"jiexiong-zeng"},"content":"    private static final String EMPTY_STRING \u003d \"\";","lastModifiedDate":"2021-10-03"},{"lineNumber":9,"author":{"gitId":"jiexiong-zeng"},"content":"    private static final String SPACE_STRING \u003d \" \";","lastModifiedDate":"2021-10-03"},{"lineNumber":10,"author":{"gitId":"jiexiong-zeng"},"content":"    public static final String TASK \u003d \"task\";","lastModifiedDate":"2021-10-03"},{"lineNumber":11,"author":{"gitId":"jiexiong-zeng"},"content":"    public static final String MODULE \u003d \"module\";","lastModifiedDate":"2021-10-03"},{"lineNumber":12,"author":{"gitId":"jiexiong-zeng"},"content":"    public static final String HELP \u003d \"help\";","lastModifiedDate":"2021-10-03"},{"lineNumber":13,"author":{"gitId":"jiexiong-zeng"},"content":"    public static final String ADD \u003d \"add\";","lastModifiedDate":"2021-10-03"},{"lineNumber":14,"author":{"gitId":"jiexiong-zeng"},"content":"    public static final String DELETE \u003d \"delete\";","lastModifiedDate":"2021-10-03"},{"lineNumber":15,"author":{"gitId":"jiexiong-zeng"},"content":"    public static final String LIST \u003d \"list\";","lastModifiedDate":"2021-10-03"},{"lineNumber":16,"author":{"gitId":"jiexiong-zeng"},"content":"    public static final String TIMETABLE \u003d \"timetable\";","lastModifiedDate":"2021-10-03"},{"lineNumber":17,"author":{"gitId":"jiexiong-zeng"},"content":"    public static final String EXIT \u003d \"bye\";","lastModifiedDate":"2021-10-03"},{"lineNumber":18,"author":{"gitId":"jiexiong-zeng"},"content":"    public static final String MODULETYPE \u003d \"/m\";","lastModifiedDate":"2021-10-03"},{"lineNumber":19,"author":{"gitId":"jiexiong-zeng"},"content":"    public static final String ADDCLASS \u003d \"addclass\";","lastModifiedDate":"2021-10-03"},{"lineNumber":20,"author":{"gitId":"jiexiong-zeng"},"content":"    public static final String ADDTASK \u003d \"addtask\";","lastModifiedDate":"2021-10-03"},{"lineNumber":21,"author":{"gitId":"jiexiong-zeng"},"content":"    public static final String ADDGRADE \u003d \"addgrade\";","lastModifiedDate":"2021-10-03"},{"lineNumber":22,"author":{"gitId":"jiexiong-zeng"},"content":"    public static final String DELETECLASS \u003d \"deleteclass\";","lastModifiedDate":"2021-10-03"},{"lineNumber":23,"author":{"gitId":"jiexiong-zeng"},"content":"    public static final String DELETETASK \u003d \"deletetask\";","lastModifiedDate":"2021-10-03"},{"lineNumber":24,"author":{"gitId":"jiexiong-zeng"},"content":"    public static final String DELETEGRADE \u003d \"deletegrade\";","lastModifiedDate":"2021-10-03"},{"lineNumber":25,"author":{"gitId":"yzhedwin"},"content":"    public static final String START_OF_DATE \u003d \"/by\";","lastModifiedDate":"2021-10-04"},{"lineNumber":26,"author":{"gitId":"jiexiong-zeng"},"content":"","lastModifiedDate":"2021-10-03"},{"lineNumber":27,"author":{"gitId":"jiexiong-zeng"},"content":"    static String taskType;","lastModifiedDate":"2021-10-03"},{"lineNumber":28,"author":{"gitId":"jiexiong-zeng"},"content":"    static String taskDescription;","lastModifiedDate":"2021-10-03"},{"lineNumber":29,"author":{"gitId":"yzhedwin"},"content":"    protected String moduleName;","lastModifiedDate":"2021-10-04"},{"lineNumber":30,"author":{"gitId":"yzhedwin"},"content":"    protected boolean isExit;","lastModifiedDate":"2021-10-04"},{"lineNumber":31,"author":{"gitId":"jiexiong-zeng"},"content":"    public static DateTimeFormatter inputFormatter \u003d DateTimeFormatter.ofPattern(\"dd/MM/yyyy HHmm\");","lastModifiedDate":"2021-10-03"},{"lineNumber":32,"author":{"gitId":"jiexiong-zeng"},"content":"    public static DateTimeFormatter outputFormatter \u003d DateTimeFormatter.ofPattern(\"d MMM yyyy hh:mm a\");","lastModifiedDate":"2021-10-03"},{"lineNumber":33,"author":{"gitId":"jiexiong-zeng"},"content":"","lastModifiedDate":"2021-10-03"},{"lineNumber":34,"author":{"gitId":"yzhedwin"},"content":"    public Parser() {","lastModifiedDate":"2021-10-04"},{"lineNumber":35,"author":{"gitId":"yzhedwin"},"content":"        this.isExit \u003d false;","lastModifiedDate":"2021-10-04"},{"lineNumber":36,"author":{"gitId":"yzhedwin"},"content":"    }","lastModifiedDate":"2021-10-04"},{"lineNumber":37,"author":{"gitId":"yzhedwin"},"content":"    public void chooseTask(String line) {","lastModifiedDate":"2021-10-04"},{"lineNumber":38,"author":{"gitId":"jiexiong-zeng"},"content":"        splitInput(line);","lastModifiedDate":"2021-10-03"},{"lineNumber":39,"author":{"gitId":"jiexiong-zeng"},"content":"        switch (taskType) {","lastModifiedDate":"2021-10-03"},{"lineNumber":40,"author":{"gitId":"jiexiong-zeng"},"content":"        case HELP:","lastModifiedDate":"2021-10-03"},{"lineNumber":41,"author":{"gitId":"jiexiong-zeng"},"content":"            //print help Ui","lastModifiedDate":"2021-10-03"},{"lineNumber":42,"author":{"gitId":"jiexiong-zeng"},"content":"            System.out.println(\"Help Test\");","lastModifiedDate":"2021-10-03"},{"lineNumber":43,"author":{"gitId":"jiexiong-zeng"},"content":"            break;","lastModifiedDate":"2021-10-03"},{"lineNumber":44,"author":{"gitId":"jiexiong-zeng"},"content":"        case ADD:","lastModifiedDate":"2021-10-03"},{"lineNumber":45,"author":{"gitId":"jiexiong-zeng"},"content":"            if (taskDescription.isEmpty()) {","lastModifiedDate":"2021-10-03"},{"lineNumber":46,"author":{"gitId":"jiexiong-zeng"},"content":"                Ui.missingDescription();","lastModifiedDate":"2021-10-03"},{"lineNumber":47,"author":{"gitId":"jiexiong-zeng"},"content":"                break;","lastModifiedDate":"2021-10-03"},{"lineNumber":48,"author":{"gitId":"jiexiong-zeng"},"content":"            }","lastModifiedDate":"2021-10-03"},{"lineNumber":49,"author":{"gitId":"jiexiong-zeng"},"content":"            //add module","lastModifiedDate":"2021-10-03"},{"lineNumber":50,"author":{"gitId":"jiexiong-zeng"},"content":"            System.out.println(\"Add Test\");","lastModifiedDate":"2021-10-03"},{"lineNumber":51,"author":{"gitId":"jiexiong-zeng"},"content":"            break;","lastModifiedDate":"2021-10-03"},{"lineNumber":52,"author":{"gitId":"jiexiong-zeng"},"content":"        case DELETE:","lastModifiedDate":"2021-10-03"},{"lineNumber":53,"author":{"gitId":"jiexiong-zeng"},"content":"            if (taskDescription.isEmpty()) {","lastModifiedDate":"2021-10-03"},{"lineNumber":54,"author":{"gitId":"jiexiong-zeng"},"content":"                Ui.missingDescription();","lastModifiedDate":"2021-10-03"},{"lineNumber":55,"author":{"gitId":"jiexiong-zeng"},"content":"                break;","lastModifiedDate":"2021-10-03"},{"lineNumber":56,"author":{"gitId":"jiexiong-zeng"},"content":"            }","lastModifiedDate":"2021-10-03"},{"lineNumber":57,"author":{"gitId":"jiexiong-zeng"},"content":"            //delete module","lastModifiedDate":"2021-10-03"},{"lineNumber":58,"author":{"gitId":"jiexiong-zeng"},"content":"            System.out.println(\"Delete Test\");","lastModifiedDate":"2021-10-03"},{"lineNumber":59,"author":{"gitId":"jiexiong-zeng"},"content":"            break;","lastModifiedDate":"2021-10-03"},{"lineNumber":60,"author":{"gitId":"jiexiong-zeng"},"content":"        case LIST:","lastModifiedDate":"2021-10-03"},{"lineNumber":61,"author":{"gitId":"jiexiong-zeng"},"content":"            if (taskDescription.equals(TASK)) {","lastModifiedDate":"2021-10-03"},{"lineNumber":62,"author":{"gitId":"jiexiong-zeng"},"content":"                //list task","lastModifiedDate":"2021-10-03"},{"lineNumber":63,"author":{"gitId":"jiexiong-zeng"},"content":"                System.out.println(\"List Task Test\");","lastModifiedDate":"2021-10-03"},{"lineNumber":64,"author":{"gitId":"jiexiong-zeng"},"content":"                break;","lastModifiedDate":"2021-10-03"},{"lineNumber":65,"author":{"gitId":"jiexiong-zeng"},"content":"            }","lastModifiedDate":"2021-10-03"},{"lineNumber":66,"author":{"gitId":"jiexiong-zeng"},"content":"            if (taskDescription.equals(MODULE)) {","lastModifiedDate":"2021-10-03"},{"lineNumber":67,"author":{"gitId":"jiexiong-zeng"},"content":"                //list module","lastModifiedDate":"2021-10-03"},{"lineNumber":68,"author":{"gitId":"jiexiong-zeng"},"content":"                System.out.println(\"List Module Test\");","lastModifiedDate":"2021-10-03"},{"lineNumber":69,"author":{"gitId":"jiexiong-zeng"},"content":"                break;","lastModifiedDate":"2021-10-03"},{"lineNumber":70,"author":{"gitId":"jiexiong-zeng"},"content":"            }","lastModifiedDate":"2021-10-03"},{"lineNumber":71,"author":{"gitId":"jiexiong-zeng"},"content":"            Ui.missingDescription();","lastModifiedDate":"2021-10-03"},{"lineNumber":72,"author":{"gitId":"jiexiong-zeng"},"content":"            break;","lastModifiedDate":"2021-10-03"},{"lineNumber":73,"author":{"gitId":"jiexiong-zeng"},"content":"        case TIMETABLE:","lastModifiedDate":"2021-10-03"},{"lineNumber":74,"author":{"gitId":"jiexiong-zeng"},"content":"            //show timetable","lastModifiedDate":"2021-10-03"},{"lineNumber":75,"author":{"gitId":"jiexiong-zeng"},"content":"            System.out.println(\"Timetable Test\");","lastModifiedDate":"2021-10-03"},{"lineNumber":76,"author":{"gitId":"jiexiong-zeng"},"content":"            break;","lastModifiedDate":"2021-10-03"},{"lineNumber":77,"author":{"gitId":"jiexiong-zeng"},"content":"        case EXIT:","lastModifiedDate":"2021-10-03"},{"lineNumber":78,"author":{"gitId":"jiexiong-zeng"},"content":"            //Ui print exit message","lastModifiedDate":"2021-10-03"},{"lineNumber":79,"author":{"gitId":"jiexiong-zeng"},"content":"            System.out.println(\"Exit Test\");","lastModifiedDate":"2021-10-03"},{"lineNumber":80,"author":{"gitId":"yzhedwin"},"content":"            this.isExit \u003d true;","lastModifiedDate":"2021-10-04"},{"lineNumber":81,"author":{"gitId":"yzhedwin"},"content":"            break;","lastModifiedDate":"2021-10-04"},{"lineNumber":82,"author":{"gitId":"jiexiong-zeng"},"content":"        case MODULETYPE:","lastModifiedDate":"2021-10-03"},{"lineNumber":83,"author":{"gitId":"jiexiong-zeng"},"content":"            //the functions that are module specific","lastModifiedDate":"2021-10-03"},{"lineNumber":84,"author":{"gitId":"yzhedwin"},"content":"            moduleParser(taskDescription);","lastModifiedDate":"2021-10-04"},{"lineNumber":85,"author":{"gitId":"jiexiong-zeng"},"content":"            break;","lastModifiedDate":"2021-10-03"},{"lineNumber":86,"author":{"gitId":"jiexiong-zeng"},"content":"        default:","lastModifiedDate":"2021-10-03"},{"lineNumber":87,"author":{"gitId":"jiexiong-zeng"},"content":"            System.out.println(\"Invalid Input!\");","lastModifiedDate":"2021-10-03"},{"lineNumber":88,"author":{"gitId":"yzhedwin"},"content":"            break;","lastModifiedDate":"2021-10-04"},{"lineNumber":89,"author":{"gitId":"jiexiong-zeng"},"content":"        }","lastModifiedDate":"2021-10-03"},{"lineNumber":90,"author":{"gitId":"jiexiong-zeng"},"content":"","lastModifiedDate":"2021-10-03"},{"lineNumber":91,"author":{"gitId":"jiexiong-zeng"},"content":"    }","lastModifiedDate":"2021-10-03"},{"lineNumber":92,"author":{"gitId":"jiexiong-zeng"},"content":"","lastModifiedDate":"2021-10-03"},{"lineNumber":93,"author":{"gitId":"jiexiong-zeng"},"content":"    /**","lastModifiedDate":"2021-10-03"},{"lineNumber":94,"author":{"gitId":"jiexiong-zeng"},"content":"     * First separate the input into two parts. The first part is saved as moduleName.","lastModifiedDate":"2021-10-03"},{"lineNumber":95,"author":{"gitId":"jiexiong-zeng"},"content":"     * The next part is split again to obtain the new taskType and taskDescription","lastModifiedDate":"2021-10-03"},{"lineNumber":96,"author":{"gitId":"jiexiong-zeng"},"content":"     *","lastModifiedDate":"2021-10-03"},{"lineNumber":97,"author":{"gitId":"jiexiong-zeng"},"content":"     * @param input String to be separated","lastModifiedDate":"2021-10-03"},{"lineNumber":98,"author":{"gitId":"jiexiong-zeng"},"content":"     */","lastModifiedDate":"2021-10-03"},{"lineNumber":99,"author":{"gitId":"jiexiong-zeng"},"content":"","lastModifiedDate":"2021-10-03"},{"lineNumber":100,"author":{"gitId":"yzhedwin"},"content":"     void moduleParser(String input) {","lastModifiedDate":"2021-10-04"},{"lineNumber":101,"author":{"gitId":"jiexiong-zeng"},"content":"        splitInput(input);","lastModifiedDate":"2021-10-03"},{"lineNumber":102,"author":{"gitId":"yzhedwin"},"content":"        this.moduleName \u003d taskType;","lastModifiedDate":"2021-10-04"},{"lineNumber":103,"author":{"gitId":"yzhedwin"},"content":"        //access module tasklist","lastModifiedDate":"2021-10-04"},{"lineNumber":104,"author":{"gitId":"yzhedwin"},"content":"         TaskList tasks \u003d new TaskList();","lastModifiedDate":"2021-10-04"},{"lineNumber":105,"author":{"gitId":"jiexiong-zeng"},"content":"        System.out.println(\"Module: \" + moduleName);","lastModifiedDate":"2021-10-03"},{"lineNumber":106,"author":{"gitId":"jiexiong-zeng"},"content":"","lastModifiedDate":"2021-10-03"},{"lineNumber":107,"author":{"gitId":"jiexiong-zeng"},"content":"        if (taskDescription.isEmpty()) {","lastModifiedDate":"2021-10-03"},{"lineNumber":108,"author":{"gitId":"jiexiong-zeng"},"content":"            Ui.missingDescription();","lastModifiedDate":"2021-10-03"},{"lineNumber":109,"author":{"gitId":"jiexiong-zeng"},"content":"            return;","lastModifiedDate":"2021-10-03"},{"lineNumber":110,"author":{"gitId":"jiexiong-zeng"},"content":"        }","lastModifiedDate":"2021-10-03"},{"lineNumber":111,"author":{"gitId":"jiexiong-zeng"},"content":"        splitInput(taskDescription);","lastModifiedDate":"2021-10-03"},{"lineNumber":112,"author":{"gitId":"jiexiong-zeng"},"content":"","lastModifiedDate":"2021-10-03"},{"lineNumber":113,"author":{"gitId":"jiexiong-zeng"},"content":"        switch (taskType) {","lastModifiedDate":"2021-10-03"},{"lineNumber":114,"author":{"gitId":"jiexiong-zeng"},"content":"        case ADDCLASS:","lastModifiedDate":"2021-10-03"},{"lineNumber":115,"author":{"gitId":"jiexiong-zeng"},"content":"            if (taskDescription.isEmpty()) {","lastModifiedDate":"2021-10-03"},{"lineNumber":116,"author":{"gitId":"jiexiong-zeng"},"content":"                Ui.missingDescription();","lastModifiedDate":"2021-10-03"},{"lineNumber":117,"author":{"gitId":"jiexiong-zeng"},"content":"                break;","lastModifiedDate":"2021-10-03"},{"lineNumber":118,"author":{"gitId":"jiexiong-zeng"},"content":"            }","lastModifiedDate":"2021-10-03"},{"lineNumber":119,"author":{"gitId":"jiexiong-zeng"},"content":"            //moduleName -\u003e addclass method","lastModifiedDate":"2021-10-03"},{"lineNumber":120,"author":{"gitId":"jiexiong-zeng"},"content":"            System.out.println(\"AddClass test\");","lastModifiedDate":"2021-10-03"},{"lineNumber":121,"author":{"gitId":"jiexiong-zeng"},"content":"            break;","lastModifiedDate":"2021-10-03"},{"lineNumber":122,"author":{"gitId":"jiexiong-zeng"},"content":"        case ADDTASK:","lastModifiedDate":"2021-10-03"},{"lineNumber":123,"author":{"gitId":"jiexiong-zeng"},"content":"            if (taskDescription.isEmpty()) {","lastModifiedDate":"2021-10-03"},{"lineNumber":124,"author":{"gitId":"jiexiong-zeng"},"content":"                Ui.missingDescription();","lastModifiedDate":"2021-10-03"},{"lineNumber":125,"author":{"gitId":"jiexiong-zeng"},"content":"                break;","lastModifiedDate":"2021-10-03"},{"lineNumber":126,"author":{"gitId":"jiexiong-zeng"},"content":"            }","lastModifiedDate":"2021-10-03"},{"lineNumber":127,"author":{"gitId":"yzhedwin"},"content":"            if (!taskDescription.contains(START_OF_DATE)) {","lastModifiedDate":"2021-10-04"},{"lineNumber":128,"author":{"gitId":"yzhedwin"},"content":"                Ui.invalidDate();","lastModifiedDate":"2021-10-04"},{"lineNumber":129,"author":{"gitId":"yzhedwin"},"content":"                break;","lastModifiedDate":"2021-10-04"},{"lineNumber":130,"author":{"gitId":"yzhedwin"},"content":"            }","lastModifiedDate":"2021-10-04"},{"lineNumber":131,"author":{"gitId":"yzhedwin"},"content":"            tasks.addTask(taskDescription);","lastModifiedDate":"2021-10-04"},{"lineNumber":132,"author":{"gitId":"yzhedwin"},"content":"            Ui.addTaskMessage(tasks.taskList.get(tasks.getTaskCount()), this.moduleName);","lastModifiedDate":"2021-10-04"},{"lineNumber":133,"author":{"gitId":"jiexiong-zeng"},"content":"            break;","lastModifiedDate":"2021-10-03"},{"lineNumber":134,"author":{"gitId":"jiexiong-zeng"},"content":"        case ADDGRADE:","lastModifiedDate":"2021-10-03"},{"lineNumber":135,"author":{"gitId":"jiexiong-zeng"},"content":"            if (taskDescription.isEmpty()) {","lastModifiedDate":"2021-10-03"},{"lineNumber":136,"author":{"gitId":"jiexiong-zeng"},"content":"                Ui.missingDescription();","lastModifiedDate":"2021-10-03"},{"lineNumber":137,"author":{"gitId":"jiexiong-zeng"},"content":"                break;","lastModifiedDate":"2021-10-03"},{"lineNumber":138,"author":{"gitId":"jiexiong-zeng"},"content":"            }","lastModifiedDate":"2021-10-03"},{"lineNumber":139,"author":{"gitId":"jiexiong-zeng"},"content":"            //moduleName -\u003e addgrade method","lastModifiedDate":"2021-10-03"},{"lineNumber":140,"author":{"gitId":"jiexiong-zeng"},"content":"            System.out.println(\"AddGrade test\");","lastModifiedDate":"2021-10-03"},{"lineNumber":141,"author":{"gitId":"jiexiong-zeng"},"content":"            break;","lastModifiedDate":"2021-10-03"},{"lineNumber":142,"author":{"gitId":"jiexiong-zeng"},"content":"        case DELETECLASS:","lastModifiedDate":"2021-10-03"},{"lineNumber":143,"author":{"gitId":"jiexiong-zeng"},"content":"            //moduleName -\u003e deleteclass method","lastModifiedDate":"2021-10-03"},{"lineNumber":144,"author":{"gitId":"jiexiong-zeng"},"content":"            System.out.println(\"DeleteClass test\");","lastModifiedDate":"2021-10-03"},{"lineNumber":145,"author":{"gitId":"jiexiong-zeng"},"content":"            break;","lastModifiedDate":"2021-10-03"},{"lineNumber":146,"author":{"gitId":"jiexiong-zeng"},"content":"        case DELETETASK:","lastModifiedDate":"2021-10-03"},{"lineNumber":147,"author":{"gitId":"jiexiong-zeng"},"content":"            //moduleName -\u003e deletetask method","lastModifiedDate":"2021-10-03"},{"lineNumber":148,"author":{"gitId":"jiexiong-zeng"},"content":"            System.out.println(\"DeleteTask test\");","lastModifiedDate":"2021-10-03"},{"lineNumber":149,"author":{"gitId":"jiexiong-zeng"},"content":"            break;","lastModifiedDate":"2021-10-03"},{"lineNumber":150,"author":{"gitId":"jiexiong-zeng"},"content":"        case DELETEGRADE:","lastModifiedDate":"2021-10-03"},{"lineNumber":151,"author":{"gitId":"jiexiong-zeng"},"content":"            //moduleName -\u003e deletegrade method","lastModifiedDate":"2021-10-03"},{"lineNumber":152,"author":{"gitId":"jiexiong-zeng"},"content":"            System.out.println(\"DeleteGrade test\");","lastModifiedDate":"2021-10-03"},{"lineNumber":153,"author":{"gitId":"jiexiong-zeng"},"content":"            break;","lastModifiedDate":"2021-10-03"},{"lineNumber":154,"author":{"gitId":"jiexiong-zeng"},"content":"        default:","lastModifiedDate":"2021-10-03"},{"lineNumber":155,"author":{"gitId":"jiexiong-zeng"},"content":"            System.out.println(\"Invalid Input!\");","lastModifiedDate":"2021-10-03"},{"lineNumber":156,"author":{"gitId":"yzhedwin"},"content":"            break;","lastModifiedDate":"2021-10-04"},{"lineNumber":157,"author":{"gitId":"jiexiong-zeng"},"content":"        }","lastModifiedDate":"2021-10-03"},{"lineNumber":158,"author":{"gitId":"jiexiong-zeng"},"content":"    }","lastModifiedDate":"2021-10-03"},{"lineNumber":159,"author":{"gitId":"jiexiong-zeng"},"content":"","lastModifiedDate":"2021-10-03"},{"lineNumber":160,"author":{"gitId":"jiexiong-zeng"},"content":"    //split string on first space","lastModifiedDate":"2021-10-03"},{"lineNumber":161,"author":{"gitId":"jiexiong-zeng"},"content":"    static void splitInput(String input) {","lastModifiedDate":"2021-10-03"},{"lineNumber":162,"author":{"gitId":"jiexiong-zeng"},"content":"        try {","lastModifiedDate":"2021-10-03"},{"lineNumber":163,"author":{"gitId":"jiexiong-zeng"},"content":"            int typePos \u003d input.indexOf(SPACE_STRING);","lastModifiedDate":"2021-10-03"},{"lineNumber":164,"author":{"gitId":"jiexiong-zeng"},"content":"            taskType \u003d input.substring(0, typePos);","lastModifiedDate":"2021-10-03"},{"lineNumber":165,"author":{"gitId":"jiexiong-zeng"},"content":"            taskDescription \u003d input.substring(typePos).trim();","lastModifiedDate":"2021-10-03"},{"lineNumber":166,"author":{"gitId":"jiexiong-zeng"},"content":"        }","lastModifiedDate":"2021-10-03"},{"lineNumber":167,"author":{"gitId":"jiexiong-zeng"},"content":"        //no space in input string","lastModifiedDate":"2021-10-03"},{"lineNumber":168,"author":{"gitId":"jiexiong-zeng"},"content":"        catch (StringIndexOutOfBoundsException e) {","lastModifiedDate":"2021-10-03"},{"lineNumber":169,"author":{"gitId":"jiexiong-zeng"},"content":"            taskType \u003d input;","lastModifiedDate":"2021-10-03"},{"lineNumber":170,"author":{"gitId":"jiexiong-zeng"},"content":"            taskDescription \u003d EMPTY_STRING;","lastModifiedDate":"2021-10-03"},{"lineNumber":171,"author":{"gitId":"jiexiong-zeng"},"content":"        }","lastModifiedDate":"2021-10-03"},{"lineNumber":172,"author":{"gitId":"jiexiong-zeng"},"content":"    }","lastModifiedDate":"2021-10-03"},{"lineNumber":173,"author":{"gitId":"jiexiong-zeng"},"content":"","lastModifiedDate":"2021-10-03"},{"lineNumber":174,"author":{"gitId":"jiexiong-zeng"},"content":"    public static LocalDateTime parseDate(String str) {","lastModifiedDate":"2021-10-03"},{"lineNumber":175,"author":{"gitId":"jiexiong-zeng"},"content":"        return LocalDateTime.parse(str, inputFormatter);","lastModifiedDate":"2021-10-03"},{"lineNumber":176,"author":{"gitId":"jiexiong-zeng"},"content":"    }","lastModifiedDate":"2021-10-03"},{"lineNumber":177,"author":{"gitId":"jiexiong-zeng"},"content":"","lastModifiedDate":"2021-10-03"},{"lineNumber":178,"author":{"gitId":"jiexiong-zeng"},"content":"    public static String dateStringOutput(LocalDateTime dateTime) {","lastModifiedDate":"2021-10-03"},{"lineNumber":179,"author":{"gitId":"jiexiong-zeng"},"content":"        return dateTime.format(outputFormatter);","lastModifiedDate":"2021-10-03"},{"lineNumber":180,"author":{"gitId":"jiexiong-zeng"},"content":"    }","lastModifiedDate":"2021-10-03"},{"lineNumber":181,"author":{"gitId":"jiexiong-zeng"},"content":"","lastModifiedDate":"2021-10-03"},{"lineNumber":182,"author":{"gitId":"yzhedwin"},"content":"    public boolean isExit() {","lastModifiedDate":"2021-10-04"},{"lineNumber":183,"author":{"gitId":"yzhedwin"},"content":"        return this.isExit;","lastModifiedDate":"2021-10-04"},{"lineNumber":184,"author":{"gitId":"yzhedwin"},"content":"    }","lastModifiedDate":"2021-10-04"},{"lineNumber":185,"author":{"gitId":"yzhedwin"},"content":"    public String getModuleName() {","lastModifiedDate":"2021-10-04"},{"lineNumber":186,"author":{"gitId":"yzhedwin"},"content":"         return this.moduleName;","lastModifiedDate":"2021-10-04"},{"lineNumber":187,"author":{"gitId":"yzhedwin"},"content":"    }","lastModifiedDate":"2021-10-04"},{"lineNumber":188,"author":{"gitId":"jiexiong-zeng"},"content":"","lastModifiedDate":"2021-10-03"},{"lineNumber":189,"author":{"gitId":"jiexiong-zeng"},"content":"}","lastModifiedDate":"2021-10-03"}],"authorContributionMap":{"yzhedwin":28,"jiexiong-zeng":161}},{"path":"src/main/java/command/Storage.java","fileType":"functional-code","lines":[{"lineNumber":1,"author":{"gitId":"jiexiong-zeng"},"content":"package command;","lastModifiedDate":"2021-10-03"},{"lineNumber":2,"author":{"gitId":"jiexiong-zeng"},"content":"","lastModifiedDate":"2021-10-03"},{"lineNumber":3,"author":{"gitId":"yzhedwin"},"content":"","lastModifiedDate":"2021-10-04"},{"lineNumber":4,"author":{"gitId":"jiexiong-zeng"},"content":"public class Storage {","lastModifiedDate":"2021-10-03"},{"lineNumber":5,"author":{"gitId":"jiexiong-zeng"},"content":"}","lastModifiedDate":"2021-10-03"}],"authorContributionMap":{"yzhedwin":1,"jiexiong-zeng":4}},{"path":"src/main/java/command/Task.java","fileType":"functional-code","lines":[{"lineNumber":1,"author":{"gitId":"yzhedwin"},"content":"package command;","lastModifiedDate":"2021-10-04"},{"lineNumber":2,"author":{"gitId":"yzhedwin"},"content":"","lastModifiedDate":"2021-10-04"},{"lineNumber":3,"author":{"gitId":"yzhedwin"},"content":"public class Task {","lastModifiedDate":"2021-10-04"},{"lineNumber":4,"author":{"gitId":"yzhedwin"},"content":"    protected String description;","lastModifiedDate":"2021-10-04"},{"lineNumber":5,"author":{"gitId":"yzhedwin"},"content":"    protected boolean isDone;","lastModifiedDate":"2021-10-04"},{"lineNumber":6,"author":{"gitId":"yzhedwin"},"content":"    protected String date;","lastModifiedDate":"2021-10-04"},{"lineNumber":7,"author":{"gitId":"yzhedwin"},"content":"","lastModifiedDate":"2021-10-04"},{"lineNumber":8,"author":{"gitId":"yzhedwin"},"content":"    /**","lastModifiedDate":"2021-10-04"},{"lineNumber":9,"author":{"gitId":"yzhedwin"},"content":"     * @param description The description of the task given by the user","lastModifiedDate":"2021-10-04"},{"lineNumber":10,"author":{"gitId":"yzhedwin"},"content":"     */","lastModifiedDate":"2021-10-04"},{"lineNumber":11,"author":{"gitId":"yzhedwin"},"content":"    public Task(String description, String date) {","lastModifiedDate":"2021-10-04"},{"lineNumber":12,"author":{"gitId":"yzhedwin"},"content":"        this.description \u003d description;","lastModifiedDate":"2021-10-04"},{"lineNumber":13,"author":{"gitId":"yzhedwin"},"content":"        this.date \u003d date;","lastModifiedDate":"2021-10-04"},{"lineNumber":14,"author":{"gitId":"yzhedwin"},"content":"        this.isDone \u003d false;","lastModifiedDate":"2021-10-04"},{"lineNumber":15,"author":{"gitId":"yzhedwin"},"content":"    }","lastModifiedDate":"2021-10-04"},{"lineNumber":16,"author":{"gitId":"yzhedwin"},"content":"","lastModifiedDate":"2021-10-04"},{"lineNumber":17,"author":{"gitId":"yzhedwin"},"content":"    public String getStatusIcon() {","lastModifiedDate":"2021-10-04"},{"lineNumber":18,"author":{"gitId":"yzhedwin"},"content":"","lastModifiedDate":"2021-10-04"},{"lineNumber":19,"author":{"gitId":"yzhedwin"},"content":"        return \"[\" + (isDone ? \"X\" : \" \") + \"] \";","lastModifiedDate":"2021-10-04"},{"lineNumber":20,"author":{"gitId":"yzhedwin"},"content":"    }","lastModifiedDate":"2021-10-04"},{"lineNumber":21,"author":{"gitId":"yzhedwin"},"content":"    public String getDescription() {","lastModifiedDate":"2021-10-04"},{"lineNumber":22,"author":{"gitId":"yzhedwin"},"content":"        return this.description;","lastModifiedDate":"2021-10-04"},{"lineNumber":23,"author":{"gitId":"yzhedwin"},"content":"    }","lastModifiedDate":"2021-10-04"},{"lineNumber":24,"author":{"gitId":"yzhedwin"},"content":"    public String getDate() {","lastModifiedDate":"2021-10-04"},{"lineNumber":25,"author":{"gitId":"yzhedwin"},"content":"        return \" by: \" + this.date;","lastModifiedDate":"2021-10-04"},{"lineNumber":26,"author":{"gitId":"yzhedwin"},"content":"    }","lastModifiedDate":"2021-10-04"},{"lineNumber":27,"author":{"gitId":"yzhedwin"},"content":"    public void markDone() {","lastModifiedDate":"2021-10-04"},{"lineNumber":28,"author":{"gitId":"yzhedwin"},"content":"        this.isDone \u003d true;","lastModifiedDate":"2021-10-04"},{"lineNumber":29,"author":{"gitId":"yzhedwin"},"content":"    }","lastModifiedDate":"2021-10-04"},{"lineNumber":30,"author":{"gitId":"yzhedwin"},"content":"    public String toString() {","lastModifiedDate":"2021-10-04"},{"lineNumber":31,"author":{"gitId":"yzhedwin"},"content":"        return getStatusIcon() + getDescription() + getDate();","lastModifiedDate":"2021-10-04"},{"lineNumber":32,"author":{"gitId":"yzhedwin"},"content":"    }","lastModifiedDate":"2021-10-04"},{"lineNumber":33,"author":{"gitId":"yzhedwin"},"content":"}","lastModifiedDate":"2021-10-04"}],"authorContributionMap":{"yzhedwin":33}},{"path":"src/main/java/command/TaskList.java","fileType":"functional-code","lines":[{"lineNumber":1,"author":{"gitId":"jiexiong-zeng"},"content":"package command;","lastModifiedDate":"2021-10-03"},{"lineNumber":2,"author":{"gitId":"jiexiong-zeng"},"content":"","lastModifiedDate":"2021-10-03"},{"lineNumber":3,"author":{"gitId":"yzhedwin"},"content":"import java.util.ArrayList;","lastModifiedDate":"2021-10-04"},{"lineNumber":4,"author":{"gitId":"yzhedwin"},"content":"","lastModifiedDate":"2021-10-04"},{"lineNumber":5,"author":{"gitId":"jiexiong-zeng"},"content":"public class TaskList {","lastModifiedDate":"2021-10-03"},{"lineNumber":6,"author":{"gitId":"yzhedwin"},"content":"    private static final String EMPTY_STRING \u003d \"\";","lastModifiedDate":"2021-10-04"},{"lineNumber":7,"author":{"gitId":"yzhedwin"},"content":"    protected ArrayList\u003cTask\u003e taskList;","lastModifiedDate":"2021-10-04"},{"lineNumber":8,"author":{"gitId":"yzhedwin"},"content":"    protected int taskCount;","lastModifiedDate":"2021-10-04"},{"lineNumber":9,"author":{"gitId":"yzhedwin"},"content":"","lastModifiedDate":"2021-10-04"},{"lineNumber":10,"author":{"gitId":"yzhedwin"},"content":"","lastModifiedDate":"2021-10-04"},{"lineNumber":11,"author":{"gitId":"yzhedwin"},"content":"    public TaskList() {","lastModifiedDate":"2021-10-04"},{"lineNumber":12,"author":{"gitId":"yzhedwin"},"content":"        this.taskList \u003d new ArrayList\u003c\u003e();","lastModifiedDate":"2021-10-04"},{"lineNumber":13,"author":{"gitId":"yzhedwin"},"content":"    }","lastModifiedDate":"2021-10-04"},{"lineNumber":14,"author":{"gitId":"yzhedwin"},"content":"","lastModifiedDate":"2021-10-04"},{"lineNumber":15,"author":{"gitId":"yzhedwin"},"content":"    public int getTaskCount() {","lastModifiedDate":"2021-10-04"},{"lineNumber":16,"author":{"gitId":"yzhedwin"},"content":"        return taskCount;","lastModifiedDate":"2021-10-04"},{"lineNumber":17,"author":{"gitId":"yzhedwin"},"content":"    }","lastModifiedDate":"2021-10-04"},{"lineNumber":18,"author":{"gitId":"yzhedwin"},"content":"    public Task get(int index) {","lastModifiedDate":"2021-10-04"},{"lineNumber":19,"author":{"gitId":"yzhedwin"},"content":"        return this.taskList.get(index);","lastModifiedDate":"2021-10-04"},{"lineNumber":20,"author":{"gitId":"yzhedwin"},"content":"    }","lastModifiedDate":"2021-10-04"},{"lineNumber":21,"author":{"gitId":"yzhedwin"},"content":"    public void delete(Task task) {","lastModifiedDate":"2021-10-04"},{"lineNumber":22,"author":{"gitId":"yzhedwin"},"content":"        taskList.remove(task);","lastModifiedDate":"2021-10-04"},{"lineNumber":23,"author":{"gitId":"yzhedwin"},"content":"    }","lastModifiedDate":"2021-10-04"},{"lineNumber":24,"author":{"gitId":"yzhedwin"},"content":"    private static String getDate(String description) {","lastModifiedDate":"2021-10-04"},{"lineNumber":25,"author":{"gitId":"yzhedwin"},"content":"        try {","lastModifiedDate":"2021-10-04"},{"lineNumber":26,"author":{"gitId":"yzhedwin"},"content":"            int datePos \u003d description.indexOf(Parser.START_OF_DATE);","lastModifiedDate":"2021-10-04"},{"lineNumber":27,"author":{"gitId":"yzhedwin"},"content":"            return description.substring(datePos).replace(Parser.START_OF_DATE, EMPTY_STRING).trim();","lastModifiedDate":"2021-10-04"},{"lineNumber":28,"author":{"gitId":"yzhedwin"},"content":"        } catch (StringIndexOutOfBoundsException e) {","lastModifiedDate":"2021-10-04"},{"lineNumber":29,"author":{"gitId":"yzhedwin"},"content":"            return EMPTY_STRING;","lastModifiedDate":"2021-10-04"},{"lineNumber":30,"author":{"gitId":"yzhedwin"},"content":"        }","lastModifiedDate":"2021-10-04"},{"lineNumber":31,"author":{"gitId":"yzhedwin"},"content":"    }","lastModifiedDate":"2021-10-04"},{"lineNumber":32,"author":{"gitId":"yzhedwin"},"content":"    private static String removeDate(String description) {","lastModifiedDate":"2021-10-04"},{"lineNumber":33,"author":{"gitId":"yzhedwin"},"content":"        try {","lastModifiedDate":"2021-10-04"},{"lineNumber":34,"author":{"gitId":"yzhedwin"},"content":"            int datePos \u003d description.indexOf(Parser.START_OF_DATE);","lastModifiedDate":"2021-10-04"},{"lineNumber":35,"author":{"gitId":"yzhedwin"},"content":"            return description.substring(0, datePos).trim();","lastModifiedDate":"2021-10-04"},{"lineNumber":36,"author":{"gitId":"yzhedwin"},"content":"        } catch (StringIndexOutOfBoundsException e) {","lastModifiedDate":"2021-10-04"},{"lineNumber":37,"author":{"gitId":"yzhedwin"},"content":"            return EMPTY_STRING;","lastModifiedDate":"2021-10-04"},{"lineNumber":38,"author":{"gitId":"yzhedwin"},"content":"        }","lastModifiedDate":"2021-10-04"},{"lineNumber":39,"author":{"gitId":"jiexiong-zeng"},"content":"    }","lastModifiedDate":"2021-10-03"},{"lineNumber":40,"author":{"gitId":"yzhedwin"},"content":"","lastModifiedDate":"2021-10-04"},{"lineNumber":41,"author":{"gitId":"yzhedwin"},"content":"    /**","lastModifiedDate":"2021-10-04"},{"lineNumber":42,"author":{"gitId":"yzhedwin"},"content":"     * Create a new Task object and add it to the tasks list","lastModifiedDate":"2021-10-04"},{"lineNumber":43,"author":{"gitId":"yzhedwin"},"content":"     *","lastModifiedDate":"2021-10-04"},{"lineNumber":44,"author":{"gitId":"yzhedwin"},"content":"     * @param userInput task description input by user","lastModifiedDate":"2021-10-04"},{"lineNumber":45,"author":{"gitId":"yzhedwin"},"content":"     *","lastModifiedDate":"2021-10-04"},{"lineNumber":46,"author":{"gitId":"yzhedwin"},"content":"     */","lastModifiedDate":"2021-10-04"},{"lineNumber":47,"author":{"gitId":"yzhedwin"},"content":"    public void addTask(String userInput) {","lastModifiedDate":"2021-10-04"},{"lineNumber":48,"author":{"gitId":"yzhedwin"},"content":"        String date \u003d getDate(userInput);","lastModifiedDate":"2021-10-04"},{"lineNumber":49,"author":{"gitId":"yzhedwin"},"content":"        if (date.isBlank()) {","lastModifiedDate":"2021-10-04"},{"lineNumber":50,"author":{"gitId":"yzhedwin"},"content":"            Ui.missingDate();","lastModifiedDate":"2021-10-04"},{"lineNumber":51,"author":{"gitId":"yzhedwin"},"content":"        } else {","lastModifiedDate":"2021-10-04"},{"lineNumber":52,"author":{"gitId":"yzhedwin"},"content":"            String description \u003d removeDate(userInput);","lastModifiedDate":"2021-10-04"},{"lineNumber":53,"author":{"gitId":"yzhedwin"},"content":"            Task newTask \u003d new Task(description, date);","lastModifiedDate":"2021-10-04"},{"lineNumber":54,"author":{"gitId":"yzhedwin"},"content":"            this.taskList.add(taskCount, newTask);","lastModifiedDate":"2021-10-04"},{"lineNumber":55,"author":{"gitId":"yzhedwin"},"content":"        }","lastModifiedDate":"2021-10-04"},{"lineNumber":56,"author":{"gitId":"yzhedwin"},"content":"    }","lastModifiedDate":"2021-10-04"},{"lineNumber":57,"author":{"gitId":"yzhedwin"},"content":"","lastModifiedDate":"2021-10-04"},{"lineNumber":58,"author":{"gitId":"yzhedwin"},"content":"}","lastModifiedDate":"2021-10-04"},{"lineNumber":59,"author":{"gitId":"yzhedwin"},"content":"","lastModifiedDate":"2021-10-04"},{"lineNumber":60,"author":{"gitId":"yzhedwin"},"content":"","lastModifiedDate":"2021-10-04"}],"authorContributionMap":{"yzhedwin":56,"jiexiong-zeng":4}},{"path":"src/main/java/command/Ui.java","fileType":"functional-code","lines":[{"lineNumber":1,"author":{"gitId":"jiexiong-zeng"},"content":"package command;","lastModifiedDate":"2021-10-03"},{"lineNumber":2,"author":{"gitId":"jiexiong-zeng"},"content":"","lastModifiedDate":"2021-10-03"},{"lineNumber":3,"author":{"gitId":"jiexiong-zeng"},"content":"","lastModifiedDate":"2021-10-03"},{"lineNumber":4,"author":{"gitId":"yzhedwin"},"content":"public class Ui {","lastModifiedDate":"2021-10-04"},{"lineNumber":5,"author":{"gitId":"jiexiong-zeng"},"content":"","lastModifiedDate":"2021-10-03"},{"lineNumber":6,"author":{"gitId":"jiexiong-zeng"},"content":"    public static void missingDescription() {","lastModifiedDate":"2021-10-03"},{"lineNumber":7,"author":{"gitId":"jiexiong-zeng"},"content":"        System.out.println(\"You are missing a description!\");","lastModifiedDate":"2021-10-03"},{"lineNumber":8,"author":{"gitId":"jiexiong-zeng"},"content":"    }","lastModifiedDate":"2021-10-03"},{"lineNumber":9,"author":{"gitId":"yzhedwin"},"content":"    public static void missingDate() {","lastModifiedDate":"2021-10-04"},{"lineNumber":10,"author":{"gitId":"yzhedwin"},"content":"        System.out.println(\"You are missing a date!\");","lastModifiedDate":"2021-10-04"},{"lineNumber":11,"author":{"gitId":"yzhedwin"},"content":"    }","lastModifiedDate":"2021-10-04"},{"lineNumber":12,"author":{"gitId":"yzhedwin"},"content":"    public static void printStartMessage() {","lastModifiedDate":"2021-10-04"},{"lineNumber":13,"author":{"gitId":"yzhedwin"},"content":"        System.out.println(\"Welcome to NoCap\");","lastModifiedDate":"2021-10-04"},{"lineNumber":14,"author":{"gitId":"yzhedwin"},"content":"    }","lastModifiedDate":"2021-10-04"},{"lineNumber":15,"author":{"gitId":"yzhedwin"},"content":"    public static void printEndMessage() {","lastModifiedDate":"2021-10-04"},{"lineNumber":16,"author":{"gitId":"yzhedwin"},"content":"        System.out.println(\"Thank you for using NoCap\");","lastModifiedDate":"2021-10-04"},{"lineNumber":17,"author":{"gitId":"yzhedwin"},"content":"    }","lastModifiedDate":"2021-10-04"},{"lineNumber":18,"author":{"gitId":"yzhedwin"},"content":"    public static void invalidDate() {","lastModifiedDate":"2021-10-04"},{"lineNumber":19,"author":{"gitId":"yzhedwin"},"content":"        System.out.println(\"Wrong date format input\");","lastModifiedDate":"2021-10-04"},{"lineNumber":20,"author":{"gitId":"yzhedwin"},"content":"    }","lastModifiedDate":"2021-10-04"},{"lineNumber":21,"author":{"gitId":"yzhedwin"},"content":"    public static void addTaskMessage(Task task, String moduleName) {","lastModifiedDate":"2021-10-04"},{"lineNumber":22,"author":{"gitId":"yzhedwin"},"content":"        System.out.println(\"Added new task to \" +  moduleName);","lastModifiedDate":"2021-10-04"},{"lineNumber":23,"author":{"gitId":"yzhedwin"},"content":"        System.out.println(task);","lastModifiedDate":"2021-10-04"},{"lineNumber":24,"author":{"gitId":"yzhedwin"},"content":"    }","lastModifiedDate":"2021-10-04"},{"lineNumber":25,"author":{"gitId":"jiexiong-zeng"},"content":"}","lastModifiedDate":"2021-10-03"}],"authorContributionMap":{"yzhedwin":17,"jiexiong-zeng":8}},{"path":"src/main/java/module/Module.java","fileType":"functional-code","lines":[{"lineNumber":1,"author":{"gitId":"jiexiong-zeng"},"content":"package module;","lastModifiedDate":"2021-10-03"},{"lineNumber":2,"author":{"gitId":"jiexiong-zeng"},"content":"","lastModifiedDate":"2021-10-03"},{"lineNumber":3,"author":{"gitId":"DmitriYam"},"content":"import command.TaskList;","lastModifiedDate":"2021-10-04"},{"lineNumber":4,"author":{"gitId":"DmitriYam"},"content":"","lastModifiedDate":"2021-10-04"},{"lineNumber":5,"author":{"gitId":"jiexiong-zeng"},"content":"public class Module {","lastModifiedDate":"2021-10-03"},{"lineNumber":6,"author":{"gitId":"DmitriYam"},"content":"    protected String letterGrade;","lastModifiedDate":"2021-10-04"},{"lineNumber":7,"author":{"gitId":"DmitriYam"},"content":"    protected String moduleName;","lastModifiedDate":"2021-10-04"},{"lineNumber":8,"author":{"gitId":"DmitriYam"},"content":"    protected Schedule schedule;","lastModifiedDate":"2021-10-04"},{"lineNumber":9,"author":{"gitId":"DmitriYam"},"content":"   // protected Tasklist taskList \u003d new TaskList();","lastModifiedDate":"2021-10-04"},{"lineNumber":10,"author":{"gitId":"DmitriYam"},"content":"    protected int credits;","lastModifiedDate":"2021-10-04"},{"lineNumber":11,"author":{"gitId":"DmitriYam"},"content":"","lastModifiedDate":"2021-10-04"},{"lineNumber":12,"author":{"gitId":"DmitriYam"},"content":"    public Module(String moduleName){","lastModifiedDate":"2021-10-04"},{"lineNumber":13,"author":{"gitId":"DmitriYam"},"content":"        this.moduleName \u003d moduleName;","lastModifiedDate":"2021-10-04"},{"lineNumber":14,"author":{"gitId":"DmitriYam"},"content":"        this.letterGrade \u003d null;","lastModifiedDate":"2021-10-04"},{"lineNumber":15,"author":{"gitId":"DmitriYam"},"content":"        this.schedule \u003d null;","lastModifiedDate":"2021-10-04"},{"lineNumber":16,"author":{"gitId":"DmitriYam"},"content":"        this.credits \u003d 0;","lastModifiedDate":"2021-10-04"},{"lineNumber":17,"author":{"gitId":"DmitriYam"},"content":"    }","lastModifiedDate":"2021-10-04"},{"lineNumber":18,"author":{"gitId":"DmitriYam"},"content":"","lastModifiedDate":"2021-10-04"},{"lineNumber":19,"author":{"gitId":"DmitriYam"},"content":"    public void addGrade(String letterGrade){","lastModifiedDate":"2021-10-04"},{"lineNumber":20,"author":{"gitId":"DmitriYam"},"content":"        this.letterGrade \u003d letterGrade;","lastModifiedDate":"2021-10-04"},{"lineNumber":21,"author":{"gitId":"DmitriYam"},"content":"    }","lastModifiedDate":"2021-10-04"},{"lineNumber":22,"author":{"gitId":"DmitriYam"},"content":"","lastModifiedDate":"2021-10-04"},{"lineNumber":23,"author":{"gitId":"DmitriYam"},"content":"    public void addClass(Schedule schedule){","lastModifiedDate":"2021-10-04"},{"lineNumber":24,"author":{"gitId":"DmitriYam"},"content":"        this.schedule \u003d schedule;","lastModifiedDate":"2021-10-04"},{"lineNumber":25,"author":{"gitId":"DmitriYam"},"content":"    }","lastModifiedDate":"2021-10-04"},{"lineNumber":26,"author":{"gitId":"DmitriYam"},"content":"","lastModifiedDate":"2021-10-04"},{"lineNumber":27,"author":{"gitId":"DmitriYam"},"content":"//    public void addTask(Task task){","lastModifiedDate":"2021-10-04"},{"lineNumber":28,"author":{"gitId":"DmitriYam"},"content":"//        this.taskList.add(task);","lastModifiedDate":"2021-10-04"},{"lineNumber":29,"author":{"gitId":"DmitriYam"},"content":"//    }","lastModifiedDate":"2021-10-04"},{"lineNumber":30,"author":{"gitId":"DmitriYam"},"content":"","lastModifiedDate":"2021-10-04"},{"lineNumber":31,"author":{"gitId":"DmitriYam"},"content":"    public void addCredits(int credits){","lastModifiedDate":"2021-10-04"},{"lineNumber":32,"author":{"gitId":"DmitriYam"},"content":"        this.credits \u003d credits;","lastModifiedDate":"2021-10-04"},{"lineNumber":33,"author":{"gitId":"DmitriYam"},"content":"    }","lastModifiedDate":"2021-10-04"},{"lineNumber":34,"author":{"gitId":"DmitriYam"},"content":"","lastModifiedDate":"2021-10-04"},{"lineNumber":35,"author":{"gitId":"DmitriYam"},"content":"    public String toString(){","lastModifiedDate":"2021-10-04"},{"lineNumber":36,"author":{"gitId":"DmitriYam"},"content":"        return \"Module name: \" + moduleName +","lastModifiedDate":"2021-10-04"},{"lineNumber":37,"author":{"gitId":"DmitriYam"},"content":"                \"\\nCredits: \" + credits +","lastModifiedDate":"2021-10-04"},{"lineNumber":38,"author":{"gitId":"DmitriYam"},"content":"                \"\\nSchedule: \" + schedule +","lastModifiedDate":"2021-10-04"},{"lineNumber":39,"author":{"gitId":"DmitriYam"},"content":"                \"\\nGrade: \" + letterGrade;","lastModifiedDate":"2021-10-04"},{"lineNumber":40,"author":{"gitId":"DmitriYam"},"content":"    }","lastModifiedDate":"2021-10-04"},{"lineNumber":41,"author":{"gitId":"jiexiong-zeng"},"content":"}","lastModifiedDate":"2021-10-03"}],"authorContributionMap":{"DmitriYam":37,"jiexiong-zeng":4}},{"path":"src/main/java/module/Schedule.java","fileType":"functional-code","lines":[{"lineNumber":1,"author":{"gitId":"DmitriYam"},"content":"package module;","lastModifiedDate":"2021-10-04"},{"lineNumber":2,"author":{"gitId":"DmitriYam"},"content":"","lastModifiedDate":"2021-10-04"},{"lineNumber":3,"author":{"gitId":"DmitriYam"},"content":"import java.time.Duration;","lastModifiedDate":"2021-10-04"},{"lineNumber":4,"author":{"gitId":"DmitriYam"},"content":"import java.time.LocalTime;","lastModifiedDate":"2021-10-04"},{"lineNumber":5,"author":{"gitId":"DmitriYam"},"content":"","lastModifiedDate":"2021-10-04"},{"lineNumber":6,"author":{"gitId":"DmitriYam"},"content":"public class Schedule {","lastModifiedDate":"2021-10-04"},{"lineNumber":7,"author":{"gitId":"DmitriYam"},"content":"    protected LocalTime startTime;","lastModifiedDate":"2021-10-04"},{"lineNumber":8,"author":{"gitId":"DmitriYam"},"content":"    protected LocalTime endTime;","lastModifiedDate":"2021-10-04"},{"lineNumber":9,"author":{"gitId":"DmitriYam"},"content":"    protected String day;","lastModifiedDate":"2021-10-04"},{"lineNumber":10,"author":{"gitId":"DmitriYam"},"content":"","lastModifiedDate":"2021-10-04"},{"lineNumber":11,"author":{"gitId":"DmitriYam"},"content":"    public Schedule(String day, LocalTime startTime, LocalTime endTime){","lastModifiedDate":"2021-10-04"},{"lineNumber":12,"author":{"gitId":"DmitriYam"},"content":"        this.day \u003d day;","lastModifiedDate":"2021-10-04"},{"lineNumber":13,"author":{"gitId":"DmitriYam"},"content":"        this.startTime \u003d startTime;","lastModifiedDate":"2021-10-04"},{"lineNumber":14,"author":{"gitId":"DmitriYam"},"content":"        this.endTime \u003d endTime;","lastModifiedDate":"2021-10-04"},{"lineNumber":15,"author":{"gitId":"DmitriYam"},"content":"    }","lastModifiedDate":"2021-10-04"},{"lineNumber":16,"author":{"gitId":"DmitriYam"},"content":"","lastModifiedDate":"2021-10-04"},{"lineNumber":17,"author":{"gitId":"DmitriYam"},"content":"    public String getDay() {","lastModifiedDate":"2021-10-04"},{"lineNumber":18,"author":{"gitId":"DmitriYam"},"content":"        return day;","lastModifiedDate":"2021-10-04"},{"lineNumber":19,"author":{"gitId":"DmitriYam"},"content":"    }","lastModifiedDate":"2021-10-04"},{"lineNumber":20,"author":{"gitId":"DmitriYam"},"content":"","lastModifiedDate":"2021-10-04"},{"lineNumber":21,"author":{"gitId":"DmitriYam"},"content":"    public LocalTime getStartTime(){","lastModifiedDate":"2021-10-04"},{"lineNumber":22,"author":{"gitId":"DmitriYam"},"content":"        return startTime;","lastModifiedDate":"2021-10-04"},{"lineNumber":23,"author":{"gitId":"DmitriYam"},"content":"    }","lastModifiedDate":"2021-10-04"},{"lineNumber":24,"author":{"gitId":"DmitriYam"},"content":"","lastModifiedDate":"2021-10-04"},{"lineNumber":25,"author":{"gitId":"DmitriYam"},"content":"    public LocalTime getEndTime() {","lastModifiedDate":"2021-10-04"},{"lineNumber":26,"author":{"gitId":"DmitriYam"},"content":"        return endTime;","lastModifiedDate":"2021-10-04"},{"lineNumber":27,"author":{"gitId":"DmitriYam"},"content":"    }","lastModifiedDate":"2021-10-04"},{"lineNumber":28,"author":{"gitId":"DmitriYam"},"content":"","lastModifiedDate":"2021-10-04"},{"lineNumber":29,"author":{"gitId":"DmitriYam"},"content":"    public long period(){","lastModifiedDate":"2021-10-04"},{"lineNumber":30,"author":{"gitId":"DmitriYam"},"content":"        return Duration.between(this.endTime, this.startTime).toMinutes();","lastModifiedDate":"2021-10-04"},{"lineNumber":31,"author":{"gitId":"DmitriYam"},"content":"    }","lastModifiedDate":"2021-10-04"},{"lineNumber":32,"author":{"gitId":"DmitriYam"},"content":"","lastModifiedDate":"2021-10-04"},{"lineNumber":33,"author":{"gitId":"DmitriYam"},"content":"    public String toString(){","lastModifiedDate":"2021-10-04"},{"lineNumber":34,"author":{"gitId":"DmitriYam"},"content":"        return \"Day: \" + day +","lastModifiedDate":"2021-10-04"},{"lineNumber":35,"author":{"gitId":"DmitriYam"},"content":"                \"\\nPeriod: \" + startTime + \" - \" + endTime;","lastModifiedDate":"2021-10-04"},{"lineNumber":36,"author":{"gitId":"DmitriYam"},"content":"    }","lastModifiedDate":"2021-10-04"},{"lineNumber":37,"author":{"gitId":"DmitriYam"},"content":"}","lastModifiedDate":"2021-10-04"}],"authorContributionMap":{"DmitriYam":37}},{"path":"src/main/java/seedu/duke/Duke.java","fileType":"functional-code","lines":[{"lineNumber":1,"author":{"gitId":"-"},"content":"package seedu.duke;","lastModifiedDate":"2020-05-24"},{"lineNumber":2,"author":{"gitId":"DmitriYam"},"content":"import module.Module;","lastModifiedDate":"2021-10-04"},{"lineNumber":3,"author":{"gitId":"DmitriYam"},"content":"import module.Schedule;","lastModifiedDate":"2021-10-04"},{"lineNumber":4,"author":{"gitId":"-"},"content":"","lastModifiedDate":"2020-05-24"},{"lineNumber":5,"author":{"gitId":"DmitriYam"},"content":"import java.time.LocalTime;","lastModifiedDate":"2021-10-04"},{"lineNumber":6,"author":{"gitId":"-"},"content":"import java.util.Scanner;","lastModifiedDate":"2020-05-24"},{"lineNumber":7,"author":{"gitId":"-"},"content":"","lastModifiedDate":"2020-05-24"},{"lineNumber":8,"author":{"gitId":"-"},"content":"public class Duke {","lastModifiedDate":"2019-07-29"},{"lineNumber":9,"author":{"gitId":"-"},"content":"    /**","lastModifiedDate":"2020-05-24"},{"lineNumber":10,"author":{"gitId":"-"},"content":"     * Main entry-point for the java.duke.Duke application.","lastModifiedDate":"2020-05-24"},{"lineNumber":11,"author":{"gitId":"-"},"content":"     */","lastModifiedDate":"2020-05-24"},{"lineNumber":12,"author":{"gitId":"DmitriYam"},"content":"","lastModifiedDate":"2021-10-04"},{"lineNumber":13,"author":{"gitId":"-"},"content":"    public static void main(String[] args) {","lastModifiedDate":"2019-07-29"},{"lineNumber":14,"author":{"gitId":"-"},"content":"        String logo \u003d \" ____        _        \\n\"","lastModifiedDate":"2019-07-29"},{"lineNumber":15,"author":{"gitId":"-"},"content":"                + \"|  _ \\\\ _   _| | _____ \\n\"","lastModifiedDate":"2019-07-29"},{"lineNumber":16,"author":{"gitId":"-"},"content":"                + \"| | | | | | | |/ / _ \\\\\\n\"","lastModifiedDate":"2019-07-29"},{"lineNumber":17,"author":{"gitId":"-"},"content":"                + \"| |_| | |_| |   \u003c  __/\\n\"","lastModifiedDate":"2019-07-29"},{"lineNumber":18,"author":{"gitId":"-"},"content":"                + \"|____/ \\\\__,_|_|\\\\_\\\\___|\\n\";","lastModifiedDate":"2019-07-29"},{"lineNumber":19,"author":{"gitId":"-"},"content":"        System.out.println(\"Hello from\\n\" + logo);","lastModifiedDate":"2019-07-29"},{"lineNumber":20,"author":{"gitId":"-"},"content":"        System.out.println(\"What is your name?\");","lastModifiedDate":"2020-05-24"},{"lineNumber":21,"author":{"gitId":"-"},"content":"","lastModifiedDate":"2020-05-24"},{"lineNumber":22,"author":{"gitId":"-"},"content":"        Scanner in \u003d new Scanner(System.in);","lastModifiedDate":"2020-05-24"},{"lineNumber":23,"author":{"gitId":"DmitriYam"},"content":"","lastModifiedDate":"2021-10-04"},{"lineNumber":24,"author":{"gitId":"-"},"content":"        System.out.println(\"Hello \" + in.nextLine());","lastModifiedDate":"2020-05-24"},{"lineNumber":25,"author":{"gitId":"DmitriYam"},"content":"","lastModifiedDate":"2021-10-04"},{"lineNumber":26,"author":{"gitId":"DmitriYam"},"content":"        //Function to test module class, comment out if not in use","lastModifiedDate":"2021-10-04"},{"lineNumber":27,"author":{"gitId":"DmitriYam"},"content":"        moduleTest();","lastModifiedDate":"2021-10-04"},{"lineNumber":28,"author":{"gitId":"DmitriYam"},"content":"    }","lastModifiedDate":"2021-10-04"},{"lineNumber":29,"author":{"gitId":"DmitriYam"},"content":"","lastModifiedDate":"2021-10-04"},{"lineNumber":30,"author":{"gitId":"DmitriYam"},"content":"    private static void moduleTest(){","lastModifiedDate":"2021-10-04"},{"lineNumber":31,"author":{"gitId":"DmitriYam"},"content":"        Module m \u003d new Module(\"cs2113T\");","lastModifiedDate":"2021-10-04"},{"lineNumber":32,"author":{"gitId":"DmitriYam"},"content":"        m.addCredits(4);","lastModifiedDate":"2021-10-04"},{"lineNumber":33,"author":{"gitId":"DmitriYam"},"content":"        m.addGrade(\"A+\");","lastModifiedDate":"2021-10-04"},{"lineNumber":34,"author":{"gitId":"DmitriYam"},"content":"        LocalTime start \u003d LocalTime.parse(\"13:00:00\");","lastModifiedDate":"2021-10-04"},{"lineNumber":35,"author":{"gitId":"DmitriYam"},"content":"        LocalTime end \u003d LocalTime.parse(\"15:00:00\");","lastModifiedDate":"2021-10-04"},{"lineNumber":36,"author":{"gitId":"DmitriYam"},"content":"        m.addClass(new Schedule(\"WEDNESDAY\", start, end));","lastModifiedDate":"2021-10-04"},{"lineNumber":37,"author":{"gitId":"DmitriYam"},"content":"        System.out.println(m);","lastModifiedDate":"2021-10-04"},{"lineNumber":38,"author":{"gitId":"-"},"content":"    }","lastModifiedDate":"2019-07-29"},{"lineNumber":39,"author":{"gitId":"-"},"content":"}","lastModifiedDate":"2019-07-29"}],"authorContributionMap":{"DmitriYam":18,"-":21}}]
