{"authorDailyContributionsMap":{"yapjoonsiong":[{"date":"2021-10-05","commitResults":[{"hash":"9bf0ed358fd7e76db928dc4189564fd2f3c76667","messageTitle":"Edit ModuleList, Module and Schedule","messageBody":"","fileTypesAndContributionMap":{"functional-code":{"insertions":205,"deletions":28}}},{"hash":"b88cbf2e6e5c9bf760c5fa4ecccaa769eae32cef","messageTitle":"Edit ModuleList. Fix bugs.","messageBody":"","fileTypesAndContributionMap":{"functional-code":{"insertions":15,"deletions":15}}}]},{"date":"2021-10-06","commitResults":[{"hash":"3a43987f5e2a7ce6e0a14ddd147267c4aaa17576","messageTitle":"Resize Timetable.","messageBody":"","fileTypesAndContributionMap":{"functional-code":{"insertions":0,"deletions":2}}}]},{"date":"2021-10-10","commitResults":[{"hash":"9b587a21e3caf266bc24dce1ab3af5f9b7e5320d","messageTitle":"Parser for addtask, addclass, addgrade, deletegrade, add, delete, timetable, list","messageBody":"","fileTypesAndContributionMap":{"functional-code":{"insertions":46,"deletions":9}}}]},{"date":"2021-10-11","commitResults":[{"hash":"723278deb79980012d51e3094c1f6be1ccf19d4b","messageTitle":"Create JUnit test for ModuleList","messageBody":"","fileTypesAndContributionMap":{"functional-code":{"insertions":0,"deletions":1},"test-code":{"insertions":30,"deletions":0}}},{"hash":"80478ae438b0b4753ca38633079255949f79a214","messageTitle":"Update ModuleListTest","messageBody":"","fileTypesAndContributionMap":{"test-code":{"insertions":3,"deletions":2}}}]},{"date":"2021-10-12","commitResults":[{"hash":"2574c3e4fb2c540058b0d0b025715649cfcc8efd","messageTitle":"Add assertions, Logging, update Parser and Clean up code","messageBody":"","fileTypesAndContributionMap":{"functional-code":{"insertions":133,"deletions":68}}},{"hash":"42e6c9acb050ba0aa65c8b766c8b4bd607ad18c2","messageTitle":"Fix checkStyle issues","messageBody":"","fileTypesAndContributionMap":{"functional-code":{"insertions":5,"deletions":4}}},{"hash":"8f120fb0946e90694b1ebf89a6d71b4abc3bf6bf","messageTitle":"no message","messageBody":"","fileTypesAndContributionMap":{"functional-code":{"insertions":1,"deletions":3}}}]},{"date":"2021-10-18","commitResults":[{"hash":"7ce26ce7008648d68d39258fd49755600e545318","messageTitle":"Add SemesterList and Semester","messageBody":"","fileTypesAndContributionMap":{"functional-code":{"insertions":189,"deletions":0}}},{"hash":"acb9e27be69ffd23dfacf06111e59fec432f01cb","messageTitle":"update codeStyle","messageBody":"","fileTypesAndContributionMap":{"functional-code":{"insertions":1,"deletions":0},"other":{"insertions":2,"deletions":8}}},{"hash":"542bd74136e31cca6f0a47239e6ae37dd304e49a","messageTitle":"update codeStyle","messageBody":"","fileTypesAndContributionMap":{"functional-code":{"insertions":1,"deletions":0}}},{"hash":"b7de9dafa199db1b48e103596e08e1c4e257ca00","messageTitle":"fix checks","messageBody":"","fileTypesAndContributionMap":{"functional-code":{"insertions":7,"deletions":4},"test-code":{"insertions":3,"deletions":3}}}]},{"date":"2021-10-19","commitResults":[{"hash":"b3ccb6b91cd01fb18c3d6f1ec0e924bb9cd2cd37","messageTitle":"Revert \"Branch semester list\"","messageBody":"","fileTypesAndContributionMap":{"functional-code":{"insertions":0,"deletions":188},"test-code":{"insertions":18,"deletions":18}}},{"hash":"ce86bc2ee5467d26b7345cd29f4eff4046d1784b","messageTitle":"redo semesterList","messageBody":"","fileTypesAndContributionMap":{"functional-code":{"insertions":187,"deletions":0},"test-code":{"insertions":3,"deletions":3}}},{"hash":"13af0f463bbc2f9fb9106d7706c23401ac63aead","messageTitle":"implement semesterList","messageBody":"","fileTypesAndContributionMap":{"functional-code":{"insertions":62,"deletions":1}}},{"hash":"764edfe97b6ed70d5f429ca89ae3387b252c7c2f","messageTitle":"fix checkStyle","messageBody":"","fileTypesAndContributionMap":{"functional-code":{"insertions":3,"deletions":3}}},{"hash":"a3bfe9d47276d7c5f843bcdcd80ae82a2250cff5","messageTitle":"fix checkStyle","messageBody":"","fileTypesAndContributionMap":{"functional-code":{"insertions":0,"deletions":1}}}]},{"date":"2021-10-20","commitResults":[{"hash":"413908321240697adbccc3bc16b29ce57fea2650","messageTitle":"add ListSemester and CAP functions","messageBody":"","fileTypesAndContributionMap":{"functional-code":{"insertions":63,"deletions":13}}},{"hash":"87f2488c6df0d8c92f436e69137dc0eca84454bd","messageTitle":"refactor scheduleList","messageBody":"","fileTypesAndContributionMap":{"functional-code":{"insertions":2,"deletions":4},"other":{"insertions":2,"deletions":4},"test-code":{"insertions":3,"deletions":2}}}]},{"date":"2021-10-22","commitResults":[{"hash":"e8e61fa28d20c5b3412d1f0153bff76d830cf5f0","messageTitle":"add semester dgdraft","messageBody":"","fileTypesAndContributionMap":{"docs":{"insertions":13,"deletions":0}}}]},{"date":"2021-10-23","commitResults":[{"hash":"a2b0ac6d1ba1dadaebe2510d52bc47de0f5ab181","messageTitle":"add error handling for classes","messageBody":"","fileTypesAndContributionMap":{"functional-code":{"insertions":64,"deletions":52},"test-code":{"insertions":73,"deletions":14}}},{"hash":"f32ac0439b5cc332e55c1f265ee73882e2a72de7","messageTitle":"fix checkStyle","messageBody":"","fileTypesAndContributionMap":{"functional-code":{"insertions":1,"deletions":0}}},{"hash":"7bf0f82b9990971338add4f644009553f0b4acae","messageTitle":"fix encoder test","messageBody":"","fileTypesAndContributionMap":{"functional-code":{"insertions":1,"deletions":1},"test-code":{"insertions":9,"deletions":9}}}]},{"date":"2021-10-25","commitResults":[{"hash":"121c54376821aae5b05626c79a365b15152dc5ab","messageTitle":"fix double class bug and create test classes","messageBody":"","fileTypesAndContributionMap":{"functional-code":{"insertions":24,"deletions":2},"test-code":{"insertions":158,"deletions":1}}},{"hash":"814837e8a09f0b00f35cfe5c6379d95c80ee478f","messageTitle":"fix checkStyle","messageBody":"","fileTypesAndContributionMap":{"test-code":{"insertions":2,"deletions":2}}},{"hash":"9ab584a5a830630b2a0dcbe1328c875f93d0087a","messageTitle":"fix JUnit test","messageBody":"","fileTypesAndContributionMap":{"test-code":{"insertions":11,"deletions":0}}},{"hash":"42d2dd3b3bd0e253f928acd2b604366f51504bb1","messageTitle":"add JUnit test","messageBody":"","fileTypesAndContributionMap":{"functional-code":{"insertions":1,"deletions":1},"test-code":{"insertions":170,"deletions":25}}}]},{"date":"2021-10-26","commitResults":[{"hash":"c359d9d65fa26841019ec452f20e940adcaee9ba","messageTitle":"add javadoc","messageBody":"","fileTypesAndContributionMap":{"functional-code":{"insertions":88,"deletions":3}}},{"hash":"6b9b3b278a13121f28b66106d34202399bd4947c","messageTitle":"fix checkStyle","messageBody":"","fileTypesAndContributionMap":{"functional-code":{"insertions":46,"deletions":43}}},{"hash":"18fcaa0202d7aca114260c289959fb97fcf2ec46","messageTitle":"add Semester DG","messageBody":"","fileTypesAndContributionMap":{"functional-code":{"insertions":0,"deletions":1},"docs":{"insertions":52,"deletions":36}}}]},{"date":"2021-10-27","commitResults":[{"hash":"79872b6458162ce87dff5bf02b7f9b89b0264294","messageTitle":"update SemesterList DG and add println after each command","messageBody":"","fileTypesAndContributionMap":{"functional-code":{"insertions":1,"deletions":0}}},{"hash":"2949831c6d3df379c630f63b930a9d6028d79060","messageTitle":"remove println","messageBody":"","fileTypesAndContributionMap":{"functional-code":{"insertions":1,"deletions":1}}},{"hash":"2adc46088b28e5f829283d4864230b0e153bcb51","messageTitle":"update UG","messageBody":"","fileTypesAndContributionMap":{"docs":{"insertions":182,"deletions":9}}}]},{"date":"2021-11-02","commitResults":[{"hash":"48e584d032f3739695ffbd3ab970c85469a9556e","messageTitle":"fix functional bugs","messageBody":"","fileTypesAndContributionMap":{"functional-code":{"insertions":97,"deletions":36},"docs":{"insertions":33,"deletions":23},"test-code":{"insertions":574,"deletions":111}}},{"hash":"2c77e874bed253be746ee002e0b146e3045ffa5b","messageTitle":"fix checkstyle","messageBody":"","fileTypesAndContributionMap":{"functional-code":{"insertions":1,"deletions":1}}},{"hash":"e24a5c50bff7eec00d2a3a8494aaf131ee63b563","messageTitle":"fix checkstyle","messageBody":"","fileTypesAndContributionMap":{"test-code":{"insertions":1,"deletions":1}}}]}],"naijie2108":[{"date":"2021-10-01","commitResults":[{"hash":"35c29264c43a5b0c0c0a2826ede17dff1869c9ed","messageTitle":"change aboutus","messageBody":"","fileTypesAndContributionMap":{"docs":{"insertions":1,"deletions":1}}}]},{"date":"2021-10-07","commitResults":[{"hash":"fc6123aa0ed845764e70fb3dd9a9d4a7d9e8b491","messageTitle":"Create storage package - Added StorageEncoder to convert ModuleList object into JSON file - Added StorageDecoder to convert JSON file into ModuleList object","messageBody":"","fileTypesAndContributionMap":{"functional-code":{"insertions":215,"deletions":7},"other":{"insertions":6,"deletions":0},"test-code":{"insertions":62,"deletions":0}}},{"hash":"fceb14c798e7598c8bd28c81236af2a1a4b7538a","messageTitle":"Pass CI Tests","messageBody":"- Update code to follow coding standards\n","fileTypesAndContributionMap":{"functional-code":{"insertions":12,"deletions":10},"test-code":{"insertions":15,"deletions":13}}},{"hash":"7145a27386f277a235ff07ad57d4ea01fa1da9f6","messageTitle":"Add empty constructor for Schedule Class","messageBody":"- Added empty constructor for JSON serialization purposes\n","fileTypesAndContributionMap":{"functional-code":{"insertions":11,"deletions":0},"test-code":{"insertions":5,"deletions":0}}},{"hash":"438e15f87659c1ab971b150f72ef97ebc04bfea6","messageTitle":"Add empty constructor for Task class","messageBody":"- Similar reason to previous commit, for JSON serializing\n","fileTypesAndContributionMap":{"functional-code":{"insertions":6,"deletions":3},"test-code":{"insertions":1,"deletions":0}}}]},{"date":"2021-10-09","commitResults":[{"hash":"b4bd701f39c9d767807d18cfe635c26348050a9c","messageTitle":"Add JUNIT tests for Storage Decoders","messageBody":"- Added toString() override for ModuleList  class for easier comparison during testing\n","fileTypesAndContributionMap":{"functional-code":{"insertions":9,"deletions":0},"test-code":{"insertions":4,"deletions":1}}}]},{"date":"2021-10-10","commitResults":[{"hash":"17c1f29f059f4fe2ac49166e0b096274cdbbb104","messageTitle":"Integrate storage to other classes - Added automatic loading and saving functions","messageBody":"","fileTypesAndContributionMap":{"functional-code":{"insertions":43,"deletions":22},"other":{"insertions":1,"deletions":1},"test-code":{"insertions":3,"deletions":4}}},{"hash":"18ac11a62cf41ef3bd1e2d212ed575c28947f578","messageTitle":"Fix Import Statement issues","messageBody":"- Added missing import statements\n","fileTypesAndContributionMap":{"functional-code":{"insertions":3,"deletions":0}}},{"hash":"29e03962f9b7be35d51ba8639094c573cadc6cba","messageTitle":"Fix checkstyle issues","messageBody":"","fileTypesAndContributionMap":{"functional-code":{"insertions":3,"deletions":2}}},{"hash":"4a87c9885625cef71d39ce5ed1d0c6d8452b48c5","messageTitle":"Rename getStatusIcon method in Task class - Renamed to statusIcon() as the method was being interpreted as a getter by Jackson","messageBody":"","fileTypesAndContributionMap":{"functional-code":{"insertions":1,"deletions":1},"test-code":{"insertions":2,"deletions":2}}},{"hash":"efa4fc20425d202cef3f305da4ea1bc90be57bd5","messageTitle":"Fix more checkstyle issues","messageBody":"","fileTypesAndContributionMap":{"test-code":{"insertions":22,"deletions":10}}},{"hash":"695b9a5359704ac560c990c579587c5ba25c4539","messageTitle":"Change test cases for Task - Changed expected output for Task tests to reflect previous midifications","messageBody":"","fileTypesAndContributionMap":{"functional-code":{"insertions":2,"deletions":2},"test-code":{"insertions":4,"deletions":5}}},{"hash":"766467a81003daf594afae5907f9743deabfb8fe","messageTitle":"Add assertions to classes in storage - Enable assertion in gradle build file - Added assertions to encoder and decoder classes","messageBody":"","fileTypesAndContributionMap":{"functional-code":{"insertions":19,"deletions":14},"other":{"insertions":1,"deletions":5}}}]},{"date":"2021-10-12","commitResults":[{"hash":"2f5833e268372df6274d4b1ffb6b177ce6fab1cb","messageTitle":"Add exceptions and logger to storage class - Added new exception class for custom exceptions - Added loggers to storage class to better keep track of the program","messageBody":"","fileTypesAndContributionMap":{"functional-code":{"insertions":46,"deletions":17},"test-code":{"insertions":27,"deletions":6}}},{"hash":"e0ab0bd88156570cbc50c9cf7830eef033fcb477","messageTitle":"Fix checkstyle issues","messageBody":"","fileTypesAndContributionMap":{"functional-code":{"insertions":2,"deletions":2}}},{"hash":"e9d803e89c059d48e36606e1c552b4952353bcb8","messageTitle":"Update build file to compile the correct JAR file for IO tests - Removed redundant duke class - Updated test input and expected output in Text-Ui","messageBody":"","fileTypesAndContributionMap":{"functional-code":{"insertions":0,"deletions":21},"other":{"insertions":2,"deletions":2}}}]},{"date":"2021-10-17","commitResults":[{"hash":"611b09ec59ee275db1e589a237efc5bb0c1c04aa","messageTitle":"Increase test coverage for storage","messageBody":"","fileTypesAndContributionMap":{"functional-code":{"insertions":0,"deletions":3},"test-code":{"insertions":38,"deletions":0}}},{"hash":"9fca8fe49a5f3873b6fa3c6e05d4aed2e98e3727","messageTitle":"Fix test issues","messageBody":"","fileTypesAndContributionMap":{"test-code":{"insertions":6,"deletions":6}}}]},{"date":"2021-10-18","commitResults":[{"hash":"81b8a947d2b2410d689d4aeb6421ed75c54f6d70","messageTitle":"Add overall task list class","messageBody":"","fileTypesAndContributionMap":{"functional-code":{"insertions":69,"deletions":0},"test-code":{"insertions":23,"deletions":0}}},{"hash":"6ae4f93dd31a28c995b83f7f71640d99244fe308","messageTitle":"Refactor task class and update Storage class","messageBody":"","fileTypesAndContributionMap":{"functional-code":{"insertions":23,"deletions":8},"other":{"insertions":5,"deletions":0},"test-code":{"insertions":29,"deletions":15}}},{"hash":"95c4542c05035d5e45667f79b93f9961b6f4ff2d","messageTitle":"Fix checkstyle issues","messageBody":"","fileTypesAndContributionMap":{"functional-code":{"insertions":3,"deletions":2},"test-code":{"insertions":21,"deletions":21}}},{"hash":"995db54fc98523e0049599d343a38f807e76cb58","messageTitle":"Add overall task list methods - Added sorting by date and status - Added filtering by weekly, monthly and yearly tasks","messageBody":"","fileTypesAndContributionMap":{"functional-code":{"insertions":131,"deletions":4},"test-code":{"insertions":246,"deletions":22}}},{"hash":"d6abd7294bb54b30583526c68b5b31953c5225e4","messageTitle":"Fix checkstyle issues","messageBody":"","fileTypesAndContributionMap":{"functional-code":{"insertions":4,"deletions":5},"test-code":{"insertions":2,"deletions":2}}}]},{"date":"2021-10-19","commitResults":[{"hash":"494f9d8bedc87a35830e953e1145788cb97c59f6","messageTitle":"Update Ui - Update method for printing all tasks","messageBody":"","fileTypesAndContributionMap":{"functional-code":{"insertions":13,"deletions":7},"test-code":{"insertions":1,"deletions":13}}},{"hash":"32f1e3542c7298b57181ff345ac415d3f4cf3735","messageTitle":"Change Ui for overall task list - Add error message for empty task lists","messageBody":"","fileTypesAndContributionMap":{"functional-code":{"insertions":28,"deletions":6}}},{"hash":"6190b903658a02ef6194ec36eff8c60fd0439b3e","messageTitle":"Fix checkstyle issues","messageBody":"","fileTypesAndContributionMap":{"test-code":{"insertions":2,"deletions":1}}},{"hash":"6af589c8f23fdb281188b82a335fc09c9862f6fd","messageTitle":"Edit weekly task test case - To pass JUNIT tests","messageBody":"","fileTypesAndContributionMap":{"test-code":{"insertions":6,"deletions":6}}},{"hash":"2c8f2006b6666a992354843b0df9e43c829030ac","messageTitle":"Integrate Storage with SemesterList","messageBody":"- Changed NoCap to load semester list instead of module list\n- Updated JUNIT Test Cases\n- Changed setters and getters in Semester and SemesterList that were interfering with Jackson library\n","fileTypesAndContributionMap":{"functional-code":{"insertions":81,"deletions":38},"test-code":{"insertions":281,"deletions":42}}},{"hash":"a2fc37b4f5ad02de5d617502d29b743f2583a174","messageTitle":"Update Storage JUNIT Tests","messageBody":"- Corrected schedule inputs that were in the wrong format\n","fileTypesAndContributionMap":{"test-code":{"insertions":3,"deletions":3}}}]},{"date":"2021-10-20","commitResults":[{"hash":"774f4df9541029f7e56ff53bc5cbcad65b5dcd28","messageTitle":"Add 3rd party library references","messageBody":"","fileTypesAndContributionMap":{"docs":{"insertions":6,"deletions":0}}},{"hash":"de110cc8826ef8af1d3b339916ff90897484b908","messageTitle":"Add assert to overall task list","messageBody":"","fileTypesAndContributionMap":{"functional-code":{"insertions":1,"deletions":0}}},{"hash":"cdc87c8d0041eab0be1fc6d3f9fb4799dd30051b","messageTitle":"Fix checkstyle issues","messageBody":"","fileTypesAndContributionMap":{"functional-code":{"insertions":1,"deletions":1}}}]},{"date":"2021-10-21","commitResults":[{"hash":"bb23110bacbc1f35908f400d3e30f4204e1e7dae","messageTitle":"Add gradable tasks to overall task","messageBody":"","fileTypesAndContributionMap":{"functional-code":{"insertions":28,"deletions":6},"test-code":{"insertions":61,"deletions":39}}}]},{"date":"2021-10-23","commitResults":[{"hash":"3e9b9e4fa46b53d29d5d18287b932d2566b01319","messageTitle":"Add storage to dev guide","messageBody":"","fileTypesAndContributionMap":{"docs":{"insertions":29,"deletions":0}}},{"hash":"55760845e723ea1bfe5dbc74228095b0a24381d2","messageTitle":"Add javadoc comments","messageBody":"- For Storage and OverallTask\n","fileTypesAndContributionMap":{"functional-code":{"insertions":68,"deletions":1}}}]},{"date":"2021-10-24","commitResults":[{"hash":"1d755ff8ef4e952a73718976f2381d556fb5bd20","messageTitle":"Update DG","messageBody":"- Add section on OverallTask and OverallTaskList\n","fileTypesAndContributionMap":{"functional-code":{"insertions":7,"deletions":1},"docs":{"insertions":56,"deletions":3}}},{"hash":"2f4b87560369c343adf4bd9ec769ac0fd90fd83c","messageTitle":"Add list gradable task to overallTaskList","messageBody":"","fileTypesAndContributionMap":{"functional-code":{"insertions":30,"deletions":0}}},{"hash":"7f4c08b17cf14a8fbc40b3dd1f775b1192ee2b8b","messageTitle":"Refactor OverallTaskList","messageBody":"","fileTypesAndContributionMap":{"functional-code":{"insertions":17,"deletions":22},"test-code":{"insertions":4,"deletions":2}}},{"hash":"8d3edb405a01285818f1b0e5b9e65f1e740579fc","messageTitle":"Integrate storage with gradable tasks","messageBody":"","fileTypesAndContributionMap":{"functional-code":{"insertions":7,"deletions":1},"test-code":{"insertions":7,"deletions":4}}},{"hash":"86c08ef400c2d3bdefe6cb7d543ec61b214206a3","messageTitle":"Update failing JUNIT tests","messageBody":"","fileTypesAndContributionMap":{"test-code":{"insertions":2,"deletions":2}}}]},{"date":"2021-10-25","commitResults":[{"hash":"330f9d5d9ec38c3a6dc73403e74e7b0619de293f","messageTitle":"Fix Overall Task Bug","messageBody":"- Modify constructor to take in isLate from task\n","fileTypesAndContributionMap":{"functional-code":{"insertions":2,"deletions":0}}},{"hash":"aa19eaf62b6ed89d9fb616e8a949bfdaa74cdc77","messageTitle":"Add class diagram to DG","messageBody":"","fileTypesAndContributionMap":{"functional-code":{"insertions":6,"deletions":6},"docs":{"insertions":9,"deletions":2}}}]},{"date":"2021-10-26","commitResults":[{"hash":"626b71f6f467a4233b72e6874f66ee1564b2c737","messageTitle":"Add JUNIT tests","messageBody":"","fileTypesAndContributionMap":{"functional-code":{"insertions":1,"deletions":12},"test-code":{"insertions":85,"deletions":5}}},{"hash":"246ab39f58ce67db68e6c090167da33ad2b825c9","messageTitle":"Fix checkstyle issues","messageBody":"","fileTypesAndContributionMap":{"test-code":{"insertions":4,"deletions":4}}},{"hash":"4806e89427ab3c8437445ccbf016a0e4ce28e8d5","messageTitle":"Update DG diagrams","messageBody":"","fileTypesAndContributionMap":{"docs":{"insertions":5,"deletions":2}}}]},{"date":"2021-10-27","commitResults":[{"hash":"50ee8113601ee2b09cefecbc9966d9592674d4de","messageTitle":"Add list task to UG","messageBody":"","fileTypesAndContributionMap":{"docs":{"insertions":55,"deletions":0}}}]},{"date":"2021-10-28","commitResults":[{"hash":"29096fd9125357d8b1baa522c9843da5e4b5b28e","messageTitle":"Change format of command","messageBody":"","fileTypesAndContributionMap":{"docs":{"insertions":2,"deletions":2}}},{"hash":"ff27a61b164679709c46e9cc274b76de34dd0b04","messageTitle":"Change module list task format","messageBody":"- Update letter case\n","fileTypesAndContributionMap":{"docs":{"insertions":2,"deletions":2}}}]},{"date":"2021-11-01","commitResults":[{"hash":"2e64bd2ab109f9c680cb8c9a23eec101af405b9a","messageTitle":"Update UG to give clearer explanation on list task functions","messageBody":"- Added more examples\n","fileTypesAndContributionMap":{"functional-code":{"insertions":100,"deletions":61},"docs":{"insertions":24,"deletions":3},"test-code":{"insertions":22,"deletions":2}}},{"hash":"3fbff8ed214a3f8e66b28fe0b3fff6bbb1a5d7e5","messageTitle":"fix checkstyle issues","messageBody":"","fileTypesAndContributionMap":{"test-code":{"insertions":2,"deletions":1}}},{"hash":"8579a9cd599da2b4e4812d3631d34b09d75cc518","messageTitle":"Remove magic number","messageBody":"","fileTypesAndContributionMap":{"functional-code":{"insertions":9,"deletions":3}}}]},{"date":"2021-11-02","commitResults":[{"hash":"bc5b0c24101a1a31cb0af02b2b8fe52761e974ce","messageTitle":"Add ug list task section","messageBody":"- Added list task normal\n","fileTypesAndContributionMap":{"docs":{"insertions":2,"deletions":1}}}]}],"DmitriYam":[{"date":"2021-10-04","commitResults":[{"hash":"23b5c054b536df878bf65ef217d844e2f015cd15","messageTitle":"created simple Module Class along with a module test in main","messageBody":"","fileTypesAndContributionMap":{"functional-code":{"insertions":92,"deletions":0}}}]},{"date":"2021-10-05","commitResults":[{"hash":"e89bc06947b05ce2622571654bd4a8cf2ce7728f","messageTitle":"Auto stash before rebase of \"AY2122S1-CS2113T-F11-1/master\"","messageBody":"","fileTypesAndContributionMap":{"functional-code":{"insertions":13,"deletions":11}}}]},{"date":"2021-10-06","commitResults":[{"hash":"30c849da488c96f9f22d73b2a2a6eb60af2876b0","messageTitle":"Updated Module to be able to print schedule","messageBody":"","fileTypesAndContributionMap":{"functional-code":{"insertions":12,"deletions":9}}},{"hash":"9e93805048bec40ab139ad80ef3f258c01ffdde9","messageTitle":"Updated Module to be able to print schedule","messageBody":"","fileTypesAndContributionMap":{"functional-code":{"insertions":1,"deletions":1}}}]},{"date":"2021-10-10","commitResults":[{"hash":"a5b4310dd74a6c8b5d14207f7fc8ace4f556a6e4","messageTitle":"Updated Module to be able to print schedule","messageBody":"","fileTypesAndContributionMap":{"functional-code":{"insertions":3,"deletions":1},"test-code":{"insertions":51,"deletions":0}}},{"hash":"93159eb51cc30f9ef65774de1764485645c6dde9","messageTitle":"Auto stash before rebase of \"AY2122S1-CS2113T-F11-1/master\"","messageBody":"","fileTypesAndContributionMap":{"functional-code":{"insertions":3,"deletions":21},"test-code":{"insertions":51,"deletions":0}}},{"hash":"11fb092ab7a745509ae79a21ee607ec2d3a8f4e6","messageTitle":"Updated Module to be able to print schedule","messageBody":"","fileTypesAndContributionMap":{"functional-code":{"insertions":2,"deletions":7}}}]},{"date":"2021-10-12","commitResults":[{"hash":"96efa74912da1500e40e4468a53404769c1bfeeb","messageTitle":"added logging and assertions","messageBody":"","fileTypesAndContributionMap":{"functional-code":{"insertions":25,"deletions":6},"docs":{"insertions":3,"deletions":3}}},{"hash":"82ed696a79276ff14eb5f8815eb7320969c935fc","messageTitle":"added logging and assertions","messageBody":"","fileTypesAndContributionMap":{"functional-code":{"insertions":1,"deletions":1}}},{"hash":"6bdac59d8bbd81f00541de765dc6c268b477071f","messageTitle":"fix bug which caused code to fail moduleTest","messageBody":"","fileTypesAndContributionMap":{"functional-code":{"insertions":1,"deletions":1},"test-code":{"insertions":2,"deletions":2}}},{"hash":"8cf40e514a0aaafcdbf066b365fdb69a8f272ee3","messageTitle":"fix bug which caused code to fail gradle Test","messageBody":"","fileTypesAndContributionMap":{"functional-code":{"insertions":1,"deletions":1}}}]},{"date":"2021-10-16","commitResults":[{"hash":"6e4f17b4ef1cf72a4e9e2e1adbf4206abcaa3f44","messageTitle":"fix bug which caused code to fail gradle Test","messageBody":"","fileTypesAndContributionMap":{"functional-code":{"insertions":29,"deletions":1},"docs":{"insertions":7,"deletions":0},"test-code":{"insertions":5,"deletions":2}}},{"hash":"20b7aa37588d9b06592992fb62e536d57d27f3b6","messageTitle":"added schedule list ui","messageBody":"","fileTypesAndContributionMap":{"functional-code":{"insertions":30,"deletions":18}}},{"hash":"418841dbc09ae34f8d75889a848f4781b400602f","messageTitle":"added schedule list ui","messageBody":"","fileTypesAndContributionMap":{"test-code":{"insertions":7,"deletions":9}}}]},{"date":"2021-10-17","commitResults":[{"hash":"23a729b5d59ba5f3c780461fd8552c993cef8deb","messageTitle":"Created ScheduleList class","messageBody":"","fileTypesAndContributionMap":{"functional-code":{"insertions":78,"deletions":34}}},{"hash":"9474e5568c7c83736281d2bbe89f22a361211c80","messageTitle":"Gradable tasks implemented","messageBody":"","fileTypesAndContributionMap":{"functional-code":{"insertions":128,"deletions":3},"test-code":{"insertions":94,"deletions":1}}},{"hash":"279e06cb700ccbc683541fceb7f2aae4cab3dfc7","messageTitle":"Gradable tasks implemented","messageBody":"","fileTypesAndContributionMap":{"test-code":{"insertions":11,"deletions":11}}},{"hash":"66a40dff424ddc1cd199e74d0e2cec0b3899929c","messageTitle":"Gradable tasks implemented","messageBody":"","fileTypesAndContributionMap":{"test-code":{"insertions":10,"deletions":10}}},{"hash":"3a184a628354deffebddae4ebd3e4ebffe11425f","messageTitle":"Gradable tasks implemented","messageBody":"","fileTypesAndContributionMap":{"test-code":{"insertions":11,"deletions":30}}},{"hash":"5c47ec36147ea11579426b03e44a83970fc9b0af","messageTitle":"Gradable tasks implemented","messageBody":"","fileTypesAndContributionMap":{"test-code":{"insertions":2,"deletions":2}}},{"hash":"ac087d4d10a1b839f0036b2e7813f1759f39b26f","messageTitle":"Gradable tasks implemented","messageBody":"","fileTypesAndContributionMap":{"test-code":{"insertions":3,"deletions":3}}},{"hash":"793aca6fc411e6ac46b37acc2efc3be9cae92813","messageTitle":"help la","messageBody":"","fileTypesAndContributionMap":{"test-code":{"insertions":4,"deletions":1}}},{"hash":"79d979b95205466a23f9da10b1a4986d53068ca0","messageTitle":"help la","messageBody":"","fileTypesAndContributionMap":{"test-code":{"insertions":3,"deletions":5}}}]},{"date":"2021-10-22","commitResults":[{"hash":"ba8c153989ceda07f9a55a0484b415ae9723d7d7","messageTitle":"merge","messageBody":"","fileTypesAndContributionMap":{"functional-code":{"insertions":1,"deletions":5},"docs":{"insertions":81,"deletions":0}}},{"hash":"023d2c59e90ba4c791a5fba0e526f6efd6972096","messageTitle":"merge","messageBody":"","fileTypesAndContributionMap":{"test-code":{"insertions":3,"deletions":3}}}]},{"date":"2021-10-23","commitResults":[{"hash":"048c4a96915fb67aa166c607d9b43727038138f9","messageTitle":"visualise","messageBody":"","fileTypesAndContributionMap":{"functional-code":{"insertions":45,"deletions":0}}}]},{"date":"2021-10-24","commitResults":[{"hash":"963a034415cc61b2399f97807bc65db4899faf8b","messageTitle":"visualise","messageBody":"","fileTypesAndContributionMap":{"functional-code":{"insertions":72,"deletions":8},"test-code":{"insertions":8,"deletions":0}}},{"hash":"5dcef9f19c44d4072dd6f540714c71786adc6d30","messageTitle":"visualise","messageBody":"","fileTypesAndContributionMap":{"functional-code":{"insertions":61,"deletions":5},"test-code":{"insertions":23,"deletions":0}}},{"hash":"d395964f379a8f7a4bcef66fa005b630c260bb67","messageTitle":"visualise gradable","messageBody":"","fileTypesAndContributionMap":{"functional-code":{"insertions":26,"deletions":15},"test-code":{"insertions":34,"deletions":5}}},{"hash":"7e1c6f521d0ca7a3b69127c9a5ef0fdb5482f4f8","messageTitle":"visualise gradable","messageBody":"","fileTypesAndContributionMap":{"functional-code":{"insertions":39,"deletions":15},"test-code":{"insertions":5,"deletions":7}}},{"hash":"f6920832be35a94004f895bbd4a964a9eba4393a","messageTitle":"visualise gradable updates","messageBody":"","fileTypesAndContributionMap":{"functional-code":{"insertions":2,"deletions":0}}},{"hash":"29ca6739133536fd668481b8a91b875182dbc590","messageTitle":"sth","messageBody":"","fileTypesAndContributionMap":{"test-code":{"insertions":2,"deletions":1}}}]},{"date":"2021-10-25","commitResults":[{"hash":"47b7316df55ce634504854559f6ca190034872c3","messageTitle":"weightage bug fixes","messageBody":"","fileTypesAndContributionMap":{"functional-code":{"insertions":12,"deletions":6},"test-code":{"insertions":2,"deletions":2}}},{"hash":"8ded0c94e5274fb68454bb748f13c870538aac0e","messageTitle":"weightage bug fixes part 2","messageBody":"","fileTypesAndContributionMap":{"functional-code":{"insertions":2,"deletions":2}}},{"hash":"a100cd1317f6a3c859bce1eff0b67474e39e4192","messageTitle":"weightage bug fixes part 3","messageBody":"","fileTypesAndContributionMap":{"test-code":{"insertions":3,"deletions":3}}},{"hash":"066c40578320c4a17bc182aa93675b3103cd442a","messageTitle":"weightage bug fixes part 4","messageBody":"","fileTypesAndContributionMap":{"test-code":{"insertions":2,"deletions":2}}},{"hash":"771266f8318e875f05b58070692c445604981b3f","messageTitle":"weightage bug fixes part 5","messageBody":"","fileTypesAndContributionMap":{"functional-code":{"insertions":3,"deletions":3},"test-code":{"insertions":13,"deletions":14}}},{"hash":"bc8557cc9d725ea7c6bd6fb3884edd8822d1d53c","messageTitle":"minor changes","messageBody":"","fileTypesAndContributionMap":{"test-code":{"insertions":2,"deletions":2}}},{"hash":"9683b68058fe057920d5075fec71f8d19c0a15b8","messageTitle":"bug changes","messageBody":"","fileTypesAndContributionMap":{"functional-code":{"insertions":8,"deletions":2},"docs":{"insertions":1,"deletions":0}}}]},{"date":"2021-10-26","commitResults":[{"hash":"aa00d44d062df6caa67fc4bdc959890b521cb864","messageTitle":"edits","messageBody":"","fileTypesAndContributionMap":{"functional-code":{"insertions":4,"deletions":4}}}]},{"date":"2021-10-27","commitResults":[{"hash":"26eaa82ac123dc1ef94ab7f48dc25a62605c648f","messageTitle":"bug changes","messageBody":"","fileTypesAndContributionMap":{"functional-code":{"insertions":8,"deletions":5},"other":{"insertions":2,"deletions":2},"test-code":{"insertions":0,"deletions":2}}}]},{"date":"2021-10-28","commitResults":[{"hash":"db979cf1095732285b32e48299866534262360f8","messageTitle":"DG update","messageBody":"","fileTypesAndContributionMap":{"docs":{"insertions":50,"deletions":16}}},{"hash":"6c5789f460a9b0d5c7cb5258f4275ff29f9a53d2","messageTitle":"ui implemented for delete module,  deleteclass","messageBody":"","fileTypesAndContributionMap":{"functional-code":{"insertions":56,"deletions":9},"docs":{"insertions":35,"deletions":1}}},{"hash":"915238534fe649f7c118247e031c13b88bdcc327","messageTitle":"ui implemented for delete module,  deleteclass","messageBody":"","fileTypesAndContributionMap":{"functional-code":{"insertions":8,"deletions":7}}},{"hash":"7d3391880bacd09e983d1d2184668dbad1556b0a","messageTitle":"ui implemented for delete module,  deleteclass","messageBody":"","fileTypesAndContributionMap":{"functional-code":{"insertions":6,"deletions":1}}},{"hash":"91f7bcc4a63b241bd5e6e9766d5665f024d5fa27","messageTitle":"ui implemented for delete module,  deleteclass","messageBody":"","fileTypesAndContributionMap":{"functional-code":{"insertions":1,"deletions":0}}},{"hash":"1580f2be4c508a016270a40ec0c45c939a07918e","messageTitle":"ui implemented for delete module,  deleteclass","messageBody":"","fileTypesAndContributionMap":{"functional-code":{"insertions":2,"deletions":2}}},{"hash":"a682ec91d2746554a04836c5dda5b05c50bea4c2","messageTitle":"Comments","messageBody":"","fileTypesAndContributionMap":{"functional-code":{"insertions":81,"deletions":1}}},{"hash":"eb472328391605e3f923e79d0a5ced2ef64920cf","messageTitle":"More JUnit tests","messageBody":"","fileTypesAndContributionMap":{"test-code":{"insertions":100,"deletions":42}}},{"hash":"89a6eb9093b771c538bc128fb7497916228d5ca7","messageTitle":"More JUnit tests","messageBody":"","fileTypesAndContributionMap":{"test-code":{"insertions":17,"deletions":1}}},{"hash":"9bcd8ad781c2112f71e8a8e9fe36e3b7b300089d","messageTitle":"UG updates","messageBody":"","fileTypesAndContributionMap":{"functional-code":{"insertions":7,"deletions":0},"docs":{"insertions":71,"deletions":27}}},{"hash":"0f3b350e6602a575ef948a84f2895f369d7a217f","messageTitle":"UG updates","messageBody":"","fileTypesAndContributionMap":{"docs":{"insertions":0,"deletions":2}}},{"hash":"b8c995931537b0de3a537f708090c99101e44a99","messageTitle":"Auto stash before checking out \"HEAD\"","messageBody":"","fileTypesAndContributionMap":{"docs":{"insertions":18,"deletions":1}}},{"hash":"c0bb1f7eb2355bcab2ff6dec35fc3dca1d62b0a3","messageTitle":"Auto stash before checking out \"HEAD\"","messageBody":"","fileTypesAndContributionMap":{"docs":{"insertions":18,"deletions":1}}},{"hash":"34415933950c7b8100c0760b45873391d83a5dc2","messageTitle":"UG updates","messageBody":"","fileTypesAndContributionMap":{"docs":{"insertions":19,"deletions":2}}}]},{"date":"2021-10-31","commitResults":[{"hash":"6cdd904ec0f1087d6bf621c827f294d0044db3b2","messageTitle":"UG updates","messageBody":"","fileTypesAndContributionMap":{"functional-code":{"insertions":32,"deletions":12},"docs":{"insertions":5,"deletions":5}}}]},{"date":"2021-11-01","commitResults":[{"hash":"41fa27201be90b5204c4370e6f87652b80aa77a5","messageTitle":"add /m module list gradable","messageBody":"","fileTypesAndContributionMap":{"functional-code":{"insertions":4,"deletions":1}}},{"hash":"ee9d67d1f7d74bfd27d6bd307f6a6f70b7e814fd","messageTitle":"add /m module list gradable","messageBody":"","fileTypesAndContributionMap":{"docs":{"insertions":28,"deletions":1}}},{"hash":"0a3e996845f2f8de1856300b4ba2a2c7cb38aad8","messageTitle":"addgrade bug fix","messageBody":"","fileTypesAndContributionMap":{"functional-code":{"insertions":36,"deletions":1},"docs":{"insertions":16,"deletions":0}}}]},{"date":"2021-11-02","commitResults":[{"hash":"f5539bc971d6b48eb09ca6dd3a15697ea1d79564","messageTitle":"addgrade bug fix","messageBody":"","fileTypesAndContributionMap":{"docs":{"insertions":2,"deletions":0}}}]}],"yzhedwin":[{"date":"2021-10-04","commitResults":[{"hash":"97c4c2b49888635f7373a81d111715ee445c77e2","messageTitle":"Added TaskList and Task Classes. Edited Storage, NoCap, Parser and Ui Classes","messageBody":"","fileTypesAndContributionMap":{"functional-code":{"insertions":153,"deletions":21}}},{"hash":"305721554cb4551073a6aed0f2050fa3df19ce23","messageTitle":"Changed TaskLists and Tasks","messageBody":"","fileTypesAndContributionMap":{"functional-code":{"insertions":23,"deletions":23}}}]},{"date":"2021-10-06","commitResults":[{"hash":"9308cf57852f92dc3d23c3ccd67fc90b081688fc","messageTitle":"Added printTaskList()","messageBody":"","fileTypesAndContributionMap":{"functional-code":{"insertions":14,"deletions":1}}}]},{"date":"2021-10-10","commitResults":[{"hash":"e56eeaa81f580d26b47f4ddce36c8d27e51659d6","messageTitle":"Add JUnit Tests","messageBody":"","fileTypesAndContributionMap":{"functional-code":{"insertions":5,"deletions":3},"other":{"insertions":7,"deletions":2},"test-code":{"insertions":158,"deletions":1}}},{"hash":"963d9575eba54de43f014fa54eb6bcaf2445c5d5","messageTitle":"Add JUnit","messageBody":"","fileTypesAndContributionMap":{"functional-code":{"insertions":124,"deletions":87}}},{"hash":"6c6392197efb27a63f80049a6d3d5127195798e5","messageTitle":"Add JUnit","messageBody":"","fileTypesAndContributionMap":{"functional-code":{"insertions":221,"deletions":0}}},{"hash":"b927f55c78125e11b7b3337987b224186aaab47e","messageTitle":"JUnit Test","messageBody":"","fileTypesAndContributionMap":{"functional-code":{"insertions":545,"deletions":0}}},{"hash":"739d6fafd26cf78edd4292c04c2ef12b13e0c899","messageTitle":"JUnit Test","messageBody":"","fileTypesAndContributionMap":{"functional-code":{"insertions":0,"deletions":159}}}]},{"date":"2021-10-11","commitResults":[{"hash":"0483014cad90f533c51c1a2f0835a3e49217919c","messageTitle":"Add LocalDateTime to Tasks","messageBody":"","fileTypesAndContributionMap":{"functional-code":{"insertions":37,"deletions":19},"test-code":{"insertions":18,"deletions":18}}},{"hash":"78bc011a646635e638f4125571a99dfb29d2d850","messageTitle":"Fix CheckStyle Issue","messageBody":"","fileTypesAndContributionMap":{"functional-code":{"insertions":4,"deletions":0}}},{"hash":"a11ffcfa614820e6ddc858a5a61d0f41fb0c05ea","messageTitle":"Fix JUnit test cases","messageBody":"","fileTypesAndContributionMap":{"functional-code":{"insertions":3,"deletions":0},"test-code":{"insertions":40,"deletions":39}}},{"hash":"bf32e9fb2a95d55186dfeedce660a55821157489","messageTitle":"Fix Checkstyle","messageBody":"","fileTypesAndContributionMap":{"functional-code":{"insertions":2,"deletions":1}}},{"hash":"2e83457a70309d64678ee3b9413e0632eabae6bd","messageTitle":"Fix Checkstyle","messageBody":"","fileTypesAndContributionMap":{"functional-code":{"insertions":1,"deletions":1},"test-code":{"insertions":4,"deletions":4}}},{"hash":"452a6fccfe2062e376521624e0ce70e1ac9e2402","messageTitle":"Add show all tasks due with range","messageBody":"","fileTypesAndContributionMap":{"functional-code":{"insertions":103,"deletions":8},"test-code":{"insertions":8,"deletions":3}}},{"hash":"9b7e8b48a1d01222cb4323c8d210050a9eb0a358","messageTitle":"Add JUnit tests to TaskLists","messageBody":"","fileTypesAndContributionMap":{"functional-code":{"insertions":8,"deletions":20},"test-code":{"insertions":101,"deletions":13}}},{"hash":"4f5493c4295dff37a5b416547596ec8d989d5c15","messageTitle":"Fix checkstyle error","messageBody":"","fileTypesAndContributionMap":{"test-code":{"insertions":1,"deletions":1}}}]},{"date":"2021-10-12","commitResults":[{"hash":"4ab56950e8ba9fbce9c3fc2776c43200063994c4","messageTitle":"Change TaskList Methods and Added to Parser, Add logger for TaskList","messageBody":"","fileTypesAndContributionMap":{"functional-code":{"insertions":75,"deletions":37},"test-code":{"insertions":5,"deletions":5}}},{"hash":"6f319a1702410bd6bbc5dd35410c995fb503ea41","messageTitle":"Edit Parser to print tasks in module list","messageBody":"","fileTypesAndContributionMap":{"functional-code":{"insertions":182,"deletions":103}}},{"hash":"872e0db904bfd550156b7d3dd1039766cd2e50c0","messageTitle":"Edit Parser to print tasks in module list. Fix checkstyle error","messageBody":"","fileTypesAndContributionMap":{"functional-code":{"insertions":109,"deletions":111}}},{"hash":"0dd59687f8dcbbe2e8b26510505bdf907d0e0bff","messageTitle":"Add assert","messageBody":"","fileTypesAndContributionMap":{"functional-code":{"insertions":13,"deletions":5}}},{"hash":"c0ec7ec0978bfe13b98a0baf0632035b7ef383ad","messageTitle":"Change list task methods and added Ui Messages","messageBody":"","fileTypesAndContributionMap":{"functional-code":{"insertions":68,"deletions":61},"test-code":{"insertions":40,"deletions":36}}}]},{"date":"2021-10-13","commitResults":[{"hash":"05895632305a7fa1dc1a5cc61190000f8420b355","messageTitle":"Add MarkDone to Parser","messageBody":"","fileTypesAndContributionMap":{"functional-code":{"insertions":28,"deletions":3}}},{"hash":"0d10a66cca18d1f52b3600177c27cfb6a75954de","messageTitle":"Add Task logger","messageBody":"","fileTypesAndContributionMap":{"functional-code":{"insertions":8,"deletions":3}}},{"hash":"6f65cccf66736e0eb7a7d49514beaa72347e923c","messageTitle":"Add Task logger","messageBody":"","fileTypesAndContributionMap":{"functional-code":{"insertions":5,"deletions":2}}},{"hash":"90182445ca3f87cdf470b953c5d5ddc0bda52867","messageTitle":"Fix bug in TaskList","messageBody":"","fileTypesAndContributionMap":{"functional-code":{"insertions":6,"deletions":8},"test-code":{"insertions":3,"deletions":3}}}]},{"date":"2021-10-16","commitResults":[{"hash":"5c10182640430e348961931730168f4873968063","messageTitle":"commit for pull","messageBody":"","fileTypesAndContributionMap":{"functional-code":{"insertions":24,"deletions":29}}}]},{"date":"2021-10-17","commitResults":[{"hash":"10fefb56fd6687733f02820a1e50c979c150a721","messageTitle":"Enhanced JUnit with system clock","messageBody":"","fileTypesAndContributionMap":{"functional-code":{"insertions":1,"deletions":5},"test-code":{"insertions":42,"deletions":26}}},{"hash":"530055e4e957ad68e3b70d0f07262ad04e92a925","messageTitle":"fix checkstyle","messageBody":"","fileTypesAndContributionMap":{"functional-code":{"insertions":82,"deletions":81},"test-code":{"insertions":1,"deletions":3}}},{"hash":"91d3127865f70621da71fb1a1fdfd64abd166dd9","messageTitle":"fix checkstyle again","messageBody":"","fileTypesAndContributionMap":{"functional-code":{"insertions":1,"deletions":2}}},{"hash":"a27ef30701d504afb05810e2c3a46cfc79aa990a","messageTitle":"fix checkstyle again 2","messageBody":"","fileTypesAndContributionMap":{"functional-code":{"insertions":0,"deletions":1}}},{"hash":"0c10d2939daab69b080ea4c49fe6a4d785be2c03","messageTitle":"pls pass","messageBody":"","fileTypesAndContributionMap":{"functional-code":{"insertions":1,"deletions":3},"other":{"insertions":1,"deletions":0}}},{"hash":"4c170005dd3eade4fae20be6399a1d5f07ed1bed","messageTitle":"Edit JUnit for TaskList","messageBody":"","fileTypesAndContributionMap":{"functional-code":{"insertions":84,"deletions":84},"test-code":{"insertions":48,"deletions":31}}},{"hash":"8da75b41ff66f88df2ec6b7c043d76a0ec6885f3","messageTitle":"pls","messageBody":"","fileTypesAndContributionMap":{"other":{"insertions":1,"deletions":1},"test-code":{"insertions":2,"deletions":0}}}]},{"date":"2021-10-18","commitResults":[{"hash":"c885f263eeadf7ef1c489e4f3c17be80f3f04b23","messageTitle":"Add Overdue Task Flagging","messageBody":"","fileTypesAndContributionMap":{"functional-code":{"insertions":56,"deletions":19},"test-code":{"insertions":37,"deletions":37}}}]},{"date":"2021-10-19","commitResults":[{"hash":"75d2e3edddf27be9c9c8e7203aa85ae65f9d4ff4","messageTitle":"Edit Junit Test for TaskList","messageBody":"","fileTypesAndContributionMap":{"test-code":{"insertions":48,"deletions":28}}},{"hash":"b868f5831cfe5dc83cd1f4cbd6c11981ea5ffc15","messageTitle":"Delete data.json","messageBody":"","fileTypesAndContributionMap":{"other":{"insertions":0,"deletions":1}}},{"hash":"4b7423555b15470efce430abd6b59001c1ef28ec","messageTitle":"updated overdue task","messageBody":"","fileTypesAndContributionMap":{"functional-code":{"insertions":31,"deletions":60}}},{"hash":"1de57ffa6ff30b29496551865a6ff22f5e3ba8a3","messageTitle":"Added TaskListTest Dynamic Dates for Convenience, Please use","messageBody":"","fileTypesAndContributionMap":{"test-code":{"insertions":35,"deletions":30}}},{"hash":"5f5d3e860bc48d7fd2fc952234ecece03b082ea2","messageTitle":"fix checkstyle","messageBody":"","fileTypesAndContributionMap":{"test-code":{"insertions":2,"deletions":3}}}]},{"date":"2021-10-20","commitResults":[{"hash":"4a9daf52503921939a209bb046c30891723c2882","messageTitle":"Edit Task","messageBody":"","fileTypesAndContributionMap":{"functional-code":{"insertions":8,"deletions":3}}}]},{"date":"2021-10-21","commitResults":[{"hash":"8f8b0464bbfe881cf61f9fc0a35e062091a696e6","messageTitle":"merge files","messageBody":"","fileTypesAndContributionMap":{"functional-code":{"insertions":9,"deletions":10}}}]},{"date":"2021-10-22","commitResults":[{"hash":"93d43200a9f25da4d5b473414e805981950de672","messageTitle":"Add Dev Guide","messageBody":"","fileTypesAndContributionMap":{"docs":{"insertions":40,"deletions":0}}},{"hash":"13b507eb1fe351af27486c68730da8943da09b92","messageTitle":"edit checkstyle","messageBody":"","fileTypesAndContributionMap":{"functional-code":{"insertions":1,"deletions":1}}},{"hash":"c09e3c0809f58d767102a7e50d15a423dd6814bc","messageTitle":"fix bug","messageBody":"","fileTypesAndContributionMap":{"functional-code":{"insertions":7,"deletions":2}}},{"hash":"be7968481af2e36232c10baadebfe3ef7c509774","messageTitle":"fix Task setter","messageBody":"","fileTypesAndContributionMap":{"functional-code":{"insertions":9,"deletions":5}}}]},{"date":"2021-10-24","commitResults":[{"hash":"9f145e4988ef42b4a0f8c343eb062585cd176ad1","messageTitle":"Fix bugs in adding task with wrong date format","messageBody":"","fileTypesAndContributionMap":{"functional-code":{"insertions":4,"deletions":1}}}]},{"date":"2021-10-26","commitResults":[{"hash":"9ff0ed52b72fc9bfd5b2a9b9e8bf1a04602c978c","messageTitle":"Fix list task not getting the correct input","messageBody":"","fileTypesAndContributionMap":{"functional-code":{"insertions":1,"deletions":2}}}]},{"date":"2021-10-27","commitResults":[{"hash":"fde1ad7bd98793b355b0e302ab06ec5e3fb878b6","messageTitle":"Fix check for blank description and duplicates when adding Task","messageBody":"","fileTypesAndContributionMap":{"functional-code":{"insertions":69,"deletions":12}}},{"hash":"d0e4bd90824b4197ee9cd80399c5803aaaa4d460","messageTitle":"fix test cases","messageBody":"","fileTypesAndContributionMap":{"test-code":{"insertions":2,"deletions":4}}}]},{"date":"2021-10-28","commitResults":[{"hash":"1896a894d9b8e76d823f2bf7127a7a24fd4e9cab","messageTitle":"Add more testing to TaskList and Task Classes","messageBody":"","fileTypesAndContributionMap":{"functional-code":{"insertions":2,"deletions":2},"test-code":{"insertions":177,"deletions":2}}},{"hash":"796eb698864cfc6a449db42a5ea3e40044835e17","messageTitle":"Edit checkstyle test error","messageBody":"","fileTypesAndContributionMap":{"test-code":{"insertions":2,"deletions":1}}},{"hash":"4b2428becf8353f4ed666afa6c3e02c90ea47111","messageTitle":"Update Dev Guide","messageBody":"","fileTypesAndContributionMap":{"docs":{"insertions":106,"deletions":85}}},{"hash":"75fcb647f76456f89bfc92d338ff17618c77766f","messageTitle":"Add User Guide to Task","messageBody":"","fileTypesAndContributionMap":{"docs":{"insertions":132,"deletions":46}}}]},{"date":"2021-10-31","commitResults":[{"hash":"aaedf94a44a9b835a31e1cbb5c1ac98bfa819c7a","messageTitle":"Bug fixes","messageBody":"","fileTypesAndContributionMap":{"functional-code":{"insertions":8,"deletions":3},"docs":{"insertions":12,"deletions":1}}},{"hash":"c719aeff130006cdca4be140dbb8bb961a7dffac","messageTitle":"Updated UG","messageBody":"","fileTypesAndContributionMap":{"docs":{"insertions":49,"deletions":21}}},{"hash":"7a3172d3ec70c991461d7e62d056ca082918efee","messageTitle":"Edit UG","messageBody":"","fileTypesAndContributionMap":{"docs":{"insertions":20,"deletions":56}}},{"hash":"b38ba44719fd71535430b1e4e73acedb9002baac","messageTitle":"Updated UG","messageBody":"","fileTypesAndContributionMap":{"docs":{"insertions":8,"deletions":3}}}]}],"jiexiong-zeng":[{"date":"2021-10-01","commitResults":[{"hash":"1c92d726333597f52986ff6fdbddbb41d6b10bc6","messageTitle":"change AboutUs","messageBody":"","fileTypesAndContributionMap":{"docs":{"insertions":1,"deletions":1}}}]},{"date":"2021-10-03","commitResults":[{"hash":"fb9f9c0f0c88cfe03ef5f5a6ba89b7a4700830fb","messageTitle":"add empty classes for V1 add methods for Parser","messageBody":"","fileTypesAndContributionMap":{"functional-code":{"insertions":212,"deletions":0}}}]},{"date":"2021-10-06","commitResults":[{"hash":"256ce6e7385fe95e4a1d9e5d7a1ad88a05012f3a","messageTitle":"fix checkstyle issues","messageBody":"","fileTypesAndContributionMap":{"functional-code":{"insertions":68,"deletions":35}}}]},{"date":"2021-10-09","commitResults":[{"hash":"25090dac72da0392051a0cc20fb27e37ad8a1ce1","messageTitle":"restore text-ui-test","messageBody":"","fileTypesAndContributionMap":{"functional-code":{"insertions":2,"deletions":25}}},{"hash":"1b01ab1a71d78269e479975ba28e45a33d9f4bae","messageTitle":"Uncomment Scanner in Duke","messageBody":"","fileTypesAndContributionMap":{"functional-code":{"insertions":2,"deletions":2}}}]},{"date":"2021-10-10","commitResults":[{"hash":"c1d10efc452b8adeb21daa3041a5f8c92ebe7278","messageTitle":"update readme","messageBody":"","fileTypesAndContributionMap":{"docs":{"insertions":133,"deletions":6}}},{"hash":"41f05f56767ece68fc32673b28423a6b4731ac21","messageTitle":"Add simple JUnit tests Change debugging statement to use Logger","messageBody":"","fileTypesAndContributionMap":{"functional-code":{"insertions":27,"deletions":16},"test-code":{"insertions":26,"deletions":0}}},{"hash":"013870c80f770902f6cdcc4d6bc3778745c8a6f2","messageTitle":"fix Checkstyle errors","messageBody":"","fileTypesAndContributionMap":{"functional-code":{"insertions":16,"deletions":16}}},{"hash":"7528fc70b33ee7d52ae0a9c36250d730fce2492a","messageTitle":"fix checkstyle","messageBody":"","fileTypesAndContributionMap":{"test-code":{"insertions":1,"deletions":1}}},{"hash":"0d41b428e4dc6f5205933defad590720bb6448a5","messageTitle":"add help message","messageBody":"","fileTypesAndContributionMap":{"functional-code":{"insertions":17,"deletions":1}}}]},{"date":"2021-10-11","commitResults":[{"hash":"ccd8a01e58799f82f11cc4b3b91a2c6ee28a3d85","messageTitle":"Update README.md","messageBody":"fix typo","fileTypesAndContributionMap":{"docs":{"insertions":1,"deletions":1}}},{"hash":"f9ec7abd14ed302fc4ddd1817ccc3fefcbff5b37","messageTitle":"Add method overloads to take in String input to keep Parser clean Add listParser Add Ui messages for exit and invalidListcommands","messageBody":"","fileTypesAndContributionMap":{"functional-code":{"insertions":98,"deletions":38}}}]},{"date":"2021-10-12","commitResults":[{"hash":"803a5f685c661c5d8cd509bd5975eed2a8621670","messageTitle":"Extract list related methods to new class List Fix a tasklist bug","messageBody":"","fileTypesAndContributionMap":{"functional-code":{"insertions":109,"deletions":104}}},{"hash":"49dd138d8f05d377002c160ab3bf9f31ea4a84c2","messageTitle":"remove println test used in debugging","messageBody":"","fileTypesAndContributionMap":{"functional-code":{"insertions":0,"deletions":3}}}]},{"date":"2021-10-13","commitResults":[{"hash":"04b40ab0e288edb6f9e358fda698afbfdc445f21","messageTitle":"Seperate date related methods into new DateParser class Prevent duplicate module from being added","messageBody":"","fileTypesAndContributionMap":{"functional-code":{"insertions":70,"deletions":20},"test-code":{"insertions":21,"deletions":0}}},{"hash":"1e7945c99925638dc571882fc1d7eaee1f1f7fb9","messageTitle":"add DateParser JUnit test","messageBody":"","fileTypesAndContributionMap":{"functional-code":{"insertions":3,"deletions":1},"test-code":{"insertions":11,"deletions":1}}}]},{"date":"2021-10-16","commitResults":[{"hash":"1f2a0333ca106f50021e8395ea0a65f0ff92aaf9","messageTitle":"clean up parser class add methods to check for parser errors","messageBody":"","fileTypesAndContributionMap":{"functional-code":{"insertions":62,"deletions":53}}},{"hash":"3eddbf8f241845b250287d2c510c8b863b7d62ea","messageTitle":"fix checkstyle","messageBody":"","fileTypesAndContributionMap":{"functional-code":{"insertions":10,"deletions":10}}}]},{"date":"2021-10-18","commitResults":[{"hash":"806ba98dd22dd4ff6049a1c986faabedca68f5c0","messageTitle":"add ParserSearch class add findbyKeyword Method","messageBody":"","fileTypesAndContributionMap":{"functional-code":{"insertions":91,"deletions":3},"other":{"insertions":24,"deletions":35},"test-code":{"insertions":99,"deletions":9}}},{"hash":"09a6fddd7c7a96f4d2053976487518c52248d5cc","messageTitle":"checkstyle","messageBody":"","fileTypesAndContributionMap":{"functional-code":{"insertions":1,"deletions":1}}},{"hash":"9273e6cfbceff6eccfc28e3bbc0905312fdf85a4","messageTitle":"add overallTasklist methods to parser","messageBody":"","fileTypesAndContributionMap":{"functional-code":{"insertions":16,"deletions":7}}}]},{"date":"2021-10-19","commitResults":[{"hash":"431ee9e84c03d59fb865a91c2d38a2c9f19b4a58","messageTitle":"add edit methods","messageBody":"","fileTypesAndContributionMap":{"functional-code":{"insertions":58,"deletions":7}}},{"hash":"0fb7852c414f3f2348e3929738f3b9793ed4c876","messageTitle":"resolve task conflict","messageBody":"","fileTypesAndContributionMap":{"functional-code":{"insertions":0,"deletions":6}}},{"hash":"5c9dfd9cac7044a83d8182e27eef536347ca807b","messageTitle":"add Logger Class","messageBody":"","fileTypesAndContributionMap":{"functional-code":{"insertions":34,"deletions":11}}},{"hash":"c523f5bff541eb9f4e14f6d8411a91e7eb35dfc3","messageTitle":"fixed test error","messageBody":"","fileTypesAndContributionMap":{"functional-code":{"insertions":15,"deletions":17}}}]},{"date":"2021-10-20","commitResults":[{"hash":"8cef22ba51ba38ca1a9cef3716c904ba052c9955","messageTitle":"clean up","messageBody":"","fileTypesAndContributionMap":{"functional-code":{"insertions":8,"deletions":18},"test-code":{"insertions":1,"deletions":2}}}]},{"date":"2021-10-21","commitResults":[{"hash":"5d68cd4a3b307f6c4c1e0f00f0e0e1493ce97290","messageTitle":"add addGradable to Parser","messageBody":"","fileTypesAndContributionMap":{"functional-code":{"insertions":23,"deletions":1}}},{"hash":"10d065b1996bde052cbcbc92503db32ae2bfea96","messageTitle":"checkstyle","messageBody":"","fileTypesAndContributionMap":{"functional-code":{"insertions":3,"deletions":1}}},{"hash":"cd5ccf1254b39ee601355dd85eccc8368a0ce6ac","messageTitle":"fix test cases failing because of static unintialised semester","messageBody":"","fileTypesAndContributionMap":{"functional-code":{"insertions":6,"deletions":6}}},{"hash":"9ef2bb812b869df5357aef1c65e41df3806fea07","messageTitle":"enable /m \u003cmodule\u003e list","messageBody":"","fileTypesAndContributionMap":{"functional-code":{"insertions":54,"deletions":41},"test-code":{"insertions":3,"deletions":3}}},{"hash":"3f1838dd770d7d648b98507e6111632ba06b3e42","messageTitle":"Late test?","messageBody":"","fileTypesAndContributionMap":{"test-code":{"insertions":3,"deletions":3}}}]},{"date":"2021-10-22","commitResults":[{"hash":"a84572be72e697e828700a45355486b59aa8cb5a","messageTitle":"update DG","messageBody":"","fileTypesAndContributionMap":{"other":{"insertions":86,"deletions":0},"docs":{"insertions":20,"deletions":1}}},{"hash":"ecd3e2914558437e1506cec48733b0fb968d2a91","messageTitle":"updateDG","messageBody":"","fileTypesAndContributionMap":{"docs":{"insertions":29,"deletions":7}}},{"hash":"cebed1631917f75a3cfa7856a8ead0d253c54529","messageTitle":"update DG","messageBody":"","fileTypesAndContributionMap":{"docs":{"insertions":2,"deletions":2}}}]},{"date":"2021-10-23","commitResults":[{"hash":"982dc39e1270a11a6d44ae2f2e43d6d97ed5ba98","messageTitle":"Create Command Class","messageBody":"","fileTypesAndContributionMap":{"functional-code":{"insertions":221,"deletions":126}}},{"hash":"8a70277a0946a0dd35097f39ffad54a4828f87ac","messageTitle":"Change ParserSearch to ParserChecks Move all text check related methods to ParserChecks","messageBody":"","fileTypesAndContributionMap":{"functional-code":{"insertions":225,"deletions":227},"other":{"insertions":13,"deletions":13},"test-code":{"insertions":9,"deletions":0}}},{"hash":"cb80cb8632a9f1ac195f9dc74b7e4e74618ea66b","messageTitle":"add commandtest examples","messageBody":"","fileTypesAndContributionMap":{"functional-code":{"insertions":16,"deletions":23},"test-code":{"insertions":37,"deletions":0}}},{"hash":"4d21e749a2a8cc259c863940405f50cee1b98833","messageTitle":"Move around method","messageBody":"","fileTypesAndContributionMap":{"functional-code":{"insertions":50,"deletions":51}}},{"hash":"8b97cbbf8b8a3c3f24e6b5037aeb3bde2ad61aaf","messageTitle":"fix io error","messageBody":"","fileTypesAndContributionMap":{"functional-code":{"insertions":3,"deletions":0}}}]},{"date":"2021-10-24","commitResults":[{"hash":"bc51db8bea59f05a4267ca462fcaf2c89697f9da","messageTitle":"remove static taskType and taskDescription","messageBody":"","fileTypesAndContributionMap":{"functional-code":{"insertions":98,"deletions":88},"test-code":{"insertions":23,"deletions":2}}},{"hash":"23b95de0b9c20d7a8eae96729b81f5ff9c2576f0","messageTitle":"add gradabledone","messageBody":"","fileTypesAndContributionMap":{"functional-code":{"insertions":53,"deletions":26}}},{"hash":"f4b4f13ef5e6821e368f04e87b2f69e96821d120","messageTitle":"testStuff","messageBody":"","fileTypesAndContributionMap":{"functional-code":{"insertions":6,"deletions":5},"test-code":{"insertions":50,"deletions":4}}},{"hash":"cab779c13f8fc7ca286cdbf8b71b42bf41dc4672","messageTitle":"checkstyle","messageBody":"","fileTypesAndContributionMap":{"test-code":{"insertions":7,"deletions":5}}}]},{"date":"2021-10-25","commitResults":[{"hash":"41ed30fae28e06b7740cccf8c23de08480a4bed1","messageTitle":"update DG","messageBody":"","fileTypesAndContributionMap":{"functional-code":{"insertions":3,"deletions":1},"other":{"insertions":1,"deletions":85},"docs":{"insertions":51,"deletions":70},"test-code":{"insertions":1,"deletions":1}}},{"hash":"99e47de77303247637c95b1fb06dac90b4aaf6d7","messageTitle":"checkstyle","messageBody":"","fileTypesAndContributionMap":{"test-code":{"insertions":1,"deletions":1}}}]},{"date":"2021-10-26","commitResults":[{"hash":"4e3fb3ac53546eba026be88104e83fd1a3964fa5","messageTitle":"Update DeveloperGuide.md","messageBody":"change jgp to JPG so the image works :/","fileTypesAndContributionMap":{"docs":{"insertions":2,"deletions":2}}},{"hash":"b393dc0c95d4d453ecd072fef033459ee9de3f1c","messageTitle":"update DG fix bug","messageBody":"","fileTypesAndContributionMap":{"functional-code":{"insertions":14,"deletions":3},"docs":{"insertions":28,"deletions":14},"test-code":{"insertions":2,"deletions":27}}},{"hash":"89640aaa64273a839fb41039bce5587363c84f41","messageTitle":"fix logger bug","messageBody":"","fileTypesAndContributionMap":{"functional-code":{"insertions":18,"deletions":13}}}]},{"date":"2021-10-28","commitResults":[{"hash":"d0718b34103699a1c438f0df0e5adad96452f109","messageTitle":"UG update format + help table","messageBody":"","fileTypesAndContributionMap":{"docs":{"insertions":156,"deletions":146}}},{"hash":"62e96c4a5df1b5817e170fd3b009087238383e95","messageTitle":"Update UserGuide.md","messageBody":"png -\u003e PNG","fileTypesAndContributionMap":{"docs":{"insertions":1,"deletions":3}}}]},{"date":"2021-10-31","commitResults":[{"hash":"e8cd8c8da64a5d1632ab0b5f648be435d99f4d43","messageTitle":"fix bugs mainly in UG","messageBody":"","fileTypesAndContributionMap":{"functional-code":{"insertions":45,"deletions":23},"docs":{"insertions":6,"deletions":5}}},{"hash":"5e2b3e590671fa85ad24ffba1e760ad6ba853be8","messageTitle":"checkstyle","messageBody":"","fileTypesAndContributionMap":{"functional-code":{"insertions":26,"deletions":27}}}]},{"date":"2021-11-02","commitResults":[{"hash":"1de66b9ca1ac1a738ad73cff99c9361114314e07","messageTitle":"Add documentation for methods","messageBody":"","fileTypesAndContributionMap":{"functional-code":{"insertions":221,"deletions":38}}},{"hash":"6d3ac7569b190885deed863504331e2a07322275","messageTitle":"Create Project portfolio page","messageBody":"","fileTypesAndContributionMap":{"docs":{"insertions":83,"deletions":0}}}]}]},"authorFileTypeContributionMap":{"yapjoonsiong":{"docs":193,"functional-code":706,"test-code":874},"naijie2108":{"docs":138,"functional-code":728,"test-code":750,"other":9},"DmitriYam":{"docs":214,"functional-code":657,"test-code":265,"other":2},"yzhedwin":{"docs":150,"functional-code":462,"test-code":456},"jiexiong-zeng":{"docs":450,"functional-code":1082,"test-code":234,"other":2}},"authorContributionVariance":{"yapjoonsiong":31151.586,"naijie2108":20484.602,"DmitriYam":15757.468,"yzhedwin":71885.14,"jiexiong-zeng":33578.67},"authorDisplayNameMap":{"yapjoonsiong":"CS2113T-F11-1 YAP ..IONG","naijie2108":"CS2113T-F11-1 YEAT.. JIE","DmitriYam":"CS2113T-F11-1 YAM ..ITRI","yzhedwin":"CS2113T-F11-1 YEO ..DWIN","jiexiong-zeng":"CS2113T-F11-1 ZENG..IONG"}}
