{"authorDailyContributionsMap":{"LS-Young":[],"YEOWEIHNGWHYELAB":[{"date":"2021-10-01","commitResults":[{"hash":"2d88ec5fa0daa4af8ba444bc9385ece2895c31ed","messageTitle":"about us name","messageBody":"","fileTypesAndContributionMap":{"docs":{"insertions":1,"deletions":1}}}]},{"date":"2021-10-06","commitResults":[{"hash":"0940d65d20c67c0239889e665e6b11cf805e23a6","messageTitle":"Add skeleton files","messageBody":"Skeleton Files #12\n","fileTypesAndContributionMap":{"functional-code":{"insertions":44,"deletions":0},"other":{"insertions":1,"deletions":1}}},{"hash":"3686d0d12163a3a558cb225ef06ba365d5a88ba2","messageTitle":"Add skeleton files","messageBody":"Skeleton Files #12\n","fileTypesAndContributionMap":{"other":{"insertions":1,"deletions":1}}},{"hash":"c9545d5fa6f6cb03a8a8b57c1f13af111ef85875","messageTitle":"Revert \"Add skeleton files\"","messageBody":"","fileTypesAndContributionMap":{"functional-code":{"insertions":0,"deletions":44}}}]}],"jyxhazcake":[{"date":"2021-10-01","commitResults":[{"hash":"8327e1aa57db8aa86093aaa9700d2c5a1e9b5f46","messageTitle":"Add my name to AboutUs","messageBody":"","fileTypesAndContributionMap":{"docs":{"insertions":1,"deletions":1}}}]}],"EdisonZhong17":[{"date":"2021-10-01","commitResults":[{"hash":"0b0054da89a38e55601cc7f5f718f0ff006293fa","messageTitle":"add name","messageBody":"","fileTypesAndContributionMap":{"docs":{"insertions":1,"deletions":1}}}]}],"ZenoNexus":[{"date":"2021-10-01","commitResults":[{"hash":"afea7a80254e022e97b9b8b5a3c7bb414209b98e","messageTitle":"Update AboutUs","messageBody":"","fileTypesAndContributionMap":{"docs":{"insertions":1,"deletions":1}}}]},{"date":"2021-10-06","commitResults":[{"hash":"34d6bb15fb6ccc5c2a5871f199a1a01f709fba98","messageTitle":"Revert \"Revert \"Add skeleton files\"\"","messageBody":"","fileTypesAndContributionMap":{"functional-code":{"insertions":44,"deletions":0}}}]}]},"authorFileTypeContributionMap":{"LS-Young":{"docs":0,"functional-code":0,"test-code":0},"YEOWEIHNGWHYELAB":{"docs":0,"functional-code":0,"test-code":0},"jyxhazcake":{"docs":1,"functional-code":0,"test-code":0},"EdisonZhong17":{"docs":1,"functional-code":0,"test-code":0},"ZenoNexus":{"docs":1,"functional-code":44,"test-code":0}},"authorContributionVariance":{"LS-Young":0.0,"YEOWEIHNGWHYELAB":644.3055,"jyxhazcake":0.30555552,"EdisonZhong17":0.30555552,"ZenoNexus":146.97223},"authorDisplayNameMap":{"LS-Young":"CS2113T-F11-2 ZHAO..UANG","YEOWEIHNGWHYELAB":"CS2113T-F11-2 YEO .. HNG","jyxhazcake":"CS2113T-F11-2 JIA ..XUAN","EdisonZhong17":"CS2113T-F11-2 ZHON..GHAN","ZenoNexus":"CS2113T-F11-2 YAP ..XUAN"}}
