{"authorDailyContributionsMap":{"kum-wh":[{"date":"2021-09-30","commitResults":[{"hash":"5ebc7d15c8b6dc14e23ccf91f09e6bdd124cc6ee","messageTitle":"Update AboutUs.md","messageBody":"","fileTypesAndContributionMap":{"docs":{"insertions":1,"deletions":5}}}]},{"date":"2021-10-10","commitResults":[{"hash":"b6d6881b7426c492e3560d2420854c70ff6a61e6","messageTitle":"Added ETF class","messageBody":"","fileTypesAndContributionMap":{"functional-code":{"insertions":9,"deletions":2}}},{"hash":"9bbc1784ca3e326efe5b24ebbf45c25b957c054f","messageTitle":"Add Etf Paser and Etf Command","messageBody":"","fileTypesAndContributionMap":{"functional-code":{"insertions":63,"deletions":5}}},{"hash":"18bd447bacc442e85a79465a32e96ae6ffe5f57b","messageTitle":"Adding List function","messageBody":"","fileTypesAndContributionMap":{"functional-code":{"insertions":27,"deletions":14}}},{"hash":"fa5b713856326f0113f5521612745b394a2b97cb","messageTitle":"Fixing List function still in progress","messageBody":"","fileTypesAndContributionMap":{"functional-code":{"insertions":0,"deletions":1}}},{"hash":"ca3a9dca036cd301cf1092243267e9d38f15b1bd","messageTitle":"Fix merge conflicts","messageBody":"","fileTypesAndContributionMap":{"functional-code":{"insertions":23,"deletions":17}}},{"hash":"caae42a35fe40f2eade3c3e362f0fac4673baf6d","messageTitle":"Fix list command function","messageBody":"","fileTypesAndContributionMap":{"functional-code":{"insertions":5,"deletions":8}}},{"hash":"31b082ce7de827f4c985eab45fc87957b14c76e6","messageTitle":"Refactor etf part","messageBody":"","fileTypesAndContributionMap":{"functional-code":{"insertions":16,"deletions":18},"test-code":{"insertions":4,"deletions":0}}},{"hash":"7f0b0ec656f2ec903828a83cacdc82b3bdebf4b9","messageTitle":"Fix checkstyle","messageBody":"","fileTypesAndContributionMap":{"functional-code":{"insertions":2,"deletions":2}}},{"hash":"cecf6249d3bb9340581062caf7db14bef36dbb9d","messageTitle":"checkstyle","messageBody":"","fileTypesAndContributionMap":{"functional-code":{"insertions":2,"deletions":2}}}]},{"date":"2021-10-11","commitResults":[{"hash":"b8b1150f2339f957018bb019f3c15f9ed25db8c7","messageTitle":"Adding list to print sentiments","messageBody":"","fileTypesAndContributionMap":{"functional-code":{"insertions":41,"deletions":25}}},{"hash":"b03a0309dfbad5dcbf5ef3a95b7c68bdf10eb536","messageTitle":"Fix checkstyle","messageBody":"","fileTypesAndContributionMap":{"functional-code":{"insertions":3,"deletions":3}}},{"hash":"d09f5757240a4fcadf9affdd6093550182335b77","messageTitle":"Chnage for each to streams","messageBody":"","fileTypesAndContributionMap":{"functional-code":{"insertions":8,"deletions":11}}},{"hash":"f6cb996215d06a9a52931f6efbfa4540dc26740c","messageTitle":"Added Etf Parser Junit","messageBody":"","fileTypesAndContributionMap":{"test-code":{"insertions":78,"deletions":0}}}]},{"date":"2021-10-12","commitResults":[{"hash":"b08d6176ebf6456d9d112123a6b1e30be3c2b1db","messageTitle":"Fix checkstyle issues","messageBody":"","fileTypesAndContributionMap":{"test-code":{"insertions":7,"deletions":7}}},{"hash":"86db0d73fbf2e364692beb542f38c22c24c28c05","messageTitle":"Add assertion for Etf Parser","messageBody":"","fileTypesAndContributionMap":{"functional-code":{"insertions":9,"deletions":0}}},{"hash":"2a1d68fa2e079bd2e55c73a631bffb917c7564e5","messageTitle":"Fix checkstyle","messageBody":"","fileTypesAndContributionMap":{"functional-code":{"insertions":2,"deletions":2}}},{"hash":"995d401c80b9785d837ee54ab1a3a654a2dd9262","messageTitle":"Fix Etf Assertion","messageBody":"","fileTypesAndContributionMap":{"functional-code":{"insertions":1,"deletions":1}}},{"hash":"ebedf6a3466feda0f4e1e35eebb0aebfe3415633","messageTitle":"Added Logging For Etf Paser","messageBody":"","fileTypesAndContributionMap":{"functional-code":{"insertions":4,"deletions":1}}},{"hash":"88a6d02643275fbe588b97c87443f74245542d2c","messageTitle":"Change list to list all parameter in each instruments","messageBody":"","fileTypesAndContributionMap":{"functional-code":{"insertions":107,"deletions":6}}},{"hash":"ba7f3acd257b575b4e7ca4bc6e09ceb47016715f","messageTitle":"Fix checkstyle","messageBody":"","fileTypesAndContributionMap":{"functional-code":{"insertions":17,"deletions":17}}},{"hash":"fbe1dc68f1e33e0b2884288db5372588016a7a4e","messageTitle":"Fix CheckStyle","messageBody":"","fileTypesAndContributionMap":{"functional-code":{"insertions":2,"deletions":2}}},{"hash":"1d8d2570fad0064f166481e04a13161b5f546983","messageTitle":"Fix merge conflict","messageBody":"","fileTypesAndContributionMap":{"functional-code":{"insertions":0,"deletions":3}}},{"hash":"756e0e70e610b7f53ae91cd3b1c7e479f58015f5","messageTitle":"Fix merge conflict","messageBody":"","fileTypesAndContributionMap":{"functional-code":{"insertions":10,"deletions":7}}},{"hash":"fd99ca2ae11b380cf39ca96396e06336c8f771d0","messageTitle":"Refactor naming and checkstyle","messageBody":"","fileTypesAndContributionMap":{"functional-code":{"insertions":9,"deletions":9}}}]},{"date":"2021-10-20","commitResults":[{"hash":"ea9b3c576fda2d5bc0c6f2618649f0e132da8768","messageTitle":"Update UserGuide.md","messageBody":"","fileTypesAndContributionMap":{"docs":{"insertions":36,"deletions":2}}},{"hash":"80259cb834e62b089078e78086c0a457ecc6475e","messageTitle":"Update UserGuide.md","messageBody":"","fileTypesAndContributionMap":{"docs":{"insertions":1,"deletions":1}}},{"hash":"47ab793c55fc390e2e67623c3ff5fecc494df66c","messageTitle":"Update DeveloperGuide.md","messageBody":"","fileTypesAndContributionMap":{"docs":{"insertions":25,"deletions":0}}},{"hash":"492e6c4ff9b2577d729a53c167bdb8388cfde56e","messageTitle":"Update DeveloperGuide.md","messageBody":"","fileTypesAndContributionMap":{"docs":{"insertions":1,"deletions":1}}},{"hash":"eb34c6264bebc0f1bb7e895fb2086dea8f7c9a2d","messageTitle":"Update DeveloperGuide.md","messageBody":"","fileTypesAndContributionMap":{"docs":{"insertions":5,"deletions":5}}}]},{"date":"2021-10-24","commitResults":[{"hash":"0ee9334d835bc8ac56a789fe60ef128e3f3d05c2","messageTitle":"Edit function for Stock and Etf","messageBody":"","fileTypesAndContributionMap":{"functional-code":{"insertions":550,"deletions":15}}},{"hash":"e4c15f2a83144b2482799dae69f9124d7aba2523","messageTitle":"Refactor Edit","messageBody":"","fileTypesAndContributionMap":{"functional-code":{"insertions":258,"deletions":328}}},{"hash":"9ba446468bc3826e36abf069ff94c1ca425799f2","messageTitle":"Fix checkstyle","messageBody":"","fileTypesAndContributionMap":{"functional-code":{"insertions":28,"deletions":28}}}]},{"date":"2021-10-25","commitResults":[{"hash":"156cb527b55ebd0e68ac04733546b32c2cb3027c","messageTitle":"Add display For Edit","messageBody":"","fileTypesAndContributionMap":{"functional-code":{"insertions":13,"deletions":0}}},{"hash":"c713e67808e40c4da88f3fb1c306091a810618b9","messageTitle":"Refactor code","messageBody":"","fileTypesAndContributionMap":{"functional-code":{"insertions":123,"deletions":39}}},{"hash":"1cca6d9a64d267959bc657066c61984a737b0a2e","messageTitle":"Fix syntax","messageBody":"","fileTypesAndContributionMap":{"functional-code":{"insertions":60,"deletions":61}}},{"hash":"0266ff08a29c5e1bc8d369da1faa54467adb0031","messageTitle":"Fix merge conflict","messageBody":"","fileTypesAndContributionMap":{"functional-code":{"insertions":5,"deletions":15}}},{"hash":"16d01326cfcd050e20846932683e41ce5077381d","messageTitle":"Fix a bug and coding style","messageBody":"","fileTypesAndContributionMap":{"functional-code":{"insertions":30,"deletions":10}}},{"hash":"d595d14a28a3323258f83c3a11067a39d5e44222","messageTitle":"checkstyle","messageBody":"","fileTypesAndContributionMap":{"functional-code":{"insertions":2,"deletions":5}}},{"hash":"287c45d276b86eff3c4e736851d966dc4008efd2","messageTitle":"Fix a bug that cause junit to fail","messageBody":"","fileTypesAndContributionMap":{"functional-code":{"insertions":1,"deletions":1},"test-code":{"insertions":0,"deletions":1}}},{"hash":"4adf8b83161e4c20ea5ee8c7a3eef9c218f76367","messageTitle":"Add in paramater display of stock edit","messageBody":"","fileTypesAndContributionMap":{"functional-code":{"insertions":6,"deletions":1}}}]}],"theodorekwok":[{"date":"2021-09-30","commitResults":[{"hash":"bc7f8ec8519e1aa3652e6c0e140cd55519b6ca1d","messageTitle":"First commit","messageBody":"","fileTypesAndContributionMap":{"docs":{"insertions":1,"deletions":0}}},{"hash":"21b4647e82bb1aa55364fed0c4897398da40e381","messageTitle":"Edit aboutus readme","messageBody":"","fileTypesAndContributionMap":{"docs":{"insertions":1,"deletions":1}}}]},{"date":"2021-10-04","commitResults":[{"hash":"cd945e0ba0385eeadfb6b53c6c21ae8cbb8e4f51","messageTitle":"Rename class to our project name","messageBody":"","fileTypesAndContributionMap":{"other":{"insertions":5,"deletions":5}}},{"hash":"ab511a8a3132b6e769620414ab9203ca85de1ee9","messageTitle":"Add file structuring for commands","messageBody":"","fileTypesAndContributionMap":{"functional-code":{"insertions":28,"deletions":0}}},{"hash":"7198a17a9b19b7960aea9e6454816a6dcfd1ea6d","messageTitle":"Add file structuring for parser","messageBody":"","fileTypesAndContributionMap":{"functional-code":{"insertions":24,"deletions":0}}},{"hash":"7dd9046d88e48521f2cc92ad0338dc0b08f7ba78","messageTitle":"Add instrument files","messageBody":"","fileTypesAndContributionMap":{"functional-code":{"insertions":32,"deletions":0}}},{"hash":"1cd4b57828c4b4cb2933b3e0b9af64895205f628","messageTitle":"Add TextUi class","messageBody":"","fileTypesAndContributionMap":{"functional-code":{"insertions":4,"deletions":0}}}]},{"date":"2021-10-05","commitResults":[{"hash":"13375b1dd77934a80c7f069a0b2c82b9ab3e3893","messageTitle":"Add exit command","messageBody":"","fileTypesAndContributionMap":{"functional-code":{"insertions":11,"deletions":0}}},{"hash":"be0f5a14fadd1ee6096e9090adcfcbf944c20fa1","messageTitle":"Add error package","messageBody":"","fileTypesAndContributionMap":{"functional-code":{"insertions":16,"deletions":0}}},{"hash":"690c39a1eecbf195193d99d29830eef58ef32232","messageTitle":"Update add command classes to return command specific words","messageBody":"","fileTypesAndContributionMap":{"functional-code":{"insertions":15,"deletions":0}}},{"hash":"83c4c39a885eb76ceca205db25b593ca7d859f65","messageTitle":"Update Command class to be abstract and add execute function","messageBody":"","fileTypesAndContributionMap":{"functional-code":{"insertions":3,"deletions":1}}},{"hash":"a4fda778226c8ff5392f670cbfbe9e3d6a91b46c","messageTitle":"Update list class to return command specific words","messageBody":"","fileTypesAndContributionMap":{"functional-code":{"insertions":7,"deletions":0}}},{"hash":"ec28b68a2ddb9b5c8d94ddb804dd438c1d57d3f5","messageTitle":"Update parsers to handle add instrument type of commands","messageBody":"","fileTypesAndContributionMap":{"functional-code":{"insertions":177,"deletions":2}}},{"hash":"6acf04767e3cafb778ef5672169c7085d66b8a57","messageTitle":"Update TextUi to display user facing instructions for adding instrument","messageBody":"","fileTypesAndContributionMap":{"functional-code":{"insertions":20,"deletions":0}}},{"hash":"fc6c247b7da18d19c734a6b902fce2b6dd41518b","messageTitle":"update instrument manager","messageBody":"","fileTypesAndContributionMap":{"functional-code":{"insertions":6,"deletions":9}}},{"hash":"b5972f02631dff9315b3914342feba7bbe15b8e7","messageTitle":"Remove \u0027this\u0027 word to improve code quality","messageBody":"","fileTypesAndContributionMap":{"functional-code":{"insertions":1,"deletions":1}}}]},{"date":"2021-10-06","commitResults":[{"hash":"96b3a2a90e0874ca724d29b25dde1d465ca008f8","messageTitle":"Fix PR reviews and add trim functionalityy","messageBody":"","fileTypesAndContributionMap":{"functional-code":{"insertions":22,"deletions":10}}},{"hash":"0271749ca594d803316bc787ee1bdeafd267a986","messageTitle":"Remove static for non class level methods","messageBody":"","fileTypesAndContributionMap":{"functional-code":{"insertions":4,"deletions":4}}}]},{"date":"2021-10-07","commitResults":[{"hash":"dc44c635f4fb3459ca0496fe3b7d4d8f3afef0d4","messageTitle":"Add tests for general add instrument parser","messageBody":"","fileTypesAndContributionMap":{"test-code":{"insertions":62,"deletions":0}}},{"hash":"4c5a224f3274ee043493c007bda87b24ead658e8","messageTitle":"Add newline at end of file","messageBody":"","fileTypesAndContributionMap":{"test-code":{"insertions":1,"deletions":1}}},{"hash":"e87f4a3e9a8af206449e415487c22f96a74a13fe","messageTitle":"Edit addsentiment test to pass checkstyle","messageBody":"","fileTypesAndContributionMap":{"test-code":{"insertions":1,"deletions":2}}},{"hash":"643af7671c8e857dde0bb515893582bf1d9827ba","messageTitle":"Add set parameters method in command","messageBody":"","fileTypesAndContributionMap":{"functional-code":{"insertions":7,"deletions":0}}},{"hash":"d0bcd7b56a35965fa7eb25c6edd1869e62a3e93b","messageTitle":"Update parsers and add new parser that handles invalid instruments","messageBody":"","fileTypesAndContributionMap":{"functional-code":{"insertions":49,"deletions":4}}},{"hash":"3a7eba8f48ff35b2772ec0e4dca5111416ee1ebb","messageTitle":"Add new command to handle invalid instrument","messageBody":"","fileTypesAndContributionMap":{"functional-code":{"insertions":9,"deletions":0}}},{"hash":"dfd2869274b314399872a4282564bdb12c6c2088","messageTitle":"Update parsers and set up stock addition ffunctionality","messageBody":"","fileTypesAndContributionMap":{"functional-code":{"insertions":49,"deletions":20}}},{"hash":"37db127906da66b32f51d62e874049b5347db72f","messageTitle":"Create add stock functionality","messageBody":"","fileTypesAndContributionMap":{"functional-code":{"insertions":24,"deletions":3}}},{"hash":"b8cb2674d1acaa8a4febca834c6d59c4a5f3e7ff","messageTitle":"Remove old comments","messageBody":"","fileTypesAndContributionMap":{"functional-code":{"insertions":0,"deletions":5}}},{"hash":"fba4bf36e167fd1061d65269341f5bcfd76dbb77","messageTitle":"Remove irrelevant parser class and use exceptions instead","messageBody":"","fileTypesAndContributionMap":{"functional-code":{"insertions":19,"deletions":25}}}]},{"date":"2021-10-09","commitResults":[{"hash":"a6094b351d5da11e2e5e4b11f258c2cf04f0e0a1","messageTitle":"Add stockparser testing","messageBody":"","fileTypesAndContributionMap":{"functional-code":{"insertions":15,"deletions":6},"test-code":{"insertions":78,"deletions":0}}},{"hash":"13d5ade0230806adc31a9d69884ce45b4cd90fda","messageTitle":"Minor reformatting and add newline","messageBody":"","fileTypesAndContributionMap":{"test-code":{"insertions":4,"deletions":7}}},{"hash":"9c481b08c485a301b4d3eb8b0991091b80740987","messageTitle":"Minor name changes according to PR review","messageBody":"","fileTypesAndContributionMap":{"functional-code":{"insertions":5,"deletions":5},"test-code":{"insertions":1,"deletions":2}}}]},{"date":"2021-10-11","commitResults":[{"hash":"d93fa063519e7463f8267817534ee8408961f346","messageTitle":"Add assert helpers for parser","messageBody":"","fileTypesAndContributionMap":{"functional-code":{"insertions":32,"deletions":0}}},{"hash":"13c9bc97029770d029649b469e68e0326b846a4f","messageTitle":"Add assertions for stock and instrument parser","messageBody":"","fileTypesAndContributionMap":{"functional-code":{"insertions":8,"deletions":1}}}]},{"date":"2021-10-12","commitResults":[{"hash":"9f282b5d440f98b0b67a4a04a4058a7034741ffb","messageTitle":"Add logger setup","messageBody":"","fileTypesAndContributionMap":{"functional-code":{"insertions":24,"deletions":0}}},{"hash":"89a4afc25d166b003d907e2a31746f46999e2f09","messageTitle":"Create logger helper class","messageBody":"","fileTypesAndContributionMap":{"functional-code":{"insertions":36,"deletions":24}}},{"hash":"4fb0d78fc83b46c8d3ee18f42d77032a5c912925","messageTitle":"Add logging for user invalid inputs","messageBody":"","fileTypesAndContributionMap":{"functional-code":{"insertions":33,"deletions":9}}},{"hash":"30dd99ba59e549fe7d2aaa8b54f535f5937fd478","messageTitle":"Add check for negative price","messageBody":"","fileTypesAndContributionMap":{"functional-code":{"insertions":7,"deletions":3}}}]},{"date":"2021-10-16","commitResults":[{"hash":"27bc07b3b5850198f5714ee8885ce64fe9d1cf20","messageTitle":"Update user guide with add stock instruction","messageBody":"","fileTypesAndContributionMap":{"docs":{"insertions":86,"deletions":14}}},{"hash":"933caf97849717195b507e479d85b190de44be5f","messageTitle":"Fix typo","messageBody":"","fileTypesAndContributionMap":{"docs":{"insertions":1,"deletions":1}}},{"hash":"e3d6fdcfb3c9680a26f040973aa52f6ad9e7386a","messageTitle":"fix according to pr suggestions","messageBody":"","fileTypesAndContributionMap":{"docs":{"insertions":3,"deletions":5}}}]},{"date":"2021-10-18","commitResults":[{"hash":"866cc4157ce54e4ae9f6cdaaeea342705964c75e","messageTitle":"Add delete functionality and error checking","messageBody":"","fileTypesAndContributionMap":{"functional-code":{"insertions":92,"deletions":0}}},{"hash":"ee9c712022e581a11dba12f1d9cf7337c0aac4d0","messageTitle":"Add acknowledgement message for delete functionality","messageBody":"","fileTypesAndContributionMap":{"functional-code":{"insertions":22,"deletions":6}}},{"hash":"204f91c766ba14784a96f8bff2d96528ab4ebaf9","messageTitle":"Added assertion for delete command","messageBody":"","fileTypesAndContributionMap":{"functional-code":{"insertions":16,"deletions":0}}},{"hash":"5e5204b215ac32990f072dc45c151aedcb1f5670","messageTitle":"Add junit test for delete in input parser","messageBody":"","fileTypesAndContributionMap":{"functional-code":{"insertions":10,"deletions":2},"test-code":{"insertions":60,"deletions":0}}},{"hash":"6f230dc1b9a064d4a6147cc7237472718e340525","messageTitle":"Define -1 in deletecommand","messageBody":"","fileTypesAndContributionMap":{"functional-code":{"insertions":2,"deletions":2}}},{"hash":"6f3c66189c0a6c2b29bfc3f67122618dbb643564","messageTitle":"Change to not use auto import all","messageBody":"","fileTypesAndContributionMap":{"test-code":{"insertions":2,"deletions":1}}},{"hash":"145e294b17a41429e84b8aeaf7aa4e59680ddc76","messageTitle":"Make variable names constant in inputparsertest","messageBody":"","fileTypesAndContributionMap":{"test-code":{"insertions":13,"deletions":13}}},{"hash":"7f5992bcf00446651bc0c0e55b4073cd35fc70a4","messageTitle":"Fix checkstyles","messageBody":"","fileTypesAndContributionMap":{"test-code":{"insertions":4,"deletions":4}}},{"hash":"e326c9e8167bee3576e9bc11bfe6448c085158b5","messageTitle":"Add DG parser component without diagram","messageBody":"","fileTypesAndContributionMap":{"docs":{"insertions":27,"deletions":4}}}]},{"date":"2021-10-19","commitResults":[{"hash":"3aac163a2cad1894232d75c18cd10c95eae52208","messageTitle":"Update dg according to pr feedback","messageBody":"","fileTypesAndContributionMap":{"docs":{"insertions":4,"deletions":4}}},{"hash":"1c1e6e3e02df1538d31b44e9dc1ae3fce1418f29","messageTitle":"Add date functionality","messageBody":"","fileTypesAndContributionMap":{"functional-code":{"insertions":45,"deletions":21}}},{"hash":"16f6881712d79d1101686e383ee3d46246c091a5","messageTitle":"Add check for date in past","messageBody":"","fileTypesAndContributionMap":{"functional-code":{"insertions":33,"deletions":5}}},{"hash":"9e78148a9106a4d90cff7c91cded225a69229041","messageTitle":"Update add instrument parser test","messageBody":"","fileTypesAndContributionMap":{"test-code":{"insertions":41,"deletions":14}}},{"hash":"f99c9682119f3477f0c486189f3956f95dba2d4c","messageTitle":"Update junit tests","messageBody":"","fileTypesAndContributionMap":{"test-code":{"insertions":39,"deletions":16}}},{"hash":"e8a4d5eddd8611a8cecc90f0e00461f4c674916e","messageTitle":"Improve code quality","messageBody":"","fileTypesAndContributionMap":{"test-code":{"insertions":12,"deletions":14}}},{"hash":"4c3ca04b03df51678a9686389aa8f6f41273ee9b","messageTitle":"Add assertions for expiry date","messageBody":"","fileTypesAndContributionMap":{"functional-code":{"insertions":10,"deletions":0}}},{"hash":"45c9f0b7997368244bdabdccc716b8e9fa74aedb","messageTitle":"Fix according to PR comments","messageBody":"","fileTypesAndContributionMap":{"functional-code":{"insertions":2,"deletions":4},"test-code":{"insertions":9,"deletions":9}}},{"hash":"815216458f2fd1e7a01db4891eb726ddacb0a77d","messageTitle":"Removed irrelevant function in ErrorMessage","messageBody":"","fileTypesAndContributionMap":{"functional-code":{"insertions":0,"deletions":4}}}]},{"date":"2021-10-20","commitResults":[{"hash":"0da452f5ac8662be693ee6e5b9cf250f50e0fa58","messageTitle":"Add architecture diagram","messageBody":"","fileTypesAndContributionMap":{"docs":{"insertions":49,"deletions":1}}},{"hash":"8aaaa3f96750d4a34341d36826760a786f377123","messageTitle":"Change instrument to model","messageBody":"","fileTypesAndContributionMap":{"docs":{"insertions":7,"deletions":7}}},{"hash":"2c44ba7a9cc5d34900754eeb44f17c1a00558e99","messageTitle":"Handle all validations in parser only","messageBody":"","fileTypesAndContributionMap":{"functional-code":{"insertions":22,"deletions":15},"test-code":{"insertions":34,"deletions":5}}},{"hash":"78891ad99f4425cf70e540da4554bdd5d373dd0f","messageTitle":"Fix checkstyles","messageBody":"","fileTypesAndContributionMap":{"test-code":{"insertions":1,"deletions":1}}},{"hash":"feeebf409c5c03957d36e3fb083b23c8a5b98a5e","messageTitle":"Fix checkstyles","messageBody":"","fileTypesAndContributionMap":{"functional-code":{"insertions":1,"deletions":0}}}]},{"date":"2021-10-21","commitResults":[{"hash":"9050cc71219f29306a5d0c4d41006e79b76240b1","messageTitle":"Fix according to PR feedback","messageBody":"","fileTypesAndContributionMap":{"functional-code":{"insertions":7,"deletions":3},"test-code":{"insertions":6,"deletions":6}}},{"hash":"d9f96d01ece9ae5c7fe5733c7892bdfd16e93aee","messageTitle":"Minor code corrections","messageBody":"","fileTypesAndContributionMap":{"functional-code":{"insertions":4,"deletions":6}}},{"hash":"c103dcf137da6fd32815c60f707a96568661081b","messageTitle":"Add custom exception for specific date errors","messageBody":"","fileTypesAndContributionMap":{"functional-code":{"insertions":30,"deletions":16}}},{"hash":"aa82b8a3df2d4341e3176eb995edfe0ca60a8fb1","messageTitle":"Remove unused imports","messageBody":"","fileTypesAndContributionMap":{"functional-code":{"insertions":0,"deletions":2}}}]},{"date":"2021-10-22","commitResults":[{"hash":"e41216b135e428178c9a5313fc51e7a12779eae9","messageTitle":"Remove unused imports","messageBody":"","fileTypesAndContributionMap":{"functional-code":{"insertions":0,"deletions":1}}}]},{"date":"2021-10-23","commitResults":[{"hash":"0725838a90c46543cb1386290eb4e3073807998c","messageTitle":"Fix typo","messageBody":"","fileTypesAndContributionMap":{"test-code":{"insertions":1,"deletions":1}}},{"hash":"e729ffd1872161b9dbdc02c766e63929c01b59fc","messageTitle":"Add safeguards against file tampering","messageBody":"","fileTypesAndContributionMap":{"functional-code":{"insertions":48,"deletions":16}}},{"hash":"4a3314f1045f8b739b970696f2424e5e415437ac","messageTitle":"Remove newline","messageBody":"","fileTypesAndContributionMap":{"functional-code":{"insertions":0,"deletions":1}}}]},{"date":"2021-10-24","commitResults":[{"hash":"b88a0586a2d04741982c9adccf40da7460ff15bc","messageTitle":"Add parser seq and class diagram and content","messageBody":"","fileTypesAndContributionMap":{"docs":{"insertions":219,"deletions":8}}},{"hash":"5d00bf559f0072d446502eb55bdbd0559ff9dc59","messageTitle":"Add newline","messageBody":"","fileTypesAndContributionMap":{"docs":{"insertions":2,"deletions":2}}},{"hash":"4698f58806e9085d8fdd80696dd9b1b0f84b5095","messageTitle":"Increase seq diagram width","messageBody":"","fileTypesAndContributionMap":{"docs":{"insertions":1,"deletions":1}}}]},{"date":"2021-10-25","commitResults":[{"hash":"d2d2b220a731fb1056a6cc1fc5273d734ac9519a","messageTitle":"Update diagram","messageBody":"","fileTypesAndContributionMap":{"docs":{"insertions":11,"deletions":2}}},{"hash":"36868f71402e2181dcbb26eb9a5f08388eb0b38c","messageTitle":"Make diagram bigger","messageBody":"","fileTypesAndContributionMap":{"docs":{"insertions":1,"deletions":1}}},{"hash":"70a08d6e9d7f251a85351f94b946523338a3527b","messageTitle":"Update dg parser content according to review","messageBody":"","fileTypesAndContributionMap":{"docs":{"insertions":20,"deletions":17}}},{"hash":"5119d4849582da9c58d214c5f37a2187bf4add37","messageTitle":"Add formatting for query","messageBody":"","fileTypesAndContributionMap":{"functional-code":{"insertions":1,"deletions":1}}}]},{"date":"2021-10-26","commitResults":[{"hash":"d9b3843c2a82c921c7ed69693fca007a7893f89e","messageTitle":"Change error message for date in the past","messageBody":"","fileTypesAndContributionMap":{"functional-code":{"insertions":1,"deletions":1}}}]}],"williamlamjy":[{"date":"2021-09-30","commitResults":[{"hash":"1b741b5ccebe511c68f1f2ff7f4d0c94811b8eb5","messageTitle":"Added name in AboutUs","messageBody":"","fileTypesAndContributionMap":{"docs":{"insertions":1,"deletions":1}}}]},{"date":"2021-10-05","commitResults":[{"hash":"7eebc4a7c0f9fa5e081b3531fb1062aa023511d8","messageTitle":"Added instrument class baselines Added instrument manager baselines Added crypto class","messageBody":"","fileTypesAndContributionMap":{"functional-code":{"insertions":79,"deletions":2}}},{"hash":"7d4fabebdcbfb6bec4b0daaab69f5c6450d54804","messageTitle":"Changed instantiation of instrument class to private using singleton class Edited cyrpto attributes Reformatted files","messageBody":"","fileTypesAndContributionMap":{"functional-code":{"insertions":44,"deletions":33}}},{"hash":"872feaef290e0dff6c4fff44507106696e6d4f24","messageTitle":"Added override execute code for command and instrument classes to pass build tests","messageBody":"","fileTypesAndContributionMap":{"functional-code":{"insertions":43,"deletions":0}}},{"hash":"f8067ee33fab498c1961f88d398c65cb89873bd3","messageTitle":"Added override for list command and addcrypto command","messageBody":"","fileTypesAndContributionMap":{"functional-code":{"insertions":8,"deletions":0}}},{"hash":"e4eb4e52e109b059ff3ea35d1e4779de65970a4f","messageTitle":"Reformatted files for gradle build","messageBody":"","fileTypesAndContributionMap":{"functional-code":{"insertions":2,"deletions":1}}}]},{"date":"2021-10-07","commitResults":[{"hash":"b36818e1388ad6908ee2f885ec1e9e71e60950c7","messageTitle":"Added AddCrypto functionalities","messageBody":"","fileTypesAndContributionMap":{"functional-code":{"insertions":64,"deletions":2}}},{"hash":"6c845a46a64820597a619d0e24a05fa97e4a01a1","messageTitle":"Reformatted files for coding standards/quality","messageBody":"","fileTypesAndContributionMap":{"functional-code":{"insertions":8,"deletions":4}}},{"hash":"73e9f83a12a1359f5ff581f401ee07fa39ab583d","messageTitle":"Reformat file for gradle checks","messageBody":"","fileTypesAndContributionMap":{"functional-code":{"insertions":2,"deletions":1}}}]},{"date":"2021-10-08","commitResults":[{"hash":"aadfa72f18a24645b43eacf8a9bc662fcaa7a7bf","messageTitle":"Added random Junit test","messageBody":"","fileTypesAndContributionMap":{"test-code":{"insertions":18,"deletions":0}}}]},{"date":"2021-10-09","commitResults":[{"hash":"4a553fe546b2be77786ab1557dd39c4f0bf7f086","messageTitle":"Added junit testing for addCryptoParser","messageBody":"","fileTypesAndContributionMap":{"functional-code":{"insertions":24,"deletions":2},"test-code":{"insertions":33,"deletions":18}}},{"hash":"ecb00d5a2983e1f4ccfbedad3b1c270f6ef3086b","messageTitle":"Reformatted file for gradle","messageBody":"","fileTypesAndContributionMap":{"functional-code":{"insertions":2,"deletions":2},"test-code":{"insertions":3,"deletions":3}}},{"hash":"3e3d5d0ca69717b1e4addc4f61043abe7a8027be","messageTitle":"Reformatted errorMessage file for gradel tests","messageBody":"","fileTypesAndContributionMap":{"functional-code":{"insertions":1,"deletions":1}}}]},{"date":"2021-10-10","commitResults":[{"hash":"d37cbb3a513788ebe6aabf6f01bf72afee8970bd","messageTitle":"partial code for testing","messageBody":"","fileTypesAndContributionMap":{"test-code":{"insertions":36,"deletions":0}}},{"hash":"8b9521ae843df7bfe834c1ddc49e243b93b417ae","messageTitle":"Added AddCryptoParserTest","messageBody":"","fileTypesAndContributionMap":{"test-code":{"insertions":69,"deletions":0}}},{"hash":"38ecdbe140c219daf81f7d3f05c67def19e80a3a","messageTitle":"Edited test cases","messageBody":"","fileTypesAndContributionMap":{"test-code":{"insertions":12,"deletions":63}}},{"hash":"63b982e2928433fe799f791c9da9bafe55c30301","messageTitle":"Removed compulsory input for remarks and expiry","messageBody":"","fileTypesAndContributionMap":{"functional-code":{"insertions":0,"deletions":17}}},{"hash":"a807f13ee014b04d2db260ae370aaf642dbbc188","messageTitle":"Edited code quality","messageBody":"","fileTypesAndContributionMap":{"functional-code":{"insertions":2,"deletions":3},"test-code":{"insertions":3,"deletions":8}}},{"hash":"4b1760100adcb6161f95f2979a8877e8b02359cb","messageTitle":"Edited checkstyle for gradle","messageBody":"","fileTypesAndContributionMap":{"functional-code":{"insertions":0,"deletions":3},"test-code":{"insertions":8,"deletions":4}}},{"hash":"5e7d84cfac24dcb5ca851f4c755d07c8a442552a","messageTitle":"Checkstyle edits","messageBody":"","fileTypesAndContributionMap":{"test-code":{"insertions":2,"deletions":2}}},{"hash":"072b5b5d2015ef8da8999ec4082df367bfe91412","messageTitle":"Checkstyle edit","messageBody":"","fileTypesAndContributionMap":{"test-code":{"insertions":2,"deletions":2}}},{"hash":"3875ab86ab5c7b615fb2d11252bfc068111fd30e","messageTitle":"Edit checkstyle","messageBody":"","fileTypesAndContributionMap":{"test-code":{"insertions":0,"deletions":1}}},{"hash":"6844d6ebadcd2f122c5e4e352866ab76a05b396a","messageTitle":"Edit checkstyle","messageBody":"","fileTypesAndContributionMap":{"test-code":{"insertions":2,"deletions":2}}},{"hash":"20fe71ee95308d79f5c3a50f71a7830f2c367ad2","messageTitle":"checkstyle","messageBody":"","fileTypesAndContributionMap":{"test-code":{"insertions":2,"deletions":2}}},{"hash":"476fd156663b8f5d512211212c1c1ce2410c0d6c","messageTitle":"checkstyle","messageBody":"","fileTypesAndContributionMap":{"test-code":{"insertions":1,"deletions":1}}}]},{"date":"2021-10-11","commitResults":[{"hash":"184761f623712e2036e622aacc0ca49fb0040b69","messageTitle":"Edited code to review comments","messageBody":"","fileTypesAndContributionMap":{"test-code":{"insertions":19,"deletions":19}}},{"hash":"88be16984ec38c7803bde889e7fa95e325715c49","messageTitle":"edited for gradle testing","messageBody":"","fileTypesAndContributionMap":{"test-code":{"insertions":3,"deletions":3}}},{"hash":"647d7a12678cc9e099aca1a79009c0723d8ad279","messageTitle":"Added assertions for cryto parameters","messageBody":"","fileTypesAndContributionMap":{"functional-code":{"insertions":10,"deletions":1}}},{"hash":"6433cccdb1afc9103f52cdae793d3c9ee5822dfd","messageTitle":"Edited textui for display expiry","messageBody":"","fileTypesAndContributionMap":{"functional-code":{"insertions":1,"deletions":1}}},{"hash":"227e2ccec430ee2634de6f6ac213613337426da4","messageTitle":"checkstyle","messageBody":"","fileTypesAndContributionMap":{"functional-code":{"insertions":1,"deletions":1}}}]},{"date":"2021-10-12","commitResults":[{"hash":"d8cd6f936e072539a77becb538f1bc596037c06e","messageTitle":"added expiry exception","messageBody":"","fileTypesAndContributionMap":{"functional-code":{"insertions":4,"deletions":1}}},{"hash":"f01d68de0baac71ebb68a7fa213b189fd5c54431","messageTitle":"Remove redundant code and edited formatting","messageBody":"","fileTypesAndContributionMap":{"functional-code":{"insertions":1,"deletions":9}}},{"hash":"09167a5f35c8ce10f78145afafaf544d954b2e4a","messageTitle":"Removed test case for no expiry","messageBody":"","fileTypesAndContributionMap":{"test-code":{"insertions":0,"deletions":8}}},{"hash":"25a4318a22d76af65a1776762a1d7b4d9f9df33c","messageTitle":"Added logging for empty expiry","messageBody":"","fileTypesAndContributionMap":{"functional-code":{"insertions":2,"deletions":0}}},{"hash":"8fb8caf982befb4e31b0df40b2caae46855f43ed","messageTitle":"Added junit test for empty expiry","messageBody":"","fileTypesAndContributionMap":{"test-code":{"insertions":9,"deletions":0}}}]},{"date":"2021-10-17","commitResults":[{"hash":"6e2928d4a577bb80c310943160a2afb9e4c299ec","messageTitle":"Added userguide for crypto Added command summary Added contents page","messageBody":"","fileTypesAndContributionMap":{"docs":{"insertions":53,"deletions":5}}},{"hash":"4cd4fcb94a55008314f44caf7e698f00d820226b","messageTitle":"Added baslines to Storage class Added text formatting methods for all instruments Added write file to mTracket file","messageBody":"","fileTypesAndContributionMap":{"functional-code":{"insertions":122,"deletions":22}}},{"hash":"121b96d5f0951dc54cfcb17536e76dc7adde950d","messageTitle":"Added readFile method","messageBody":"","fileTypesAndContributionMap":{"functional-code":{"insertions":86,"deletions":11}}},{"hash":"51352d1aeb9c8ca9641a12a5d4572f4036ee8495","messageTitle":"Removed excessive method","messageBody":"","fileTypesAndContributionMap":{"functional-code":{"insertions":4,"deletions":15}}},{"hash":"86689542e43d6642d4217ee6df09e5f11e15b903","messageTitle":"Added done functionality","messageBody":"","fileTypesAndContributionMap":{"functional-code":{"insertions":68,"deletions":7}}}]},{"date":"2021-10-18","commitResults":[{"hash":"a0177dbdddcb9c047e1c85f2f975761afb488e3c","messageTitle":"Edits according to pr","messageBody":"","fileTypesAndContributionMap":{"docs":{"insertions":5,"deletions":5}}}]},{"date":"2021-10-20","commitResults":[{"hash":"ee3de00e78fcd980eb96e141ab100ca746d95195","messageTitle":"Added model component to dg. Refactored naming of instrument package to model","messageBody":"","fileTypesAndContributionMap":{"functional-code":{"insertions":9,"deletions":9},"other":{"insertions":10,"deletions":10},"docs":{"insertions":21,"deletions":1}}},{"hash":"770bcd56d65d9b34287fafea140f305e371b19b0","messageTitle":"Updated some changes tbc","messageBody":"","fileTypesAndContributionMap":{"functional-code":{"insertions":10,"deletions":17}}},{"hash":"0556cd35b09af8a25ba221a83bf1a6095f195f5e","messageTitle":"Updated according to pr comments","messageBody":"","fileTypesAndContributionMap":{"docs":{"insertions":10,"deletions":10}}},{"hash":"9015c2f2c9a738279c2e80d68604bc987833a727","messageTitle":"Reduced coupling on storage class","messageBody":"","fileTypesAndContributionMap":{"functional-code":{"insertions":35,"deletions":28}}},{"hash":"b1699bc0dd54676b091964dd6547ac71406cfd79","messageTitle":"Added error message for when index is not in the range","messageBody":"","fileTypesAndContributionMap":{"functional-code":{"insertions":33,"deletions":9}}},{"hash":"c5635a96f13b1153f530b0ad2aa0be581f5bb7d5","messageTitle":"removed excess method","messageBody":"","fileTypesAndContributionMap":{"functional-code":{"insertions":0,"deletions":4}}},{"hash":"2e7c74f0cb99b4a0a11525eb16cb911345f90174","messageTitle":"Edit error","messageBody":"","fileTypesAndContributionMap":{"functional-code":{"insertions":1,"deletions":1}}},{"hash":"f6e926405739f5957189e73aac26f36b306815b3","messageTitle":"Removed redundant exception","messageBody":"","fileTypesAndContributionMap":{"functional-code":{"insertions":8,"deletions":8}}},{"hash":"99f3fd410496ab7cf984d2e07b7341353704bb4b","messageTitle":"Edits","messageBody":"","fileTypesAndContributionMap":{"functional-code":{"insertions":2,"deletions":1}}}]},{"date":"2021-10-21","commitResults":[{"hash":"5641efaa4f9ffb87f4165e2c0682b3d1f68cf599","messageTitle":"Extra edits","messageBody":"","fileTypesAndContributionMap":{"functional-code":{"insertions":14,"deletions":2}}},{"hash":"4ba686a47196f49dda98615684056f9ae14bc12d","messageTitle":"Edited readfile for singleton instrument manager","messageBody":"","fileTypesAndContributionMap":{"functional-code":{"insertions":30,"deletions":21}}},{"hash":"a0c3dfa94ebae13ff3150461947ddffbcb946916","messageTitle":"Added instrument encoder and decoder","messageBody":"","fileTypesAndContributionMap":{"functional-code":{"insertions":101,"deletions":79}}},{"hash":"ab668a3337993664da16540bf6f5c6be493b7aa9","messageTitle":"checkstyle edits","messageBody":"","fileTypesAndContributionMap":{"functional-code":{"insertions":1,"deletions":4}}},{"hash":"25789490b004d485a490b876f9e320984f4d8104","messageTitle":"Edited according to pr","messageBody":"","fileTypesAndContributionMap":{"functional-code":{"insertions":99,"deletions":39}}},{"hash":"c6b5b46267d784312d6f0b1c4fd3e162e27f3108","messageTitle":"checkstyle","messageBody":"","fileTypesAndContributionMap":{"functional-code":{"insertions":3,"deletions":3}}},{"hash":"ee346ba91e7f8e8fbe58173ddf5e3c4048d20759","messageTitle":"checkstyle","messageBody":"","fileTypesAndContributionMap":{"functional-code":{"insertions":1,"deletions":0}}},{"hash":"0692443d2ab41631fdcf5a90be34b7ca4579389c","messageTitle":"IO error","messageBody":"","fileTypesAndContributionMap":{"functional-code":{"insertions":1,"deletions":1}}},{"hash":"f372d30bcd47b5ec9797db0b930ec690f5e99b09","messageTitle":"Updated according to pr","messageBody":"","fileTypesAndContributionMap":{"functional-code":{"insertions":9,"deletions":18}}},{"hash":"04511c078437cc53227cc346f9887eb9d6ede4ef","messageTitle":"Encoder magic number","messageBody":"","fileTypesAndContributionMap":{"functional-code":{"insertions":2,"deletions":1}}},{"hash":"c4795e160a12dff51079ac5a79348573ee7cd596","messageTitle":"Abstract out instrument type names","messageBody":"","fileTypesAndContributionMap":{"functional-code":{"insertions":10,"deletions":4}}},{"hash":"545367b58e9309ddfc56c9aa94557540780a47f2","messageTitle":"Abstracted out all instruments in instrumentDecoder","messageBody":"","fileTypesAndContributionMap":{"functional-code":{"insertions":94,"deletions":64}}},{"hash":"b60ffcc3fb130bce8d05a25c25a13da1596aae01","messageTitle":"Added read only and writeable functions","messageBody":"","fileTypesAndContributionMap":{"functional-code":{"insertions":11,"deletions":1}}},{"hash":"5bf5c8bd114b0303f3157083731a8c89ae80d8e4","messageTitle":"edited according to pr","messageBody":"","fileTypesAndContributionMap":{"functional-code":{"insertions":31,"deletions":27}}},{"hash":"29df295a80b8fd22b5c8d34a52cdd9728326d6f1","messageTitle":"Added done parameters to file to encode and decode","messageBody":"","fileTypesAndContributionMap":{"functional-code":{"insertions":27,"deletions":10}}},{"hash":"24327e8ca95c31d2b62e30e92e4a69cc1549d25a","messageTitle":"checkstyle","messageBody":"","fileTypesAndContributionMap":{"functional-code":{"insertions":3,"deletions":2}}},{"hash":"43280a1f523a7e2cbdb1231b2f10d67873b932c2","messageTitle":"checkstyle","messageBody":"","fileTypesAndContributionMap":{"test-code":{"insertions":3,"deletions":3}}}]},{"date":"2021-10-22","commitResults":[{"hash":"1286770c8a01f0c04ff603177d500b7e568bbadf","messageTitle":"Edited junit parser tests to be of standardised format","messageBody":"","fileTypesAndContributionMap":{"test-code":{"insertions":169,"deletions":47}}},{"hash":"c363ff9ffa6d292a3819548ef9ec997636e5a119","messageTitle":"Edited according to pr","messageBody":"","fileTypesAndContributionMap":{"functional-code":{"insertions":13,"deletions":11}}},{"hash":"40380984e0e467685709ab9747aadf5e41652d6c","messageTitle":"edited naming","messageBody":"","fileTypesAndContributionMap":{"test-code":{"insertions":133,"deletions":133}}},{"hash":"67ccbef5ba54a21a7ae9554ba35cac7e53a2c729","messageTitle":"checkstyle","messageBody":"","fileTypesAndContributionMap":{"test-code":{"insertions":36,"deletions":35}}},{"hash":"9c0ba98df40d8e3b7340a8b18091a3029e7ff262","messageTitle":"edited according to pr and additional formatting in ui","messageBody":"","fileTypesAndContributionMap":{"functional-code":{"insertions":8,"deletions":11},"test-code":{"insertions":14,"deletions":14}}},{"hash":"a4a4d1de8f3c18d8e745eb3e1df2974341ee08f9","messageTitle":"edited according to pr","messageBody":"","fileTypesAndContributionMap":{"functional-code":{"insertions":6,"deletions":5}}},{"hash":"667e5863e718667c9d59add95589f0cdd9f8a0f2","messageTitle":"checkstyle and standardisation","messageBody":"","fileTypesAndContributionMap":{"test-code":{"insertions":16,"deletions":8}}},{"hash":"e0da275a751c25364d75b98601e10e813e285217","messageTitle":"edits","messageBody":"","fileTypesAndContributionMap":{"test-code":{"insertions":15,"deletions":15}}},{"hash":"987184536bd1afb9605839862990b62398ea2d5d","messageTitle":"Refactored out all validation methods into validate class","messageBody":"","fileTypesAndContributionMap":{"functional-code":{"insertions":110,"deletions":86},"test-code":{"insertions":9,"deletions":8}}},{"hash":"8b8cf8589e022761f2c36df4f9b86fbc88a9ffbb","messageTitle":"Edited according to pr","messageBody":"","fileTypesAndContributionMap":{"test-code":{"insertions":4,"deletions":4}}},{"hash":"3a92eeedeae4e34e54f6e55fd35aa0b2a098cd18","messageTitle":"edits","messageBody":"","fileTypesAndContributionMap":{"test-code":{"insertions":0,"deletions":1}}}]},{"date":"2021-10-23","commitResults":[{"hash":"239eca227594bf3037e61f93226f4df37397e6ad","messageTitle":"edited according to pr","messageBody":"","fileTypesAndContributionMap":{"functional-code":{"insertions":3,"deletions":4},"other":{"insertions":63,"deletions":62}}},{"hash":"aa997d8d15b00816170b83138892648fc347c69c","messageTitle":"Edited according to pr","messageBody":"","fileTypesAndContributionMap":{"test-code":{"insertions":15,"deletions":15}}}]},{"date":"2021-10-26","commitResults":[{"hash":"2f256c77ca2bf68e91e113c7b6799b4be395dad0","messageTitle":"ug","messageBody":"","fileTypesAndContributionMap":{"docs":{"insertions":1,"deletions":1}}},{"hash":"a9b4592fefa015475e96b23df9982a34617b1c84","messageTitle":"added table of contents with links","messageBody":"","fileTypesAndContributionMap":{"docs":{"insertions":17,"deletions":11}}},{"hash":"c6624005ec23bf736806b0ce9e3f92e2197a5e77","messageTitle":"edited accroding to pr","messageBody":"","fileTypesAndContributionMap":{"docs":{"insertions":1,"deletions":1}}},{"hash":"e0359565b8cc84dda0574582d368996e04b182e8","messageTitle":"edited according to pr","messageBody":"","fileTypesAndContributionMap":{"docs":{"insertions":18,"deletions":18}}}]}],"KVignesh122":[{"date":"2021-09-30","commitResults":[{"hash":"d22505083232f36b984ca8bd6b552550e2dfda10","messageTitle":"Add name in AboutUs","messageBody":"","fileTypesAndContributionMap":{"docs":{"insertions":1,"deletions":0}}}]},{"date":"2021-10-09","commitResults":[{"hash":"7b4d4cb51efc931b42e28fc192ada3440b07dc67","messageTitle":"Create greetAtStartUp method and call it from main","messageBody":"","fileTypesAndContributionMap":{"functional-code":{"insertions":30,"deletions":12}}},{"hash":"30282d156fd860f5c7d8d73a6645ea88f55f0f60","messageTitle":"Update src/main/java/seedu/mtracker/ui/TextUi.java","messageBody":"Co-authored-by: theodorekwok \u003c60163283+theodorekwok@users.noreply.github.com\u003e","fileTypesAndContributionMap":{"functional-code":{"insertions":7,"deletions":6}}},{"hash":"d8c3570d221e5d2add1d8ee9ab0c2bc68a10f2dd","messageTitle":"Fix checkstyle error","messageBody":"","fileTypesAndContributionMap":{"functional-code":{"insertions":2,"deletions":2}}},{"hash":"fa0ceb4e252f5629c024ae513901ac5bf0c757b6","messageTitle":"Rough commit","messageBody":"","fileTypesAndContributionMap":{"functional-code":{"insertions":27,"deletions":12}}},{"hash":"3ad18b982895383c232b0a95c925a39b7aa345a0","messageTitle":"Fix greet testing","messageBody":"","fileTypesAndContributionMap":{"functional-code":{"insertions":7,"deletions":7}}},{"hash":"6fb2ecfcb87a408d67c7800fd2294a674845d2e7","messageTitle":"Complete AddForexParser class","messageBody":"","fileTypesAndContributionMap":{"functional-code":{"insertions":65,"deletions":0}}}]},{"date":"2021-10-10","commitResults":[{"hash":"0bd8c7a57b4155e81556a51cf11101706d19e6e2","messageTitle":"Complete Forex class","messageBody":"","fileTypesAndContributionMap":{"functional-code":{"insertions":58,"deletions":4}}},{"hash":"36b08a7a1c91eaf65f9864d9954b4ec921095721","messageTitle":"Fix Forex indentation","messageBody":"","fileTypesAndContributionMap":{"functional-code":{"insertions":1,"deletions":1}}},{"hash":"d5a8b1e72364519108e0b5fdd154dc84449df8e5","messageTitle":"Create bye feature","messageBody":"","fileTypesAndContributionMap":{"functional-code":{"insertions":34,"deletions":2}}},{"hash":"1ed74f20c30d599d1bb69d3854b8a812ba1baa2f","messageTitle":"Handle invalid command","messageBody":"","fileTypesAndContributionMap":{"functional-code":{"insertions":32,"deletions":6}}},{"hash":"03e5b91d2fbc02cfbdbd85652173d05589a84a97","messageTitle":"Import all command classes","messageBody":"","fileTypesAndContributionMap":{"functional-code":{"insertions":5,"deletions":1}}},{"hash":"d33be93a2b49ca24da692790621030d1309e7da8","messageTitle":"Attempt basic program run logic","messageBody":"","fileTypesAndContributionMap":{"functional-code":{"insertions":13,"deletions":7}}},{"hash":"de86fee6208134de3c9941f56f8e016841b439ce","messageTitle":"Update src/main/java/seedu/mtracker/instrument/subinstrument/Forex.java","messageBody":"Co-authored-by: theodorekwok \u003c60163283+theodorekwok@users.noreply.github.com\u003e","fileTypesAndContributionMap":{"functional-code":{"insertions":5,"deletions":4}}},{"hash":"cf70e546f31b735d0f297de7a5039dca1068b687","messageTitle":"Add line decorator for CLI","messageBody":"","fileTypesAndContributionMap":{"functional-code":{"insertions":5,"deletions":3}}},{"hash":"49096f673f01b7b98f74776f1d35ec144ecc0c83","messageTitle":"Amend attribute names in Forex class","messageBody":"","fileTypesAndContributionMap":{"functional-code":{"insertions":4,"deletions":4}}},{"hash":"1f191416564041ad74fbf3790b8c261cf9d295aa","messageTitle":"Update pr comments","messageBody":"","fileTypesAndContributionMap":{"functional-code":{"insertions":12,"deletions":14}}},{"hash":"dea2a4ab23b4fbd59158ab7c71d91569bcf4c273","messageTitle":"Fix all pr comments for this branch","messageBody":"","fileTypesAndContributionMap":{"functional-code":{"insertions":0,"deletions":14}}},{"hash":"46278c6d13c56e33b8425fb8f20321271fa773ca","messageTitle":"Change some variable names","messageBody":"","fileTypesAndContributionMap":{"functional-code":{"insertions":8,"deletions":10}}},{"hash":"7c9e88af7ff01cde0f77831b77aab2f8ce021e70","messageTitle":"Write run method","messageBody":"","fileTypesAndContributionMap":{"functional-code":{"insertions":8,"deletions":15}}},{"hash":"61b89aceb5e2cf115966e2744f0c58b31b3153c8","messageTitle":"Create executeProgram method","messageBody":"","fileTypesAndContributionMap":{"functional-code":{"insertions":6,"deletions":5}}},{"hash":"6a24fec641bb7d6b2f6a237e97b8fa7df5070b95","messageTitle":"Amend EXPECTED.TXT","messageBody":"","fileTypesAndContributionMap":{"functional-code":{"insertions":1,"deletions":1}}},{"hash":"41e082307bb01546f260e1aea300380985d016a0","messageTitle":"Change according to PR comments","messageBody":"","fileTypesAndContributionMap":{"functional-code":{"insertions":15,"deletions":9}}},{"hash":"cf33330d65b4b2ce4d3f4f937f72a3a927a8f6a9","messageTitle":"Pass io test","messageBody":"","fileTypesAndContributionMap":{"functional-code":{"insertions":1,"deletions":1}}},{"hash":"e244f47935432dae2482963672ad0c5fea5707f1","messageTitle":"Change instruments to lowercase","messageBody":"","fileTypesAndContributionMap":{"functional-code":{"insertions":4,"deletions":4}}}]},{"date":"2021-10-11","commitResults":[{"hash":"94ff6e348b73b2d3130cf4e06c58f75dc440fbc2","messageTitle":"Check if forex pair name is valid","messageBody":"","fileTypesAndContributionMap":{"functional-code":{"insertions":15,"deletions":2}}},{"hash":"5a8492bf7edda31804a626fc133e8bde9bc6d7c5","messageTitle":"Add Junit tests for AddForexParser","messageBody":"","fileTypesAndContributionMap":{"test-code":{"insertions":125,"deletions":0}}},{"hash":"cbcf8ccdfba57af7d413fbecf81af88b70ba5610","messageTitle":"Edit error message to display for invalid forex name","messageBody":"","fileTypesAndContributionMap":{"functional-code":{"insertions":1,"deletions":1}}},{"hash":"9146ee3f7378e7aa5ab24e81279f49a7ccf23bdc","messageTitle":"Handle exceptions for price inputs","messageBody":"","fileTypesAndContributionMap":{"functional-code":{"insertions":15,"deletions":9}}},{"hash":"8724bde4f8c87b6ef58aa78ea7f8de7016eaf23c","messageTitle":"Handle exception for empty expiry input in forex","messageBody":"","fileTypesAndContributionMap":{"functional-code":{"insertions":21,"deletions":2}}},{"hash":"63fa7fefdbd8188f7837b6e5a332f74c9d2f09af","messageTitle":"Indent console instructions","messageBody":"","fileTypesAndContributionMap":{"functional-code":{"insertions":13,"deletions":12}}},{"hash":"0bb2a3d49ea83ecb512d3f0dfc8a1a02ed378389","messageTitle":"Add assertions","messageBody":"","fileTypesAndContributionMap":{"functional-code":{"insertions":15,"deletions":2}}},{"hash":"f3dae5ce9f60ea4d5e0fa6c723e724776d8c61c5","messageTitle":"Removed redundant condition in if-statement of isExpiryFilled","messageBody":"","fileTypesAndContributionMap":{"functional-code":{"insertions":1,"deletions":1}}},{"hash":"38df7c0d44b00893263d8761d8e60c54c65f6404","messageTitle":"Test for invalid entry and exit prices","messageBody":"","fileTypesAndContributionMap":{"test-code":{"insertions":41,"deletions":40}}}]},{"date":"2021-10-12","commitResults":[{"hash":"9528d4dd4d281a3958e2c62070e90b763b4af255","messageTitle":"Update src/main/java/seedu/mtracker/console/AddInstrumentParser.java","messageBody":"Co-authored-by: theodorekwok \u003c60163283+theodorekwok@users.noreply.github.com\u003e","fileTypesAndContributionMap":{"functional-code":{"insertions":2,"deletions":5}}},{"hash":"3fb69f150313dd5f2d8199da9d66012902d62a47","messageTitle":"Abstract out invalid name condition to new method","messageBody":"","fileTypesAndContributionMap":{"functional-code":{"insertions":8,"deletions":2}}},{"hash":"8f93c68bb8f11dc9f23f5c5f091e64c0111230a5","messageTitle":"Correct indentation in isValidName","messageBody":"","fileTypesAndContributionMap":{"functional-code":{"insertions":1,"deletions":1}}},{"hash":"5709bb1d08f0a7e707be507355b9190444a03d97","messageTitle":"Log for invalid command and invalid instrument","messageBody":"","fileTypesAndContributionMap":{"functional-code":{"insertions":5,"deletions":0}}}]},{"date":"2021-10-13","commitResults":[{"hash":"653cfc62e06000ca6ac3ef1d86c0e23acf381b08","messageTitle":"Shift logger assignment to InputParser","messageBody":"","fileTypesAndContributionMap":{"functional-code":{"insertions":4,"deletions":3}}}]},{"date":"2021-10-18","commitResults":[{"hash":"45d373303b43ad1ab5a500a3e20ff18b26e4b710","messageTitle":"Enable assertions","messageBody":"","fileTypesAndContributionMap":{"other":{"insertions":1,"deletions":0}}},{"hash":"dbd0012668b2246f3927b6d0b885be433947010a","messageTitle":"Update add instructions for etf and forex","messageBody":"","fileTypesAndContributionMap":{"docs":{"insertions":100,"deletions":28}}},{"hash":"3c97f374c7d97f8e3efd10a26f22b16c1c97be11","messageTitle":"Update guide for list feature","messageBody":"","fileTypesAndContributionMap":{"docs":{"insertions":22,"deletions":0}}},{"hash":"109644c67be25cbd244c107d46731d21cbcc1427","messageTitle":"Update guide for done feature","messageBody":"","fileTypesAndContributionMap":{"docs":{"insertions":28,"deletions":0}}},{"hash":"19e99d23d985ce3b5a373894120c3ba1cc274df1","messageTitle":"Update guide for delete feature","messageBody":"","fileTypesAndContributionMap":{"docs":{"insertions":29,"deletions":0}}},{"hash":"8025f6930b8a508f8c006ec138a839af5bdfacca","messageTitle":"Update guide for view feature","messageBody":"","fileTypesAndContributionMap":{"docs":{"insertions":35,"deletions":0}}},{"hash":"08cc9b8fbf86a3c641e29e26b439ee11f53475f4","messageTitle":"Update guide for find feature","messageBody":"","fileTypesAndContributionMap":{"docs":{"insertions":36,"deletions":0}}},{"hash":"d72908d0ea9d4ce962225dc1e7a8900eb1345fe5","messageTitle":"Update guide for bye feature","messageBody":"","fileTypesAndContributionMap":{"docs":{"insertions":28,"deletions":0}}},{"hash":"9c26fdaa46a1a15492042e53a36ea2505fc262cc","messageTitle":"Use continuous tense for command headers","messageBody":"","fileTypesAndContributionMap":{"docs":{"insertions":4,"deletions":4}}},{"hash":"43194161bea75c60272df0f67e5d4082600c7931","messageTitle":"Update command format notes section","messageBody":"","fileTypesAndContributionMap":{"docs":{"insertions":5,"deletions":2}}},{"hash":"51292d2e7d848aad4ff685ba5db36925b8ac063e","messageTitle":"Bold example usage header","messageBody":"","fileTypesAndContributionMap":{"docs":{"insertions":21,"deletions":9}}},{"hash":"adf21bc8c40949722e6181ee64e612cf3dff2f69","messageTitle":"Format headers","messageBody":"","fileTypesAndContributionMap":{"docs":{"insertions":3,"deletions":3}}},{"hash":"8021a81e2762c9fd7df07aa3a4aec6e56d786a4a","messageTitle":"Check if dummy assertion fails","messageBody":"","fileTypesAndContributionMap":{"functional-code":{"insertions":1,"deletions":0}}},{"hash":"942ae69ab296928dcef02f9fd49209ef00bc227a","messageTitle":"Enable assertion","messageBody":"","fileTypesAndContributionMap":{"functional-code":{"insertions":0,"deletions":1}}},{"hash":"5871aa4b94d01731a42fa52e49af6b8563601efb","messageTitle":"dummy commit","messageBody":"","fileTypesAndContributionMap":{"other":{"insertions":1,"deletions":1}}},{"hash":"12254be87bb727dd5bb5bdf8a56db72f461f2093","messageTitle":"Enable assertions in build.gradle","messageBody":"","fileTypesAndContributionMap":{"other":{"insertions":1,"deletions":1}}},{"hash":"80491333ac1d60cc5d91cd1847e1a066b36a161e","messageTitle":"Create uml tip box in DG","messageBody":"","fileTypesAndContributionMap":{"docs":{"insertions":16,"deletions":0}}},{"hash":"d196aded0070341a831bb2a3face27cca332ebe6","messageTitle":"Create colors for uml diagrams to use","messageBody":"","fileTypesAndContributionMap":{"docs":{"insertions":13,"deletions":0}}},{"hash":"618822553702f1e7bf26edf7fe6e69f8fc3bdcf3","messageTitle":"Attempt architecture diagram","messageBody":"","fileTypesAndContributionMap":{"docs":{"insertions":33,"deletions":0}}},{"hash":"b531fdfb5063ded3d92ef656a6735dbd96337b26","messageTitle":"Add note for forex and crypto","messageBody":"","fileTypesAndContributionMap":{"docs":{"insertions":7,"deletions":3}}},{"hash":"1244fbb05da0936e423abb16531274b94f861042","messageTitle":"Write up for architecture","messageBody":"","fileTypesAndContributionMap":{"docs":{"insertions":32,"deletions":0}}},{"hash":"77923fc1cda07c8972b6e9a1708484dbbe3a9db8","messageTitle":"Unable to create architecture diagram","messageBody":"","fileTypesAndContributionMap":{"docs":{"insertions":37,"deletions":33}}},{"hash":"01661e265965543f78306f3eaa1edcc842f9d09f","messageTitle":"Remove ArchitectureDiagram.puml","messageBody":"","fileTypesAndContributionMap":{"docs":{"insertions":0,"deletions":37}}},{"hash":"a9ec4eb9480e98f9840c8d8696ff29eefef5fd7d","messageTitle":"Correct singleton spelling","messageBody":"","fileTypesAndContributionMap":{"docs":{"insertions":1,"deletions":1}}},{"hash":"699285c4cf80b0521f40328bf724cb7373ad88cb","messageTitle":"Add ui section","messageBody":"","fileTypesAndContributionMap":{"docs":{"insertions":35,"deletions":5}}}]},{"date":"2021-10-19","commitResults":[{"hash":"983c689b41c8b45406616d793225150b999b7af9","messageTitle":"Complete ui section","messageBody":"","fileTypesAndContributionMap":{"docs":{"insertions":3,"deletions":4}}}]},{"date":"2021-10-20","commitResults":[{"hash":"95fd392dd55eff6939621208d09b9ae88a5554c1","messageTitle":"Amend according to PR comment","messageBody":"","fileTypesAndContributionMap":{"docs":{"insertions":2,"deletions":1}}}]},{"date":"2021-10-22","commitResults":[{"hash":"1cb484e38998349ee5f15cc54b71ba45624860b8","messageTitle":"Modify list command output","messageBody":"","fileTypesAndContributionMap":{"functional-code":{"insertions":43,"deletions":20}}},{"hash":"f1a0c6c6adf23ae12979ea34604f6a56cb7b7f37","messageTitle":"Abstract out display for each line in list","messageBody":"","fileTypesAndContributionMap":{"functional-code":{"insertions":5,"deletions":6}}},{"hash":"40eedaeff5606f2059a3199df5ad15e30f21c29a","messageTitle":"Amend instrument added message","messageBody":"","fileTypesAndContributionMap":{"functional-code":{"insertions":1,"deletions":5}}},{"hash":"903d958cf091d39fe533f7fbb59808550724cec1","messageTitle":"Implement view command","messageBody":"","fileTypesAndContributionMap":{"functional-code":{"insertions":61,"deletions":17}}},{"hash":"586f5be1861855f31b0d36272462b497c8fe1fb5","messageTitle":"Import all command classes","messageBody":"","fileTypesAndContributionMap":{"functional-code":{"insertions":44,"deletions":1}}},{"hash":"ffbcd541a06861cb9907dded6afb2e2871df0e81","messageTitle":"Import all command classes","messageBody":"","fileTypesAndContributionMap":{"functional-code":{"insertions":5,"deletions":1}}},{"hash":"0b838c2f1cc8af7db64e88b28aa23559d4f8f766","messageTitle":"Change instrument index to command param index","messageBody":"","fileTypesAndContributionMap":{"functional-code":{"insertions":36,"deletions":5}}},{"hash":"fabbc9549e540942b77557bed7e2f1f1e1bd5b4f","messageTitle":"Implement find command","messageBody":"","fileTypesAndContributionMap":{"functional-code":{"insertions":6,"deletions":4}}},{"hash":"6e6ab8e05df009a7aaa374eddd1833f02c5dd440","messageTitle":"Create InvalidNoKeywordError class","messageBody":"","fileTypesAndContributionMap":{"functional-code":{"insertions":10,"deletions":1}}},{"hash":"c2eeb6e230c55322c56cb7bb5f489e8394d8aabb","messageTitle":"Show error message for empty keyword","messageBody":"","fileTypesAndContributionMap":{"functional-code":{"insertions":8,"deletions":7}}},{"hash":"8fb6f4b5609d5d84a972a526ec349b5f738140a4","messageTitle":"Decoupled instrument classes from TextUi","messageBody":"","fileTypesAndContributionMap":{"functional-code":{"insertions":40,"deletions":78}}},{"hash":"24995f79d5d69be37d91675ce558657fd5c33d98","messageTitle":"Remove TextUi imports in INstrument classes","messageBody":"","fileTypesAndContributionMap":{"functional-code":{"insertions":2,"deletions":4}}},{"hash":"0ee63c4d87c033ad2955e5bd8086dd43fccd5a72","messageTitle":"Amend PR comments","messageBody":"","fileTypesAndContributionMap":{"functional-code":{"insertions":8,"deletions":11}}},{"hash":"f3b36a722c13d4b0c4dfb31f449b01db51411b46","messageTitle":"Define instruction strings","messageBody":"","fileTypesAndContributionMap":{"functional-code":{"insertions":4,"deletions":4}}},{"hash":"9e391d0b07cffacf4483a583bd2e250703c7b3f3","messageTitle":"Display general view for instrument delete","messageBody":"","fileTypesAndContributionMap":{"functional-code":{"insertions":1,"deletions":1}}},{"hash":"5007647700ba728dce279c3215297b14820af6ed","messageTitle":"Remove print instrument","messageBody":"","fileTypesAndContributionMap":{"functional-code":{"insertions":1,"deletions":2}}},{"hash":"eecd9c00e572d4683cc13686e70dc05a46961040","messageTitle":"Change string equality check","messageBody":"","fileTypesAndContributionMap":{"functional-code":{"insertions":56,"deletions":12}}},{"hash":"e2a1c2160bf5f4f150d16d7ac35604566e5d0a94","messageTitle":"Import all command classes","messageBody":"","fileTypesAndContributionMap":{"functional-code":{"insertions":6,"deletions":1}}}]},{"date":"2021-10-23","commitResults":[{"hash":"cd2f6fb15426b6127a3a5ea94643746d18b7298d","messageTitle":"Shift definitions from TextUi to Instrument classes","messageBody":"","fileTypesAndContributionMap":{"functional-code":{"insertions":26,"deletions":9}}},{"hash":"16a11e0bfffd6c4c66d8370b14e8cea273856921","messageTitle":"Implement view feature from instrument classes","messageBody":"","fileTypesAndContributionMap":{"functional-code":{"insertions":42,"deletions":59}}},{"hash":"1f06ea015b72f548aa189ae5d9d74bfcd3d1e173","messageTitle":"Include done status","messageBody":"","fileTypesAndContributionMap":{"functional-code":{"insertions":19,"deletions":17}}},{"hash":"1d2fb1f6989deff03306b659e8a303942cf22b5f","messageTitle":"Insert brackets for type icon","messageBody":"","fileTypesAndContributionMap":{"functional-code":{"insertions":4,"deletions":4}}},{"hash":"3afb3c8b5964b78c35db863f411644524a2e9d9a","messageTitle":"Remove extra line","messageBody":"","fileTypesAndContributionMap":{"functional-code":{"insertions":0,"deletions":1}}},{"hash":"15dd533a78f730f0df85a701e906d4c05f596b95","messageTitle":"Use getAndValidateIndexNumber","messageBody":"","fileTypesAndContributionMap":{"functional-code":{"insertions":1,"deletions":1}}},{"hash":"16c9555f672a2d095242d1d99d6779dd49ffd4ae","messageTitle":"Make getViewInstrumentCommand throw errors","messageBody":"","fileTypesAndContributionMap":{"functional-code":{"insertions":2,"deletions":2}}},{"hash":"4a9bb87d7873770519baf9bb07f9a5ad786049c5","messageTitle":"Rectify find feature","messageBody":"","fileTypesAndContributionMap":{"functional-code":{"insertions":8,"deletions":10}}},{"hash":"4c8631df91852dd56012f13fbf3bf9e386d83e56","messageTitle":"Rectify Gradle build errors","messageBody":"","fileTypesAndContributionMap":{"functional-code":{"insertions":11,"deletions":5}}}]},{"date":"2021-10-24","commitResults":[{"hash":"ea0fb10d9eb8ed6b485d08a85f5f11cdf1d37ac4","messageTitle":"Switch to normal smiley faces","messageBody":"","fileTypesAndContributionMap":{"functional-code":{"insertions":1,"deletions":1}}}]},{"date":"2021-10-25","commitResults":[{"hash":"f878e65ed14bc8795a2dcda12949b61c1908116e","messageTitle":"Remove all emojis","messageBody":"","fileTypesAndContributionMap":{"functional-code":{"insertions":1,"deletions":1}}},{"hash":"54572e9910b82505174a8ff9658c4f22b413a6f9","messageTitle":"Amend according to PR comments","messageBody":"","fileTypesAndContributionMap":{"functional-code":{"insertions":5,"deletions":3}}},{"hash":"a92c5622c582ed84bd02673d780abd39c0e1fae6","messageTitle":"Add full-stop","messageBody":"","fileTypesAndContributionMap":{"functional-code":{"insertions":1,"deletions":1}}},{"hash":"d1088ddfc31983d156b30a5cf905b89913ed7bac","messageTitle":"Remove emoji from greet","messageBody":"","fileTypesAndContributionMap":{"functional-code":{"insertions":1,"deletions":1}}}]},{"date":"2021-10-26","commitResults":[{"hash":"686b3d5e45324fca3b71c52bc8bc1582e4b642ce","messageTitle":"Rectify printouts","messageBody":"","fileTypesAndContributionMap":{"functional-code":{"insertions":4,"deletions":2}}},{"hash":"de63e6dcd6d86fe225f2330de5339b7175857e24","messageTitle":"Add tab to edit feature prompters","messageBody":"","fileTypesAndContributionMap":{"functional-code":{"insertions":10,"deletions":10}}},{"hash":"c2c034f0ec00eedfb25756a182e03fb931705115","messageTitle":"Change keyword to user ch case","messageBody":"","fileTypesAndContributionMap":{"functional-code":{"insertions":1,"deletions":1}}},{"hash":"b15a7527e242a86040b13d6a04ad6298d9ad7903","messageTitle":"Rectify all outputs in UG","messageBody":"","fileTypesAndContributionMap":{"docs":{"insertions":100,"deletions":64}}},{"hash":"1e7333651ed6e7c1f87a33d8cf9ce9b7ccc2c641","messageTitle":"Done command summary table","messageBody":"","fileTypesAndContributionMap":{"docs":{"insertions":8,"deletions":4}}},{"hash":"5bdf737104aa29627ada754e7599fdbdf720cba2","messageTitle":"Add mTracker product logo","messageBody":"","fileTypesAndContributionMap":{"docs":{"insertions":7,"deletions":5}}},{"hash":"97d0e5fe6d1293f58c3f82fad89d28e309435fa7","messageTitle":"Add header numbers","messageBody":"","fileTypesAndContributionMap":{"docs":{"insertions":16,"deletions":16}}},{"hash":"56929a17f51b210881a10bebc0ae7cc72a418cb2","messageTitle":"Bold some words in intro","messageBody":"","fileTypesAndContributionMap":{"docs":{"insertions":3,"deletions":3}}},{"hash":"862fe0fd0d6853f4cc0869bd1e0278093a0c579c","messageTitle":"Add contents header","messageBody":"","fileTypesAndContributionMap":{"docs":{"insertions":2,"deletions":1}}},{"hash":"6617cb08ae3a3ca585be2a836d41f802070f0489","messageTitle":"Add space","messageBody":"","fileTypesAndContributionMap":{"functional-code":{"insertions":1,"deletions":1}}},{"hash":"583b3d6b2d89b2de95f2024f30eba65e34a3a78f","messageTitle":"Update docs/UserGuide.md","messageBody":"Co-authored-by: theodorekwok \u003c60163283+theodorekwok@users.noreply.github.com\u003e","fileTypesAndContributionMap":{"docs":{"insertions":1,"deletions":1}}},{"hash":"7b537766c9b2d2b720ff3a7677a64d32e64cd6db","messageTitle":"Amend according to pr review","messageBody":"","fileTypesAndContributionMap":{"docs":{"insertions":11,"deletions":8}}},{"hash":"871859f23109585e6447584e29f76f971049d833","messageTitle":"Mention expiry date is in future","messageBody":"","fileTypesAndContributionMap":{"docs":{"insertions":2,"deletions":2}}}]}]},"authorFileTypeContributionMap":{"kum-wh":{"docs":51,"functional-code":759,"test-code":61},"theodorekwok":{"docs":291,"functional-code":793,"test-code":219,"other":1},"williamlamjy":{"docs":62,"functional-code":662,"test-code":345},"KVignesh122":{"docs":464,"functional-code":484,"test-code":83,"other":1}},"authorContributionVariance":{"kum-wh":48965.465,"theodorekwok":9403.236,"williamlamjy":43294.152,"KVignesh122":25425.791},"authorDisplayNameMap":{"kum-wh":"CS2113T-T12-1 KUM ..G HO","theodorekwok":"CS2113T-T12-1 KWOK..DORE","williamlamjy":"CS2113T-T12-1 LAM ..LIAM","KVignesh122":"CS2113T-T12-1 KUMA..NESH"}}
