{"authorDailyContributionsMap":{"leowyy99":[{"date":"2021-09-30","commitResults":[{"hash":"8240ee66efb92e0de57aae7bceeb2e65561e83a1","messageTitle":"Update AboutUs for YY","messageBody":"","fileTypesAndContributionMap":{"docs":{"insertions":1,"deletions":1}}}]},{"date":"2021-10-04","commitResults":[{"hash":"ad0e1f21d1a6e22f5407608a2831a4f0850aae13","messageTitle":"First version of Parser, skeletal version of Command","messageBody":"","fileTypesAndContributionMap":{"functional-code":{"insertions":237,"deletions":0}}}]},{"date":"2021-10-06","commitResults":[{"hash":"a6254a31d1e52315d3668b9375e26229f97aafb2","messageTitle":"Delete command package","messageBody":"","fileTypesAndContributionMap":{"functional-code":{"insertions":0,"deletions":57}}}]},{"date":"2021-10-07","commitResults":[{"hash":"d0cadabe365de07101b4ace38ccf3429bde50e75","messageTitle":"Update main method","messageBody":"","fileTypesAndContributionMap":{"functional-code":{"insertions":20,"deletions":10}}},{"hash":"3923dd5c2da53174ee64e18a9c26667731c90cb3","messageTitle":"Update parameters for command class from parser class","messageBody":"","fileTypesAndContributionMap":{"functional-code":{"insertions":49,"deletions":19}}},{"hash":"c5896f4945a638e8cf867ec2817c334087d29cbe","messageTitle":"Update Parser class to return correct objects to Command classes","messageBody":"","fileTypesAndContributionMap":{"functional-code":{"insertions":92,"deletions":76}}},{"hash":"5e6db119f0f09c237a4dfb7efc5a76694587f97c","messageTitle":"Add missing exception","messageBody":"","fileTypesAndContributionMap":{"functional-code":{"insertions":3,"deletions":0}}}]},{"date":"2021-10-11","commitResults":[{"hash":"9129221b752b7d4c958c0b1b54372d4eaa3f4786","messageTitle":"Add test cases","messageBody":"","fileTypesAndContributionMap":{"test-code":{"insertions":53,"deletions":0}}}]},{"date":"2021-10-12","commitResults":[{"hash":"e60fdd4ff441c9084c1b401d16935edc379377af","messageTitle":"Update code","messageBody":"","fileTypesAndContributionMap":{"functional-code":{"insertions":132,"deletions":52},"other":{"insertions":6,"deletions":2},"test-code":{"insertions":3,"deletions":3}}}]},{"date":"2021-10-13","commitResults":[{"hash":"21eee4cdf01ba808e0d02f4399765b3a8d18ef46","messageTitle":"Add assertions","messageBody":"","fileTypesAndContributionMap":{"functional-code":{"insertions":38,"deletions":9},"test-code":{"insertions":0,"deletions":1}}},{"hash":"16f380626e058ff07a867a1df522acb1773c810e","messageTitle":"Add logging to parser","messageBody":"","fileTypesAndContributionMap":{"functional-code":{"insertions":51,"deletions":1}}},{"hash":"fd2f54b9d27275efd883ed5873aa48cbef64ec92","messageTitle":"Fix test case problems","messageBody":"","fileTypesAndContributionMap":{"test-code":{"insertions":0,"deletions":40}}}]},{"date":"2021-10-20","commitResults":[{"hash":"31e2dfc5ba00b7f4b1604128d67554abb71c29c7","messageTitle":"Updated parser for v2.0","messageBody":"","fileTypesAndContributionMap":{"functional-code":{"insertions":113,"deletions":30}}},{"hash":"5b0c3af19ee6e29a2428406cfb9ddde40de6ed2f","messageTitle":"Make some changes","messageBody":"","fileTypesAndContributionMap":{"functional-code":{"insertions":21,"deletions":37},"docs":{"insertions":5,"deletions":0}}}]},{"date":"2021-10-21","commitResults":[{"hash":"2f321c0623829968555f027996971cab9fe1800a","messageTitle":"More changes again","messageBody":"","fileTypesAndContributionMap":{"functional-code":{"insertions":60,"deletions":64}}},{"hash":"ddb0789638283dd45993ec7f794cc6e2954517a9","messageTitle":"Update magic literals","messageBody":"","fileTypesAndContributionMap":{"functional-code":{"insertions":50,"deletions":38}}},{"hash":"4210febdfa793c7a00717913a5daa40a563296ae","messageTitle":"UG","messageBody":"","fileTypesAndContributionMap":{"docs":{"insertions":4,"deletions":1}}},{"hash":"f8be13fc9f69b5d3a9c4373bfaf452c61bf7fa95","messageTitle":"Fix bug without test","messageBody":"","fileTypesAndContributionMap":{"functional-code":{"insertions":33,"deletions":14}}},{"hash":"a09c34762a319ada231b29c3a4d1e2e98c885a1f","messageTitle":"Parser DG write up","messageBody":"","fileTypesAndContributionMap":{"docs":{"insertions":7,"deletions":1}}}]},{"date":"2021-10-22","commitResults":[{"hash":"3f5d75202f98b17cb4f2e883ccb91af6f88cabd0","messageTitle":"Command summary","messageBody":"","fileTypesAndContributionMap":{"docs":{"insertions":6,"deletions":4}}},{"hash":"da55082ab411c4c5874158c28519721523d12b92","messageTitle":"Help command skeleton","messageBody":"","fileTypesAndContributionMap":{"functional-code":{"insertions":27,"deletions":6}}},{"hash":"61ac48b166ee9f754b4ea37e160de57b942ce348","messageTitle":"Fix find command bug","messageBody":"","fileTypesAndContributionMap":{"functional-code":{"insertions":20,"deletions":5}}},{"hash":"396ab325b7864d576bf82db966b4cac3221d7665","messageTitle":"Small bug","messageBody":"","fileTypesAndContributionMap":{"functional-code":{"insertions":2,"deletions":2}}}]},{"date":"2021-10-23","commitResults":[{"hash":"cc5abdc6174f68e55366b6c5dd33fe770b59ac9b","messageTitle":"Refactor some things, incomplete, awaiting other changes","messageBody":"","fileTypesAndContributionMap":{"functional-code":{"insertions":140,"deletions":65}}},{"hash":"acc9d9114df662583221e71279a23451d015a2ad","messageTitle":"Refactor parser class","messageBody":"","fileTypesAndContributionMap":{"functional-code":{"insertions":164,"deletions":151}}}]},{"date":"2021-10-25","commitResults":[{"hash":"3e65aaa98325cf871ab0429aca81d5e099dc56c7","messageTitle":"Fix index 0 bug for add","messageBody":"","fileTypesAndContributionMap":{"functional-code":{"insertions":2,"deletions":2}}},{"hash":"fe4bfbea221083c179d6803db034b6b473055117","messageTitle":"Fixed bugs for wrong index format","messageBody":"","fileTypesAndContributionMap":{"functional-code":{"insertions":18,"deletions":4}}},{"hash":"d72379c9c7234cdb92c75a6ffe47f9f38fc45446","messageTitle":"Fixed bugs for remove","messageBody":"","fileTypesAndContributionMap":{"functional-code":{"insertions":19,"deletions":6}}},{"hash":"aebc18bce0af81eaef96388769fd270ebe31a75b","messageTitle":"Update UG","messageBody":"","fileTypesAndContributionMap":{"docs":{"insertions":158,"deletions":125}}},{"hash":"6475aabf18fc5bde32c61832ba4cbd590c39e850","messageTitle":"Remove magic literals","messageBody":"","fileTypesAndContributionMap":{"functional-code":{"insertions":8,"deletions":10}}},{"hash":"a0d3a81d422c79d282d2df65c08c471a839707df","messageTitle":"Remove constructor","messageBody":"","fileTypesAndContributionMap":{"functional-code":{"insertions":2,"deletions":81}}}]},{"date":"2021-10-26","commitResults":[{"hash":"1ed9b212e70775d64d15746077a0479c511bc90b","messageTitle":"Parser DG","messageBody":"","fileTypesAndContributionMap":{"docs":{"insertions":6,"deletions":3}}},{"hash":"3b4145889ee9be657244093d979481726f93e5d4","messageTitle":"Add parser UML","messageBody":"","fileTypesAndContributionMap":{"docs":{"insertions":1,"deletions":0}}},{"hash":"423d82eab428e7d3a6230fb1a53d4be02fe7a971","messageTitle":"Update description","messageBody":"","fileTypesAndContributionMap":{"docs":{"insertions":28,"deletions":6}}}]},{"date":"2021-10-27","commitResults":[{"hash":"e037daa7f83c3424c46a7bbf9302ce56f00f444b","messageTitle":"Fix add /uni bug","messageBody":"","fileTypesAndContributionMap":{"functional-code":{"insertions":1,"deletions":1}}},{"hash":"afb869ffcb99f1b41a4b2a2be69c2c4e0029df53","messageTitle":"Comment out logger is SearchMapCommandParser","messageBody":"","fileTypesAndContributionMap":{"functional-code":{"insertions":1,"deletions":1}}},{"hash":"24f0dc0b4a8cf00f6c5e9159a4576b82d6bb43b4","messageTitle":"Change getSelectedMappings","messageBody":"","fileTypesAndContributionMap":{"functional-code":{"insertions":8,"deletions":7}}},{"hash":"dc84ed820db6e18953b246237681d757a3bb42fe","messageTitle":"Fix more bugs","messageBody":"","fileTypesAndContributionMap":{"functional-code":{"insertions":11,"deletions":8}}}]}],"titustortoiseturtle1999":[{"date":"2021-09-30","commitResults":[{"hash":"0a6ed231de6a04d0957bc43d4674c7d0bc30fa72","messageTitle":"add name to AboutUs.md","messageBody":"","fileTypesAndContributionMap":{"docs":{"insertions":1,"deletions":1}}}]},{"date":"2021-10-06","commitResults":[{"hash":"6b3287629597cad598d1b63196705f0de83e3683","messageTitle":"fix class error","messageBody":"","fileTypesAndContributionMap":{"functional-code":{"insertions":2,"deletions":142}}},{"hash":"e5b04ed55674bd6a7b60432113adad0c1c010aba","messageTitle":"fix class error","messageBody":"","fileTypesAndContributionMap":{"functional-code":{"insertions":17,"deletions":2}}}]},{"date":"2021-10-09","commitResults":[{"hash":"d9f42c999e9bff897413b39af8b5ab0c8dbe0b61","messageTitle":"Add SearchMapCommandParserTest","messageBody":"","fileTypesAndContributionMap":{"functional-code":{"insertions":9,"deletions":9},"other":{"insertions":18,"deletions":20},"test-code":{"insertions":58,"deletions":0}}},{"hash":"723f6e1f96b42652b3a1bf9e0357087e789e5951","messageTitle":"Add jUnit test for SearchMap and fix bug in University.listMappings","messageBody":"","fileTypesAndContributionMap":{"functional-code":{"insertions":5,"deletions":1},"other":{"insertions":4,"deletions":4},"test-code":{"insertions":8,"deletions":11}}},{"hash":"6cc0f35808e128f0c9f43e3ee7c7aa554a10e77f","messageTitle":"fix checkstyle error in SearchMapCommandParserTest","messageBody":"","fileTypesAndContributionMap":{"test-code":{"insertions":2,"deletions":1}}},{"hash":"33086de9c6ff8abbf8a1a2708754a3be61faf3e8","messageTitle":"fix checkstyle error in University class","messageBody":"","fileTypesAndContributionMap":{"functional-code":{"insertions":2,"deletions":1}}},{"hash":"0d1660af602fc54cc0bf08148032b94e42d6c6e3","messageTitle":"fix operator wrap error in University class","messageBody":"","fileTypesAndContributionMap":{"functional-code":{"insertions":2,"deletions":2}}},{"hash":"3c7b3b18e4ab2b5bed8ac87f89cfb7f512d8dc68","messageTitle":"fix checkstyle error","messageBody":"","fileTypesAndContributionMap":{"test-code":{"insertions":1,"deletions":6}}},{"hash":"cf025ae2af5b60eeb3e827322cea8ea08eac15c9","messageTitle":"Add indicator for program status","messageBody":"","fileTypesAndContributionMap":{"functional-code":{"insertions":1,"deletions":0}}}]},{"date":"2021-10-13","commitResults":[{"hash":"160921b18d2e31949dbce3a9b2b0c1747d69c983","messageTitle":"add assertions","messageBody":"","fileTypesAndContributionMap":{"functional-code":{"insertions":10,"deletions":1}}},{"hash":"eb312551b7e1c6e041d7dab4914ebb6f4b4f18a7","messageTitle":"refactor string type for list cmd to an enum","messageBody":"","fileTypesAndContributionMap":{"functional-code":{"insertions":21,"deletions":10}}}]},{"date":"2021-10-14","commitResults":[{"hash":"95b5bcd85c1f953ac7f23892010505848c30f77a","messageTitle":"add ui and constants package for print uni \u0026 mod","messageBody":"","fileTypesAndContributionMap":{"functional-code":{"insertions":37,"deletions":4}}},{"hash":"3e80d4c05f41d7744703fecf9411b2e2b0f226f3","messageTitle":"fix checkstyle errors in Ui","messageBody":"","fileTypesAndContributionMap":{"functional-code":{"insertions":5,"deletions":1}}}]},{"date":"2021-10-19","commitResults":[{"hash":"e89738b634a98005db6ecc8dc0167b26dc934180","messageTitle":"Add ASCII globe and AsciiConstants class","messageBody":"","fileTypesAndContributionMap":{"functional-code":{"insertions":42,"deletions":0}}},{"hash":"46f2dac90442091325ba07667e708ba22fa07ce4","messageTitle":"fix checkstyle errors","messageBody":"","fileTypesAndContributionMap":{"functional-code":{"insertions":2,"deletions":1}}},{"hash":"bbda5a0afc5e89eca750ce90598790f20bed803d","messageTitle":"fix compile error","messageBody":"","fileTypesAndContributionMap":{"functional-code":{"insertions":1,"deletions":1}}},{"hash":"b327e6138a43b5ab730ad69c594b84e3aacd886f","messageTitle":"add logo","messageBody":"","fileTypesAndContributionMap":{"functional-code":{"insertions":39,"deletions":27}}},{"hash":"3b7b4e2fa0085c88e1bfb0623473303655c24c78","messageTitle":"Add printLogo function to UI","messageBody":"","fileTypesAndContributionMap":{"functional-code":{"insertions":3,"deletions":0}}},{"hash":"ab67383109685f89b8c952b163aa9a1d0b36a6a1","messageTitle":"edit list /su to display module mappings","messageBody":"","fileTypesAndContributionMap":{"functional-code":{"insertions":77,"deletions":44}}},{"hash":"d8239d20cf0d7ef2de12b864c3e0c919ef1b5c1a","messageTitle":"consolidate UI to UI class","messageBody":"","fileTypesAndContributionMap":{"functional-code":{"insertions":9,"deletions":16}}}]},{"date":"2021-10-20","commitResults":[{"hash":"267ef8ebe831a51e7695d985c60bc354edab8581","messageTitle":"add DG content and create docs/images dir","messageBody":"","fileTypesAndContributionMap":{"docs":{"insertions":28,"deletions":6}}}]},{"date":"2021-10-21","commitResults":[{"hash":"38e5b01bcdbc0bc49019c270eac848e04e6bfbfe","messageTitle":"call constant from Ui class","messageBody":"","fileTypesAndContributionMap":{"functional-code":{"insertions":4,"deletions":3}}},{"hash":"835f80447b624add258ee490d673050d0c0c331b","messageTitle":"add print module mapping for list cmd","messageBody":"","fileTypesAndContributionMap":{"functional-code":{"insertions":1,"deletions":0}}},{"hash":"cc15a40579d57cf1543f2c65965738a54ec79119","messageTitle":"Revert \"add print module mapping for list cmd\"","messageBody":"","fileTypesAndContributionMap":{"functional-code":{"insertions":0,"deletions":1}}}]},{"date":"2021-10-22","commitResults":[{"hash":"b5bcdf1d4895af64e878c7fe722a4c26367a6dc9","messageTitle":"Add Ui to DG","messageBody":"","fileTypesAndContributionMap":{"docs":{"insertions":9,"deletions":0}}},{"hash":"d6e63cb25ce50c74f65b7bab76b5117deddecf7b","messageTitle":"Add adduni and addmod command in UG","messageBody":"","fileTypesAndContributionMap":{"docs":{"insertions":19,"deletions":0}}},{"hash":"8cef46f8a56528ef68ebe1783a0dedd03fd0be39","messageTitle":"Add FAQ in UG","messageBody":"","fileTypesAndContributionMap":{"docs":{"insertions":3,"deletions":2}}},{"hash":"67abf64e9261440d1f1ce30d89657736b84e2d0b","messageTitle":"Add line separator","messageBody":"","fileTypesAndContributionMap":{"functional-code":{"insertions":5,"deletions":0}}},{"hash":"67bf27837636e64f1b970cd0ec3041f33df1a077","messageTitle":"add help command","messageBody":"","fileTypesAndContributionMap":{"functional-code":{"insertions":16,"deletions":3}}},{"hash":"ea2ecfa1dbcce6dedb1e976dd0e4270bc5fe1e0b","messageTitle":"fix checkstyle errors","messageBody":"","fileTypesAndContributionMap":{"functional-code":{"insertions":5,"deletions":9}}},{"hash":"d5261a4d4e26f1fe60fecb21c8f316d5876cfc8f","messageTitle":"fix checkstyle errors 2","messageBody":"","fileTypesAndContributionMap":{"functional-code":{"insertions":8,"deletions":4}}}]},{"date":"2021-10-24","commitResults":[{"hash":"cda253cfe9b0f35820e9557bda4bbd221094b8a5","messageTitle":"add find to help command","messageBody":"","fileTypesAndContributionMap":{"functional-code":{"insertions":14,"deletions":11}}},{"hash":"b332a46fb376cf573e635d2cbcc742bd3227b3ad","messageTitle":"fix checkstyle error","messageBody":"","fileTypesAndContributionMap":{"functional-code":{"insertions":2,"deletions":1}}},{"hash":"74699d71f81debd5ac9badc19fc091e49b2a87aa","messageTitle":"fix checkstyle errors in university class","messageBody":"","fileTypesAndContributionMap":{"functional-code":{"insertions":12,"deletions":12}}},{"hash":"1c7254db9daa1cefb9d8ad1fc8629779e65aaf33","messageTitle":"edit list /mmod ui","messageBody":"","fileTypesAndContributionMap":{"functional-code":{"insertions":8,"deletions":2}}},{"hash":"4f15859cf874f5fa30b20c4ab9e7e53f6e5ec5fc","messageTitle":"edit list /suni ui","messageBody":"","fileTypesAndContributionMap":{"functional-code":{"insertions":12,"deletions":3}}},{"hash":"8fbfd05a5771a18557831b72eab8834e902964e6","messageTitle":"edit searchmap ui","messageBody":"","fileTypesAndContributionMap":{"functional-code":{"insertions":10,"deletions":6}}},{"hash":"2621a15c38fe229c2957f4bf2e8962f633331c47","messageTitle":"fix checkstyle error","messageBody":"","fileTypesAndContributionMap":{"functional-code":{"insertions":1,"deletions":1}}},{"hash":"ab14b5f52ee81fd5c540c57aee707ef55a70dae8","messageTitle":"dsort university list when a new uni is added","messageBody":"","fileTypesAndContributionMap":{"functional-code":{"insertions":12,"deletions":2}}},{"hash":"2ccde0c7cb1618b2ebabb1d21f86688a65af1466","messageTitle":"fix checkstyle errors","messageBody":"","fileTypesAndContributionMap":{"functional-code":{"insertions":1,"deletions":0}}}]},{"date":"2021-10-25","commitResults":[{"hash":"09c0ebb57d349f310bfc08a8044d4a4b903609ea","messageTitle":"sort selected modules","messageBody":"","fileTypesAndContributionMap":{"functional-code":{"insertions":12,"deletions":2}}},{"hash":"192a2902310e8add2030e24c0bfb24192dd54a30","messageTitle":"print MCs with Module","messageBody":"","fileTypesAndContributionMap":{"functional-code":{"insertions":58,"deletions":16}}},{"hash":"ef16c111e44cac92baf0f73786c03bcec1b8ac76","messageTitle":"print MCs for selected Unis","messageBody":"","fileTypesAndContributionMap":{"functional-code":{"insertions":24,"deletions":10}}},{"hash":"d0c3446f066680b6a967452fa89bb1d8eb4dcbc9","messageTitle":"fix checkstyle error","messageBody":"","fileTypesAndContributionMap":{"functional-code":{"insertions":6,"deletions":5},"docs":{"insertions":1,"deletions":2}}},{"hash":"3c9c3e24aee7f857ac3005b2a2453bd32a005358","messageTitle":"add padding for uni name","messageBody":"","fileTypesAndContributionMap":{"functional-code":{"insertions":13,"deletions":4}}}]},{"date":"2021-10-26","commitResults":[{"hash":"a9a8690976e6bb395109f5b4db0d1c9ae2760aba","messageTitle":"refactor ui","messageBody":"","fileTypesAndContributionMap":{"functional-code":{"insertions":133,"deletions":83}}},{"hash":"5e32f77db35e9e647eba382829b830fe88b33a8e","messageTitle":"add ui diagram","messageBody":"","fileTypesAndContributionMap":{"docs":{"insertions":2,"deletions":0}}},{"hash":"3258d87bafe91d991f374c2094ac9dc0430155ee","messageTitle":"change UG to example 1, 2 etc","messageBody":"","fileTypesAndContributionMap":{"docs":{"insertions":79,"deletions":38}}},{"hash":"cd59f5bba94f2fae2eda4c352d1f0e053f88aee4","messageTitle":"testing markdown formatting","messageBody":"","fileTypesAndContributionMap":{"docs":{"insertions":12,"deletions":1}}},{"hash":"5b7fcd7d9a30c488625f840a6a6f9012ec71afcc","messageTitle":"remove markdown testing","messageBody":"","fileTypesAndContributionMap":{"docs":{"insertions":0,"deletions":13}}},{"hash":"a635c06786d6e7d3a287a4ca8c34ea5874e59b56","messageTitle":"DG html test","messageBody":"","fileTypesAndContributionMap":{"docs":{"insertions":5,"deletions":0}}},{"hash":"df8455b079bfe6fde3e12ca139e7aaf13e4b49a4","messageTitle":"add features html","messageBody":"","fileTypesAndContributionMap":{"docs":{"insertions":6,"deletions":0}}},{"hash":"f9bc830bc23f9872f63affccb66ef057fe659a18","messageTitle":"added html to markdown format","messageBody":"","fileTypesAndContributionMap":{"docs":{"insertions":1,"deletions":1}}},{"hash":"4fca13273694cb5b6b3785c7eed8f460b20376fd","messageTitle":"add filler content","messageBody":"","fileTypesAndContributionMap":{"docs":{"insertions":4,"deletions":0}}},{"hash":"cfdcd4894615fd829bd34b80f8262cc13a4ae306","messageTitle":"change html header","messageBody":"","fileTypesAndContributionMap":{"docs":{"insertions":3,"deletions":2}}},{"hash":"5563769e7ec2f9df006c06c5fa62d0e749fb46b0","messageTitle":"try new header","messageBody":"","fileTypesAndContributionMap":{"docs":{"insertions":3,"deletions":4}}},{"hash":"1369c1ada5f78473af8ce7d8aaefc7570254c4f7","messageTitle":"save page as utf-8","messageBody":"","fileTypesAndContributionMap":{"docs":{"insertions":2,"deletions":0}}},{"hash":"62a34c8dec5fd9158f17d71613120a197f60829b","messageTitle":"save changes","messageBody":"","fileTypesAndContributionMap":{"docs":{"insertions":1,"deletions":1}}},{"hash":"83707f73e8b7ed49ca53d10f6205345e83d24537","messageTitle":"add files to try to fix","messageBody":"","fileTypesAndContributionMap":{"docs":{"insertions":1,"deletions":2}}},{"hash":"17c1fedbd11caa0f695044f217318f01b140e9be","messageTitle":"change note to alert block","messageBody":"","fileTypesAndContributionMap":{"docs":{"insertions":8,"deletions":5}}},{"hash":"beeb024e2620883ce25b693a9efe9766e01cf3ab","messageTitle":"add markdown for UG","messageBody":"","fileTypesAndContributionMap":{"docs":{"insertions":27,"deletions":5}}},{"hash":"b437e8dc135898f4455a54f322de33dfcad1beb8","messageTitle":"add UG guide","messageBody":"","fileTypesAndContributionMap":{"docs":{"insertions":17,"deletions":9}}},{"hash":"7fc348850b5f2de54170525ecc6538e2fa29296b","messageTitle":"add UG guide","messageBody":"","fileTypesAndContributionMap":{"docs":{"insertions":11,"deletions":5}}},{"hash":"74c21f69d129bc26d7ee498b404478ce742a4489","messageTitle":"fix errors","messageBody":"","fileTypesAndContributionMap":{"docs":{"insertions":1,"deletions":1}}},{"hash":"0bc8e10139c535d3b580862b3d9dedce1de54fdf","messageTitle":"fix ccheckstyle errors","messageBody":"","fileTypesAndContributionMap":{"functional-code":{"insertions":2,"deletions":1},"docs":{"insertions":2,"deletions":2}}},{"hash":"a373592040d366bb7c9a768c2954ba238a49663e","messageTitle":"fix typo","messageBody":"","fileTypesAndContributionMap":{"docs":{"insertions":1,"deletions":1}}},{"hash":"d131fd445c073459e0b25da261495c5abe08b960","messageTitle":"remove duplicate header","messageBody":"","fileTypesAndContributionMap":{"docs":{"insertions":0,"deletions":3}}},{"hash":"1b4eb980b5cac3f7e828632115d80b788f099535","messageTitle":"test1","messageBody":"","fileTypesAndContributionMap":{"docs":{"insertions":1,"deletions":1}}},{"hash":"385e2bfbf4cb6e60a5aaacb6c139ffac73fb9ba1","messageTitle":"attempt to fix logo","messageBody":"","fileTypesAndContributionMap":{"docs":{"insertions":6,"deletions":6}}},{"hash":"8237f0607ad4050f495fe665d637f34b887559d6","messageTitle":"attempt to fix logo 2","messageBody":"","fileTypesAndContributionMap":{"docs":{"insertions":4,"deletions":4}}},{"hash":"bd9168b2efb816a4ce3338b3d55aae91cc8baff0","messageTitle":"refactor Ui package","messageBody":"","fileTypesAndContributionMap":{"functional-code":{"insertions":21,"deletions":19}}},{"hash":"7cade4134bb4f2ec8db66254d141ade236d084af","messageTitle":"add exit art","messageBody":"","fileTypesAndContributionMap":{"functional-code":{"insertions":54,"deletions":36}}},{"hash":"4c776eb232b4a2ad7cf4d635e4f948052b764c1d","messageTitle":"fix errors","messageBody":"","fileTypesAndContributionMap":{"functional-code":{"insertions":5,"deletions":2}}}]},{"date":"2021-10-27","commitResults":[{"hash":"5ec3db255f8962a5f22974f1e221cace18bc3b9a","messageTitle":"YY ask me to add space","messageBody":"","fileTypesAndContributionMap":{"functional-code":{"insertions":1,"deletions":1}}},{"hash":"e38001cc3c5a48e364f36b10a262b23fe1d1a337","messageTitle":"fix DG header","messageBody":"","fileTypesAndContributionMap":{"docs":{"insertions":4,"deletions":0}}},{"hash":"88aa9e731c1fccc5338ae22c9777f9d5cf84d5ed","messageTitle":"attempt to fix indentation DG","messageBody":"","fileTypesAndContributionMap":{"docs":{"insertions":32,"deletions":0}}},{"hash":"54c390acca17ab17cd9fe08c901aa978324db658","messageTitle":"add plane art","messageBody":"","fileTypesAndContributionMap":{"functional-code":{"insertions":22,"deletions":1}}},{"hash":"7a9a0b4e63e36cc27454604f6c1bc64184ac3e06","messageTitle":"stash DG commit","messageBody":"","fileTypesAndContributionMap":{"docs":{"insertions":35,"deletions":3}}},{"hash":"9b7fbf018657075315f01bd6ede1defceba64f49","messageTitle":"add info for UI in DG","messageBody":"","fileTypesAndContributionMap":{"docs":{"insertions":14,"deletions":7}}},{"hash":"7d7a6b9fc2cc8465bd141fe89cebed539c69bda8","messageTitle":"change picture size","messageBody":"","fileTypesAndContributionMap":{"docs":{"insertions":7,"deletions":2}}},{"hash":"ff9b790b3f5ced50bcee50752cc054b79cbe7007","messageTitle":"fix picture typo","messageBody":"","fileTypesAndContributionMap":{"docs":{"insertions":1,"deletions":1}}},{"hash":"95599a720ea6cbb24c53929d5f59090a32c603b2","messageTitle":"add command implemenetation","messageBody":"","fileTypesAndContributionMap":{"docs":{"insertions":8,"deletions":0}}}]},{"date":"2021-10-28","commitResults":[{"hash":"493d437089132fbf3e0bb2cf8564ca9ce89a4aed","messageTitle":"refactor UiUniversity","messageBody":"","fileTypesAndContributionMap":{"functional-code":{"insertions":1,"deletions":1}}},{"hash":"ff8786adc940e9974b35d395697b37e8f24b9d25","messageTitle":"refactor UiModule","messageBody":"","fileTypesAndContributionMap":{"functional-code":{"insertions":1,"deletions":1}}},{"hash":"6c6342fb1f659d8da870211cb013be5f506a00ed","messageTitle":"fix typo in help","messageBody":"","fileTypesAndContributionMap":{"functional-code":{"insertions":5,"deletions":5}}}]},{"date":"2021-10-29","commitResults":[{"hash":"0b07156bb58a50bab55efb82ba0940e9b6bf0d5e","messageTitle":"refactor Ui class","messageBody":"","fileTypesAndContributionMap":{"functional-code":{"insertions":54,"deletions":44}}},{"hash":"b91bf30c37b84b2b79b61416a849610d660b6563","messageTitle":"fix checkstyle errors","messageBody":"","fileTypesAndContributionMap":{"functional-code":{"insertions":3,"deletions":3}}},{"hash":"2837da37377d3f1ab0d03a4266290f14dbed8ef3","messageTitle":"move logging to data/log.txt","messageBody":"","fileTypesAndContributionMap":{"functional-code":{"insertions":76,"deletions":47}}},{"hash":"1c289c18bbb65729d66e5b33ba732cc2078a1a88","messageTitle":"fix checkstyle erros","messageBody":"","fileTypesAndContributionMap":{"functional-code":{"insertions":5,"deletions":1}}},{"hash":"49ea6bbccd0bdfc10b2d337af2268315da9cc2fb","messageTitle":"fix IO redirection error","messageBody":"","fileTypesAndContributionMap":{"functional-code":{"insertions":1,"deletions":1}}},{"hash":"c82685150ade9f86637966568dcb9290fae667b9","messageTitle":"fix IO redirection error2","messageBody":"","fileTypesAndContributionMap":{"functional-code":{"insertions":1,"deletions":2}}},{"hash":"ec260094bef50cf06b8da76e546d53d887927f60","messageTitle":"give up fixing errors","messageBody":"","fileTypesAndContributionMap":{"functional-code":{"insertions":1,"deletions":1}}},{"hash":"f86c61658140319a4044e4d1d630e64c055d7d4e","messageTitle":"add titusng.md","messageBody":"","fileTypesAndContributionMap":{"other":{"insertions":0,"deletions":0},"docs":{"insertions":48,"deletions":1}}},{"hash":"297a850c6f553154d16d9f37508dd56f9e86e34d","messageTitle":"Revert \"move logging to data/log.txt\"","messageBody":"","fileTypesAndContributionMap":{"functional-code":{"insertions":46,"deletions":78},"test-code":{"insertions":2,"deletions":2}}},{"hash":"ff167dbcd09468ea76814f6c5e63feaf704371e7","messageTitle":"fix refactor error","messageBody":"","fileTypesAndContributionMap":{"other":{"insertions":0,"deletions":0}}},{"hash":"a647872087e0d4a9584e84d07b5d214d766937da","messageTitle":"rename /seedu.duke.Duke to /seedu.duke.seplanner","messageBody":"","fileTypesAndContributionMap":{"other":{"insertions":2,"deletions":2}}},{"hash":"fdd9b3ff0963e27bc70a5c6a519e86ea5df87a67","messageTitle":"refactor /seedu.duke to /seplanner","messageBody":"","fileTypesAndContributionMap":{"functional-code":{"insertions":19,"deletions":24},"other":{"insertions":195,"deletions":234}}},{"hash":"dafbd63ace5322528dc0d73b5d3d24875ad74691","messageTitle":"initial logging commit","messageBody":"","fileTypesAndContributionMap":{"functional-code":{"insertions":37,"deletions":5}}},{"hash":"be924c6f8a46c493632267b30a315ec5ec22e3bd","messageTitle":"move logging to data/log.txt","messageBody":"","fileTypesAndContributionMap":{"functional-code":{"insertions":53,"deletions":41}}}]},{"date":"2021-10-31","commitResults":[{"hash":"6ab9ddd9adaf045b178caa192ade16e5bbae5242","messageTitle":"address issues for 2.1","messageBody":"","fileTypesAndContributionMap":{"functional-code":{"insertions":13,"deletions":12},"docs":{"insertions":65,"deletions":18}}}]},{"date":"2021-11-01","commitResults":[{"hash":"bd7e1d9e145d5282c8596e6703ef7bcfbc08d3f4","messageTitle":"fix previous errors","messageBody":"","fileTypesAndContributionMap":{"docs":{"insertions":64,"deletions":61}}},{"hash":"542029919a75941d21e2871a61567bdc4a3181c8","messageTitle":"match UG to output","messageBody":"","fileTypesAndContributionMap":{"docs":{"insertions":51,"deletions":47}}},{"hash":"db64f35d008b48060efad42c5e22bcb8aad026b1","messageTitle":"initial ui uml + create uml dir","messageBody":"","fileTypesAndContributionMap":{"functional-code":{"insertions":2,"deletions":2},"docs":{"insertions":43,"deletions":0}}},{"hash":"856c64284861c2b0e2ba13e6bea079facc7a6da7","messageTitle":"refactor main class","messageBody":"","fileTypesAndContributionMap":{"functional-code":{"insertions":27,"deletions":21}}},{"hash":"fecb419919fed195e90d27777aad180bbba3fbb9","messageTitle":"fixed bug displaying incorrect MCs when removing university","messageBody":"","fileTypesAndContributionMap":{"functional-code":{"insertions":5,"deletions":4}}},{"hash":"8a72545dfc4797e1b4050febdef448b1e094ed71","messageTitle":"initial sequence diagram for printUni call","messageBody":"","fileTypesAndContributionMap":{"docs":{"insertions":38,"deletions":1}}}]},{"date":"2021-11-02","commitResults":[{"hash":"4cd4bcea4e40da6e04aa9f827fe56da70301b752","messageTitle":"add umls for ui package","messageBody":"","fileTypesAndContributionMap":{"docs":{"insertions":16,"deletions":4}}}]}],"Jiale-Sun":[{"date":"2021-09-30","commitResults":[{"hash":"366050d17065a71c1aa4d80e196abecb3036b7fa","messageTitle":"Updating the About Us","messageBody":"","fileTypesAndContributionMap":{"docs":{"insertions":1,"deletions":1}}}]},{"date":"2021-10-05","commitResults":[{"hash":"0d6782e8b6701ff5ada5f43c8c0170e3d851768d","messageTitle":"Updated version of Command","messageBody":"","fileTypesAndContributionMap":{"functional-code":{"insertions":137,"deletions":0}}}]},{"date":"2021-10-06","commitResults":[{"hash":"880731aefb2bb5fdb3ccbfa4207fbe822c5eb3d8","messageTitle":"Updated Classes and Command codes","messageBody":"","fileTypesAndContributionMap":{"functional-code":{"insertions":189,"deletions":16}}},{"hash":"cfdb56231dbf15be06676b0f16df71a95fecf07c","messageTitle":"Fixed codes for command and classes","messageBody":"","fileTypesAndContributionMap":{"functional-code":{"insertions":38,"deletions":57},"other":{"insertions":9,"deletions":9}}},{"hash":"8545ca3bb9e8dfa3f08b2eb630cee46d580aed87","messageTitle":"v2.0 Fixed codes for command and classes","messageBody":"","fileTypesAndContributionMap":{"functional-code":{"insertions":12,"deletions":12}}},{"hash":"3986210f5ca568135745dcd2245cf759efcf2f7d","messageTitle":"v3.0 Fixed command and classes","messageBody":"","fileTypesAndContributionMap":{"functional-code":{"insertions":36,"deletions":16}}}]},{"date":"2021-10-10","commitResults":[{"hash":"cf0463295257318ab9170a10a15be08b79b221ec","messageTitle":"Attempting to change the paths and locations of csv files","messageBody":"","fileTypesAndContributionMap":{"functional-code":{"insertions":2,"deletions":2}}},{"hash":"e4318f4b25e79be158c67f5cd4daa30cab29f583","messageTitle":"Added AddUniCommandParser Junit test","messageBody":"","fileTypesAndContributionMap":{"functional-code":{"insertions":3,"deletions":3},"test-code":{"insertions":51,"deletions":0}}},{"hash":"246328f27d3d41255049133f7d1c4b3283b292b1","messageTitle":"Resume changes in path","messageBody":"","fileTypesAndContributionMap":{"functional-code":{"insertions":1,"deletions":1}}},{"hash":"5e61f90f1ac51520636bfb892ed6aeefc292f248","messageTitle":"Fixed naming errors","messageBody":"","fileTypesAndContributionMap":{"test-code":{"insertions":5,"deletions":6}}}]},{"date":"2021-10-11","commitResults":[{"hash":"08e09c6ace56ae9bbc7ada3823276dca935e9cc4","messageTitle":"Added list /s and /t command","messageBody":"","fileTypesAndContributionMap":{"functional-code":{"insertions":33,"deletions":9}}},{"hash":"6a1893b5c4a82fed5f14e45b1d835df4ba530559","messageTitle":"fixed indentation","messageBody":"","fileTypesAndContributionMap":{"functional-code":{"insertions":6,"deletions":6}}}]},{"date":"2021-10-13","commitResults":[{"hash":"b49eda1e54ae2a05168f47ed11c1950a7286e17b","messageTitle":"commit before pulling","messageBody":"","fileTypesAndContributionMap":{"functional-code":{"insertions":5,"deletions":3}}},{"hash":"efb3cb9b8689eaf4d335523f1f583fe6661246e8","messageTitle":"Added assertion for command codes and added some additional methods in the classes","messageBody":"","fileTypesAndContributionMap":{"functional-code":{"insertions":43,"deletions":5}}},{"hash":"58b26611cbdf190ee1dcd22ac3780c3e3a7da45f","messageTitle":"fixed line lengths","messageBody":"","fileTypesAndContributionMap":{"functional-code":{"insertions":6,"deletions":3}}},{"hash":"74fbfc5ae63b7f09c98077e7dd8454084abc5eb0","messageTitle":"deleting some assertions","messageBody":"","fileTypesAndContributionMap":{"functional-code":{"insertions":6,"deletions":6}}},{"hash":"fb8e22440e9a361b6fd7bba2a47e19571b0babeb","messageTitle":"fixed remove command parser test","messageBody":"","fileTypesAndContributionMap":{"functional-code":{"insertions":7,"deletions":7},"test-code":{"insertions":2,"deletions":2}}}]},{"date":"2021-10-20","commitResults":[{"hash":"07b86dcc2f25a27bcb75c83fd0b8cdc87a95a29c","messageTitle":"commit before pull","messageBody":"","fileTypesAndContributionMap":{"functional-code":{"insertions":4,"deletions":1}}},{"hash":"c079b981c40190b14654045b5fda260173fcfa2c","messageTitle":"Updated commands","messageBody":"","fileTypesAndContributionMap":{"functional-code":{"insertions":81,"deletions":25}}},{"hash":"118223aca73d946efcc9f66103c05e100b10a900","messageTitle":"Updated DG","messageBody":"","fileTypesAndContributionMap":{"docs":{"insertions":6,"deletions":1}}}]},{"date":"2021-10-21","commitResults":[{"hash":"f0e2555c5bb3bddd4d8f7604329b1cd813ade171","messageTitle":"commit before pull","messageBody":"","fileTypesAndContributionMap":{"functional-code":{"insertions":45,"deletions":15}}},{"hash":"ed48c001a02f222373dca43bec685ffd358cf450","messageTitle":"Updated commands","messageBody":"","fileTypesAndContributionMap":{"functional-code":{"insertions":76,"deletions":129}}},{"hash":"ea8d7c6f516e6a898e9f7e64391ff7fef91fb967","messageTitle":"fixed some errors","messageBody":"","fileTypesAndContributionMap":{"functional-code":{"insertions":46,"deletions":47}}},{"hash":"e3c255c3e54da67b8036acd11141c1e67e4928dd","messageTitle":"fixed some error again","messageBody":"","fileTypesAndContributionMap":{"functional-code":{"insertions":21,"deletions":11}}},{"hash":"19f5c101276fffa625322cb007b9fa693ed586be","messageTitle":"fixed some error","messageBody":"","fileTypesAndContributionMap":{"functional-code":{"insertions":21,"deletions":21}}},{"hash":"86208725cf1ed2036959535385dfc9169cee95c3","messageTitle":"commit 2.0 update before pull","messageBody":"","fileTypesAndContributionMap":{"functional-code":{"insertions":157,"deletions":15}}},{"hash":"e4e8270a45d63c79efdab99171c8c83196c9c040","messageTitle":"fixed commands","messageBody":"","fileTypesAndContributionMap":{"functional-code":{"insertions":52,"deletions":116}}},{"hash":"1ccd5f9936d5824e31c26074e435b9f57ef7db26","messageTitle":"fixed error","messageBody":"","fileTypesAndContributionMap":{"functional-code":{"insertions":1,"deletions":1}}},{"hash":"906c562066fdf6409a61dabc276c79ecd2db044f","messageTitle":"fixed parser tests","messageBody":"","fileTypesAndContributionMap":{"functional-code":{"insertions":9,"deletions":0},"other":{"insertions":1,"deletions":0},"test-code":{"insertions":46,"deletions":22}}},{"hash":"55fe00c2072db6df56f8faeb21263891fd116f47","messageTitle":"fixed error","messageBody":"","fileTypesAndContributionMap":{"test-code":{"insertions":2,"deletions":1}}},{"hash":"3db1f3289c81495f856d24bba5980ad4173e2449","messageTitle":"fixed test bugs","messageBody":"","fileTypesAndContributionMap":{"functional-code":{"insertions":3,"deletions":17},"test-code":{"insertions":6,"deletions":6}}},{"hash":"385389f9d3747b5f8ed0cbce19ee2874d5092311","messageTitle":"fixed error","messageBody":"","fileTypesAndContributionMap":{"functional-code":{"insertions":2,"deletions":2}}},{"hash":"9caa658c666cd7b4cb13a31486c78786b18be51c","messageTitle":"Fixed test-UI","messageBody":"","fileTypesAndContributionMap":{"functional-code":{"insertions":34,"deletions":34},"other":{"insertions":0,"deletions":2}}},{"hash":"878e316402b85174f06882c789a4dbad55f8c039","messageTitle":"fixed UI","messageBody":"","fileTypesAndContributionMap":{"other":{"insertions":1,"deletions":1}}},{"hash":"dc7bde24c4f0f8ef59cdde6e8268f22cf0add179","messageTitle":"fixed mod and uni index","messageBody":"","fileTypesAndContributionMap":{"functional-code":{"insertions":26,"deletions":12}}},{"hash":"610304621a6bb90739a1f7993dd7532856f1ad4a","messageTitle":"check changes","messageBody":"","fileTypesAndContributionMap":{"functional-code":{"insertions":0,"deletions":1}}},{"hash":"bd3217483b0e9cb48eba144a5e639b8cb0b0b19a","messageTitle":"fixed error","messageBody":"","fileTypesAndContributionMap":{"functional-code":{"insertions":2,"deletions":1}}},{"hash":"64770390765ec7cd97b2ccbc25396a08e955fa58","messageTitle":"fixed modulemapping","messageBody":"","fileTypesAndContributionMap":{"functional-code":{"insertions":22,"deletions":10}}},{"hash":"d60a91a23db1bc9c943339b2a7c8a0dfc0480ba1","messageTitle":"fix removeparser","messageBody":"","fileTypesAndContributionMap":{"functional-code":{"insertions":4,"deletions":1}}}]},{"date":"2021-10-22","commitResults":[{"hash":"87bd9ea35a14115020be116e7c76518935969644","messageTitle":"commit before pull","messageBody":"","fileTypesAndContributionMap":{"docs":{"insertions":2,"deletions":0}}},{"hash":"da4596cbd95d711a058dad97ea616d58cdee4a24","messageTitle":"update user guide","messageBody":"","fileTypesAndContributionMap":{"docs":{"insertions":18,"deletions":1}}},{"hash":"f5e6f95f127292c09d50d7a548742819b787d3c9","messageTitle":"Update UG list command","messageBody":"","fileTypesAndContributionMap":{"docs":{"insertions":42,"deletions":14}}}]},{"date":"2021-10-24","commitResults":[{"hash":"ebf09e7c597785f7d675d956f89b3a0028309be4","messageTitle":"fixed findmod, removemod, removeuni and tests","messageBody":"","fileTypesAndContributionMap":{"functional-code":{"insertions":83,"deletions":32},"test-code":{"insertions":2,"deletions":2}}},{"hash":"08ea33f9f53554e4a1ef14cc479fedf536311fc4","messageTitle":"fixed format","messageBody":"","fileTypesAndContributionMap":{"functional-code":{"insertions":10,"deletions":6}}},{"hash":"44298c3223ebc66140bd9ebefe523fb2099063c1","messageTitle":"fixed test ui","messageBody":"","fileTypesAndContributionMap":{"functional-code":{"insertions":2,"deletions":2}}}]},{"date":"2021-10-25","commitResults":[{"hash":"3f1ce77222d3c661714977ef90b546d9ef7673ed","messageTitle":"remove map check","messageBody":"","fileTypesAndContributionMap":{"functional-code":{"insertions":1,"deletions":1}}},{"hash":"87c094d19f4af95010725d00f76b44f9ee583530","messageTitle":"fixed remove map","messageBody":"","fileTypesAndContributionMap":{"functional-code":{"insertions":20,"deletions":12}}},{"hash":"2ff46e66353d0d9aa8d14f769754caa63e85a7df","messageTitle":"fixed remove map error","messageBody":"","fileTypesAndContributionMap":{"functional-code":{"insertions":0,"deletions":2}}},{"hash":"50ba00b0c569f9b55b97ab8b82759edea4de8d09","messageTitle":"fixed error","messageBody":"","fileTypesAndContributionMap":{"functional-code":{"insertions":5,"deletions":10},"test-code":{"insertions":2,"deletions":2}}}]},{"date":"2021-10-26","commitResults":[{"hash":"7b2c0d877e3519c154a8f10d6cbde1452198be42","messageTitle":"Add DG command diagram","messageBody":"","fileTypesAndContributionMap":{"docs":{"insertions":1,"deletions":0}}}]},{"date":"2021-10-27","commitResults":[{"hash":"991886c8f04da977947172ddd55db30ab4cf7f10","messageTitle":"ficed add and remove map","messageBody":"","fileTypesAndContributionMap":{"functional-code":{"insertions":2,"deletions":2}}}]}],"MAZJ124":[{"date":"2021-09-30","commitResults":[{"hash":"8b08dad2d2e108d720d3b3aed027583a515f0f64","messageTitle":"Update AboutUs","messageBody":"","fileTypesAndContributionMap":{"docs":{"insertions":1,"deletions":1}}}]},{"date":"2021-10-06","commitResults":[{"hash":"3e8a675f37e743666cb67572cbbdca9056242019","messageTitle":"Split classes by category","messageBody":"","fileTypesAndContributionMap":{"other":{"insertions":14,"deletions":29}}},{"hash":"cdd4f3ca7bf86787576e94e1945a2bdafbfe8eb5","messageTitle":"Fix typo","messageBody":"","fileTypesAndContributionMap":{"functional-code":{"insertions":0,"deletions":1}}}]},{"date":"2021-10-11","commitResults":[{"hash":"469b9c5fcdeae812609a9502474dae28060490fb","messageTitle":"Add JUnit test for list command","messageBody":"","fileTypesAndContributionMap":{"test-code":{"insertions":48,"deletions":0}}}]},{"date":"2021-10-12","commitResults":[{"hash":"7e54289a6c75fdb873af7208604740292b3273b1","messageTitle":"Update JUnit test for list command","messageBody":"","fileTypesAndContributionMap":{"functional-code":{"insertions":4,"deletions":4},"test-code":{"insertions":19,"deletions":4}}}]},{"date":"2021-10-13","commitResults":[{"hash":"c4e4a8dff771d27655dd15eb04a91d0d38638d2a","messageTitle":"Update JUnit testing after change in command class","messageBody":"","fileTypesAndContributionMap":{"test-code":{"insertions":51,"deletions":25}}},{"hash":"c5583834777c359ae1f51bcf83d18abbe3bdadaf","messageTitle":"Add assertion for university list and module list class","messageBody":"","fileTypesAndContributionMap":{"functional-code":{"insertions":6,"deletions":2}}}]},{"date":"2021-10-19","commitResults":[{"hash":"c91198da0546600ae6845d9ab90bb28020c31c52","messageTitle":"Implement master list index for universities","messageBody":"","fileTypesAndContributionMap":{"functional-code":{"insertions":29,"deletions":14}}},{"hash":"8284a69303cbaa9754220dfe7d76d0e32c88b606","messageTitle":"Implement search map feature, calling by university name","messageBody":"","fileTypesAndContributionMap":{"functional-code":{"insertions":48,"deletions":17},"test-code":{"insertions":1,"deletions":1}}},{"hash":"08ef3d9f92489ff52a4ee953058946bc895f9822","messageTitle":"Implement search map feature, calling by university index","messageBody":"","fileTypesAndContributionMap":{"functional-code":{"insertions":20,"deletions":12},"test-code":{"insertions":57,"deletions":57}}},{"hash":"3ac0affdc7a94a8a0e6a8a214e3dcc799fe15133","messageTitle":"Refractor code: easier for addmap command to access mappings via index","messageBody":"","fileTypesAndContributionMap":{"functional-code":{"insertions":25,"deletions":11}}}]},{"date":"2021-10-20","commitResults":[{"hash":"e6686974a5186198c1cea4d86eb2845d8166dfe2","messageTitle":"Edit developer guide","messageBody":"","fileTypesAndContributionMap":{"docs":{"insertions":5,"deletions":2}}},{"hash":"9f9779bb2d55258c211366a0fd87520171ef9e19","messageTitle":"Update developer guide","messageBody":"","fileTypesAndContributionMap":{"docs":{"insertions":4,"deletions":4}}}]},{"date":"2021-10-21","commitResults":[{"hash":"36f48c82795be640f6db89b14aaa273bcb72def9","messageTitle":"Save changes to pull changes from upstream","messageBody":"","fileTypesAndContributionMap":{"functional-code":{"insertions":72,"deletions":4}}},{"hash":"13767d62e37f564673ad3e57f1b11c0a64cdd20c","messageTitle":"Implement find feature for both universities and modules","messageBody":"","fileTypesAndContributionMap":{"functional-code":{"insertions":28,"deletions":11}}},{"hash":"d2dacfd7f324f73c53c3644f83befe0ff0903767","messageTitle":"Refactor Ui","messageBody":"","fileTypesAndContributionMap":{"functional-code":{"insertions":2,"deletions":2},"test-code":{"insertions":15,"deletions":1}}},{"hash":"ccdf95eb971c7326e127fc0c5a0080580e8c23e0","messageTitle":"Fix bug for displaying university index","messageBody":"","fileTypesAndContributionMap":{"functional-code":{"insertions":16,"deletions":17}}},{"hash":"bdba4490808d4e328cedbc653f4fc79d128e606c","messageTitle":"Save changes and pull from upstream","messageBody":"","fileTypesAndContributionMap":{"docs":{"insertions":18,"deletions":0}}}]},{"date":"2021-10-22","commitResults":[{"hash":"c27eb95a18b9254b90994b6189ec4b0f7eec3103","messageTitle":"Save changes to pull from upstream","messageBody":"","fileTypesAndContributionMap":{"docs":{"insertions":77,"deletions":22}}}]},{"date":"2021-10-23","commitResults":[{"hash":"154886ec5b6580f794e132c315b68935fa034c86","messageTitle":"Add master list index as attribute of University class","messageBody":"","fileTypesAndContributionMap":{"functional-code":{"insertions":43,"deletions":17}}},{"hash":"2ee0ff4bd9c7616fd26cb556f88163601faf9ec3","messageTitle":"Save changes to pull from upstream","messageBody":"","fileTypesAndContributionMap":{"functional-code":{"insertions":20,"deletions":6}}},{"hash":"f09cf4bbac90deeb2b999fe85354e9938e4dc6a7","messageTitle":"Implement add map features, improve list selected univeristy feature","messageBody":"","fileTypesAndContributionMap":{"functional-code":{"insertions":19,"deletions":13}}}]},{"date":"2021-10-24","commitResults":[{"hash":"5ef6f0593f890e454deebf86817d74706638fa37","messageTitle":"Fix bug for add map command","messageBody":"","fileTypesAndContributionMap":{"functional-code":{"insertions":11,"deletions":2}}}]},{"date":"2021-10-25","commitResults":[{"hash":"f54e1eae9da56f26676ed31a26f197a9d1e71cb9","messageTitle":"Save changes for further testing","messageBody":"","fileTypesAndContributionMap":{"functional-code":{"insertions":28,"deletions":20}}},{"hash":"5acac1ec5fdb662245cace25796f116f3402ee63","messageTitle":"Add master list index as attribute of module class","messageBody":"","fileTypesAndContributionMap":{"functional-code":{"insertions":18,"deletions":17}}},{"hash":"647c538fac0d63a943674fbb822f3657c967074a","messageTitle":"Handle exception for invalid mapping index in add map","messageBody":"","fileTypesAndContributionMap":{"functional-code":{"insertions":10,"deletions":0}}},{"hash":"5697c0b06a339a3990bac9569d8fc163c92a6045","messageTitle":"Save changes to pull from upstream","messageBody":"","fileTypesAndContributionMap":{"functional-code":{"insertions":8,"deletions":0},"test-code":{"insertions":1,"deletions":1}}},{"hash":"1ed1a6c64773eb85c5947e7fa54d19c998aebcf3","messageTitle":"Detect duplicate map STILL NOT WORKING","messageBody":"","fileTypesAndContributionMap":{"functional-code":{"insertions":12,"deletions":6}}},{"hash":"b66970aa0a0dae01c463ca4bbf4f4239d84a4193","messageTitle":"Save changes to pull from upstream","messageBody":"","fileTypesAndContributionMap":{"docs":{"insertions":25,"deletions":4}}},{"hash":"00a873f40f29be37d69bbc469527d277705e77f3","messageTitle":"Add content page and some missing outputs to UG","messageBody":"","fileTypesAndContributionMap":{"docs":{"insertions":32,"deletions":14}}},{"hash":"1a90b5683fb6230da882fde23f1690745ecd6e17","messageTitle":"Add grammar fix to UG","messageBody":"","fileTypesAndContributionMap":{"docs":{"insertions":14,"deletions":14}}}]},{"date":"2021-10-26","commitResults":[{"hash":"ce4d5a59585c60edfb4531229531c3314c0f5f32","messageTitle":"Save changes to pull from upstream","messageBody":"","fileTypesAndContributionMap":{"docs":{"insertions":156,"deletions":0}}},{"hash":"09ee323fbe555ba271027c71cfde97663ec39d60","messageTitle":"Update diagram for DG","messageBody":"","fileTypesAndContributionMap":{"docs":{"insertions":4,"deletions":156}}},{"hash":"ee68917bccb200b6668ee3e143c32ae6946ede66","messageTitle":"Add exceptions for invalid inputs in remove map command","messageBody":"","fileTypesAndContributionMap":{"functional-code":{"insertions":24,"deletions":5}}},{"hash":"b9e9c3a2782eb6a2e23a0d96c68aeb55b0008384","messageTitle":"Update DG on university and module related classes, add Main Components section","messageBody":"","fileTypesAndContributionMap":{"docs":{"insertions":45,"deletions":18}}},{"hash":"31512149202350a1912294fcf35cd559203e183a","messageTitle":"Save changes to pull from upstream","messageBody":"","fileTypesAndContributionMap":{"docs":{"insertions":1,"deletions":1}}}]},{"date":"2021-10-27","commitResults":[{"hash":"5c1a6a0b291b5f18e7b0b91ed6003ef60c24ff92","messageTitle":"Add exception for invalid index under searchmap","messageBody":"","fileTypesAndContributionMap":{"functional-code":{"insertions":3,"deletions":0}}}]},{"date":"2021-11-01","commitResults":[{"hash":"b5b38af626a30ef6e117d40349a563ab8f173870","messageTitle":"Update add mod feature to accept lower case input","messageBody":"","fileTypesAndContributionMap":{"functional-code":{"insertions":4,"deletions":6}}},{"hash":"243c6d85f057fc452ea3785cbf8ebdacbf9aed48","messageTitle":"Add find module feature via both index and name","messageBody":"","fileTypesAndContributionMap":{"functional-code":{"insertions":22,"deletions":5}}},{"hash":"8f8cedb0417fde89c70db321204c713819f5b833","messageTitle":"Update flags used for find commands","messageBody":"","fileTypesAndContributionMap":{"functional-code":{"insertions":12,"deletions":12},"docs":{"insertions":1,"deletions":1}}},{"hash":"e2bf688a5b87a118fcd7d9296aff089991a41bc8","messageTitle":"Update UG and DG on chanegs made to commands","messageBody":"","fileTypesAndContributionMap":{"docs":{"insertions":50,"deletions":11}}}]}],"madhanse":[{"date":"2021-09-30","commitResults":[{"hash":"779dd44a5463399d01e6114e7ad3fb05e47187e7","messageTitle":"Updating the portfolio","messageBody":"","fileTypesAndContributionMap":{"docs":{"insertions":1,"deletions":1}}},{"hash":"69227b31f70bec2603a1aa43135734a21ba2df47","messageTitle":"Updating my portfolio","messageBody":"","fileTypesAndContributionMap":{"docs":{"insertions":1,"deletions":1}}}]},{"date":"2021-10-06","commitResults":[{"hash":"646d4a2d31d095f906fca68bc8e3fbd210905130","messageTitle":"Reading from CSV file","messageBody":"To extract the possible module mappings from each university\n","fileTypesAndContributionMap":{"functional-code":{"insertions":43,"deletions":0}}},{"hash":"c870d37c9ef68400a551996e339b0be2fa9535a8","messageTitle":"Reading from CSV file","messageBody":"To extract possible module mappings\n","fileTypesAndContributionMap":{"functional-code":{"insertions":125,"deletions":0}}},{"hash":"f0347f511dc4a7867ef198e2d44576357ac78a73","messageTitle":"Fixing errors in code style","messageBody":"","fileTypesAndContributionMap":{"functional-code":{"insertions":9,"deletions":9}}}]},{"date":"2021-10-07","commitResults":[{"hash":"effd34e013a43fde471fb205dca9cb3b21f6995c","messageTitle":"Adding a csv file to store all the valid NUS modules","messageBody":"","fileTypesAndContributionMap":{"functional-code":{"insertions":19,"deletions":3}}}]},{"date":"2021-10-09","commitResults":[{"hash":"f43ab9fa6d4be155831c48a5ff4043f23ece2fb5","messageTitle":"Updating the reading from csv files functions","messageBody":"Adding a junit test\n","fileTypesAndContributionMap":{"functional-code":{"insertions":41,"deletions":9},"test-code":{"insertions":41,"deletions":0}}},{"hash":"262f6c5628fbdd0a1c9dca885b5ec64052233115","messageTitle":"Fixing minor errors","messageBody":"","fileTypesAndContributionMap":{"functional-code":{"insertions":1,"deletions":1}}},{"hash":"da698d1169f23558b14a88fc75ea530a2e4522e1","messageTitle":"Fixing code style errors","messageBody":"","fileTypesAndContributionMap":{"test-code":{"insertions":4,"deletions":4}}}]},{"date":"2021-10-13","commitResults":[{"hash":"e55c9083610eedc3fa6522b3195781b4773717ac","messageTitle":"Adding assertions and loggers to storage","messageBody":"","fileTypesAndContributionMap":{"functional-code":{"insertions":41,"deletions":17},"test-code":{"insertions":10,"deletions":5}}},{"hash":"21fabb926ab43c90e122468e68b36649f754ed4b","messageTitle":"Editing assertions","messageBody":"","fileTypesAndContributionMap":{"functional-code":{"insertions":5,"deletions":5},"other":{"insertions":1,"deletions":0}}},{"hash":"12480643cc7ef7339cfa48c93916db6ac7a4b876","messageTitle":"Using InputStream to read CSV files","messageBody":"","fileTypesAndContributionMap":{"functional-code":{"insertions":16,"deletions":14}}}]},{"date":"2021-10-19","commitResults":[{"hash":"4055f7545931ab7518895e7c463455f12b1f477d","messageTitle":"Adding storage for storing selected modules and universities in the text file.","messageBody":"","fileTypesAndContributionMap":{"functional-code":{"insertions":247,"deletions":18},"other":{"insertions":17,"deletions":34},"test-code":{"insertions":12,"deletions":21}}},{"hash":"0928b8050d904c6bc1645bd5f90f272376cc0ab1","messageTitle":"Updating the code to match coding standards","messageBody":"","fileTypesAndContributionMap":{"functional-code":{"insertions":6,"deletions":6},"test-code":{"insertions":0,"deletions":2}}}]},{"date":"2021-10-20","commitResults":[{"hash":"0e1822271ed7207cadb960c0b30fb16cf58f569c","messageTitle":"Adding the information of Storage component into the DG","messageBody":"","fileTypesAndContributionMap":{"functional-code":{"insertions":1,"deletions":1},"docs":{"insertions":10,"deletions":2}}}]},{"date":"2021-10-22","commitResults":[{"hash":"5a29cdf5ede2069c938758fe89f476fab1415a7a","messageTitle":"Fixing Errors in Storage","messageBody":"","fileTypesAndContributionMap":{"functional-code":{"insertions":6,"deletions":1}}},{"hash":"4a8d7a4dd96c81abb13a67b101c619a4a0be789c","messageTitle":"Updating the User Guide","messageBody":"","fileTypesAndContributionMap":{"functional-code":{"insertions":2,"deletions":1},"docs":{"insertions":22,"deletions":16}}},{"hash":"88531c1205a1ae52923f2b41a882b39510909b67","messageTitle":"Updating the user guide","messageBody":"","fileTypesAndContributionMap":{"docs":{"insertions":19,"deletions":7}}}]},{"date":"2021-10-24","commitResults":[{"hash":"6d4d431a55499eb889fcf149470cb110c9695b57","messageTitle":"Fixing some bugs in Storage and make the storage classes more abstract","messageBody":"","fileTypesAndContributionMap":{"functional-code":{"insertions":102,"deletions":53}}}]},{"date":"2021-10-25","commitResults":[{"hash":"7349a24162e2415fe3c98d4c45dbbd3fae433957","messageTitle":"Updating storage methods for Junit","messageBody":"","fileTypesAndContributionMap":{"test-code":{"insertions":37,"deletions":25}}},{"hash":"b9e0608b191fbd87e75d6b8c92cc07a0cf0b1b94","messageTitle":"Fixing minor errors","messageBody":"","fileTypesAndContributionMap":{"test-code":{"insertions":0,"deletions":2}}},{"hash":"54818e478eb29d77a92cbeaa41f8de35793b4859","messageTitle":"Fixing minor errors","messageBody":"","fileTypesAndContributionMap":{"test-code":{"insertions":3,"deletions":3}}},{"hash":"2878b859aa96426de5b83924fd69ce40641e5fcb","messageTitle":"Updating the Junit tests based on the changes in the main code","messageBody":"","fileTypesAndContributionMap":{"test-code":{"insertions":25,"deletions":15}}},{"hash":"da56a491a502da469cb1e950de73710751e3bf9a","messageTitle":"Updating the code style for two files","messageBody":"","fileTypesAndContributionMap":{"functional-code":{"insertions":4,"deletions":1}}}]},{"date":"2021-10-26","commitResults":[{"hash":"fd9c1adf227bf75434a2246d8fa7435de04310b3","messageTitle":"Adding the class diagram","messageBody":"","fileTypesAndContributionMap":{"functional-code":{"insertions":19,"deletions":22},"docs":{"insertions":43,"deletions":0},"test-code":{"insertions":1,"deletions":7}}},{"hash":"c88796485852491c9ccd906e53a5d5909c89f8ad","messageTitle":"Editing the DG","messageBody":"","fileTypesAndContributionMap":{"docs":{"insertions":1,"deletions":1}}},{"hash":"d841f8c718344e429bad089accf801a1442b71e8","messageTitle":"Expanding the diagram","messageBody":"","fileTypesAndContributionMap":{"docs":{"insertions":1,"deletions":1}}},{"hash":"4ac08e3e77ca4264e9e00d5b5245b645ed7f01da","messageTitle":"Fixing errors in DG","messageBody":"","fileTypesAndContributionMap":{"docs":{"insertions":7,"deletions":7}}},{"hash":"a8881450d3c29f21e064176c4a885ab84f72cc4f","messageTitle":"Fixing minor changes","messageBody":"","fileTypesAndContributionMap":{"docs":{"insertions":1,"deletions":1}}},{"hash":"e45007fc88ba06003370bd457b1c5361f8ac98b9","messageTitle":"Reducing the size of the image","messageBody":"","fileTypesAndContributionMap":{"docs":{"insertions":1,"deletions":1}}},{"hash":"c1ed095a99e20d56b4eee82e762c6f916972d3d7","messageTitle":"Center aligning the image","messageBody":"","fileTypesAndContributionMap":{"docs":{"insertions":2,"deletions":0}}},{"hash":"fc8596f2368c61f38965170b17955952c9ccc9cf","messageTitle":"Editing the image","messageBody":"","fileTypesAndContributionMap":{"docs":{"insertions":1,"deletions":1}}},{"hash":"fe3e883c99c9672a0e9e95e4bdc9158d591e6419","messageTitle":"Fix typo","messageBody":"","fileTypesAndContributionMap":{"docs":{"insertions":1,"deletions":1}}},{"hash":"216341b962507c981f800febc999b0f12a0c912c","messageTitle":"Updating the developer guide","messageBody":"","fileTypesAndContributionMap":{"docs":{"insertions":18,"deletions":4}}},{"hash":"0ef7222e74c58f80af6872b0e68d3e7ea640c6a8","messageTitle":"Updating DG","messageBody":"","fileTypesAndContributionMap":{"docs":{"insertions":1,"deletions":1}}}]},{"date":"2021-10-27","commitResults":[{"hash":"782f8f6926be91c9b4a10127aaac8782ca9335b5","messageTitle":"Amending the image","messageBody":"","fileTypesAndContributionMap":{"docs":{"insertions":10,"deletions":10}}},{"hash":"11b3778e7c21bfc29e808d5c967b68223f05ae4d","messageTitle":"Amending the image","messageBody":"","fileTypesAndContributionMap":{"docs":{"insertions":12,"deletions":12}}},{"hash":"1058e114d158e3de146c59d61cb8a97425b002b0","messageTitle":"Amending the image","messageBody":"","fileTypesAndContributionMap":{"docs":{"insertions":11,"deletions":12}}},{"hash":"11d668890e20146cbedfc6b2ef78fe596e524632","messageTitle":"Adding a space","messageBody":"","fileTypesAndContributionMap":{"docs":{"insertions":1,"deletions":0}}},{"hash":"3ab8fbf53303c35782f23b2122b95db8bc3ba0cb","messageTitle":"Adding hyperlinks to DG","messageBody":"","fileTypesAndContributionMap":{"docs":{"insertions":33,"deletions":13}}},{"hash":"002cbef5d9f971a701d091e292e0def534407daa","messageTitle":"Changing the formatting of DG","messageBody":"","fileTypesAndContributionMap":{"docs":{"insertions":8,"deletions":8}}}]},{"date":"2021-10-28","commitResults":[{"hash":"3d10a3ea56735e328db40050664c1c79b5e2a14c","messageTitle":"Fixing hyperlink errors in DG","messageBody":"","fileTypesAndContributionMap":{"docs":{"insertions":1,"deletions":1}}},{"hash":"66cb14ce4e11089b17d4bfa695cf016f341decd7","messageTitle":"Fixing minor errors in DG","messageBody":"","fileTypesAndContributionMap":{"docs":{"insertions":2,"deletions":2}}}]},{"date":"2021-11-02","commitResults":[{"hash":"990474c67eb7e68e3c1f1a786b10fd74ead7e298","messageTitle":"Adding more storage features to remove tampered data","messageBody":"","fileTypesAndContributionMap":{"functional-code":{"insertions":195,"deletions":47}}},{"hash":"d2ac0cec6e96b75ba5fd7748b4a9cc8df9d3d288","messageTitle":"Fixing errors found by gradle","messageBody":"","fileTypesAndContributionMap":{"functional-code":{"insertions":21,"deletions":29}}},{"hash":"3e5f7a2eb4de20bd677577b4af688305187ccf77","messageTitle":"Solve gradle errors","messageBody":"","fileTypesAndContributionMap":{"other":{"insertions":2,"deletions":2}}}]}]},"authorFileTypeContributionMap":{"leowyy99":{"docs":100,"functional-code":481,"test-code":39},"titustortoiseturtle1999":{"docs":476,"functional-code":610,"test-code":58,"other":973},"Jiale-Sun":{"docs":32,"functional-code":406,"test-code":99,"other":2},"MAZJ124":{"docs":175,"functional-code":263,"test-code":47},"madhanse":{"docs":110,"functional-code":483,"test-code":74,"other":3}},"authorContributionVariance":{"leowyy99":15697.133,"titustortoiseturtle1999":39208.8,"Jiale-Sun":30671.904,"MAZJ124":8113.0103,"madhanse":7232.3677},"authorDisplayNameMap":{"leowyy99":"CS2113T-T09-2 LEOW..YANG","titustortoiseturtle1999":"CS2113T-T09-2 NG C..ITUS","Jiale-Sun":"CS2113T-T09-2 SUN ..IALE","MAZJ124":"CS2113T-T09-2 MA Z..JIAN","madhanse":"CS2113T-T09-2 MADH..DIAN"}}
