{"authorDailyContributionsMap":{"Jon-the-MELON":[{"date":"2021-10-01","commitResults":[{"hash":"b79c5fdb67645fee6a8b37e458f0cd0172f0eee2","messageTitle":"edited about us","messageBody":"","fileTypesAndContributionMap":{"docs":{"insertions":1,"deletions":1}}}]},{"date":"2021-10-07","commitResults":[{"hash":"1cf88f17200b122114120459894cee1294823a56","messageTitle":"edited about us for me","messageBody":"","fileTypesAndContributionMap":{"docs":{"insertions":1,"deletions":1}}},{"hash":"66914767571a84712a41c833f284c3e21ccb4196","messageTitle":"added junit test for marks","messageBody":"","fileTypesAndContributionMap":{"functional-code":{"insertions":42,"deletions":0},"test-code":{"insertions":14,"deletions":0}}},{"hash":"d36757386bcc3bd241622896d4aa5ebf6d47b989","messageTitle":"Edited to fit coding style","messageBody":"","fileTypesAndContributionMap":{"functional-code":{"insertions":11,"deletions":11}}}]},{"date":"2021-10-11","commitResults":[{"hash":"53373cd32937f9bc7e2239191e9c2e0e65832626","messageTitle":"added list, average and set for marks. added marks attribute as hashmap in student class with assessment name as key.","messageBody":"","fileTypesAndContributionMap":{"functional-code":{"insertions":282,"deletions":11}}},{"hash":"1ed23b67968bb7330794bf3298920c09cf3ff3ef","messageTitle":"current process of error-handling (incomplete)","messageBody":"","fileTypesAndContributionMap":{"functional-code":{"insertions":42,"deletions":56}}},{"hash":"cee94c7083f129c145cf5cea6c9ddb91b22919ec","messageTitle":"current attempt at bug fixing","messageBody":"","fileTypesAndContributionMap":{"functional-code":{"insertions":10,"deletions":1}}},{"hash":"e8f32ae25b2a05e4e51d443b3fe34f78026b79ef","messageTitle":"finished error handling for now","messageBody":"","fileTypesAndContributionMap":{"functional-code":{"insertions":17,"deletions":6}}},{"hash":"e467e6ce440aee6db8bc16ee68101e75a48483da","messageTitle":"added todos for messages","messageBody":"","fileTypesAndContributionMap":{"functional-code":{"insertions":4,"deletions":1}}},{"hash":"afcac7942343cedea239ec266d3657bf0d17c445","messageTitle":"edited to pass Gradle checks and added documentation","messageBody":"","fileTypesAndContributionMap":{"functional-code":{"insertions":52,"deletions":19}}}]}],"hozhenhong99":[{"date":"2021-10-01","commitResults":[{"hash":"3d604a8c667f4d84311a580eea8aca4804e87feb","messageTitle":"add zhenhong about us","messageBody":"","fileTypesAndContributionMap":{"functional-code":{"insertions":2,"deletions":1},"docs":{"insertions":1,"deletions":1}}}]},{"date":"2021-10-07","commitResults":[{"hash":"e089e32a311ec8ff127d9e7efb86d53dd0aa0287","messageTitle":"add jon and zhenhong aboutus","messageBody":"","fileTypesAndContributionMap":{"docs":{"insertions":0,"deletions":0}}},{"hash":"a13db66c3abbc61ea8847fad6e8951d6d02bbfe7","messageTitle":"add jon and zhenhong about us","messageBody":"","fileTypesAndContributionMap":{"docs":{"insertions":4,"deletions":2}}},{"hash":"af9a0d2c3d30af287f4d8b5e85b84c4d4f9ff403","messageTitle":"implement testing for toString method of student","messageBody":"","fileTypesAndContributionMap":{"functional-code":{"insertions":37,"deletions":4},"test-code":{"insertions":14,"deletions":0}}}]},{"date":"2021-10-08","commitResults":[{"hash":"ca3573fbd665f8eb5a9b4a1346dd122c14d1df14","messageTitle":"implement add student","messageBody":"","fileTypesAndContributionMap":{"functional-code":{"insertions":89,"deletions":5}}}]},{"date":"2021-10-09","commitResults":[{"hash":"eba6d6c7eb4d9b25d4a025876f4b27bb7010f2e9","messageTitle":"make changes to javadoc","messageBody":"","fileTypesAndContributionMap":{"functional-code":{"insertions":7,"deletions":7}}},{"hash":"3abb48768da822073032a26b61dee9ffa8ea653d","messageTitle":"make changes to code formatting","messageBody":"","fileTypesAndContributionMap":{"functional-code":{"insertions":3,"deletions":2}}},{"hash":"b47e9819e4995e50a0ace2341958ae1b74044bb2","messageTitle":"change the importing of packages within parser","messageBody":"","fileTypesAndContributionMap":{"functional-code":{"insertions":5,"deletions":1}}},{"hash":"d9745a088ef72db444d79d6318990ff8e9788fa2","messageTitle":"implement basic commands for students","messageBody":"","fileTypesAndContributionMap":{"functional-code":{"insertions":56,"deletions":0}}},{"hash":"178ec5eef9c0783c6383c43f4406547e9909f98b","messageTitle":"update code formatting for student functions","messageBody":"","fileTypesAndContributionMap":{"functional-code":{"insertions":240,"deletions":19}}},{"hash":"20aa00b86fcf7fe28301f2123b05667e3a105466","messageTitle":"update code formatting","messageBody":"","fileTypesAndContributionMap":{"functional-code":{"insertions":2,"deletions":2}}},{"hash":"80b5400929e93b01e3148fadf5c4a12cf9f072d3","messageTitle":"delete mark class and mark tests","messageBody":"","fileTypesAndContributionMap":{"functional-code":{"insertions":0,"deletions":42},"test-code":{"insertions":0,"deletions":14}}}]}],"leyondlee":[{"date":"2021-10-01","commitResults":[{"hash":"af5039fea25c42fc2e3c86e5c4ccfb69340a6f05","messageTitle":"Add leyond aboutus","messageBody":"","fileTypesAndContributionMap":{"docs":{"insertions":2,"deletions":1}}}]},{"date":"2021-10-06","commitResults":[{"hash":"ba6fefde5a949f70318a62dc451d0e1bf23602e8","messageTitle":"Add Ui class","messageBody":"","fileTypesAndContributionMap":{"functional-code":{"insertions":70,"deletions":0}}},{"hash":"4f0a42d7124aed6ad67d86b9bf4bf7d78260b7ce","messageTitle":"Add base classes","messageBody":"","fileTypesAndContributionMap":{"functional-code":{"insertions":92,"deletions":0}}},{"hash":"fa6fe34d9779a4676a639483596b668886581502","messageTitle":"Implement ModuleList","messageBody":"","fileTypesAndContributionMap":{"functional-code":{"insertions":46,"deletions":0}}},{"hash":"40189954c82d2ec71c56c7794ed3f59dc9ef94bf","messageTitle":"Add add_module, exit, list_modules commands","messageBody":"","fileTypesAndContributionMap":{"functional-code":{"insertions":79,"deletions":0}}},{"hash":"6b7ca8f83c8d3fbbe64b43744577a7a1e15a3c48","messageTitle":"Implement command parser and base app","messageBody":"","fileTypesAndContributionMap":{"functional-code":{"insertions":121,"deletions":11}}},{"hash":"71e811cc9388c33efab8dd93614d2a659250e5e0","messageTitle":"Add message when exiting","messageBody":"","fileTypesAndContributionMap":{"functional-code":{"insertions":1,"deletions":0}}},{"hash":"e906193611b4dbb10315d3a1691c592ef6563f72","messageTitle":"Add argument parsing within Command class","messageBody":"","fileTypesAndContributionMap":{"functional-code":{"insertions":28,"deletions":14}}},{"hash":"b3bf61ba3103be852954578f555a1a93f6a06890","messageTitle":"Add comments and constants","messageBody":"","fileTypesAndContributionMap":{"functional-code":{"insertions":36,"deletions":11}}},{"hash":"7c7a5859ddca00856aedeab65e6950e837f9d112","messageTitle":"Refactor variable name to a more appropriate name","messageBody":"","fileTypesAndContributionMap":{"functional-code":{"insertions":2,"deletions":2}}},{"hash":"e1f7ae4188c1957f65d77a6c8c5a2782c3210bcd","messageTitle":"Handle empty array for Parser.getArgumentsFromString","messageBody":"","fileTypesAndContributionMap":{"functional-code":{"insertions":1,"deletions":1}}}]},{"date":"2021-10-07","commitResults":[{"hash":"dd29199701107f1ef1f247105a7e07fef21cb121","messageTitle":"Refactor main class and package name","messageBody":"","fileTypesAndContributionMap":{"functional-code":{"insertions":458,"deletions":0},"other":{"insertions":2,"deletions":2},"test-code":{"insertions":12,"deletions":0}}},{"hash":"024cc2548aa952ec5d441c4a1899e5b77761ed03","messageTitle":"Remove package with old name","messageBody":"","fileTypesAndContributionMap":{"functional-code":{"insertions":0,"deletions":458},"test-code":{"insertions":0,"deletions":12}}},{"hash":"ee4f4de052f1d72364db872ea21c82ebc2624368","messageTitle":"Add test for Parser.getArgumentsFromString","messageBody":"","fileTypesAndContributionMap":{"test-code":{"insertions":29,"deletions":0}}},{"hash":"4105e08130e0df520d4b3ec2d46e6e26aeaf06bb","messageTitle":"Add new line at end of file","messageBody":"","fileTypesAndContributionMap":{"test-code":{"insertions":1,"deletions":1}}},{"hash":"b1eaea703cc9aaea6e41151976b20c8f993c0dfa","messageTitle":"Remove wildcard import","messageBody":"","fileTypesAndContributionMap":{"test-code":{"insertions":2,"deletions":1}}}]},{"date":"2021-10-09","commitResults":[{"hash":"5dcf9fc88ae4f3922ea7fc64c228e46a9dfd9334","messageTitle":"Modify variable name to a consistent format","messageBody":"","fileTypesAndContributionMap":{"functional-code":{"insertions":2,"deletions":2}}},{"hash":"b3252f738d0b54d1888f4eb2f2ba8d6749d55593","messageTitle":"Add getters/setters and add student/assessment functions","messageBody":"","fileTypesAndContributionMap":{"functional-code":{"insertions":59,"deletions":3}}},{"hash":"b77d475e644f31802642494f73c937921d59816f","messageTitle":"Add function to search for module and comments","messageBody":"","fileTypesAndContributionMap":{"functional-code":{"insertions":29,"deletions":0}}},{"hash":"05703571ed35df7d1da4e9f5b641b4ba0427a0e5","messageTitle":"Refactor CustomException to TaaException","messageBody":"","fileTypesAndContributionMap":{"functional-code":{"insertions":7,"deletions":5},"other":{"insertions":0,"deletions":0}}},{"hash":"517556d9c0466df5d73bfc96a50e8b2dd3222628","messageTitle":"Add exception messages to module related commands","messageBody":"","fileTypesAndContributionMap":{"functional-code":{"insertions":38,"deletions":17}}},{"hash":"205d23c59407fd2be3561d03af4f4b6daffccfa4","messageTitle":"Add functions to access private variables in Module class","messageBody":"","fileTypesAndContributionMap":{"functional-code":{"insertions":91,"deletions":17}}},{"hash":"92da3c29d81aa5723161f6a49234a542678ca145","messageTitle":"Refactor and rearrange variables in Student class","messageBody":"","fileTypesAndContributionMap":{"functional-code":{"insertions":9,"deletions":9},"test-code":{"insertions":1,"deletions":1}}},{"hash":"13baf34190470a4e6138240b63b149fb5b3b0695","messageTitle":"Add getUsageMessage as an abstract function and getMissingArgumentMessage","messageBody":"","fileTypesAndContributionMap":{"functional-code":{"insertions":20,"deletions":2}}},{"hash":"0daa3c5229742ae29ed7e071eb6bc14baffef600","messageTitle":"Add TaaException class","messageBody":"","fileTypesAndContributionMap":{"functional-code":{"insertions":3,"deletions":4}}},{"hash":"17848cf52f9762bcc7873512255d62b3d96664a6","messageTitle":"Add exception messages and use Module functions in student related commands","messageBody":"","fileTypesAndContributionMap":{"functional-code":{"insertions":191,"deletions":119}}},{"hash":"df270fda3f50a8625bd6c7da96dcf4ee55f27b8f","messageTitle":"Add usage message to Exit command","messageBody":"","fileTypesAndContributionMap":{"functional-code":{"insertions":10,"deletions":4}}},{"hash":"6e383e22a4f095f2452b55da991228d4b35a60de","messageTitle":"Add Util class for basic utility functions","messageBody":"","fileTypesAndContributionMap":{"functional-code":{"insertions":15,"deletions":0}}},{"hash":"40960f3e102d516de1a7c79a01dd413cde9f6778","messageTitle":"Add empty line at end of file","messageBody":"","fileTypesAndContributionMap":{"functional-code":{"insertions":3,"deletions":3}}},{"hash":"5e5e83525eba5efb315e58663301296e641c9e4c","messageTitle":"Move variables closer to usage","messageBody":"","fileTypesAndContributionMap":{"functional-code":{"insertions":12,"deletions":17}}}]},{"date":"2021-10-10","commitResults":[{"hash":"c12e3a29c6477968c4019517071a70f9db61da2f","messageTitle":"Add empty line at end of file","messageBody":"","fileTypesAndContributionMap":{"test-code":{"insertions":1,"deletions":1}}},{"hash":"77307ddab733c2061989c5c3e2ff05e4ff9614f6","messageTitle":"Add formmatted list_assessments output","messageBody":"","fileTypesAndContributionMap":{"functional-code":{"insertions":32,"deletions":30}}},{"hash":"ff76f45005f69f9aa3202a31380959e745172a65","messageTitle":"Remove extra space","messageBody":"","fileTypesAndContributionMap":{"functional-code":{"insertions":0,"deletions":1}}},{"hash":"d122a04b3c5e82908c51b4aa1b46709e1ce85a00","messageTitle":"Add back accidentally deleted Mark class","messageBody":"","fileTypesAndContributionMap":{"functional-code":{"insertions":42,"deletions":0},"test-code":{"insertions":13,"deletions":0}}}]},{"date":"2021-10-11","commitResults":[{"hash":"923bdee7fbfa6035281b14168fb706bfe7ce2727","messageTitle":"Handle empty argument values for parser","messageBody":"","fileTypesAndContributionMap":{"functional-code":{"insertions":4,"deletions":2},"test-code":{"insertions":14,"deletions":0}}},{"hash":"ce95f0b995ca6bfebc8404151721340d33d6d0f8","messageTitle":"Add StudentList class to handle students","messageBody":"","fileTypesAndContributionMap":{"functional-code":{"insertions":96,"deletions":90}}},{"hash":"abc0e6017dcde1bbb9873a6d4f2a16298884090d","messageTitle":"Refactor to use StudentList class","messageBody":"","fileTypesAndContributionMap":{"functional-code":{"insertions":19,"deletions":20}}},{"hash":"1cbfafa4d1c9cf12be12568e4cdae4128c029bd1","messageTitle":"Add check for weightage value boundaries","messageBody":"","fileTypesAndContributionMap":{"functional-code":{"insertions":45,"deletions":29}}},{"hash":"63cbca947f81d2f4d5b21c6ce72c38754cec60df","messageTitle":"Refactor to use StudentList class","messageBody":"","fileTypesAndContributionMap":{"functional-code":{"insertions":135,"deletions":102}}},{"hash":"bbee07a81adcf92add35209149dcc83fcc1cd9e7","messageTitle":"Add constructor for StudentList class","messageBody":"","fileTypesAndContributionMap":{"functional-code":{"insertions":4,"deletions":0}}}]}],"daknam2001":[{"date":"2021-10-01","commitResults":[{"hash":"7939b7b2c56845e443772147fd9ee1969424cfe5","messageTitle":"add daknam.md","messageBody":"","fileTypesAndContributionMap":{"docs":{"insertions":2,"deletions":1}}}]},{"date":"2021-10-07","commitResults":[{"hash":"0a1bd605bea5748d2e8e9904f1874251c054ab48","messageTitle":"add toString for attendance and test","messageBody":"","fileTypesAndContributionMap":{"functional-code":{"insertions":20,"deletions":1},"test-code":{"insertions":14,"deletions":0}}},{"hash":"7d301b975418a3f403c62295a3e02d1e47fa8626","messageTitle":"fix format issues","messageBody":"","fileTypesAndContributionMap":{"functional-code":{"insertions":4,"deletions":4}}},{"hash":"02bbbb947d49cd64a948fad1f84576c82dc140c2","messageTitle":"fix importing with *","messageBody":"","fileTypesAndContributionMap":{"test-code":{"insertions":1,"deletions":1}}}]}],"rachelkeh":[{"date":"2021-10-01","commitResults":[{"hash":"dce78bb666abafa216d1b151bcc8699592940cf4","messageTitle":"add rachel aboutus.","messageBody":"","fileTypesAndContributionMap":{"docs":{"insertions":1,"deletions":1}}},{"hash":"eb84f91ad12fa07dc21b7e96161fe25a2cac1fdd","messageTitle":"add rachel aboutus.","messageBody":"","fileTypesAndContributionMap":{"docs":{"insertions":1,"deletions":1}}}]},{"date":"2021-10-10","commitResults":[{"hash":"462d9741721b4f9454f55cd47b3666a52cbb0c5e","messageTitle":"Add add_assessment command and AssessmentList and Assessment classes. Add comments for them too.","messageBody":"","fileTypesAndContributionMap":{"functional-code":{"insertions":167,"deletions":39},"test-code":{"insertions":24,"deletions":0}}},{"hash":"d3cdb8acf42b0e912146f65723b06cdca58c47d1","messageTitle":"Update code formatting to pass checkstyle test.","messageBody":"","fileTypesAndContributionMap":{"functional-code":{"insertions":16,"deletions":5}}},{"hash":"5c635ed74b33571ea488889f80a85964d7f3ad03","messageTitle":"update code to pass checkstyle test.","messageBody":"","fileTypesAndContributionMap":{"test-code":{"insertions":1,"deletions":1}}},{"hash":"f5117da47d0ae871af25e259778646c79b0179f4","messageTitle":"Add list_assessments command.","messageBody":"","fileTypesAndContributionMap":{"functional-code":{"insertions":49,"deletions":10}}},{"hash":"427cdbf67708b3bd27cbd5c74e4b1a507d6fac50","messageTitle":"Add comments for list_assessments.","messageBody":"","fileTypesAndContributionMap":{"functional-code":{"insertions":12,"deletions":0}}},{"hash":"e1e912b5a16a0cd8448854ac8760203637180265","messageTitle":"update code to pass checkstyle test.","messageBody":"","fileTypesAndContributionMap":{"functional-code":{"insertions":11,"deletions":1}}}]}]},"authorFileTypeContributionMap":{"Jon-the-MELON":{"docs":0,"functional-code":299,"test-code":0},"hozhenhong99":{"docs":4,"functional-code":245,"test-code":13},"leyondlee":{"docs":2,"functional-code":1144,"test-code":48,"other":2},"daknam2001":{"docs":2,"functional-code":20,"test-code":14},"rachelkeh":{"docs":1,"functional-code":149,"test-code":23}},"authorContributionVariance":{"Jon-the-MELON":13965.383,"hozhenhong99":9066.762,"leyondlee":90928.3,"daknam2001":111.67474,"rachelkeh":6241.8823},"authorDisplayNameMap":{"Jon-the-MELON":"CS2113T-F12-3 JON ..KIAT","hozhenhong99":"CS2113T-F12-3 HO Z..HONG","leyondlee":"CS2113T-F12-3 LEE ..YOND","daknam2001":"CS2113T-F12-3 KONG.. NAM","rachelkeh":"CS2113T-F12-3 KEH ..CHEL"}}
