{"authorDailyContributionsMap":{"Jon-the-MELON":[{"date":"2021-10-01","commitResults":[{"hash":"b79c5fdb67645fee6a8b37e458f0cd0172f0eee2","messageTitle":"edited about us","messageBody":"","fileTypesAndContributionMap":{"docs":{"insertions":1,"deletions":1}}}]},{"date":"2021-10-07","commitResults":[{"hash":"1cf88f17200b122114120459894cee1294823a56","messageTitle":"edited about us for me","messageBody":"","fileTypesAndContributionMap":{"docs":{"insertions":1,"deletions":1}}},{"hash":"66914767571a84712a41c833f284c3e21ccb4196","messageTitle":"added junit test for marks","messageBody":"","fileTypesAndContributionMap":{"functional-code":{"insertions":42,"deletions":0},"test-code":{"insertions":14,"deletions":0}}},{"hash":"d36757386bcc3bd241622896d4aa5ebf6d47b989","messageTitle":"Edited to fit coding style","messageBody":"","fileTypesAndContributionMap":{"functional-code":{"insertions":11,"deletions":11}}}]},{"date":"2021-10-11","commitResults":[{"hash":"53373cd32937f9bc7e2239191e9c2e0e65832626","messageTitle":"added list, average and set for marks. added marks attribute as hashmap in student class with assessment name as key.","messageBody":"","fileTypesAndContributionMap":{"functional-code":{"insertions":282,"deletions":11}}},{"hash":"1ed23b67968bb7330794bf3298920c09cf3ff3ef","messageTitle":"current process of error-handling (incomplete)","messageBody":"","fileTypesAndContributionMap":{"functional-code":{"insertions":42,"deletions":56}}},{"hash":"cee94c7083f129c145cf5cea6c9ddb91b22919ec","messageTitle":"current attempt at bug fixing","messageBody":"","fileTypesAndContributionMap":{"functional-code":{"insertions":10,"deletions":1}}},{"hash":"e8f32ae25b2a05e4e51d443b3fe34f78026b79ef","messageTitle":"finished error handling for now","messageBody":"","fileTypesAndContributionMap":{"functional-code":{"insertions":17,"deletions":6}}},{"hash":"e467e6ce440aee6db8bc16ee68101e75a48483da","messageTitle":"added todos for messages","messageBody":"","fileTypesAndContributionMap":{"functional-code":{"insertions":4,"deletions":1}}},{"hash":"afcac7942343cedea239ec266d3657bf0d17c445","messageTitle":"edited to pass Gradle checks and added documentation","messageBody":"","fileTypesAndContributionMap":{"functional-code":{"insertions":52,"deletions":19}}}]},{"date":"2021-10-13","commitResults":[{"hash":"e8fd5daa21ab18cf263b5fa56ee118d5e07b883f","messageTitle":"added assert and junit testing for student marks","messageBody":"","fileTypesAndContributionMap":{"test-code":{"insertions":11,"deletions":1}}},{"hash":"95e4592f330393d7f758370ca2c2472652aa44fb","messageTitle":"added assertions for marks commands.","messageBody":"","fileTypesAndContributionMap":{"functional-code":{"insertions":1,"deletions":0}}},{"hash":"99f9e463accaa33775e91851da0ce66a143e5733","messageTitle":"asserted \u003e\u003d 0 instead of \u003e 0 for marks setting","messageBody":"","fileTypesAndContributionMap":{"functional-code":{"insertions":1,"deletions":1}}}]},{"date":"2021-10-21","commitResults":[{"hash":"0760f1d506ec80491a95a78304e116f00fc9f967","messageTitle":"Added edit and delete for marks. Edited set marks to not work if the marks have already been set, and to implement a maximum mark from assessments class. Added commands to the user guide and edited command summary to become a table.","messageBody":"","fileTypesAndContributionMap":{"functional-code":{"insertions":224,"deletions":53},"docs":{"insertions":105,"deletions":4}}},{"hash":"b876e3be1f06f50e12e4afd90922a34ac753b71f","messageTitle":"fixed wording for STUDENT_INDEX","messageBody":"","fileTypesAndContributionMap":{"docs":{"insertions":5,"deletions":5}}},{"hash":"788b317b5de035f22f5952fb1384677f8d6ad828","messageTitle":"edited for gradle","messageBody":"","fileTypesAndContributionMap":{"functional-code":{"insertions":34,"deletions":14}}},{"hash":"581c587b1d04a93233c7a629e2c3af41fb78d303","messageTitle":"added minimal stuff for dg","messageBody":"","fileTypesAndContributionMap":{"docs":{"insertions":7,"deletions":4}}}]},{"date":"2021-10-23","commitResults":[{"hash":"d3f0513cd8c942471bf4fa2dca18761b8b57fd2a","messageTitle":"edited DG","messageBody":"","fileTypesAndContributionMap":{"docs":{"insertions":26,"deletions":1}}},{"hash":"81193b1da7f021fd8e8dd6fbd0a4998ad1c53396","messageTitle":"updated user and developer guide","messageBody":"","fileTypesAndContributionMap":{"docs":{"insertions":20,"deletions":10}}}]},{"date":"2021-10-25","commitResults":[{"hash":"4b92356f5f8db6501bcc21aeaa27d4357f43fe6d","messageTitle":"added sort scores","messageBody":"","fileTypesAndContributionMap":{"functional-code":{"insertions":214,"deletions":4}}},{"hash":"076088b73eb6dd90710f3c56f3c2e8fb36287914","messageTitle":"GRADLED","messageBody":"","fileTypesAndContributionMap":{"functional-code":{"insertions":7,"deletions":7}}}]},{"date":"2021-10-26","commitResults":[{"hash":"6152cf432eff62098f514e7948380a8f046ff0f8","messageTitle":"Add MedianMarkCommand, edit AverageMarksCommand to only average marked students, and  update user guide accordingly","messageBody":"","fileTypesAndContributionMap":{"functional-code":{"insertions":145,"deletions":1},"docs":{"insertions":16,"deletions":1}}},{"hash":"2837d425c25275fc55603ed4c62419338ce16b09","messageTitle":"Fix formatting errors","messageBody":"","fileTypesAndContributionMap":{"functional-code":{"insertions":1,"deletions":1}}}]},{"date":"2021-10-27","commitResults":[{"hash":"ce7647a50ff0f3a443ab5f6ce27929bc51077cf3","messageTitle":"update setmarks-\u003esetmark and add setmark sequence diagram puml","messageBody":"","fileTypesAndContributionMap":{"functional-code":{"insertions":4,"deletions":4},"other":{"insertions":2,"deletions":2},"docs":{"insertions":90,"deletions":0}}},{"hash":"cb8f7eaf798e07784cf56699523b151b769302de","messageTitle":"update DG with sequence diagram","messageBody":"","fileTypesAndContributionMap":{"docs":{"insertions":17,"deletions":25}}}]},{"date":"2021-10-28","commitResults":[{"hash":"a48d3698621c29e27fccb27ded00a99b4997b1e9","messageTitle":"add ascii for welcome message","messageBody":"","fileTypesAndContributionMap":{"functional-code":{"insertions":8,"deletions":1}}},{"hash":"0ede51ca045bcb27eb2ffbc528c9f881a5ca9689","messageTitle":"fix welcome message to remove whitespace","messageBody":"","fileTypesAndContributionMap":{"functional-code":{"insertions":6,"deletions":6}}}]}],"hozhenhong99":[{"date":"2021-10-01","commitResults":[{"hash":"3d604a8c667f4d84311a580eea8aca4804e87feb","messageTitle":"add zhenhong about us","messageBody":"","fileTypesAndContributionMap":{"functional-code":{"insertions":2,"deletions":1},"docs":{"insertions":1,"deletions":1}}}]},{"date":"2021-10-07","commitResults":[{"hash":"e089e32a311ec8ff127d9e7efb86d53dd0aa0287","messageTitle":"add jon and zhenhong aboutus","messageBody":"","fileTypesAndContributionMap":{"docs":{"insertions":0,"deletions":0}}},{"hash":"a13db66c3abbc61ea8847fad6e8951d6d02bbfe7","messageTitle":"add jon and zhenhong about us","messageBody":"","fileTypesAndContributionMap":{"docs":{"insertions":4,"deletions":2}}},{"hash":"af9a0d2c3d30af287f4d8b5e85b84c4d4f9ff403","messageTitle":"implement testing for toString method of student","messageBody":"","fileTypesAndContributionMap":{"functional-code":{"insertions":37,"deletions":4},"test-code":{"insertions":14,"deletions":0}}}]},{"date":"2021-10-08","commitResults":[{"hash":"ca3573fbd665f8eb5a9b4a1346dd122c14d1df14","messageTitle":"implement add student","messageBody":"","fileTypesAndContributionMap":{"functional-code":{"insertions":89,"deletions":5}}}]},{"date":"2021-10-09","commitResults":[{"hash":"eba6d6c7eb4d9b25d4a025876f4b27bb7010f2e9","messageTitle":"make changes to javadoc","messageBody":"","fileTypesAndContributionMap":{"functional-code":{"insertions":7,"deletions":7}}},{"hash":"3abb48768da822073032a26b61dee9ffa8ea653d","messageTitle":"make changes to code formatting","messageBody":"","fileTypesAndContributionMap":{"functional-code":{"insertions":3,"deletions":2}}},{"hash":"b47e9819e4995e50a0ace2341958ae1b74044bb2","messageTitle":"change the importing of packages within parser","messageBody":"","fileTypesAndContributionMap":{"functional-code":{"insertions":5,"deletions":1}}},{"hash":"d9745a088ef72db444d79d6318990ff8e9788fa2","messageTitle":"implement basic commands for students","messageBody":"","fileTypesAndContributionMap":{"functional-code":{"insertions":56,"deletions":0}}},{"hash":"178ec5eef9c0783c6383c43f4406547e9909f98b","messageTitle":"update code formatting for student functions","messageBody":"","fileTypesAndContributionMap":{"functional-code":{"insertions":240,"deletions":19}}},{"hash":"20aa00b86fcf7fe28301f2123b05667e3a105466","messageTitle":"update code formatting","messageBody":"","fileTypesAndContributionMap":{"functional-code":{"insertions":2,"deletions":2}}},{"hash":"80b5400929e93b01e3148fadf5c4a12cf9f072d3","messageTitle":"delete mark class and mark tests","messageBody":"","fileTypesAndContributionMap":{"functional-code":{"insertions":0,"deletions":42},"test-code":{"insertions":0,"deletions":14}}}]},{"date":"2021-10-11","commitResults":[{"hash":"4c6281e54984e22050d0929c08dc38658e70fba8","messageTitle":"add assertion for edit and delete student command","messageBody":"","fileTypesAndContributionMap":{"functional-code":{"insertions":9,"deletions":0}}}]},{"date":"2021-10-13","commitResults":[{"hash":"50ec6482878bb13c21a9fdc72c946f4b71c76d92","messageTitle":"remove repeated checks for studentIndex","messageBody":"","fileTypesAndContributionMap":{"functional-code":{"insertions":2,"deletions":8}}},{"hash":"ab33ef7b7350f850d712e7d685442a3740faceb0","messageTitle":"edit help command","messageBody":"","fileTypesAndContributionMap":{"functional-code":{"insertions":1,"deletions":1}}},{"hash":"e10f17edfdf1790c8be5dcadca8a0a97057dc0bb","messageTitle":"update about us document","messageBody":"","fileTypesAndContributionMap":{"docs":{"insertions":6,"deletions":6}}}]},{"date":"2021-10-21","commitResults":[{"hash":"f806a43958d2f62bf785d264a98dcfead877561d","messageTitle":"update UGDG","messageBody":"","fileTypesAndContributionMap":{"docs":{"insertions":72,"deletions":2}}}]},{"date":"2021-10-22","commitResults":[{"hash":"e623b90c4dd31652bb8a96cf889dd0bdb9b20e2b","messageTitle":"update developers guide","messageBody":"","fileTypesAndContributionMap":{"docs":{"insertions":47,"deletions":14}}}]},{"date":"2021-10-23","commitResults":[{"hash":"9f32cf5207a632e03cb6e9599f0177a7fada883b","messageTitle":"update UGDG","messageBody":"","fileTypesAndContributionMap":{"functional-code":{"insertions":9,"deletions":2},"docs":{"insertions":61,"deletions":52}}},{"hash":"99c0e722327e95de0029ec55a88cff4805961108","messageTitle":"update UG","messageBody":"","fileTypesAndContributionMap":{"docs":{"insertions":4,"deletions":4}}}]},{"date":"2021-10-25","commitResults":[{"hash":"aa3c5ef2fece528a1de507326d2bf075c2cbf068","messageTitle":"add author for student class and commands","messageBody":"","fileTypesAndContributionMap":{"functional-code":{"insertions":8,"deletions":0}}},{"hash":"843bfd89c545c6fa532782eebc296b313282364a","messageTitle":"fix formatting errors","messageBody":"","fileTypesAndContributionMap":{"functional-code":{"insertions":7,"deletions":7}}}]},{"date":"2021-10-26","commitResults":[{"hash":"837475f1b8ccc5aa08487b3076e8573207abcaa6","messageTitle":"implement sort by scores command","messageBody":"","fileTypesAndContributionMap":{"functional-code":{"insertions":61,"deletions":110}}},{"hash":"efd34bff6ba63fbf4ac0688c9892f6b116beb818","messageTitle":"add welcome message","messageBody":"","fileTypesAndContributionMap":{"functional-code":{"insertions":8,"deletions":1}}},{"hash":"1d9d1419ee8bd2a2eb34e074898dcbdaf4fa8197","messageTitle":"fix formatting errors","messageBody":"","fileTypesAndContributionMap":{"functional-code":{"insertions":10,"deletions":10}}},{"hash":"b4fef53fa0853d11a3bb6e4008cc129320091ecf","messageTitle":"remove welcome message","messageBody":"","fileTypesAndContributionMap":{"functional-code":{"insertions":1,"deletions":8}}}]},{"date":"2021-10-27","commitResults":[{"hash":"6c751417514ea4c315fdfae98ac7ffe7d61e03d3","messageTitle":"implement set, delete and list comment for students","messageBody":"","fileTypesAndContributionMap":{"functional-code":{"insertions":276,"deletions":26}}},{"hash":"a9f67c92157e286b8105e7773a49e3df75f730f7","messageTitle":"edit importing of packages in parser","messageBody":"","fileTypesAndContributionMap":{"functional-code":{"insertions":29,"deletions":1}}},{"hash":"7c78758238f2cb51edf88b8d17737965c8136de6","messageTitle":"fix formatting errors","messageBody":"","fileTypesAndContributionMap":{"functional-code":{"insertions":2,"deletions":2}}},{"hash":"4313aeb07d09a3d3d283ae01feb2f97959a49503","messageTitle":"add sequence diagram for addstudentcommand","messageBody":"","fileTypesAndContributionMap":{"docs":{"insertions":76,"deletions":0}}}]}],"leyondlee":[{"date":"2021-10-01","commitResults":[{"hash":"af5039fea25c42fc2e3c86e5c4ccfb69340a6f05","messageTitle":"Add leyond aboutus","messageBody":"","fileTypesAndContributionMap":{"docs":{"insertions":2,"deletions":1}}}]},{"date":"2021-10-06","commitResults":[{"hash":"ba6fefde5a949f70318a62dc451d0e1bf23602e8","messageTitle":"Add Ui class","messageBody":"","fileTypesAndContributionMap":{"functional-code":{"insertions":70,"deletions":0}}},{"hash":"4f0a42d7124aed6ad67d86b9bf4bf7d78260b7ce","messageTitle":"Add base classes","messageBody":"","fileTypesAndContributionMap":{"functional-code":{"insertions":92,"deletions":0}}},{"hash":"fa6fe34d9779a4676a639483596b668886581502","messageTitle":"Implement ModuleList","messageBody":"","fileTypesAndContributionMap":{"functional-code":{"insertions":46,"deletions":0}}},{"hash":"40189954c82d2ec71c56c7794ed3f59dc9ef94bf","messageTitle":"Add add_module, exit, list_modules commands","messageBody":"","fileTypesAndContributionMap":{"functional-code":{"insertions":79,"deletions":0}}},{"hash":"6b7ca8f83c8d3fbbe64b43744577a7a1e15a3c48","messageTitle":"Implement command parser and base app","messageBody":"","fileTypesAndContributionMap":{"functional-code":{"insertions":121,"deletions":11}}},{"hash":"71e811cc9388c33efab8dd93614d2a659250e5e0","messageTitle":"Add message when exiting","messageBody":"","fileTypesAndContributionMap":{"functional-code":{"insertions":1,"deletions":0}}},{"hash":"e906193611b4dbb10315d3a1691c592ef6563f72","messageTitle":"Add argument parsing within Command class","messageBody":"","fileTypesAndContributionMap":{"functional-code":{"insertions":28,"deletions":14}}},{"hash":"b3bf61ba3103be852954578f555a1a93f6a06890","messageTitle":"Add comments and constants","messageBody":"","fileTypesAndContributionMap":{"functional-code":{"insertions":36,"deletions":11}}},{"hash":"7c7a5859ddca00856aedeab65e6950e837f9d112","messageTitle":"Refactor variable name to a more appropriate name","messageBody":"","fileTypesAndContributionMap":{"functional-code":{"insertions":2,"deletions":2}}},{"hash":"e1f7ae4188c1957f65d77a6c8c5a2782c3210bcd","messageTitle":"Handle empty array for Parser.getArgumentsFromString","messageBody":"","fileTypesAndContributionMap":{"functional-code":{"insertions":1,"deletions":1}}}]},{"date":"2021-10-07","commitResults":[{"hash":"dd29199701107f1ef1f247105a7e07fef21cb121","messageTitle":"Refactor main class and package name","messageBody":"","fileTypesAndContributionMap":{"functional-code":{"insertions":458,"deletions":0},"other":{"insertions":2,"deletions":2},"test-code":{"insertions":12,"deletions":0}}},{"hash":"024cc2548aa952ec5d441c4a1899e5b77761ed03","messageTitle":"Remove package with old name","messageBody":"","fileTypesAndContributionMap":{"functional-code":{"insertions":0,"deletions":458},"test-code":{"insertions":0,"deletions":12}}},{"hash":"ee4f4de052f1d72364db872ea21c82ebc2624368","messageTitle":"Add test for Parser.getArgumentsFromString","messageBody":"","fileTypesAndContributionMap":{"test-code":{"insertions":29,"deletions":0}}},{"hash":"4105e08130e0df520d4b3ec2d46e6e26aeaf06bb","messageTitle":"Add new line at end of file","messageBody":"","fileTypesAndContributionMap":{"test-code":{"insertions":1,"deletions":1}}},{"hash":"b1eaea703cc9aaea6e41151976b20c8f993c0dfa","messageTitle":"Remove wildcard import","messageBody":"","fileTypesAndContributionMap":{"test-code":{"insertions":2,"deletions":1}}}]},{"date":"2021-10-09","commitResults":[{"hash":"5dcf9fc88ae4f3922ea7fc64c228e46a9dfd9334","messageTitle":"Modify variable name to a consistent format","messageBody":"","fileTypesAndContributionMap":{"functional-code":{"insertions":2,"deletions":2}}},{"hash":"b3252f738d0b54d1888f4eb2f2ba8d6749d55593","messageTitle":"Add getters/setters and add student/assessment functions","messageBody":"","fileTypesAndContributionMap":{"functional-code":{"insertions":59,"deletions":3}}},{"hash":"b77d475e644f31802642494f73c937921d59816f","messageTitle":"Add function to search for module and comments","messageBody":"","fileTypesAndContributionMap":{"functional-code":{"insertions":29,"deletions":0}}},{"hash":"05703571ed35df7d1da4e9f5b641b4ba0427a0e5","messageTitle":"Refactor CustomException to TaaException","messageBody":"","fileTypesAndContributionMap":{"functional-code":{"insertions":7,"deletions":5},"other":{"insertions":0,"deletions":0}}},{"hash":"517556d9c0466df5d73bfc96a50e8b2dd3222628","messageTitle":"Add exception messages to module related commands","messageBody":"","fileTypesAndContributionMap":{"functional-code":{"insertions":38,"deletions":17}}},{"hash":"205d23c59407fd2be3561d03af4f4b6daffccfa4","messageTitle":"Add functions to access private variables in Module class","messageBody":"","fileTypesAndContributionMap":{"functional-code":{"insertions":91,"deletions":17}}},{"hash":"92da3c29d81aa5723161f6a49234a542678ca145","messageTitle":"Refactor and rearrange variables in Student class","messageBody":"","fileTypesAndContributionMap":{"functional-code":{"insertions":9,"deletions":9},"test-code":{"insertions":1,"deletions":1}}},{"hash":"13baf34190470a4e6138240b63b149fb5b3b0695","messageTitle":"Add getUsageMessage as an abstract function and getMissingArgumentMessage","messageBody":"","fileTypesAndContributionMap":{"functional-code":{"insertions":20,"deletions":2}}},{"hash":"0daa3c5229742ae29ed7e071eb6bc14baffef600","messageTitle":"Add TaaException class","messageBody":"","fileTypesAndContributionMap":{"functional-code":{"insertions":3,"deletions":4}}},{"hash":"17848cf52f9762bcc7873512255d62b3d96664a6","messageTitle":"Add exception messages and use Module functions in student related commands","messageBody":"","fileTypesAndContributionMap":{"functional-code":{"insertions":191,"deletions":119}}},{"hash":"df270fda3f50a8625bd6c7da96dcf4ee55f27b8f","messageTitle":"Add usage message to Exit command","messageBody":"","fileTypesAndContributionMap":{"functional-code":{"insertions":10,"deletions":4}}},{"hash":"6e383e22a4f095f2452b55da991228d4b35a60de","messageTitle":"Add Util class for basic utility functions","messageBody":"","fileTypesAndContributionMap":{"functional-code":{"insertions":15,"deletions":0}}},{"hash":"40960f3e102d516de1a7c79a01dd413cde9f6778","messageTitle":"Add empty line at end of file","messageBody":"","fileTypesAndContributionMap":{"functional-code":{"insertions":3,"deletions":3}}},{"hash":"5e5e83525eba5efb315e58663301296e641c9e4c","messageTitle":"Move variables closer to usage","messageBody":"","fileTypesAndContributionMap":{"functional-code":{"insertions":12,"deletions":17}}}]},{"date":"2021-10-10","commitResults":[{"hash":"c12e3a29c6477968c4019517071a70f9db61da2f","messageTitle":"Add empty line at end of file","messageBody":"","fileTypesAndContributionMap":{"test-code":{"insertions":1,"deletions":1}}},{"hash":"77307ddab733c2061989c5c3e2ff05e4ff9614f6","messageTitle":"Add formmatted list_assessments output","messageBody":"","fileTypesAndContributionMap":{"functional-code":{"insertions":32,"deletions":30}}},{"hash":"ff76f45005f69f9aa3202a31380959e745172a65","messageTitle":"Remove extra space","messageBody":"","fileTypesAndContributionMap":{"functional-code":{"insertions":0,"deletions":1}}},{"hash":"d122a04b3c5e82908c51b4aa1b46709e1ce85a00","messageTitle":"Add back accidentally deleted Mark class","messageBody":"","fileTypesAndContributionMap":{"functional-code":{"insertions":42,"deletions":0},"test-code":{"insertions":13,"deletions":0}}}]},{"date":"2021-10-11","commitResults":[{"hash":"923bdee7fbfa6035281b14168fb706bfe7ce2727","messageTitle":"Handle empty argument values for parser","messageBody":"","fileTypesAndContributionMap":{"functional-code":{"insertions":4,"deletions":2},"test-code":{"insertions":14,"deletions":0}}},{"hash":"ce95f0b995ca6bfebc8404151721340d33d6d0f8","messageTitle":"Add StudentList class to handle students","messageBody":"","fileTypesAndContributionMap":{"functional-code":{"insertions":96,"deletions":90}}},{"hash":"abc0e6017dcde1bbb9873a6d4f2a16298884090d","messageTitle":"Refactor to use StudentList class","messageBody":"","fileTypesAndContributionMap":{"functional-code":{"insertions":19,"deletions":20}}},{"hash":"1cbfafa4d1c9cf12be12568e4cdae4128c029bd1","messageTitle":"Add check for weightage value boundaries","messageBody":"","fileTypesAndContributionMap":{"functional-code":{"insertions":45,"deletions":29}}},{"hash":"63cbca947f81d2f4d5b21c6ce72c38754cec60df","messageTitle":"Refactor to use StudentList class","messageBody":"","fileTypesAndContributionMap":{"functional-code":{"insertions":135,"deletions":102}}},{"hash":"bbee07a81adcf92add35209149dcc83fcc1cd9e7","messageTitle":"Add constructor for StudentList class","messageBody":"","fileTypesAndContributionMap":{"functional-code":{"insertions":4,"deletions":0}}},{"hash":"89db41f4159da670d5d1937f17c83e4c92193d25","messageTitle":"Add Storage class to handle data saving and loading","messageBody":"","fileTypesAndContributionMap":{"functional-code":{"insertions":156,"deletions":3},"other":{"insertions":2,"deletions":0}}},{"hash":"67ea7a16905a69e6edb0de67eb6aa2238f7cbb51","messageTitle":"Add storage instance as parameter and save data for certain commands","messageBody":"","fileTypesAndContributionMap":{"functional-code":{"insertions":50,"deletions":14}}}]},{"date":"2021-10-12","commitResults":[{"hash":"1abba1cf3207bc16f6439f8e377585a8f7c92e0b","messageTitle":"Add checks for classes after reading from file","messageBody":"","fileTypesAndContributionMap":{"functional-code":{"insertions":160,"deletions":45}}},{"hash":"fecc21e5388031a30a32ddbe4cd07c2e0e77bd14","messageTitle":"Add comment to fix gradle","messageBody":"","fileTypesAndContributionMap":{"functional-code":{"insertions":1,"deletions":1}}},{"hash":"9c6baaae850852dc42ae6c3b9ff0f38d4b2f1b19","messageTitle":"Add more comments to fix checkstyle","messageBody":"","fileTypesAndContributionMap":{"functional-code":{"insertions":7,"deletions":7}}},{"hash":"67787e501579a0ef1608a690555ebd2b5d296bdc","messageTitle":"Disable saving for automatic test scripts","messageBody":"","fileTypesAndContributionMap":{"functional-code":{"insertions":35,"deletions":7},"other":{"insertions":2,"deletions":2}}},{"hash":"35593b30763df4e87c8673e887f37960846d0276","messageTitle":"Refactor isValidStudentIndex to isValidIndex in StudentList class","messageBody":"","fileTypesAndContributionMap":{"functional-code":{"insertions":3,"deletions":3}}},{"hash":"0c928f64388effd36c3cda7eeaf4f41d11b7de48","messageTitle":"Make public isValidIndex function in StudentList","messageBody":"","fileTypesAndContributionMap":{"functional-code":{"insertions":1,"deletions":1}}},{"hash":"942426ca8a5a897d61e60b602fffd2f0b4f16a3e","messageTitle":"Handle data file creation failure","messageBody":"","fileTypesAndContributionMap":{"functional-code":{"insertions":7,"deletions":3}}},{"hash":"28d37bb18542e10be417ad2b7a927064078c99ab","messageTitle":"Use seperate exception messages for read and write","messageBody":"","fileTypesAndContributionMap":{"functional-code":{"insertions":4,"deletions":3}}},{"hash":"1dcde407624ad29509f61cf37b297df8e5777797","messageTitle":"Add debug messages to debug GitHub jobs","messageBody":"","fileTypesAndContributionMap":{"functional-code":{"insertions":4,"deletions":0}}},{"hash":"46474a3720b5f4b846ee36504d532e9abd7c0b32","messageTitle":"Print IOException message to debug in GitHub","messageBody":"","fileTypesAndContributionMap":{"functional-code":{"insertions":2,"deletions":5}}},{"hash":"fa2207026bbfb305019159a08555376de09d69f7","messageTitle":"Use File class to create directories and files","messageBody":"","fileTypesAndContributionMap":{"functional-code":{"insertions":18,"deletions":8}}},{"hash":"bb87e410dc0005c0e97d6ca5fc0fbbb54a099ced","messageTitle":"Remove unused import","messageBody":"","fileTypesAndContributionMap":{"functional-code":{"insertions":0,"deletions":1}}},{"hash":"120a93b0efdcdb1eaec8c9c94b2b836a8d3bf68e","messageTitle":"Remove unused functions in Util and Storage classes","messageBody":"","fileTypesAndContributionMap":{"functional-code":{"insertions":1,"deletions":59}}},{"hash":"f47bc42803261970e8cbad758d136db56a8fbebd","messageTitle":"Add custom deserializers to parse data file","messageBody":"","fileTypesAndContributionMap":{"functional-code":{"insertions":407,"deletions":31},"other":{"insertions":7,"deletions":6}}},{"hash":"d7cfbdc941ab0b16bc8234be87979a23f7436772","messageTitle":"Fix checkstyle error","messageBody":"","fileTypesAndContributionMap":{"functional-code":{"insertions":2,"deletions":1}}},{"hash":"51d5b8c7b6971b81082670adb260ea9a2a040090","messageTitle":"Update runtest scripts","messageBody":"","fileTypesAndContributionMap":{"other":{"insertions":2,"deletions":2}}},{"hash":"b05e78fdff4bf965c7090258b2fc98b8155ab04b","messageTitle":"Store attendance in Student class, change list_attendance to print for 1 student, change some message formats","messageBody":"","fileTypesAndContributionMap":{"functional-code":{"insertions":219,"deletions":416},"test-code":{"insertions":2,"deletions":6}}},{"hash":"7519c53221e031a905636a6ecd86e43466625dd6","messageTitle":"Move getMissingArgumentMessage function position in Command class","messageBody":"","fileTypesAndContributionMap":{"functional-code":{"insertions":9,"deletions":9}}},{"hash":"8a61084638ae67f88edea5786e6faf2d6ebea391","messageTitle":"Update Comparator for sorting attendance","messageBody":"","fileTypesAndContributionMap":{"functional-code":{"insertions":1,"deletions":6}}},{"hash":"f0199d19ceb5de79a998462daf9ce73b632c2071","messageTitle":"Add data persistence for attendance","messageBody":"","fileTypesAndContributionMap":{"functional-code":{"insertions":119,"deletions":25}}},{"hash":"9ea70f42978071a8cc006028ca1c90de387164d1","messageTitle":"Fix checkstyle","messageBody":"","fileTypesAndContributionMap":{"functional-code":{"insertions":2,"deletions":1}}},{"hash":"fc25e61979906f103a26ce4247333d2799aca5d0","messageTitle":"Add new line to end of file and fix test","messageBody":"","fileTypesAndContributionMap":{"test-code":{"insertions":2,"deletions":2}}},{"hash":"fb1911afd2884d840541a0c6528313ee39c87176","messageTitle":"Add documentation to most functions","messageBody":"","fileTypesAndContributionMap":{"functional-code":{"insertions":316,"deletions":118}}},{"hash":"c0a65404fb61376ab27b14f060df8d3caae4ecb9","messageTitle":"Fix indentation","messageBody":"","fileTypesAndContributionMap":{"functional-code":{"insertions":42,"deletions":45}}},{"hash":"8e0a7d68213ba5ad8127aa28824408f6d6a9d0b6","messageTitle":"Add documentation to getStudentAt function in StudentList class","messageBody":"","fileTypesAndContributionMap":{"functional-code":{"insertions":6,"deletions":0}}}]},{"date":"2021-10-13","commitResults":[{"hash":"789e97e74c83fd5a69cc3aecee6c1d59a3969013","messageTitle":"Add assertions and remove unused variable in StudentList","messageBody":"","fileTypesAndContributionMap":{"functional-code":{"insertions":6,"deletions":2}}},{"hash":"c7b7fc8563fcbf0b89cb474c9aa3fc69ead88243","messageTitle":"Add help command","messageBody":"","fileTypesAndContributionMap":{"functional-code":{"insertions":139,"deletions":57}}},{"hash":"1b9121c6528aa3dc55acf38ce6664cca87e4e336","messageTitle":"Add TaaLogger for logging","messageBody":"","fileTypesAndContributionMap":{"functional-code":{"insertions":84,"deletions":0}}},{"hash":"056bc6cf26d911aaacf9201fcf0ab3cfdbab008a","messageTitle":"Fix checkstyle","messageBody":"","fileTypesAndContributionMap":{"functional-code":{"insertions":43,"deletions":41}}},{"hash":"dd74903d7750d072a196be65dbfdf5d86c377c9a","messageTitle":"Make TaaLogger constructor as private","messageBody":"","fileTypesAndContributionMap":{"functional-code":{"insertions":1,"deletions":1}}},{"hash":"a06022663e640a94cd257373fe9479dbef4b9675","messageTitle":"Check if module exists before adding","messageBody":"","fileTypesAndContributionMap":{"functional-code":{"insertions":10,"deletions":3}}},{"hash":"2846e7842d3e1b96449ba24b4d5e7ccf88fa101a","messageTitle":"Add timezone to log output","messageBody":"","fileTypesAndContributionMap":{"functional-code":{"insertions":1,"deletions":1}}}]},{"date":"2021-10-19","commitResults":[{"hash":"d1c9563b36fc0e52f28140442c4060eff9d64c67","messageTitle":"Add Architecture diagram and explanation of add module feature into DG","messageBody":"","fileTypesAndContributionMap":{"functional-code":{"insertions":3,"deletions":3},"docs":{"insertions":100,"deletions":3}}},{"hash":"6f1a075a4b2af3e2541baf1f4cfbdd6087e45143","messageTitle":"Add newline to end of file","messageBody":"","fileTypesAndContributionMap":{"docs":{"insertions":1,"deletions":1}}}]},{"date":"2021-10-20","commitResults":[{"hash":"6eea39aa4c6e1a8db25a65e036549338eb39846c","messageTitle":"Add description, Quick Start, list/add module and list students into UG","messageBody":"","fileTypesAndContributionMap":{"docs":{"insertions":39,"deletions":15}}}]},{"date":"2021-10-21","commitResults":[{"hash":"7126f79ce9caed0694790998fd0a2574e2d3698b","messageTitle":"Add sequence diagram for architecture and change arrow direction","messageBody":"","fileTypesAndContributionMap":{"docs":{"insertions":69,"deletions":12}}},{"hash":"d7dc30367b23113715634f7c10275cc5b1b2e1e9","messageTitle":"Fix spacing","messageBody":"","fileTypesAndContributionMap":{"docs":{"insertions":1,"deletions":0}}}]},{"date":"2021-10-22","commitResults":[{"hash":"6833a14604a228adc301964405c9f7624b72dc70","messageTitle":"Add ability to enable/disable logger and set default to disabled","messageBody":"","fileTypesAndContributionMap":{"functional-code":{"insertions":47,"deletions":2}}},{"hash":"02bbdf8e153f2f5a254e0e3411898a221a4ff865","messageTitle":"Change maximum marks check to Assessment class","messageBody":"","fileTypesAndContributionMap":{"functional-code":{"insertions":6,"deletions":33}}},{"hash":"3f128bffe45478774f259a18d62e95cb6a8770d5","messageTitle":"Refactor checkArguments to hasAllArguments","messageBody":"","fileTypesAndContributionMap":{"functional-code":{"insertions":19,"deletions":1}}},{"hash":"d7508b34c488f9b624a4c298fe9a8995f0a54829","messageTitle":"Refactor checkArguments to hasAllArguments","messageBody":"","fileTypesAndContributionMap":{"functional-code":{"insertions":0,"deletions":16}}},{"hash":"075595a879a48d8221914dc252d4bba53d3df3d0","messageTitle":"Refactor getModule to getModuleWithCode","messageBody":"","fileTypesAndContributionMap":{"functional-code":{"insertions":29,"deletions":33}}},{"hash":"f429ae30ad25c0735e0a26e359ca91565ef58edb","messageTitle":"Refactor getModule to getModuleWithCode","messageBody":"","fileTypesAndContributionMap":{"functional-code":{"insertions":1,"deletions":1}}},{"hash":"418cb75349e106b6c3899b64fecc206a35777e64","messageTitle":"Remove unnecassary variable","messageBody":"","fileTypesAndContributionMap":{"functional-code":{"insertions":3,"deletions":23}}},{"hash":"10f94cea8f37f82a96c55e158170a441487c66b6","messageTitle":"Refactor deleteStudent to deleteStudentAt","messageBody":"","fileTypesAndContributionMap":{"functional-code":{"insertions":2,"deletions":2}}},{"hash":"93ba814090d8b5f6f534efcdb61ef16467a9f97b","messageTitle":"Allow module without name and check for invalid marks for students","messageBody":"","fileTypesAndContributionMap":{"functional-code":{"insertions":41,"deletions":2}}},{"hash":"ef45feedfba1133f4dd852e8f1d0e9855c7fc705","messageTitle":"Add delete and edit module features","messageBody":"","fileTypesAndContributionMap":{"functional-code":{"insertions":164,"deletions":13},"test-code":{"insertions":4,"deletions":6}}},{"hash":"7bf7df39aeb8b5acacba8400ac5bf4f6e2602db9","messageTitle":"Add assertion within Module.verify()","messageBody":"","fileTypesAndContributionMap":{"functional-code":{"insertions":1,"deletions":7}}},{"hash":"bff7320c5605ff35301c427f70d300d096b0771f","messageTitle":"Fix checkstyle","messageBody":"","fileTypesAndContributionMap":{"test-code":{"insertions":4,"deletions":1}}}]},{"date":"2021-10-25","commitResults":[{"hash":"b5c08bdd88fa18fcab4c42ecb8fec020e8db4592","messageTitle":"Add an abstract method \"checkArgument\"","messageBody":"","fileTypesAndContributionMap":{"functional-code":{"insertions":6,"deletions":4}}},{"hash":"b607e3d8f960efd96f42de4f01432ebab4b05da0","messageTitle":"Move argument checks to checkArgument method","messageBody":"","fileTypesAndContributionMap":{"functional-code":{"insertions":40,"deletions":25}}},{"hash":"3d39953e8add7a0b41a11889df5e084c13c45011","messageTitle":"Move module commands argument checks to checkArgument method","messageBody":"","fileTypesAndContributionMap":{"functional-code":{"insertions":37,"deletions":16}}},{"hash":"072116ac69fabaea825f48fd1b62ffc05bc83278","messageTitle":"Change EditAssessment usage string","messageBody":"","fileTypesAndContributionMap":{"functional-code":{"insertions":1,"deletions":1}}},{"hash":"eeba6a10de8af536b8cec4b6d97079583a8d134f","messageTitle":"Move argument checks to checkArgument() method","messageBody":"","fileTypesAndContributionMap":{"functional-code":{"insertions":14,"deletions":4}}},{"hash":"3df3606e336e5622a517754f18466cbc7b0f14b2","messageTitle":"Move ListModulesCommand argument check to checkArgument() method","messageBody":"","fileTypesAndContributionMap":{"functional-code":{"insertions":8,"deletions":3}}},{"hash":"3f0217325f558ad53a6d476d1da0454e6d609435","messageTitle":"Create empty checkArgument() methods","messageBody":"","fileTypesAndContributionMap":{"functional-code":{"insertions":80,"deletions":0}}},{"hash":"a9fb9c5467ce6c84cce0866a60de9aacd9a2dcca","messageTitle":"Add edit and delete module to UG","messageBody":"","fileTypesAndContributionMap":{"docs":{"insertions":33,"deletions":2}}},{"hash":"382ca09cb5939d9a533a46b293194446a24fd327","messageTitle":"Reorder table of contents and command summary","messageBody":"","fileTypesAndContributionMap":{"docs":{"insertions":106,"deletions":101}}},{"hash":"a7db00dcdcc4e905190d3d15c948846a0a187e3d","messageTitle":"Move checkArgument() call to run() in Taa","messageBody":"","fileTypesAndContributionMap":{"functional-code":{"insertions":3,"deletions":1}}},{"hash":"7436a8f0c689c0a03f30cba3623f5ef857afe74c","messageTitle":"Move argument checking into checkArgument() method","messageBody":"","fileTypesAndContributionMap":{"functional-code":{"insertions":296,"deletions":277}}},{"hash":"94c62e7aef3c1a62ab0b126a2334052c0af3c2a1","messageTitle":"Update Architecture Diagram","messageBody":"","fileTypesAndContributionMap":{"docs":{"insertions":14,"deletions":24}}},{"hash":"06f617f293a136de1efdd0fe8b664cefe62070a0","messageTitle":"Update Architecture Sequence Diagram","messageBody":"","fileTypesAndContributionMap":{"docs":{"insertions":94,"deletions":18}}},{"hash":"c2ff5b7e2d2bc5803aba04728938911cf58df650","messageTitle":"Add sequence diagram for add module command","messageBody":"","fileTypesAndContributionMap":{"docs":{"insertions":119,"deletions":0}}},{"hash":"1098980e6d80ba07ae3f850c2eff41a0530cd603","messageTitle":"Update add module explanation in DG","messageBody":"","fileTypesAndContributionMap":{"docs":{"insertions":30,"deletions":42}}}]},{"date":"2021-10-26","commitResults":[{"hash":"9f7f0524aa5ed385dcd957c96381bd1ed6cac478","messageTitle":"Make sequence diagrams simplier","messageBody":"","fileTypesAndContributionMap":{"docs":{"insertions":0,"deletions":38}}},{"hash":"d1a114a4b556bc9226e64170e77677ee3caff3a5","messageTitle":"Remove less important details in AddModuleSequenceDiagram","messageBody":"","fileTypesAndContributionMap":{"docs":{"insertions":0,"deletions":6}}},{"hash":"5542d72c8d9e2e072fbd4b4a005c7f7757b8aedf","messageTitle":"Update Add Module sequence explanation","messageBody":"","fileTypesAndContributionMap":{"docs":{"insertions":4,"deletions":8}}}]},{"date":"2021-10-27","commitResults":[{"hash":"5cb7edc004d29aed7a7c28ff7027889d342058bd","messageTitle":"Add user stories in DG","messageBody":"","fileTypesAndContributionMap":{"docs":{"insertions":82,"deletions":62}}},{"hash":"c44c77c901f444afbc96ba3313ce63e0f7b0c22a","messageTitle":"Move commands into packages","messageBody":"","fileTypesAndContributionMap":{"functional-code":{"insertions":56,"deletions":26},"other":{"insertions":55,"deletions":31},"test-code":{"insertions":0,"deletions":2}}},{"hash":"51075c467ed23675b7914e208a10e452fa3b7461","messageTitle":"Update StudentDeserializer to include comment","messageBody":"","fileTypesAndContributionMap":{"functional-code":{"insertions":50,"deletions":42}}}]},{"date":"2021-10-28","commitResults":[{"hash":"5b927a351524fe93fa12bbbc4c67feccd05df212","messageTitle":"Split data file name and folder into seperate strings","messageBody":"","fileTypesAndContributionMap":{"functional-code":{"insertions":14,"deletions":8}}},{"hash":"ad71a299d4bf2de28f917836a0a371103cecba53","messageTitle":"Change Ui.getUserInput method to allow custom prompt","messageBody":"","fileTypesAndContributionMap":{"functional-code":{"insertions":7,"deletions":3}}},{"hash":"7399df7fbc4cfe930365da2b9f9a621c488d0f97","messageTitle":"Update Util.createFile method to create parent folder","messageBody":"","fileTypesAndContributionMap":{"functional-code":{"insertions":26,"deletions":1}}},{"hash":"d4a0cf1587db1af92629ee009ce34b2664032076","messageTitle":"Add archive command","messageBody":"","fileTypesAndContributionMap":{"functional-code":{"insertions":75,"deletions":1}}},{"hash":"38eef1b4dc33790287db2973f7db9b4b1d85c3ab","messageTitle":"Modify printMessage to allow printing without borders","messageBody":"","fileTypesAndContributionMap":{"functional-code":{"insertions":13,"deletions":3}}},{"hash":"499337c861b3d21e80a14a7e564f7034b54eb01d","messageTitle":"Add argument checking for archive command","messageBody":"","fileTypesAndContributionMap":{"functional-code":{"insertions":9,"deletions":1}}},{"hash":"d7442359d55da84568ea2076fc7453b6fcac0815","messageTitle":"Add check to create parent dir if missing","messageBody":"","fileTypesAndContributionMap":{"functional-code":{"insertions":1,"deletions":1}}},{"hash":"6c59cf60659c63858fdb7894b7c66ff8f2ac64a4","messageTitle":"Add printBorder() method","messageBody":"","fileTypesAndContributionMap":{"functional-code":{"insertions":5,"deletions":3}}},{"hash":"bd6b83fea151cebc0e7700665adb56758461931b","messageTitle":"Change fail to create message","messageBody":"","fileTypesAndContributionMap":{"functional-code":{"insertions":1,"deletions":1}}},{"hash":"45684dc30043e3be81edf32fbfff76beac854543","messageTitle":"Add method to clear modules in ModuleList","messageBody":"","fileTypesAndContributionMap":{"functional-code":{"insertions":4,"deletions":0}}},{"hash":"004146754ee0da28424519b1a96d220eb2c1dde5","messageTitle":"Add prompt to ask user to delete data","messageBody":"","fileTypesAndContributionMap":{"functional-code":{"insertions":26,"deletions":1}}},{"hash":"bff9dd68675decfd5037b99f2becba5bd7f00a17","messageTitle":"Add reset command","messageBody":"","fileTypesAndContributionMap":{"functional-code":{"insertions":66,"deletions":0}}},{"hash":"55d82d5d3bac60626c7e15174a429fa398b7ab80","messageTitle":"Add ResetCommand usage","messageBody":"","fileTypesAndContributionMap":{"functional-code":{"insertions":4,"deletions":1}}},{"hash":"75732f123a2c23a7c6a7fab045b7882551aa278d","messageTitle":"Add archive and reset into help command","messageBody":"","fileTypesAndContributionMap":{"functional-code":{"insertions":2,"deletions":1}}},{"hash":"53e7f62db2da883e1721890bd3649c55ef181196","messageTitle":"Update welcome message","messageBody":"","fileTypesAndContributionMap":{"functional-code":{"insertions":9,"deletions":8}}},{"hash":"1d73d452d87e5e6e5cfa5fe3efc55eba2edfe3a0","messageTitle":"Update welcome message","messageBody":"","fileTypesAndContributionMap":{"functional-code":{"insertions":1,"deletions":1}}},{"hash":"e0427d0947b16fcdda219ffec9eb33e72fe0b640","messageTitle":"Add author tag","messageBody":"","fileTypesAndContributionMap":{"functional-code":{"insertions":31,"deletions":1},"test-code":{"insertions":1,"deletions":0}}},{"hash":"a9345929532741c4f534e0b7cda74ad5ae32d953","messageTitle":"Remove redundant \"public abstract\" for ClassChecker.verify method","messageBody":"","fileTypesAndContributionMap":{"functional-code":{"insertions":1,"deletions":1}}},{"hash":"eee06b82fc0942f8b3af44ebe62bedba6cfd9586","messageTitle":"Update storage deserializer","messageBody":"","fileTypesAndContributionMap":{"functional-code":{"insertions":14,"deletions":3}}}]}],"daknam2001":[{"date":"2021-10-01","commitResults":[{"hash":"7939b7b2c56845e443772147fd9ee1969424cfe5","messageTitle":"add daknam.md","messageBody":"","fileTypesAndContributionMap":{"docs":{"insertions":2,"deletions":1}}}]},{"date":"2021-10-07","commitResults":[{"hash":"0a1bd605bea5748d2e8e9904f1874251c054ab48","messageTitle":"add toString for attendance and test","messageBody":"","fileTypesAndContributionMap":{"functional-code":{"insertions":20,"deletions":1},"test-code":{"insertions":14,"deletions":0}}},{"hash":"7d301b975418a3f403c62295a3e02d1e47fa8626","messageTitle":"fix format issues","messageBody":"","fileTypesAndContributionMap":{"functional-code":{"insertions":4,"deletions":4}}},{"hash":"02bbbb947d49cd64a948fad1f84576c82dc140c2","messageTitle":"fix importing with *","messageBody":"","fileTypesAndContributionMap":{"test-code":{"insertions":1,"deletions":1}}}]},{"date":"2021-10-12","commitResults":[{"hash":"81a1be0c2bc82fe14676bd7cceebfee755d0518c","messageTitle":"Add Attendance and AttendanceList","messageBody":"","fileTypesAndContributionMap":{"functional-code":{"insertions":488,"deletions":38},"test-code":{"insertions":19,"deletions":14}}},{"hash":"dbe37c852414c6218c0432dd14c53b46c8917a92","messageTitle":"fix merging errors","messageBody":"","fileTypesAndContributionMap":{"functional-code":{"insertions":8,"deletions":4}}},{"hash":"8d775bcc3b515df9e8c7f89a86b5fbd10ad1aeab","messageTitle":"fix checkstyle issues","messageBody":"","fileTypesAndContributionMap":{"functional-code":{"insertions":19,"deletions":19}}},{"hash":"21971459f03adeff4a962cb9cdad93d6304dc27d","messageTitle":"fix checkstyle issues","messageBody":"","fileTypesAndContributionMap":{"functional-code":{"insertions":1,"deletions":2}}},{"hash":"8c6c4998038e611f8e1715e5a88c6dcfb5b1b885","messageTitle":"fix checkstyle issues","messageBody":"","fileTypesAndContributionMap":{"functional-code":{"insertions":2,"deletions":1}}},{"hash":"bba35cb204d6fc73e26655ee38b62c6694acacb5","messageTitle":"fix checkstyle issues","messageBody":"","fileTypesAndContributionMap":{"functional-code":{"insertions":1,"deletions":1}}}]},{"date":"2021-10-14","commitResults":[{"hash":"e84cbb670fafc3936da521105ded0f1c09c3c7dd","messageTitle":"add assert","messageBody":"","fileTypesAndContributionMap":{"functional-code":{"insertions":1,"deletions":0}}}]},{"date":"2021-10-21","commitResults":[{"hash":"cb93a286fc00bae270e4cf86e5847518aa2246ca","messageTitle":"add delete function for attendance","messageBody":"","fileTypesAndContributionMap":{"functional-code":{"insertions":140,"deletions":2}}},{"hash":"853dd6b0a72bb77e3eb278bdeeabb0a7a629076d","messageTitle":"fix checkstyle issues","messageBody":"","fileTypesAndContributionMap":{"functional-code":{"insertions":7,"deletions":3}}},{"hash":"05f8b813a5da11e7de5e80d75a93caf8b312d9a2","messageTitle":"edit developer guide to add set attendance impementation","messageBody":"","fileTypesAndContributionMap":{"functional-code":{"insertions":20,"deletions":20},"docs":{"insertions":31,"deletions":1}}}]},{"date":"2021-10-25","commitResults":[{"hash":"c517e522d4863536014629a7e617898f40009b39","messageTitle":"edit user guide and add delete_attendance to help","messageBody":"","fileTypesAndContributionMap":{"functional-code":{"insertions":1,"deletions":0},"docs":{"insertions":27,"deletions":3}}}]},{"date":"2021-10-28","commitResults":[{"hash":"4c5524c84fc5cb8272138db7f5b3e339f74ab48b","messageTitle":"add lesson attendance","messageBody":"","fileTypesAndContributionMap":{"functional-code":{"insertions":181,"deletions":2},"docs":{"insertions":11,"deletions":0}}},{"hash":"db1acb271b2907d9c7cd3bd4022d99b395d2d272","messageTitle":"fix checkstyle issues","messageBody":"","fileTypesAndContributionMap":{"functional-code":{"insertions":1,"deletions":1}}},{"hash":"8383cc32c2289ded30fe433c3d98de0c0bda64e6","messageTitle":"add bug fix to present count","messageBody":"","fileTypesAndContributionMap":{"functional-code":{"insertions":1,"deletions":1}}}]}],"rachelkeh":[{"date":"2021-10-01","commitResults":[{"hash":"dce78bb666abafa216d1b151bcc8699592940cf4","messageTitle":"add rachel aboutus.","messageBody":"","fileTypesAndContributionMap":{"docs":{"insertions":1,"deletions":1}}},{"hash":"eb84f91ad12fa07dc21b7e96161fe25a2cac1fdd","messageTitle":"add rachel aboutus.","messageBody":"","fileTypesAndContributionMap":{"docs":{"insertions":1,"deletions":1}}}]},{"date":"2021-10-10","commitResults":[{"hash":"462d9741721b4f9454f55cd47b3666a52cbb0c5e","messageTitle":"Add add_assessment command and AssessmentList and Assessment classes. Add comments for them too.","messageBody":"","fileTypesAndContributionMap":{"functional-code":{"insertions":167,"deletions":39},"test-code":{"insertions":24,"deletions":0}}},{"hash":"d3cdb8acf42b0e912146f65723b06cdca58c47d1","messageTitle":"Update code formatting to pass checkstyle test.","messageBody":"","fileTypesAndContributionMap":{"functional-code":{"insertions":16,"deletions":5}}},{"hash":"5c635ed74b33571ea488889f80a85964d7f3ad03","messageTitle":"update code to pass checkstyle test.","messageBody":"","fileTypesAndContributionMap":{"test-code":{"insertions":1,"deletions":1}}},{"hash":"f5117da47d0ae871af25e259778646c79b0179f4","messageTitle":"Add list_assessments command.","messageBody":"","fileTypesAndContributionMap":{"functional-code":{"insertions":49,"deletions":10}}},{"hash":"427cdbf67708b3bd27cbd5c74e4b1a507d6fac50","messageTitle":"Add comments for list_assessments.","messageBody":"","fileTypesAndContributionMap":{"functional-code":{"insertions":12,"deletions":0}}},{"hash":"e1e912b5a16a0cd8448854ac8760203637180265","messageTitle":"update code to pass checkstyle test.","messageBody":"","fileTypesAndContributionMap":{"functional-code":{"insertions":11,"deletions":1}}}]},{"date":"2021-10-20","commitResults":[{"hash":"165f5baf07fea1cfa291cf76432c057e391dd5b8","messageTitle":"add maximum marks to the assessment-related classes. test as well","messageBody":"","fileTypesAndContributionMap":{"functional-code":{"insertions":73,"deletions":13},"test-code":{"insertions":25,"deletions":3}}},{"hash":"9967739d518472434705ed7f18c8a2f0b8815d3a","messageTitle":"Fix checkstyle.","messageBody":"","fileTypesAndContributionMap":{"functional-code":{"insertions":4,"deletions":4}}},{"hash":"c428fe8f75e5ba6d5be48d24ea1c5d0f6bed78e6","messageTitle":"Fix checkstyle.","messageBody":"","fileTypesAndContributionMap":{"test-code":{"insertions":6,"deletions":3}}},{"hash":"297612b76fa18421613a3f95ff75bd5b2fcdbb21","messageTitle":"Fix checkstyle.","messageBody":"","fileTypesAndContributionMap":{"test-code":{"insertions":6,"deletions":6}}},{"hash":"3daf89d6e8cfd6c0f23fdf2cff7f9d9f90d943f7","messageTitle":"Update about us","messageBody":"","fileTypesAndContributionMap":{"docs":{"insertions":2,"deletions":7}}},{"hash":"5476d49efa7d9146bb7f47a532871d8db9a9c9ce","messageTitle":"Add assertions for the assessment-related classes","messageBody":"","fileTypesAndContributionMap":{"functional-code":{"insertions":3,"deletions":0}}}]},{"date":"2021-10-21","commitResults":[{"hash":"736982448175431922e6b3045b5fb2cdf77575ba","messageTitle":"Add and tested delete_assessment command with assertions and exceptions.","messageBody":"","fileTypesAndContributionMap":{"functional-code":{"insertions":105,"deletions":24},"test-code":{"insertions":29,"deletions":0}}},{"hash":"925fa4b7e8140eaada71543c202cbf11882eb7af","messageTitle":"Update checkstyle","messageBody":"","fileTypesAndContributionMap":{"functional-code":{"insertions":22,"deletions":6}}}]},{"date":"2021-10-23","commitResults":[{"hash":"194fbe588eb5356fcf1798114b75cbc1ac050bef","messageTitle":"Add and document edit_assessment command. Test the command with assertions and exceptions too.","messageBody":"","fileTypesAndContributionMap":{"functional-code":{"insertions":162,"deletions":25},"test-code":{"insertions":35,"deletions":2}}},{"hash":"73504344871bb5342edf0c5c091d337b92b5cf99","messageTitle":"Update checkstyle","messageBody":"","fileTypesAndContributionMap":{"functional-code":{"insertions":26,"deletions":4}}},{"hash":"806feabc9e5bdda31c0ce9b01d87538b3729de69","messageTitle":"Update checkstyle","messageBody":"","fileTypesAndContributionMap":{"test-code":{"insertions":5,"deletions":5}}},{"hash":"ab323b8bb0ccee5a965a11ef7359b205511cc736","messageTitle":"Update UG","messageBody":"","fileTypesAndContributionMap":{"docs":{"insertions":61,"deletions":1}}},{"hash":"d83923ab7c19c6a632dab3751a954c0084d8ca4e","messageTitle":"Update formatting error and typos in UG","messageBody":"","fileTypesAndContributionMap":{"docs":{"insertions":4,"deletions":2}}}]},{"date":"2021-10-25","commitResults":[{"hash":"fc4da9642ff33830dd94fb61aa978fa09c0ede5a","messageTitle":"Remove the unused methods in the class.","messageBody":"","fileTypesAndContributionMap":{"functional-code":{"insertions":0,"deletions":24}}},{"hash":"4e249725fe1b7952bd05de0a8bd49c3682388e34","messageTitle":"Update DG","messageBody":"","fileTypesAndContributionMap":{"docs":{"insertions":32,"deletions":4}}}]},{"date":"2021-10-28","commitResults":[{"hash":"8bbbbf58973df20d490b1f9faedf10bba99ba4d7","messageTitle":"Try out plantuml sequence diagram","messageBody":"","fileTypesAndContributionMap":{"docs":{"insertions":23,"deletions":0}}},{"hash":"ff999e55f351dd8d143466412287a051a20728b1","messageTitle":"Update edit assessment command because of a bug that causes new weightage to exceed 100","messageBody":"","fileTypesAndContributionMap":{"functional-code":{"insertions":34,"deletions":14}}},{"hash":"2ea8712965c27ec46688fcd348d91e526331771d","messageTitle":"Update delete assessment command to delete the assessment and marks in student","messageBody":"","fileTypesAndContributionMap":{"functional-code":{"insertions":22,"deletions":0}}}]},{"date":"2021-10-29","commitResults":[{"hash":"8a508bc2882dde20e98241a7f34a7a40dc387ad7","messageTitle":"create add assessment sequence diagram and update the DG with it","messageBody":"","fileTypesAndContributionMap":{"docs":{"insertions":65,"deletions":6}}}]}]},"authorFileTypeContributionMap":{"Jon-the-MELON":{"docs":183,"functional-code":505,"test-code":9},"hozhenhong99":{"docs":174,"functional-code":1072,"test-code":13},"leyondlee":{"docs":505,"functional-code":3052,"test-code":65,"other":4},"daknam2001":{"docs":17,"functional-code":433,"test-code":11},"rachelkeh":{"docs":178,"functional-code":375,"test-code":98}},"authorContributionVariance":{"Jon-the-MELON":14007.317,"hozhenhong99":9977.884,"leyondlee":219094.88,"daknam2001":12493.975,"rachelkeh":7295.0825},"authorDisplayNameMap":{"Jon-the-MELON":"CS2113T-F12-3 JON ..KIAT","hozhenhong99":"CS2113T-F12-3 HO Z..HONG","leyondlee":"CS2113T-F12-3 LEE ..YOND","daknam2001":"CS2113T-F12-3 KONG.. NAM","rachelkeh":"CS2113T-F12-3 KEH ..CHEL"}}
