{"authorDailyContributionsMap":{"Jon-the-MELON":[{"date":"2021-10-01","commitResults":[{"hash":"b79c5fdb67645fee6a8b37e458f0cd0172f0eee2","messageTitle":"edited about us","messageBody":"","fileTypesAndContributionMap":{"docs":{"insertions":1,"deletions":1}}}]},{"date":"2021-10-07","commitResults":[{"hash":"1cf88f17200b122114120459894cee1294823a56","messageTitle":"edited about us for me","messageBody":"","fileTypesAndContributionMap":{"docs":{"insertions":1,"deletions":1}}},{"hash":"66914767571a84712a41c833f284c3e21ccb4196","messageTitle":"added junit test for marks","messageBody":"","fileTypesAndContributionMap":{"functional-code":{"insertions":42,"deletions":0},"test-code":{"insertions":14,"deletions":0}}},{"hash":"d36757386bcc3bd241622896d4aa5ebf6d47b989","messageTitle":"Edited to fit coding style","messageBody":"","fileTypesAndContributionMap":{"functional-code":{"insertions":11,"deletions":11}}}]},{"date":"2021-10-11","commitResults":[{"hash":"53373cd32937f9bc7e2239191e9c2e0e65832626","messageTitle":"added list, average and set for marks. added marks attribute as hashmap in student class with assessment name as key.","messageBody":"","fileTypesAndContributionMap":{"functional-code":{"insertions":282,"deletions":11}}},{"hash":"1ed23b67968bb7330794bf3298920c09cf3ff3ef","messageTitle":"current process of error-handling (incomplete)","messageBody":"","fileTypesAndContributionMap":{"functional-code":{"insertions":42,"deletions":56}}},{"hash":"cee94c7083f129c145cf5cea6c9ddb91b22919ec","messageTitle":"current attempt at bug fixing","messageBody":"","fileTypesAndContributionMap":{"functional-code":{"insertions":10,"deletions":1}}},{"hash":"e8f32ae25b2a05e4e51d443b3fe34f78026b79ef","messageTitle":"finished error handling for now","messageBody":"","fileTypesAndContributionMap":{"functional-code":{"insertions":17,"deletions":6}}},{"hash":"e467e6ce440aee6db8bc16ee68101e75a48483da","messageTitle":"added todos for messages","messageBody":"","fileTypesAndContributionMap":{"functional-code":{"insertions":4,"deletions":1}}},{"hash":"afcac7942343cedea239ec266d3657bf0d17c445","messageTitle":"edited to pass Gradle checks and added documentation","messageBody":"","fileTypesAndContributionMap":{"functional-code":{"insertions":52,"deletions":19}}}]},{"date":"2021-10-13","commitResults":[{"hash":"e8fd5daa21ab18cf263b5fa56ee118d5e07b883f","messageTitle":"added assert and junit testing for student marks","messageBody":"","fileTypesAndContributionMap":{"test-code":{"insertions":11,"deletions":1}}},{"hash":"95e4592f330393d7f758370ca2c2472652aa44fb","messageTitle":"added assertions for marks commands.","messageBody":"","fileTypesAndContributionMap":{"functional-code":{"insertions":1,"deletions":0}}},{"hash":"99f9e463accaa33775e91851da0ce66a143e5733","messageTitle":"asserted \u003e\u003d 0 instead of \u003e 0 for marks setting","messageBody":"","fileTypesAndContributionMap":{"functional-code":{"insertions":1,"deletions":1}}}]},{"date":"2021-10-21","commitResults":[{"hash":"0760f1d506ec80491a95a78304e116f00fc9f967","messageTitle":"Added edit and delete for marks. Edited set marks to not work if the marks have already been set, and to implement a maximum mark from assessments class. Added commands to the user guide and edited command summary to become a table.","messageBody":"","fileTypesAndContributionMap":{"functional-code":{"insertions":224,"deletions":53},"docs":{"insertions":105,"deletions":4}}},{"hash":"b876e3be1f06f50e12e4afd90922a34ac753b71f","messageTitle":"fixed wording for STUDENT_INDEX","messageBody":"","fileTypesAndContributionMap":{"docs":{"insertions":5,"deletions":5}}},{"hash":"788b317b5de035f22f5952fb1384677f8d6ad828","messageTitle":"edited for gradle","messageBody":"","fileTypesAndContributionMap":{"functional-code":{"insertions":34,"deletions":14}}},{"hash":"581c587b1d04a93233c7a629e2c3af41fb78d303","messageTitle":"added minimal stuff for dg","messageBody":"","fileTypesAndContributionMap":{"docs":{"insertions":7,"deletions":4}}}]},{"date":"2021-10-23","commitResults":[{"hash":"d3f0513cd8c942471bf4fa2dca18761b8b57fd2a","messageTitle":"edited DG","messageBody":"","fileTypesAndContributionMap":{"docs":{"insertions":26,"deletions":1}}},{"hash":"81193b1da7f021fd8e8dd6fbd0a4998ad1c53396","messageTitle":"updated user and developer guide","messageBody":"","fileTypesAndContributionMap":{"docs":{"insertions":20,"deletions":10}}}]},{"date":"2021-10-25","commitResults":[{"hash":"4b92356f5f8db6501bcc21aeaa27d4357f43fe6d","messageTitle":"added sort scores","messageBody":"","fileTypesAndContributionMap":{"functional-code":{"insertions":214,"deletions":4}}},{"hash":"076088b73eb6dd90710f3c56f3c2e8fb36287914","messageTitle":"GRADLED","messageBody":"","fileTypesAndContributionMap":{"functional-code":{"insertions":7,"deletions":7}}}]},{"date":"2021-10-26","commitResults":[{"hash":"6152cf432eff62098f514e7948380a8f046ff0f8","messageTitle":"Add MedianMarkCommand, edit AverageMarksCommand to only average marked students, and  update user guide accordingly","messageBody":"","fileTypesAndContributionMap":{"functional-code":{"insertions":145,"deletions":1},"docs":{"insertions":16,"deletions":1}}},{"hash":"2837d425c25275fc55603ed4c62419338ce16b09","messageTitle":"Fix formatting errors","messageBody":"","fileTypesAndContributionMap":{"functional-code":{"insertions":1,"deletions":1}}}]},{"date":"2021-10-27","commitResults":[{"hash":"ce7647a50ff0f3a443ab5f6ce27929bc51077cf3","messageTitle":"update setmarks-\u003esetmark and add setmark sequence diagram puml","messageBody":"","fileTypesAndContributionMap":{"functional-code":{"insertions":4,"deletions":4},"other":{"insertions":2,"deletions":2},"docs":{"insertions":90,"deletions":0}}},{"hash":"cb8f7eaf798e07784cf56699523b151b769302de","messageTitle":"update DG with sequence diagram","messageBody":"","fileTypesAndContributionMap":{"docs":{"insertions":17,"deletions":25}}}]},{"date":"2021-10-28","commitResults":[{"hash":"a48d3698621c29e27fccb27ded00a99b4997b1e9","messageTitle":"add ascii for welcome message","messageBody":"","fileTypesAndContributionMap":{"functional-code":{"insertions":8,"deletions":1}}},{"hash":"0ede51ca045bcb27eb2ffbc528c9f881a5ca9689","messageTitle":"fix welcome message to remove whitespace","messageBody":"","fileTypesAndContributionMap":{"functional-code":{"insertions":6,"deletions":6}}}]},{"date":"2021-11-02","commitResults":[{"hash":"5524d57ab58812d1ce2f642d514b628cecd6db82","messageTitle":"edit user guide for set_mark","messageBody":"","fileTypesAndContributionMap":{"docs":{"insertions":6,"deletions":6}}},{"hash":"fd98fa1107d497f25cad7dfe7214b946c125074e","messageTitle":"fix format for user guide for median_mark and average_marks","messageBody":"","fileTypesAndContributionMap":{"docs":{"insertions":1,"deletions":1}}},{"hash":"232ee055d039a3ead6f4bab896abc2eb67c1f6f2","messageTitle":"fix format for delete_mark in ug","messageBody":"","fileTypesAndContributionMap":{"docs":{"insertions":1,"deletions":1}}},{"hash":"f53adc24f7f1068d093e399b2ffa27395b30a98e","messageTitle":"fix command summary to be more clear which command is for which object","messageBody":"","fileTypesAndContributionMap":{"docs":{"insertions":22,"deletions":46}}},{"hash":"96dc2f50445f2bdb376bbd10c19decc6bb2a8298","messageTitle":"add median_mark to features list in ug","messageBody":"","fileTypesAndContributionMap":{"docs":{"insertions":2,"deletions":1}}},{"hash":"f039fd96e60e504f3a231e136979b2aeb7be03d3","messageTitle":"add images for mark commands in user guide","messageBody":"","fileTypesAndContributionMap":{"docs":{"insertions":20,"deletions":0}}}]},{"date":"2021-11-03","commitResults":[{"hash":"bfc217e53f47df1cd22a133e60706559e33bf08f","messageTitle":"edit add_class format and increase readability of user guide","messageBody":"","fileTypesAndContributionMap":{"docs":{"insertions":76,"deletions":60}}},{"hash":"ca1e2c90d5a355d331eb92f441f7ee73f192f05e","messageTitle":"repackage images","messageBody":"","fileTypesAndContributionMap":{"docs":{"insertions":6,"deletions":6}}}]},{"date":"2021-11-05","commitResults":[{"hash":"0f9ca3c3945fdb3447f819ad2502d83fe4a95d85","messageTitle":"edit sequence diagram and add author","messageBody":"","fileTypesAndContributionMap":{"functional-code":{"insertions":6,"deletions":0},"docs":{"insertions":9,"deletions":35}}}]},{"date":"2021-11-06","commitResults":[{"hash":"f4ca28fa000036f58ed1079b4c7616cdd92f8fb4","messageTitle":"change average_marks to average mark","messageBody":"","fileTypesAndContributionMap":{"functional-code":{"insertions":6,"deletions":6},"other":{"insertions":12,"deletions":12},"docs":{"insertions":6,"deletions":6},"test-code":{"insertions":4,"deletions":0}}},{"hash":"1b6d001060c40857c712193cd251d8d2830b3ee4","messageTitle":"changed module to class in sequence diagram","messageBody":"","fileTypesAndContributionMap":{"functional-code":{"insertions":1,"deletions":1},"docs":{"insertions":17,"deletions":17},"test-code":{"insertions":5,"deletions":4}}},{"hash":"efff824b4f4d9938c843e1b10c2257bbf550bd68","messageTitle":"add test for average marks","messageBody":"","fileTypesAndContributionMap":{"test-code":{"insertions":16,"deletions":2}}},{"hash":"cc2c581227c49cf615ec85bc9617d63754b04f7e","messageTitle":"add junit testing for marks","messageBody":"","fileTypesAndContributionMap":{"test-code":{"insertions":742,"deletions":30}}},{"hash":"0c24b1b46107217df70e1e0e50f00b8a03506909","messageTitle":"fix checkstyle","messageBody":"","fileTypesAndContributionMap":{"test-code":{"insertions":2,"deletions":0}}},{"hash":"99bcca21e4e077fd82cf2b5e572325906e127ed2","messageTitle":"add PPP","messageBody":"","fileTypesAndContributionMap":{"docs":{"insertions":40,"deletions":2}}},{"hash":"4e73b8471b3ccd4fff8d5fb098a54560e643b258","messageTitle":"edit ppp","messageBody":"","fileTypesAndContributionMap":{"docs":{"insertions":12,"deletions":0}}},{"hash":"ef8a51c3b0160b3f77a2ee795ac475f727031588","messageTitle":"add acknowledgement to addressbook3 in dg","messageBody":"","fileTypesAndContributionMap":{"docs":{"insertions":10,"deletions":7}}},{"hash":"5eba9e7f5adabbd1ef54b25e777c09d361b49b03","messageTitle":"edit readme","messageBody":"","fileTypesAndContributionMap":{"docs":{"insertions":2,"deletions":3}}},{"hash":"6a0b6c74b2d9f304d0fde0f60b14f7a07b224a17","messageTitle":"fix formatting for ppp","messageBody":"","fileTypesAndContributionMap":{"docs":{"insertions":1,"deletions":1}}}]}],"hozhenhong99":[{"date":"2021-10-01","commitResults":[{"hash":"3d604a8c667f4d84311a580eea8aca4804e87feb","messageTitle":"add zhenhong about us","messageBody":"","fileTypesAndContributionMap":{"functional-code":{"insertions":2,"deletions":1},"docs":{"insertions":1,"deletions":1}}}]},{"date":"2021-10-07","commitResults":[{"hash":"e089e32a311ec8ff127d9e7efb86d53dd0aa0287","messageTitle":"add jon and zhenhong aboutus","messageBody":"","fileTypesAndContributionMap":{"docs":{"insertions":0,"deletions":0}}},{"hash":"a13db66c3abbc61ea8847fad6e8951d6d02bbfe7","messageTitle":"add jon and zhenhong about us","messageBody":"","fileTypesAndContributionMap":{"docs":{"insertions":4,"deletions":2}}},{"hash":"af9a0d2c3d30af287f4d8b5e85b84c4d4f9ff403","messageTitle":"implement testing for toString method of student","messageBody":"","fileTypesAndContributionMap":{"functional-code":{"insertions":37,"deletions":4},"test-code":{"insertions":14,"deletions":0}}}]},{"date":"2021-10-08","commitResults":[{"hash":"ca3573fbd665f8eb5a9b4a1346dd122c14d1df14","messageTitle":"implement add student","messageBody":"","fileTypesAndContributionMap":{"functional-code":{"insertions":89,"deletions":5}}}]},{"date":"2021-10-09","commitResults":[{"hash":"eba6d6c7eb4d9b25d4a025876f4b27bb7010f2e9","messageTitle":"make changes to javadoc","messageBody":"","fileTypesAndContributionMap":{"functional-code":{"insertions":7,"deletions":7}}},{"hash":"3abb48768da822073032a26b61dee9ffa8ea653d","messageTitle":"make changes to code formatting","messageBody":"","fileTypesAndContributionMap":{"functional-code":{"insertions":3,"deletions":2}}},{"hash":"b47e9819e4995e50a0ace2341958ae1b74044bb2","messageTitle":"change the importing of packages within parser","messageBody":"","fileTypesAndContributionMap":{"functional-code":{"insertions":5,"deletions":1}}},{"hash":"d9745a088ef72db444d79d6318990ff8e9788fa2","messageTitle":"implement basic commands for students","messageBody":"","fileTypesAndContributionMap":{"functional-code":{"insertions":56,"deletions":0}}},{"hash":"178ec5eef9c0783c6383c43f4406547e9909f98b","messageTitle":"update code formatting for student functions","messageBody":"","fileTypesAndContributionMap":{"functional-code":{"insertions":240,"deletions":19}}},{"hash":"20aa00b86fcf7fe28301f2123b05667e3a105466","messageTitle":"update code formatting","messageBody":"","fileTypesAndContributionMap":{"functional-code":{"insertions":2,"deletions":2}}},{"hash":"80b5400929e93b01e3148fadf5c4a12cf9f072d3","messageTitle":"delete mark class and mark tests","messageBody":"","fileTypesAndContributionMap":{"functional-code":{"insertions":0,"deletions":42},"test-code":{"insertions":0,"deletions":14}}}]},{"date":"2021-10-11","commitResults":[{"hash":"4c6281e54984e22050d0929c08dc38658e70fba8","messageTitle":"add assertion for edit and delete student command","messageBody":"","fileTypesAndContributionMap":{"functional-code":{"insertions":9,"deletions":0}}}]},{"date":"2021-10-13","commitResults":[{"hash":"50ec6482878bb13c21a9fdc72c946f4b71c76d92","messageTitle":"remove repeated checks for studentIndex","messageBody":"","fileTypesAndContributionMap":{"functional-code":{"insertions":2,"deletions":8}}},{"hash":"ab33ef7b7350f850d712e7d685442a3740faceb0","messageTitle":"edit help command","messageBody":"","fileTypesAndContributionMap":{"functional-code":{"insertions":1,"deletions":1}}},{"hash":"e10f17edfdf1790c8be5dcadca8a0a97057dc0bb","messageTitle":"update about us document","messageBody":"","fileTypesAndContributionMap":{"docs":{"insertions":6,"deletions":6}}}]},{"date":"2021-10-21","commitResults":[{"hash":"f806a43958d2f62bf785d264a98dcfead877561d","messageTitle":"update UGDG","messageBody":"","fileTypesAndContributionMap":{"docs":{"insertions":72,"deletions":2}}}]},{"date":"2021-10-22","commitResults":[{"hash":"e623b90c4dd31652bb8a96cf889dd0bdb9b20e2b","messageTitle":"update developers guide","messageBody":"","fileTypesAndContributionMap":{"docs":{"insertions":47,"deletions":14}}}]},{"date":"2021-10-23","commitResults":[{"hash":"9f32cf5207a632e03cb6e9599f0177a7fada883b","messageTitle":"update UGDG","messageBody":"","fileTypesAndContributionMap":{"functional-code":{"insertions":9,"deletions":2},"docs":{"insertions":61,"deletions":52}}},{"hash":"99c0e722327e95de0029ec55a88cff4805961108","messageTitle":"update UG","messageBody":"","fileTypesAndContributionMap":{"docs":{"insertions":4,"deletions":4}}}]},{"date":"2021-10-25","commitResults":[{"hash":"aa3c5ef2fece528a1de507326d2bf075c2cbf068","messageTitle":"add author for student class and commands","messageBody":"","fileTypesAndContributionMap":{"functional-code":{"insertions":8,"deletions":0}}},{"hash":"843bfd89c545c6fa532782eebc296b313282364a","messageTitle":"fix formatting errors","messageBody":"","fileTypesAndContributionMap":{"functional-code":{"insertions":7,"deletions":7}}}]},{"date":"2021-10-26","commitResults":[{"hash":"837475f1b8ccc5aa08487b3076e8573207abcaa6","messageTitle":"implement sort by scores command","messageBody":"","fileTypesAndContributionMap":{"functional-code":{"insertions":61,"deletions":110}}},{"hash":"efd34bff6ba63fbf4ac0688c9892f6b116beb818","messageTitle":"add welcome message","messageBody":"","fileTypesAndContributionMap":{"functional-code":{"insertions":8,"deletions":1}}},{"hash":"1d9d1419ee8bd2a2eb34e074898dcbdaf4fa8197","messageTitle":"fix formatting errors","messageBody":"","fileTypesAndContributionMap":{"functional-code":{"insertions":10,"deletions":10}}},{"hash":"b4fef53fa0853d11a3bb6e4008cc129320091ecf","messageTitle":"remove welcome message","messageBody":"","fileTypesAndContributionMap":{"functional-code":{"insertions":1,"deletions":8}}}]},{"date":"2021-10-27","commitResults":[{"hash":"6c751417514ea4c315fdfae98ac7ffe7d61e03d3","messageTitle":"implement set, delete and list comment for students","messageBody":"","fileTypesAndContributionMap":{"functional-code":{"insertions":276,"deletions":26}}},{"hash":"a9f67c92157e286b8105e7773a49e3df75f730f7","messageTitle":"edit importing of packages in parser","messageBody":"","fileTypesAndContributionMap":{"functional-code":{"insertions":29,"deletions":1}}},{"hash":"7c78758238f2cb51edf88b8d17737965c8136de6","messageTitle":"fix formatting errors","messageBody":"","fileTypesAndContributionMap":{"functional-code":{"insertions":2,"deletions":2}}},{"hash":"4313aeb07d09a3d3d283ae01feb2f97959a49503","messageTitle":"add sequence diagram for addstudentcommand","messageBody":"","fileTypesAndContributionMap":{"docs":{"insertions":76,"deletions":0}}}]},{"date":"2021-11-02","commitResults":[{"hash":"fc699e49228143348b192ad8f0ae57149e0ff59e","messageTitle":"update UG","messageBody":"","fileTypesAndContributionMap":{"docs":{"insertions":62,"deletions":2}}},{"hash":"83687dacb2148aceb7d16b17472672c874624283","messageTitle":"update commands to use class id","messageBody":"","fileTypesAndContributionMap":{"docs":{"insertions":34,"deletions":29}}},{"hash":"599d10484c81d412beb272b6db1f173a5c2b09c2","messageTitle":"prevent adding of student when id already exists","messageBody":"","fileTypesAndContributionMap":{"functional-code":{"insertions":6,"deletions":0}}},{"hash":"3b668bdb5c4ccd4101ffd1a59fe465607b1170d7","messageTitle":"update add student command","messageBody":"","fileTypesAndContributionMap":{"functional-code":{"insertions":2,"deletions":1}}}]},{"date":"2021-11-03","commitResults":[{"hash":"87489c6014e71fa2743d7803fe3940eea9dae090","messageTitle":"update student ID to uppercase only","messageBody":"","fileTypesAndContributionMap":{"functional-code":{"insertions":8,"deletions":2},"docs":{"insertions":6,"deletions":0}}}]},{"date":"2021-11-06","commitResults":[{"hash":"d0806f33012dcc66575e057ab6e9917743c82ddc","messageTitle":"update DG diagrams","messageBody":"","fileTypesAndContributionMap":{"docs":{"insertions":26,"deletions":46}}},{"hash":"1a62949995e1d96f34097d64127b33731298cb7a","messageTitle":"update PPP","messageBody":"","fileTypesAndContributionMap":{"docs":{"insertions":59,"deletions":2}}},{"hash":"a295a787348f9bfa5e52288d75fc4af994c049f7","messageTitle":"add images to UG","messageBody":"","fileTypesAndContributionMap":{"functional-code":{"insertions":21,"deletions":17},"other":{"insertions":2,"deletions":2},"docs":{"insertions":33,"deletions":3}}},{"hash":"315219f56e1b16fb51444160d791be7f7b88f138","messageTitle":"update PPP","messageBody":"","fileTypesAndContributionMap":{"docs":{"insertions":2,"deletions":1}}},{"hash":"a5132a839fcfaf5c73383710c4154b39d3e1cf7c","messageTitle":"update formatting for UG","messageBody":"","fileTypesAndContributionMap":{"docs":{"insertions":5,"deletions":5}}},{"hash":"de80eb2ecebbe0d637463e5cdcb12b52e1f00018","messageTitle":"add junit testing for add, edit and delete student","messageBody":"","fileTypesAndContributionMap":{"functional-code":{"insertions":2,"deletions":2},"test-code":{"insertions":370,"deletions":0}}},{"hash":"81c733e8abd6a40950b591652b3afd2da4457ba4","messageTitle":"add JUnit testing for set and delete comment","messageBody":"","fileTypesAndContributionMap":{"functional-code":{"insertions":2,"deletions":2},"test-code":{"insertions":321,"deletions":0}}},{"hash":"231e6b87314d8abea68c93dd9c6dce41f0846d7d","messageTitle":"fix formatting","messageBody":"","fileTypesAndContributionMap":{"functional-code":{"insertions":5,"deletions":5}}}]},{"date":"2021-11-07","commitResults":[{"hash":"dbc996f8241d571070add213ca5e32efb8569421","messageTitle":"update file name","messageBody":"","fileTypesAndContributionMap":{"docs":{"insertions":1,"deletions":1}}}]}],"leyondlee":[{"date":"2021-10-01","commitResults":[{"hash":"af5039fea25c42fc2e3c86e5c4ccfb69340a6f05","messageTitle":"Add leyond aboutus","messageBody":"","fileTypesAndContributionMap":{"docs":{"insertions":2,"deletions":1}}}]},{"date":"2021-10-06","commitResults":[{"hash":"ba6fefde5a949f70318a62dc451d0e1bf23602e8","messageTitle":"Add Ui class","messageBody":"","fileTypesAndContributionMap":{"functional-code":{"insertions":70,"deletions":0}}},{"hash":"4f0a42d7124aed6ad67d86b9bf4bf7d78260b7ce","messageTitle":"Add base classes","messageBody":"","fileTypesAndContributionMap":{"functional-code":{"insertions":92,"deletions":0}}},{"hash":"fa6fe34d9779a4676a639483596b668886581502","messageTitle":"Implement ModuleList","messageBody":"","fileTypesAndContributionMap":{"functional-code":{"insertions":46,"deletions":0}}},{"hash":"40189954c82d2ec71c56c7794ed3f59dc9ef94bf","messageTitle":"Add add_module, exit, list_modules commands","messageBody":"","fileTypesAndContributionMap":{"functional-code":{"insertions":79,"deletions":0}}},{"hash":"6b7ca8f83c8d3fbbe64b43744577a7a1e15a3c48","messageTitle":"Implement command parser and base app","messageBody":"","fileTypesAndContributionMap":{"functional-code":{"insertions":121,"deletions":11}}},{"hash":"71e811cc9388c33efab8dd93614d2a659250e5e0","messageTitle":"Add message when exiting","messageBody":"","fileTypesAndContributionMap":{"functional-code":{"insertions":1,"deletions":0}}},{"hash":"e906193611b4dbb10315d3a1691c592ef6563f72","messageTitle":"Add argument parsing within Command class","messageBody":"","fileTypesAndContributionMap":{"functional-code":{"insertions":28,"deletions":14}}},{"hash":"b3bf61ba3103be852954578f555a1a93f6a06890","messageTitle":"Add comments and constants","messageBody":"","fileTypesAndContributionMap":{"functional-code":{"insertions":36,"deletions":11}}},{"hash":"7c7a5859ddca00856aedeab65e6950e837f9d112","messageTitle":"Refactor variable name to a more appropriate name","messageBody":"","fileTypesAndContributionMap":{"functional-code":{"insertions":2,"deletions":2}}},{"hash":"e1f7ae4188c1957f65d77a6c8c5a2782c3210bcd","messageTitle":"Handle empty array for Parser.getArgumentsFromString","messageBody":"","fileTypesAndContributionMap":{"functional-code":{"insertions":1,"deletions":1}}}]},{"date":"2021-10-07","commitResults":[{"hash":"dd29199701107f1ef1f247105a7e07fef21cb121","messageTitle":"Refactor main class and package name","messageBody":"","fileTypesAndContributionMap":{"functional-code":{"insertions":458,"deletions":0},"other":{"insertions":2,"deletions":2},"test-code":{"insertions":12,"deletions":0}}},{"hash":"024cc2548aa952ec5d441c4a1899e5b77761ed03","messageTitle":"Remove package with old name","messageBody":"","fileTypesAndContributionMap":{"functional-code":{"insertions":0,"deletions":458},"test-code":{"insertions":0,"deletions":12}}},{"hash":"ee4f4de052f1d72364db872ea21c82ebc2624368","messageTitle":"Add test for Parser.getArgumentsFromString","messageBody":"","fileTypesAndContributionMap":{"test-code":{"insertions":29,"deletions":0}}},{"hash":"4105e08130e0df520d4b3ec2d46e6e26aeaf06bb","messageTitle":"Add new line at end of file","messageBody":"","fileTypesAndContributionMap":{"test-code":{"insertions":1,"deletions":1}}},{"hash":"b1eaea703cc9aaea6e41151976b20c8f993c0dfa","messageTitle":"Remove wildcard import","messageBody":"","fileTypesAndContributionMap":{"test-code":{"insertions":2,"deletions":1}}}]},{"date":"2021-10-09","commitResults":[{"hash":"5dcf9fc88ae4f3922ea7fc64c228e46a9dfd9334","messageTitle":"Modify variable name to a consistent format","messageBody":"","fileTypesAndContributionMap":{"functional-code":{"insertions":2,"deletions":2}}},{"hash":"b3252f738d0b54d1888f4eb2f2ba8d6749d55593","messageTitle":"Add getters/setters and add student/assessment functions","messageBody":"","fileTypesAndContributionMap":{"functional-code":{"insertions":59,"deletions":3}}},{"hash":"b77d475e644f31802642494f73c937921d59816f","messageTitle":"Add function to search for module and comments","messageBody":"","fileTypesAndContributionMap":{"functional-code":{"insertions":29,"deletions":0}}},{"hash":"05703571ed35df7d1da4e9f5b641b4ba0427a0e5","messageTitle":"Refactor CustomException to TaaException","messageBody":"","fileTypesAndContributionMap":{"functional-code":{"insertions":7,"deletions":5},"other":{"insertions":0,"deletions":0}}},{"hash":"517556d9c0466df5d73bfc96a50e8b2dd3222628","messageTitle":"Add exception messages to module related commands","messageBody":"","fileTypesAndContributionMap":{"functional-code":{"insertions":38,"deletions":17}}},{"hash":"205d23c59407fd2be3561d03af4f4b6daffccfa4","messageTitle":"Add functions to access private variables in Module class","messageBody":"","fileTypesAndContributionMap":{"functional-code":{"insertions":91,"deletions":17}}},{"hash":"92da3c29d81aa5723161f6a49234a542678ca145","messageTitle":"Refactor and rearrange variables in Student class","messageBody":"","fileTypesAndContributionMap":{"functional-code":{"insertions":9,"deletions":9},"test-code":{"insertions":1,"deletions":1}}},{"hash":"13baf34190470a4e6138240b63b149fb5b3b0695","messageTitle":"Add getUsageMessage as an abstract function and getMissingArgumentMessage","messageBody":"","fileTypesAndContributionMap":{"functional-code":{"insertions":20,"deletions":2}}},{"hash":"0daa3c5229742ae29ed7e071eb6bc14baffef600","messageTitle":"Add TaaException class","messageBody":"","fileTypesAndContributionMap":{"functional-code":{"insertions":3,"deletions":4}}},{"hash":"17848cf52f9762bcc7873512255d62b3d96664a6","messageTitle":"Add exception messages and use Module functions in student related commands","messageBody":"","fileTypesAndContributionMap":{"functional-code":{"insertions":191,"deletions":119}}},{"hash":"df270fda3f50a8625bd6c7da96dcf4ee55f27b8f","messageTitle":"Add usage message to Exit command","messageBody":"","fileTypesAndContributionMap":{"functional-code":{"insertions":10,"deletions":4}}},{"hash":"6e383e22a4f095f2452b55da991228d4b35a60de","messageTitle":"Add Util class for basic utility functions","messageBody":"","fileTypesAndContributionMap":{"functional-code":{"insertions":15,"deletions":0}}},{"hash":"40960f3e102d516de1a7c79a01dd413cde9f6778","messageTitle":"Add empty line at end of file","messageBody":"","fileTypesAndContributionMap":{"functional-code":{"insertions":3,"deletions":3}}},{"hash":"5e5e83525eba5efb315e58663301296e641c9e4c","messageTitle":"Move variables closer to usage","messageBody":"","fileTypesAndContributionMap":{"functional-code":{"insertions":12,"deletions":17}}}]},{"date":"2021-10-10","commitResults":[{"hash":"c12e3a29c6477968c4019517071a70f9db61da2f","messageTitle":"Add empty line at end of file","messageBody":"","fileTypesAndContributionMap":{"test-code":{"insertions":1,"deletions":1}}},{"hash":"77307ddab733c2061989c5c3e2ff05e4ff9614f6","messageTitle":"Add formmatted list_assessments output","messageBody":"","fileTypesAndContributionMap":{"functional-code":{"insertions":32,"deletions":30}}},{"hash":"ff76f45005f69f9aa3202a31380959e745172a65","messageTitle":"Remove extra space","messageBody":"","fileTypesAndContributionMap":{"functional-code":{"insertions":0,"deletions":1}}},{"hash":"d122a04b3c5e82908c51b4aa1b46709e1ce85a00","messageTitle":"Add back accidentally deleted Mark class","messageBody":"","fileTypesAndContributionMap":{"functional-code":{"insertions":42,"deletions":0},"test-code":{"insertions":13,"deletions":0}}}]},{"date":"2021-10-11","commitResults":[{"hash":"923bdee7fbfa6035281b14168fb706bfe7ce2727","messageTitle":"Handle empty argument values for parser","messageBody":"","fileTypesAndContributionMap":{"functional-code":{"insertions":4,"deletions":2},"test-code":{"insertions":14,"deletions":0}}},{"hash":"ce95f0b995ca6bfebc8404151721340d33d6d0f8","messageTitle":"Add StudentList class to handle students","messageBody":"","fileTypesAndContributionMap":{"functional-code":{"insertions":96,"deletions":90}}},{"hash":"abc0e6017dcde1bbb9873a6d4f2a16298884090d","messageTitle":"Refactor to use StudentList class","messageBody":"","fileTypesAndContributionMap":{"functional-code":{"insertions":19,"deletions":20}}},{"hash":"1cbfafa4d1c9cf12be12568e4cdae4128c029bd1","messageTitle":"Add check for weightage value boundaries","messageBody":"","fileTypesAndContributionMap":{"functional-code":{"insertions":45,"deletions":29}}},{"hash":"63cbca947f81d2f4d5b21c6ce72c38754cec60df","messageTitle":"Refactor to use StudentList class","messageBody":"","fileTypesAndContributionMap":{"functional-code":{"insertions":135,"deletions":102}}},{"hash":"bbee07a81adcf92add35209149dcc83fcc1cd9e7","messageTitle":"Add constructor for StudentList class","messageBody":"","fileTypesAndContributionMap":{"functional-code":{"insertions":4,"deletions":0}}},{"hash":"89db41f4159da670d5d1937f17c83e4c92193d25","messageTitle":"Add Storage class to handle data saving and loading","messageBody":"","fileTypesAndContributionMap":{"functional-code":{"insertions":156,"deletions":3},"other":{"insertions":2,"deletions":0}}},{"hash":"67ea7a16905a69e6edb0de67eb6aa2238f7cbb51","messageTitle":"Add storage instance as parameter and save data for certain commands","messageBody":"","fileTypesAndContributionMap":{"functional-code":{"insertions":50,"deletions":14}}}]},{"date":"2021-10-12","commitResults":[{"hash":"1abba1cf3207bc16f6439f8e377585a8f7c92e0b","messageTitle":"Add checks for classes after reading from file","messageBody":"","fileTypesAndContributionMap":{"functional-code":{"insertions":160,"deletions":45}}},{"hash":"fecc21e5388031a30a32ddbe4cd07c2e0e77bd14","messageTitle":"Add comment to fix gradle","messageBody":"","fileTypesAndContributionMap":{"functional-code":{"insertions":1,"deletions":1}}},{"hash":"9c6baaae850852dc42ae6c3b9ff0f38d4b2f1b19","messageTitle":"Add more comments to fix checkstyle","messageBody":"","fileTypesAndContributionMap":{"functional-code":{"insertions":7,"deletions":7}}},{"hash":"67787e501579a0ef1608a690555ebd2b5d296bdc","messageTitle":"Disable saving for automatic test scripts","messageBody":"","fileTypesAndContributionMap":{"functional-code":{"insertions":35,"deletions":7},"other":{"insertions":2,"deletions":2}}},{"hash":"35593b30763df4e87c8673e887f37960846d0276","messageTitle":"Refactor isValidStudentIndex to isValidIndex in StudentList class","messageBody":"","fileTypesAndContributionMap":{"functional-code":{"insertions":3,"deletions":3}}},{"hash":"0c928f64388effd36c3cda7eeaf4f41d11b7de48","messageTitle":"Make public isValidIndex function in StudentList","messageBody":"","fileTypesAndContributionMap":{"functional-code":{"insertions":1,"deletions":1}}},{"hash":"942426ca8a5a897d61e60b602fffd2f0b4f16a3e","messageTitle":"Handle data file creation failure","messageBody":"","fileTypesAndContributionMap":{"functional-code":{"insertions":7,"deletions":3}}},{"hash":"28d37bb18542e10be417ad2b7a927064078c99ab","messageTitle":"Use seperate exception messages for read and write","messageBody":"","fileTypesAndContributionMap":{"functional-code":{"insertions":4,"deletions":3}}},{"hash":"1dcde407624ad29509f61cf37b297df8e5777797","messageTitle":"Add debug messages to debug GitHub jobs","messageBody":"","fileTypesAndContributionMap":{"functional-code":{"insertions":4,"deletions":0}}},{"hash":"46474a3720b5f4b846ee36504d532e9abd7c0b32","messageTitle":"Print IOException message to debug in GitHub","messageBody":"","fileTypesAndContributionMap":{"functional-code":{"insertions":2,"deletions":5}}},{"hash":"fa2207026bbfb305019159a08555376de09d69f7","messageTitle":"Use File class to create directories and files","messageBody":"","fileTypesAndContributionMap":{"functional-code":{"insertions":18,"deletions":8}}},{"hash":"bb87e410dc0005c0e97d6ca5fc0fbbb54a099ced","messageTitle":"Remove unused import","messageBody":"","fileTypesAndContributionMap":{"functional-code":{"insertions":0,"deletions":1}}},{"hash":"120a93b0efdcdb1eaec8c9c94b2b836a8d3bf68e","messageTitle":"Remove unused functions in Util and Storage classes","messageBody":"","fileTypesAndContributionMap":{"functional-code":{"insertions":1,"deletions":59}}},{"hash":"f47bc42803261970e8cbad758d136db56a8fbebd","messageTitle":"Add custom deserializers to parse data file","messageBody":"","fileTypesAndContributionMap":{"functional-code":{"insertions":407,"deletions":31},"other":{"insertions":7,"deletions":6}}},{"hash":"d7cfbdc941ab0b16bc8234be87979a23f7436772","messageTitle":"Fix checkstyle error","messageBody":"","fileTypesAndContributionMap":{"functional-code":{"insertions":2,"deletions":1}}},{"hash":"51d5b8c7b6971b81082670adb260ea9a2a040090","messageTitle":"Update runtest scripts","messageBody":"","fileTypesAndContributionMap":{"other":{"insertions":2,"deletions":2}}},{"hash":"b05e78fdff4bf965c7090258b2fc98b8155ab04b","messageTitle":"Store attendance in Student class, change list_attendance to print for 1 student, change some message formats","messageBody":"","fileTypesAndContributionMap":{"functional-code":{"insertions":219,"deletions":416},"test-code":{"insertions":2,"deletions":6}}},{"hash":"7519c53221e031a905636a6ecd86e43466625dd6","messageTitle":"Move getMissingArgumentMessage function position in Command class","messageBody":"","fileTypesAndContributionMap":{"functional-code":{"insertions":9,"deletions":9}}},{"hash":"8a61084638ae67f88edea5786e6faf2d6ebea391","messageTitle":"Update Comparator for sorting attendance","messageBody":"","fileTypesAndContributionMap":{"functional-code":{"insertions":1,"deletions":6}}},{"hash":"f0199d19ceb5de79a998462daf9ce73b632c2071","messageTitle":"Add data persistence for attendance","messageBody":"","fileTypesAndContributionMap":{"functional-code":{"insertions":119,"deletions":25}}},{"hash":"9ea70f42978071a8cc006028ca1c90de387164d1","messageTitle":"Fix checkstyle","messageBody":"","fileTypesAndContributionMap":{"functional-code":{"insertions":2,"deletions":1}}},{"hash":"fc25e61979906f103a26ce4247333d2799aca5d0","messageTitle":"Add new line to end of file and fix test","messageBody":"","fileTypesAndContributionMap":{"test-code":{"insertions":2,"deletions":2}}},{"hash":"fb1911afd2884d840541a0c6528313ee39c87176","messageTitle":"Add documentation to most functions","messageBody":"","fileTypesAndContributionMap":{"functional-code":{"insertions":316,"deletions":118}}},{"hash":"c0a65404fb61376ab27b14f060df8d3caae4ecb9","messageTitle":"Fix indentation","messageBody":"","fileTypesAndContributionMap":{"functional-code":{"insertions":42,"deletions":45}}},{"hash":"8e0a7d68213ba5ad8127aa28824408f6d6a9d0b6","messageTitle":"Add documentation to getStudentAt function in StudentList class","messageBody":"","fileTypesAndContributionMap":{"functional-code":{"insertions":6,"deletions":0}}}]},{"date":"2021-10-13","commitResults":[{"hash":"789e97e74c83fd5a69cc3aecee6c1d59a3969013","messageTitle":"Add assertions and remove unused variable in StudentList","messageBody":"","fileTypesAndContributionMap":{"functional-code":{"insertions":6,"deletions":2}}},{"hash":"c7b7fc8563fcbf0b89cb474c9aa3fc69ead88243","messageTitle":"Add help command","messageBody":"","fileTypesAndContributionMap":{"functional-code":{"insertions":139,"deletions":57}}},{"hash":"1b9121c6528aa3dc55acf38ce6664cca87e4e336","messageTitle":"Add TaaLogger for logging","messageBody":"","fileTypesAndContributionMap":{"functional-code":{"insertions":84,"deletions":0}}},{"hash":"056bc6cf26d911aaacf9201fcf0ab3cfdbab008a","messageTitle":"Fix checkstyle","messageBody":"","fileTypesAndContributionMap":{"functional-code":{"insertions":43,"deletions":41}}},{"hash":"dd74903d7750d072a196be65dbfdf5d86c377c9a","messageTitle":"Make TaaLogger constructor as private","messageBody":"","fileTypesAndContributionMap":{"functional-code":{"insertions":1,"deletions":1}}},{"hash":"a06022663e640a94cd257373fe9479dbef4b9675","messageTitle":"Check if module exists before adding","messageBody":"","fileTypesAndContributionMap":{"functional-code":{"insertions":10,"deletions":3}}},{"hash":"2846e7842d3e1b96449ba24b4d5e7ccf88fa101a","messageTitle":"Add timezone to log output","messageBody":"","fileTypesAndContributionMap":{"functional-code":{"insertions":1,"deletions":1}}}]},{"date":"2021-10-19","commitResults":[{"hash":"d1c9563b36fc0e52f28140442c4060eff9d64c67","messageTitle":"Add Architecture diagram and explanation of add module feature into DG","messageBody":"","fileTypesAndContributionMap":{"functional-code":{"insertions":3,"deletions":3},"docs":{"insertions":100,"deletions":3}}},{"hash":"6f1a075a4b2af3e2541baf1f4cfbdd6087e45143","messageTitle":"Add newline to end of file","messageBody":"","fileTypesAndContributionMap":{"docs":{"insertions":1,"deletions":1}}}]},{"date":"2021-10-20","commitResults":[{"hash":"6eea39aa4c6e1a8db25a65e036549338eb39846c","messageTitle":"Add description, Quick Start, list/add module and list students into UG","messageBody":"","fileTypesAndContributionMap":{"docs":{"insertions":39,"deletions":15}}}]},{"date":"2021-10-21","commitResults":[{"hash":"7126f79ce9caed0694790998fd0a2574e2d3698b","messageTitle":"Add sequence diagram for architecture and change arrow direction","messageBody":"","fileTypesAndContributionMap":{"docs":{"insertions":69,"deletions":12}}},{"hash":"d7dc30367b23113715634f7c10275cc5b1b2e1e9","messageTitle":"Fix spacing","messageBody":"","fileTypesAndContributionMap":{"docs":{"insertions":1,"deletions":0}}}]},{"date":"2021-10-22","commitResults":[{"hash":"6833a14604a228adc301964405c9f7624b72dc70","messageTitle":"Add ability to enable/disable logger and set default to disabled","messageBody":"","fileTypesAndContributionMap":{"functional-code":{"insertions":47,"deletions":2}}},{"hash":"02bbdf8e153f2f5a254e0e3411898a221a4ff865","messageTitle":"Change maximum marks check to Assessment class","messageBody":"","fileTypesAndContributionMap":{"functional-code":{"insertions":6,"deletions":33}}},{"hash":"3f128bffe45478774f259a18d62e95cb6a8770d5","messageTitle":"Refactor checkArguments to hasAllArguments","messageBody":"","fileTypesAndContributionMap":{"functional-code":{"insertions":19,"deletions":1}}},{"hash":"d7508b34c488f9b624a4c298fe9a8995f0a54829","messageTitle":"Refactor checkArguments to hasAllArguments","messageBody":"","fileTypesAndContributionMap":{"functional-code":{"insertions":0,"deletions":16}}},{"hash":"075595a879a48d8221914dc252d4bba53d3df3d0","messageTitle":"Refactor getModule to getModuleWithCode","messageBody":"","fileTypesAndContributionMap":{"functional-code":{"insertions":29,"deletions":33}}},{"hash":"f429ae30ad25c0735e0a26e359ca91565ef58edb","messageTitle":"Refactor getModule to getModuleWithCode","messageBody":"","fileTypesAndContributionMap":{"functional-code":{"insertions":1,"deletions":1}}},{"hash":"418cb75349e106b6c3899b64fecc206a35777e64","messageTitle":"Remove unnecassary variable","messageBody":"","fileTypesAndContributionMap":{"functional-code":{"insertions":3,"deletions":23}}},{"hash":"10f94cea8f37f82a96c55e158170a441487c66b6","messageTitle":"Refactor deleteStudent to deleteStudentAt","messageBody":"","fileTypesAndContributionMap":{"functional-code":{"insertions":2,"deletions":2}}},{"hash":"93ba814090d8b5f6f534efcdb61ef16467a9f97b","messageTitle":"Allow module without name and check for invalid marks for students","messageBody":"","fileTypesAndContributionMap":{"functional-code":{"insertions":41,"deletions":2}}},{"hash":"ef45feedfba1133f4dd852e8f1d0e9855c7fc705","messageTitle":"Add delete and edit module features","messageBody":"","fileTypesAndContributionMap":{"functional-code":{"insertions":164,"deletions":13},"test-code":{"insertions":4,"deletions":6}}},{"hash":"7bf7df39aeb8b5acacba8400ac5bf4f6e2602db9","messageTitle":"Add assertion within Module.verify()","messageBody":"","fileTypesAndContributionMap":{"functional-code":{"insertions":1,"deletions":7}}},{"hash":"bff7320c5605ff35301c427f70d300d096b0771f","messageTitle":"Fix checkstyle","messageBody":"","fileTypesAndContributionMap":{"test-code":{"insertions":4,"deletions":1}}}]},{"date":"2021-10-25","commitResults":[{"hash":"b5c08bdd88fa18fcab4c42ecb8fec020e8db4592","messageTitle":"Add an abstract method \"checkArgument\"","messageBody":"","fileTypesAndContributionMap":{"functional-code":{"insertions":6,"deletions":4}}},{"hash":"b607e3d8f960efd96f42de4f01432ebab4b05da0","messageTitle":"Move argument checks to checkArgument method","messageBody":"","fileTypesAndContributionMap":{"functional-code":{"insertions":40,"deletions":25}}},{"hash":"3d39953e8add7a0b41a11889df5e084c13c45011","messageTitle":"Move module commands argument checks to checkArgument method","messageBody":"","fileTypesAndContributionMap":{"functional-code":{"insertions":37,"deletions":16}}},{"hash":"072116ac69fabaea825f48fd1b62ffc05bc83278","messageTitle":"Change EditAssessment usage string","messageBody":"","fileTypesAndContributionMap":{"functional-code":{"insertions":1,"deletions":1}}},{"hash":"eeba6a10de8af536b8cec4b6d97079583a8d134f","messageTitle":"Move argument checks to checkArgument() method","messageBody":"","fileTypesAndContributionMap":{"functional-code":{"insertions":14,"deletions":4}}},{"hash":"3df3606e336e5622a517754f18466cbc7b0f14b2","messageTitle":"Move ListModulesCommand argument check to checkArgument() method","messageBody":"","fileTypesAndContributionMap":{"functional-code":{"insertions":8,"deletions":3}}},{"hash":"3f0217325f558ad53a6d476d1da0454e6d609435","messageTitle":"Create empty checkArgument() methods","messageBody":"","fileTypesAndContributionMap":{"functional-code":{"insertions":80,"deletions":0}}},{"hash":"a9fb9c5467ce6c84cce0866a60de9aacd9a2dcca","messageTitle":"Add edit and delete module to UG","messageBody":"","fileTypesAndContributionMap":{"docs":{"insertions":33,"deletions":2}}},{"hash":"382ca09cb5939d9a533a46b293194446a24fd327","messageTitle":"Reorder table of contents and command summary","messageBody":"","fileTypesAndContributionMap":{"docs":{"insertions":106,"deletions":101}}},{"hash":"a7db00dcdcc4e905190d3d15c948846a0a187e3d","messageTitle":"Move checkArgument() call to run() in Taa","messageBody":"","fileTypesAndContributionMap":{"functional-code":{"insertions":3,"deletions":1}}},{"hash":"7436a8f0c689c0a03f30cba3623f5ef857afe74c","messageTitle":"Move argument checking into checkArgument() method","messageBody":"","fileTypesAndContributionMap":{"functional-code":{"insertions":296,"deletions":277}}},{"hash":"94c62e7aef3c1a62ab0b126a2334052c0af3c2a1","messageTitle":"Update Architecture Diagram","messageBody":"","fileTypesAndContributionMap":{"docs":{"insertions":14,"deletions":24}}},{"hash":"06f617f293a136de1efdd0fe8b664cefe62070a0","messageTitle":"Update Architecture Sequence Diagram","messageBody":"","fileTypesAndContributionMap":{"docs":{"insertions":94,"deletions":18}}},{"hash":"c2ff5b7e2d2bc5803aba04728938911cf58df650","messageTitle":"Add sequence diagram for add module command","messageBody":"","fileTypesAndContributionMap":{"docs":{"insertions":119,"deletions":0}}},{"hash":"1098980e6d80ba07ae3f850c2eff41a0530cd603","messageTitle":"Update add module explanation in DG","messageBody":"","fileTypesAndContributionMap":{"docs":{"insertions":30,"deletions":42}}}]},{"date":"2021-10-26","commitResults":[{"hash":"9f7f0524aa5ed385dcd957c96381bd1ed6cac478","messageTitle":"Make sequence diagrams simplier","messageBody":"","fileTypesAndContributionMap":{"docs":{"insertions":0,"deletions":38}}},{"hash":"d1a114a4b556bc9226e64170e77677ee3caff3a5","messageTitle":"Remove less important details in AddModuleSequenceDiagram","messageBody":"","fileTypesAndContributionMap":{"docs":{"insertions":0,"deletions":6}}},{"hash":"5542d72c8d9e2e072fbd4b4a005c7f7757b8aedf","messageTitle":"Update Add Module sequence explanation","messageBody":"","fileTypesAndContributionMap":{"docs":{"insertions":4,"deletions":8}}}]},{"date":"2021-10-27","commitResults":[{"hash":"5cb7edc004d29aed7a7c28ff7027889d342058bd","messageTitle":"Add user stories in DG","messageBody":"","fileTypesAndContributionMap":{"docs":{"insertions":82,"deletions":62}}},{"hash":"c44c77c901f444afbc96ba3313ce63e0f7b0c22a","messageTitle":"Move commands into packages","messageBody":"","fileTypesAndContributionMap":{"functional-code":{"insertions":56,"deletions":26},"other":{"insertions":55,"deletions":31},"test-code":{"insertions":0,"deletions":2}}},{"hash":"51075c467ed23675b7914e208a10e452fa3b7461","messageTitle":"Update StudentDeserializer to include comment","messageBody":"","fileTypesAndContributionMap":{"functional-code":{"insertions":50,"deletions":42}}}]},{"date":"2021-10-28","commitResults":[{"hash":"5b927a351524fe93fa12bbbc4c67feccd05df212","messageTitle":"Split data file name and folder into seperate strings","messageBody":"","fileTypesAndContributionMap":{"functional-code":{"insertions":14,"deletions":8}}},{"hash":"ad71a299d4bf2de28f917836a0a371103cecba53","messageTitle":"Change Ui.getUserInput method to allow custom prompt","messageBody":"","fileTypesAndContributionMap":{"functional-code":{"insertions":7,"deletions":3}}},{"hash":"7399df7fbc4cfe930365da2b9f9a621c488d0f97","messageTitle":"Update Util.createFile method to create parent folder","messageBody":"","fileTypesAndContributionMap":{"functional-code":{"insertions":26,"deletions":1}}},{"hash":"d4a0cf1587db1af92629ee009ce34b2664032076","messageTitle":"Add archive command","messageBody":"","fileTypesAndContributionMap":{"functional-code":{"insertions":75,"deletions":1}}},{"hash":"38eef1b4dc33790287db2973f7db9b4b1d85c3ab","messageTitle":"Modify printMessage to allow printing without borders","messageBody":"","fileTypesAndContributionMap":{"functional-code":{"insertions":13,"deletions":3}}},{"hash":"499337c861b3d21e80a14a7e564f7034b54eb01d","messageTitle":"Add argument checking for archive command","messageBody":"","fileTypesAndContributionMap":{"functional-code":{"insertions":9,"deletions":1}}},{"hash":"d7442359d55da84568ea2076fc7453b6fcac0815","messageTitle":"Add check to create parent dir if missing","messageBody":"","fileTypesAndContributionMap":{"functional-code":{"insertions":1,"deletions":1}}},{"hash":"6c59cf60659c63858fdb7894b7c66ff8f2ac64a4","messageTitle":"Add printBorder() method","messageBody":"","fileTypesAndContributionMap":{"functional-code":{"insertions":5,"deletions":3}}},{"hash":"bd6b83fea151cebc0e7700665adb56758461931b","messageTitle":"Change fail to create message","messageBody":"","fileTypesAndContributionMap":{"functional-code":{"insertions":1,"deletions":1}}},{"hash":"45684dc30043e3be81edf32fbfff76beac854543","messageTitle":"Add method to clear modules in ModuleList","messageBody":"","fileTypesAndContributionMap":{"functional-code":{"insertions":4,"deletions":0}}},{"hash":"004146754ee0da28424519b1a96d220eb2c1dde5","messageTitle":"Add prompt to ask user to delete data","messageBody":"","fileTypesAndContributionMap":{"functional-code":{"insertions":26,"deletions":1}}},{"hash":"bff9dd68675decfd5037b99f2becba5bd7f00a17","messageTitle":"Add reset command","messageBody":"","fileTypesAndContributionMap":{"functional-code":{"insertions":66,"deletions":0}}},{"hash":"55d82d5d3bac60626c7e15174a429fa398b7ab80","messageTitle":"Add ResetCommand usage","messageBody":"","fileTypesAndContributionMap":{"functional-code":{"insertions":4,"deletions":1}}},{"hash":"75732f123a2c23a7c6a7fab045b7882551aa278d","messageTitle":"Add archive and reset into help command","messageBody":"","fileTypesAndContributionMap":{"functional-code":{"insertions":2,"deletions":1}}},{"hash":"53e7f62db2da883e1721890bd3649c55ef181196","messageTitle":"Update welcome message","messageBody":"","fileTypesAndContributionMap":{"functional-code":{"insertions":9,"deletions":8}}},{"hash":"1d73d452d87e5e6e5cfa5fe3efc55eba2edfe3a0","messageTitle":"Update welcome message","messageBody":"","fileTypesAndContributionMap":{"functional-code":{"insertions":1,"deletions":1}}},{"hash":"e0427d0947b16fcdda219ffec9eb33e72fe0b640","messageTitle":"Add author tag","messageBody":"","fileTypesAndContributionMap":{"functional-code":{"insertions":31,"deletions":1},"test-code":{"insertions":1,"deletions":0}}},{"hash":"a9345929532741c4f534e0b7cda74ad5ae32d953","messageTitle":"Remove redundant \"public abstract\" for ClassChecker.verify method","messageBody":"","fileTypesAndContributionMap":{"functional-code":{"insertions":1,"deletions":1}}},{"hash":"eee06b82fc0942f8b3af44ebe62bedba6cfd9586","messageTitle":"Update storage deserializer","messageBody":"","fileTypesAndContributionMap":{"functional-code":{"insertions":14,"deletions":3}}}]},{"date":"2021-10-29","commitResults":[{"hash":"62649e165e1b4e773c92928e36254eba85b3ae85","messageTitle":"Update UG to include archive and reset commands","messageBody":"","fileTypesAndContributionMap":{"docs":{"insertions":31,"deletions":8}}},{"hash":"9559ff5f822a2979ad94b1f9d811d1df2d7cb253","messageTitle":"Fix activation bar","messageBody":"","fileTypesAndContributionMap":{"docs":{"insertions":1,"deletions":0}}},{"hash":"e88b8aa7ed399a2d5885b334c2077a05b92ccda4","messageTitle":"Add newline at end of file","messageBody":"","fileTypesAndContributionMap":{"docs":{"insertions":1,"deletions":1}}}]},{"date":"2021-10-31","commitResults":[{"hash":"a798620f9d995b219a70edaad702037d9394210e","messageTitle":"Update parser to allow empty values, check for duplicated keys, add whitelist characters for values","messageBody":"","fileTypesAndContributionMap":{"functional-code":{"insertions":35,"deletions":3}}},{"hash":"c11dbbf5c73bdf27e6fe2e63d90558bda6454c79","messageTitle":"Move command parsing method call into Taa","messageBody":"","fileTypesAndContributionMap":{"functional-code":{"insertions":6,"deletions":1}}},{"hash":"0c723bc31f0dc3152949ad28b4ddd335db755c10","messageTitle":"Handle invalid scanner line read","messageBody":"","fileTypesAndContributionMap":{"functional-code":{"insertions":7,"deletions":1}}},{"hash":"4fb81abbfa3ae55d528c5eaae80d6315ec66a396","messageTitle":"Check for modules with same code when editing module","messageBody":"","fileTypesAndContributionMap":{"functional-code":{"insertions":5,"deletions":0}}},{"hash":"4896a7ab21773c75ec3b1ec28a3b63c2e2fe0eb8","messageTitle":"Use variables for conditions to improve readability","messageBody":"","fileTypesAndContributionMap":{"functional-code":{"insertions":6,"deletions":1}}},{"hash":"bce35d23af5979ded29537ec1c0cd9a1a03a9e4b","messageTitle":"Explicitly return false if string is empty for isStringInteger, isStringDouble, isStringBoolean","messageBody":"","fileTypesAndContributionMap":{"functional-code":{"insertions":12,"deletions":0}}},{"hash":"c8e04e69a3a6d9e28cdf041c7489521d423fc3da","messageTitle":"Update ParserTest","messageBody":"","fileTypesAndContributionMap":{"test-code":{"insertions":13,"deletions":12}}},{"hash":"ed547d0276667f13a8be846bca4e3f3e8a02d196","messageTitle":"Add DuplicatedArgumentException","messageBody":"","fileTypesAndContributionMap":{"functional-code":{"insertions":25,"deletions":0}}},{"hash":"6f7e93bd515b65b6691a62a382fdb6d6314b828a","messageTitle":"Add UtilTest","messageBody":"","fileTypesAndContributionMap":{"test-code":{"insertions":23,"deletions":0}}},{"hash":"4f3752276bb75d16eb4ae24522973f3238362450","messageTitle":"Refactor module related classes to class","messageBody":"","fileTypesAndContributionMap":{"functional-code":{"insertions":791,"deletions":797},"other":{"insertions":52,"deletions":53},"test-code":{"insertions":20,"deletions":20}}},{"hash":"2efc3bc4ce715d9deb6deab17937862fe09b20c0","messageTitle":"Update UG to change module to class","messageBody":"","fileTypesAndContributionMap":{"docs":{"insertions":148,"deletions":148}}},{"hash":"ebe1d36256e643a20e66ae87b5288a96f9e9162b","messageTitle":"Change module to class in DG","messageBody":"","fileTypesAndContributionMap":{"docs":{"insertions":64,"deletions":96}}},{"hash":"69e75018e6da18fd60d43250bda582cb3c258923","messageTitle":"Update table of contents","messageBody":"","fileTypesAndContributionMap":{"docs":{"insertions":1,"deletions":1}}},{"hash":"3f50466ab8c1599a0c70774e43f59d4ba50dd729","messageTitle":"Fix wrong input in AddClassSequenceDiagram","messageBody":"","fileTypesAndContributionMap":{"docs":{"insertions":1,"deletions":1}}},{"hash":"99a97efbd3736a202688fd466079bce10c05dc05","messageTitle":"Add AddClassCommand object deletion in AddClassSequenceDiagram","messageBody":"","fileTypesAndContributionMap":{"docs":{"insertions":2,"deletions":0}}},{"hash":"8bb4e9215af27fa1f83c9b2042b414ab63ea1c71","messageTitle":"Remove wildcard import","messageBody":"","fileTypesAndContributionMap":{"test-code":{"insertions":1,"deletions":1}}},{"hash":"e820cde62ad9aff29308a0c42d7b16a82c553cb5","messageTitle":"Update AssessmentListTest","messageBody":"","fileTypesAndContributionMap":{"test-code":{"insertions":41,"deletions":19}}},{"hash":"659b4c27e16a435037f8b01168cef2432c0eecc3","messageTitle":"Fix checkstyle","messageBody":"","fileTypesAndContributionMap":{"test-code":{"insertions":17,"deletions":5}}},{"hash":"4a03ffc0569bac572d805365191338d4602c9ed8","messageTitle":"Fix checkstyle","messageBody":"","fileTypesAndContributionMap":{"test-code":{"insertions":3,"deletions":3}}},{"hash":"f068e6f9a5ea445276f2d1d514383283f3e6c8e6","messageTitle":"Update ParserTest","messageBody":"","fileTypesAndContributionMap":{"test-code":{"insertions":27,"deletions":0}}},{"hash":"bd02cb7f5e847e06029e05c01729621beaba0407","messageTitle":"Update AssessmentListTest","messageBody":"","fileTypesAndContributionMap":{"test-code":{"insertions":1,"deletions":1}}},{"hash":"3ddf201191319f0cd66d2fc6e8ad938fecbf4b0e","messageTitle":"Fix checkstyle","messageBody":"","fileTypesAndContributionMap":{"test-code":{"insertions":2,"deletions":6}}},{"hash":"9a8fc10757ea13d3bc30baafebf2d1b0817ecc08","messageTitle":"Check if values contain valid characters","messageBody":"","fileTypesAndContributionMap":{"functional-code":{"insertions":11,"deletions":3}}},{"hash":"457f93e66af5bb75b82c01b25c1a07ee432b2eeb","messageTitle":"Refactor ClassObject to TeachingClass","messageBody":"","fileTypesAndContributionMap":{"functional-code":{"insertions":172,"deletions":172},"other":{"insertions":52,"deletions":52},"test-code":{"insertions":1,"deletions":1}}},{"hash":"b5c0f254a4d9627c304f5e74925568e050093829","messageTitle":"Refactor ClassObject to TeachingClass","messageBody":"","fileTypesAndContributionMap":{"docs":{"insertions":11,"deletions":11}}},{"hash":"1d35c69e0cbe8421cb5c46c4aae310712ec551ad","messageTitle":"Fix checkstyle","messageBody":"","fileTypesAndContributionMap":{"functional-code":{"insertions":2,"deletions":1}}}]},{"date":"2021-11-01","commitResults":[{"hash":"4b6840c8820f62727735c9724223f42a6fc870ac","messageTitle":"Update accepted characters to include dot","messageBody":"","fileTypesAndContributionMap":{"functional-code":{"insertions":2,"deletions":2}}},{"hash":"4c24182b0591fb796f7f3253bb1b1a69ed563e82","messageTitle":"Handle scanner exception","messageBody":"","fileTypesAndContributionMap":{"functional-code":{"insertions":1,"deletions":1}}},{"hash":"4381e6e0169206459eb7c880319ed010b5c809ad","messageTitle":"Change getUserInput to return null if fail","messageBody":"","fileTypesAndContributionMap":{"functional-code":{"insertions":9,"deletions":2}}},{"hash":"5c24014fb836c7ed949062bd7776ee2210b8f56e","messageTitle":"Handle fail user input","messageBody":"","fileTypesAndContributionMap":{"functional-code":{"insertions":5,"deletions":2}}},{"hash":"dfe13d44065206733786c9370c79cc9084ba4a94","messageTitle":"Update parser to generate regex pattern based on constant","messageBody":"","fileTypesAndContributionMap":{"functional-code":{"insertions":54,"deletions":5}}}]},{"date":"2021-11-02","commitResults":[{"hash":"d5198eaac2a2a0c55dccb2f7b48a163952778e23","messageTitle":"Refactor ClassObjectDeserializer to TeachingClassDeserializer","messageBody":"","fileTypesAndContributionMap":{"other":{"insertions":0,"deletions":0}}},{"hash":"2244e22710adde1b028964b5bee35ec43cac6f1f","messageTitle":"Add parameter to include/exclude empty values for getArgumentsFromString","messageBody":"","fileTypesAndContributionMap":{"functional-code":{"insertions":6,"deletions":3}}},{"hash":"92ed1373ac59273cf33c2435308155b2f1b3964b","messageTitle":"Update ParserTest","messageBody":"","fileTypesAndContributionMap":{"test-code":{"insertions":10,"deletions":9}}},{"hash":"4226d81132d3b5be84bdb04cff4963cdb097b167","messageTitle":"Add constructor for including empty values when parsing argument","messageBody":"","fileTypesAndContributionMap":{"functional-code":{"insertions":7,"deletions":1}}},{"hash":"35c1464c6e179cdb3a5ef9d9223b4c7fe3642de9","messageTitle":"Set id to lower case and add method to check if it is valid","messageBody":"","fileTypesAndContributionMap":{"functional-code":{"insertions":8,"deletions":4}}},{"hash":"09186f79589b8112edd47b32cd75b898b930995f","messageTitle":"Ignore case when searching for TeachingClass","messageBody":"","fileTypesAndContributionMap":{"functional-code":{"insertions":1,"deletions":1}}},{"hash":"b1ab0ac56808883c562062ef03e6129aa389c064","messageTitle":"Refactor ClassObjectDeserializer to TeachingClassDeserializer","messageBody":"","fileTypesAndContributionMap":{"functional-code":{"insertions":2,"deletions":2}}},{"hash":"f48fed63bb114d33d05bfc6ec041ea2eee177626","messageTitle":"Check if CLASS_ID argument is valid","messageBody":"","fileTypesAndContributionMap":{"functional-code":{"insertions":8,"deletions":5}}},{"hash":"e29c19fdea6f7beeb354ea8841a3fb1d804b0dd3","messageTitle":"Fix incorrect title","messageBody":"","fileTypesAndContributionMap":{"docs":{"insertions":1,"deletions":1}}},{"hash":"73a5956e8431dfae799de6f83d4547b22f794945","messageTitle":"Change \"module\" to \"class\"","messageBody":"","fileTypesAndContributionMap":{"docs":{"insertions":45,"deletions":43}}},{"hash":"756510d99b5d6685f636948fa387190fb9a45210","messageTitle":"Change output format of HelpCommand for readability","messageBody":"","fileTypesAndContributionMap":{"functional-code":{"insertions":103,"deletions":46}}}]},{"date":"2021-11-03","commitResults":[{"hash":"7ff623bd2d2eaa87b3d70f290ec2860ffa7ea6a6","messageTitle":"Move comment commands into comment package","messageBody":"","fileTypesAndContributionMap":{"functional-code":{"insertions":5,"deletions":5},"other":{"insertions":3,"deletions":3}}},{"hash":"53bc71921404db01496b51c055eda9c83570ffdb","messageTitle":"Set id as lowercase in TeachingClass","messageBody":"","fileTypesAndContributionMap":{"functional-code":{"insertions":3,"deletions":3}}},{"hash":"2fd5a102548ece85a9db771fb043a6a7eb86e344","messageTitle":"Fix spacing between sections and add comments in Command Summary","messageBody":"","fileTypesAndContributionMap":{"docs":{"insertions":91,"deletions":75}}},{"hash":"d11c833100a4fcad2df169121ab3c5efebdd12da","messageTitle":"Add horizontal lines between each category","messageBody":"","fileTypesAndContributionMap":{"docs":{"insertions":7,"deletions":0}}},{"hash":"48835c1be372ddbb647f0a51417335105e9b541a","messageTitle":"Add missing horizontal lines","messageBody":"","fileTypesAndContributionMap":{"docs":{"insertions":28,"deletions":32}}},{"hash":"71a2fa5f05866a19a0e50c029bad739b17f6131f","messageTitle":"Add missing horizontal lines","messageBody":"","fileTypesAndContributionMap":{"docs":{"insertions":1,"deletions":1}}},{"hash":"4c9ea0566a0e6f31e5ef415da50e38849b845597","messageTitle":"Update edit_class command","messageBody":"","fileTypesAndContributionMap":{"docs":{"insertions":1,"deletions":1}}},{"hash":"800791032bfba38a41152306f0aad57ecf40d32b","messageTitle":"Update help command","messageBody":"","fileTypesAndContributionMap":{"functional-code":{"insertions":13,"deletions":6}}},{"hash":"24fa1ddc0a9d12193641d347961abf48f9a8870b","messageTitle":"Update argument keys for assessment commands","messageBody":"","fileTypesAndContributionMap":{"functional-code":{"insertions":5,"deletions":5}}},{"hash":"74e7f1bac0d1173b3b1f3428b463274295dec43d","messageTitle":"Update edit_class, edit_assessment, delete_assessment commands in UG","messageBody":"","fileTypesAndContributionMap":{"docs":{"insertions":6,"deletions":6}}},{"hash":"fb81b6b67765bb98a4635fe2301b710289b35266","messageTitle":"Update AssessmentListTest","messageBody":"","fileTypesAndContributionMap":{"test-code":{"insertions":5,"deletions":5}}},{"hash":"007b94d3140063734f17717b8d47a90d6c9b0265","messageTitle":"Allow commas for values","messageBody":"","fileTypesAndContributionMap":{"functional-code":{"insertions":1,"deletions":1}}}]},{"date":"2021-11-05","commitResults":[{"hash":"7a282649cf2e2de82498615a949238cb08bf9dbe","messageTitle":"Move string check to deserializer","messageBody":"","fileTypesAndContributionMap":{"functional-code":{"insertions":23,"deletions":22}}},{"hash":"4b35c98bdc882c57aa42d42dfc9e0ac98603fb88","messageTitle":"Add getStudentWithId method in StudentList","messageBody":"","fileTypesAndContributionMap":{"functional-code":{"insertions":10,"deletions":0}}},{"hash":"8fe3b3676596f85a370b05fe2789f3ae401f51aa","messageTitle":"Use getStudentWithId in AddStudentCommand and EditStudentCommand instead of loop","messageBody":"","fileTypesAndContributionMap":{"functional-code":{"insertions":11,"deletions":11}}},{"hash":"1c8080f85f31534556e092b4a32ad64833cf62a6","messageTitle":"Add checking of duplicated students in StudentList.verify() method","messageBody":"","fileTypesAndContributionMap":{"functional-code":{"insertions":14,"deletions":0}}},{"hash":"15bfd149e4a6a076f3dd791c16252913e9461426","messageTitle":"Make note placement consistent","messageBody":"","fileTypesAndContributionMap":{"docs":{"insertions":3,"deletions":8}}},{"hash":"42fea57575983653a23a8ceac259a5d253086f4d","messageTitle":"Update StudentTest","messageBody":"","fileTypesAndContributionMap":{"test-code":{"insertions":1,"deletions":1}}},{"hash":"39d96e0ac0cf7248787d1ecdac62400aafafc14c","messageTitle":"Use StringBuilder to create string for duplicated keys","messageBody":"","fileTypesAndContributionMap":{"functional-code":{"insertions":4,"deletions":4}}},{"hash":"b64d4b1bd32e1769a963428c359c724773972e47","messageTitle":"Add FileCreationException","messageBody":"","fileTypesAndContributionMap":{"functional-code":{"insertions":9,"deletions":0}}},{"hash":"4648435bd2ecd86816db32605c8f2928878bad7b","messageTitle":"Throw FileCreationException when fail to create file","messageBody":"","fileTypesAndContributionMap":{"functional-code":{"insertions":8,"deletions":4}}},{"hash":"0a2925bd1920628b72928c92f81f59ee8a45f783","messageTitle":"Remove result check for Util.createFile method","messageBody":"","fileTypesAndContributionMap":{"functional-code":{"insertions":1,"deletions":4}}},{"hash":"4abf13fef8ef3f2e34069765274a2c5d5e51fd76","messageTitle":"Add JavaDoc to methods","messageBody":"","fileTypesAndContributionMap":{"functional-code":{"insertions":17,"deletions":1}}},{"hash":"93563ca5f1bdedd186e9c557841090373fe0f035","messageTitle":"Remove method explanations","messageBody":"","fileTypesAndContributionMap":{"docs":{"insertions":18,"deletions":65}}}]},{"date":"2021-11-06","commitResults":[{"hash":"9efe5d6504223bcef016f2bb9c21b7504a96ae9f","messageTitle":"Move sequence diagrams into docs/diagrams/sequence folder","messageBody":"","fileTypesAndContributionMap":{"docs":{"insertions":10,"deletions":10}}},{"hash":"069f234f9c143ee03ca6997d034e75b21879e15a","messageTitle":"Add Class diagrams for components","messageBody":"","fileTypesAndContributionMap":{"docs":{"insertions":113,"deletions":0}}},{"hash":"fdac8ef8351cb1229e286fcd282e546bd20776fb","messageTitle":"Include Class diagrams for components in DG","messageBody":"","fileTypesAndContributionMap":{"docs":{"insertions":61,"deletions":7}}},{"hash":"f046fefc8827acb381e9c73d62073c14c2716630","messageTitle":"Add author tag to exception classes","messageBody":"","fileTypesAndContributionMap":{"functional-code":{"insertions":2,"deletions":1}}},{"hash":"3a13fba7040fc9118be35a3db9636d3690df540e","messageTitle":"Add spaces between component sections","messageBody":"","fileTypesAndContributionMap":{"docs":{"insertions":14,"deletions":0}}},{"hash":"1e08a484fbf4170c216f73e6eafac25c7e994f17","messageTitle":"Remove unnecessary information from ClassDiagram","messageBody":"","fileTypesAndContributionMap":{"docs":{"insertions":22,"deletions":37}}},{"hash":"1593edb21ab69f8a1ba56c5b3177573acd8e4678","messageTitle":"Update ClassStyle.puml","messageBody":"","fileTypesAndContributionMap":{"docs":{"insertions":9,"deletions":1}}},{"hash":"6066152acd8d9f7af88c636a2f1d94f0eeba9264","messageTitle":"Update CommandClassDiagram","messageBody":"","fileTypesAndContributionMap":{"docs":{"insertions":10,"deletions":0}}},{"hash":"8ad7043f4fd65f7d0621c2b354d0cf8067e9c70d","messageTitle":"Update ParserClassDiagram","messageBody":"","fileTypesAndContributionMap":{"docs":{"insertions":4,"deletions":0}}},{"hash":"97236d1a12212f5b8fe45e2fe2351e45d2d22ff1","messageTitle":"Update StorageClassDiagram","messageBody":"","fileTypesAndContributionMap":{"docs":{"insertions":5,"deletions":18}}},{"hash":"e6642b59a7f8cfa9d2547b218e80af6f0215e6a9","messageTitle":"Update UiClassDiagram","messageBody":"","fileTypesAndContributionMap":{"docs":{"insertions":0,"deletions":12}}},{"hash":"906616f0ce02dadb747fce498bf9a837716223c2","messageTitle":"Add ClassListClassDiagram","messageBody":"","fileTypesAndContributionMap":{"docs":{"insertions":33,"deletions":0}}},{"hash":"c8f2f6a8a3c145e9ec267fac261f5bf634b448f9","messageTitle":"Add TaaClassDiagram","messageBody":"","fileTypesAndContributionMap":{"docs":{"insertions":20,"deletions":0}}},{"hash":"50ce78340516424c15444a553b5f74016aa3de81","messageTitle":"Add UtilClassDiagram","messageBody":"","fileTypesAndContributionMap":{"docs":{"insertions":15,"deletions":0}}},{"hash":"ad8258a8afbece7a163c17618238db7cec37567c","messageTitle":"Add explanation for Taa, ClassList, Util components","messageBody":"","fileTypesAndContributionMap":{"docs":{"insertions":36,"deletions":8}}},{"hash":"dad3d0417f2446cccd33d04cd2df522247d92f5d","messageTitle":"Add Acknowledgements","messageBody":"","fileTypesAndContributionMap":{"docs":{"insertions":3,"deletions":1}}},{"hash":"c10cc160cddce02b148a04ef865be1eac1bfd7c1","messageTitle":"Add PPP","messageBody":"","fileTypesAndContributionMap":{"docs":{"insertions":85,"deletions":2}}},{"hash":"43be627377823d01dad0d66da9e87a6f86e188ec","messageTitle":"Minor wording changes","messageBody":"","fileTypesAndContributionMap":{"docs":{"insertions":1,"deletions":1}}},{"hash":"6a8793eae27f65527a06310910ad1cfa16f763b8","messageTitle":"Update TaaClassDiagram and CommandClassDiagram","messageBody":"","fileTypesAndContributionMap":{"docs":{"insertions":4,"deletions":2}}},{"hash":"f5ce93bc3c258f603999ae6c54fdf679bc05e679","messageTitle":"Change maximumMarks in AssessmentDeserializer to double","messageBody":"","fileTypesAndContributionMap":{"functional-code":{"insertions":2,"deletions":2}}},{"hash":"69903f155c1fdb86dd093c3a4d6692cb6104ec6b","messageTitle":"Check if student comment is valid in StudentDeserializer","messageBody":"","fileTypesAndContributionMap":{"functional-code":{"insertions":3,"deletions":1}}},{"hash":"0ec42ce6fa9d3ea07836617f79299f462af0f4f3","messageTitle":"Simplify verify() method in TeachingClass","messageBody":"","fileTypesAndContributionMap":{"functional-code":{"insertions":3,"deletions":8}}}]},{"date":"2021-11-07","commitResults":[{"hash":"306ceb623e85753554002e49ba5605d25354f3df","messageTitle":"Add ability to stop Storage from writing/reading by setting filename to null","messageBody":"","fileTypesAndContributionMap":{"functional-code":{"insertions":9,"deletions":1}}},{"hash":"78c57305755938021aaa4127e63d11f8f2c9ffca","messageTitle":"Set Storage filename to null for tests","messageBody":"","fileTypesAndContributionMap":{"test-code":{"insertions":47,"deletions":47}}},{"hash":"f9dea6b4d0a888d5ac64418a648f4665124605bb","messageTitle":"Add more test cases for isStringInteger, isStringDouble, isStringBoolean","messageBody":"","fileTypesAndContributionMap":{"test-code":{"insertions":74,"deletions":0}}},{"hash":"d930c2ba5d3d4235068b017f39e67c21a42a0958","messageTitle":"Move common message to Command class","messageBody":"","fileTypesAndContributionMap":{"functional-code":{"insertions":2,"deletions":2}}},{"hash":"79965439991130ba17a425b778aa4e418d76b546","messageTitle":"Allow empty arguments for EditClassCommand and check for invalid values","messageBody":"","fileTypesAndContributionMap":{"functional-code":{"insertions":13,"deletions":1}}},{"hash":"37d74ce1a8f6b675ea5e03ee7f15f1d774744702","messageTitle":"Add test cases for AddClassCommand, DeleteClassCommand, EditClassCommand","messageBody":"","fileTypesAndContributionMap":{"test-code":{"insertions":421,"deletions":0}}},{"hash":"3afa9d6d7a7a8e152696e2e9368236acd8ec7c81","messageTitle":"Fix checkstyle","messageBody":"","fileTypesAndContributionMap":{"test-code":{"insertions":1,"deletions":1}}},{"hash":"de87c5c9fae09e5c0d33ec2328330eafbae7b710","messageTitle":"Change Parser.splitFirstSpace method to private","messageBody":"","fileTypesAndContributionMap":{"functional-code":{"insertions":1,"deletions":1}}},{"hash":"e692f0637e9c09f5c81810c2ebd233653aea48f4","messageTitle":"Add author tag","messageBody":"","fileTypesAndContributionMap":{"test-code":{"insertions":1,"deletions":0}}},{"hash":"5d36b7dfe0873ec2e190db25c7e92ed94626bab6","messageTitle":"Remove extra lines","messageBody":"","fileTypesAndContributionMap":{"functional-code":{"insertions":0,"deletions":2},"test-code":{"insertions":0,"deletions":1}}},{"hash":"3236e9eae14c5c1c78f6841ed9801fd52998b135","messageTitle":"Change class ID to uppercase","messageBody":"","fileTypesAndContributionMap":{"functional-code":{"insertions":1,"deletions":1}}},{"hash":"cdb5253e5cf3063916f14ce89f1f34e54fbd51cb","messageTitle":"Update EditClassCommandTest","messageBody":"","fileTypesAndContributionMap":{"test-code":{"insertions":2,"deletions":2}}},{"hash":"fb5d7383c1fb173e39a87d6cee318102f61fea51","messageTitle":"Add images for class commands","messageBody":"","fileTypesAndContributionMap":{"docs":{"insertions":20,"deletions":4}}},{"hash":"b02766a23bc218c51aa7a809cc17d21970c81e95","messageTitle":"Update AddClassCommandTest and EditClassCommandTest","messageBody":"","fileTypesAndContributionMap":{"test-code":{"insertions":45,"deletions":13}}},{"hash":"c2c0bd714533ee1c739fa57d3356860cb0b24c1a","messageTitle":"Change welcome message position","messageBody":"","fileTypesAndContributionMap":{"functional-code":{"insertions":2,"deletions":2}}},{"hash":"08b47347df2cf7bb85a7f5096f5a15c29a284608","messageTitle":"SLAP Parser.getArgumentFromString method and add JavaDoc","messageBody":"","fileTypesAndContributionMap":{"functional-code":{"insertions":57,"deletions":21}}},{"hash":"eeaf99ac620215030ca1985d5666f07358269213","messageTitle":"Fix formatting","messageBody":"","fileTypesAndContributionMap":{"functional-code":{"insertions":13,"deletions":9}}},{"hash":"7dce6296f1d32935ca677a12cdc4e5caf65cf548","messageTitle":"Remove redundant conditions","messageBody":"","fileTypesAndContributionMap":{"functional-code":{"insertions":2,"deletions":1}}},{"hash":"4f538e0a939afaaa84952e45ca4691809e60e657","messageTitle":"Simplify archive command","messageBody":"","fileTypesAndContributionMap":{"functional-code":{"insertions":24,"deletions":34}}},{"hash":"deb39ee5809b08a93f3caff33257df7472f90faa","messageTitle":"Fix formatting","messageBody":"","fileTypesAndContributionMap":{"functional-code":{"insertions":37,"deletions":29}}},{"hash":"f560aa56cd7adf6e289d3779a533ef418b59644b","messageTitle":"Fix formatting","messageBody":"","fileTypesAndContributionMap":{"functional-code":{"insertions":1,"deletions":1}}},{"hash":"00cc14e6aaa044e85a46747a74f6a3c6f9cb10b6","messageTitle":"SLAP assessment deserializers","messageBody":"","fileTypesAndContributionMap":{"functional-code":{"insertions":13,"deletions":7}}},{"hash":"ff920a580e25c643d2fea6c690f1b1ba04db1aaf","messageTitle":"SLAP attendance deserializers","messageBody":"","fileTypesAndContributionMap":{"functional-code":{"insertions":16,"deletions":9}}},{"hash":"fb714be034c425d6fc30f40502b515bf9221b684","messageTitle":"Fix formatting for StorageDeserializer","messageBody":"","fileTypesAndContributionMap":{"functional-code":{"insertions":1,"deletions":0}}},{"hash":"522c70f4059323adc1b96e079adb069f51d97568","messageTitle":"SLAP student deserializers","messageBody":"","fileTypesAndContributionMap":{"functional-code":{"insertions":52,"deletions":30}}},{"hash":"2a0c01bcbc6c293291e5a8ddf9dfac6de710fd90","messageTitle":"SLAP class deserializers","messageBody":"","fileTypesAndContributionMap":{"functional-code":{"insertions":60,"deletions":32}}},{"hash":"a1d67963dcf48221cf2e3a487efaf7e1c31297ee","messageTitle":"Handle null JSON elements","messageBody":"","fileTypesAndContributionMap":{"functional-code":{"insertions":36,"deletions":15}}},{"hash":"49ee8b5dc3f5bfe43915382d378e26625664ecbf","messageTitle":"Update test cases","messageBody":"","fileTypesAndContributionMap":{"test-code":{"insertions":29,"deletions":1}}},{"hash":"c4c88033acaa6100009578acfaf33f618c2ae1eb","messageTitle":"Fix checkstyle","messageBody":"","fileTypesAndContributionMap":{"functional-code":{"insertions":3,"deletions":3}}},{"hash":"50ba4764a8720ebe5bff6a290be20d4926506651","messageTitle":"Fix formatting","messageBody":"","fileTypesAndContributionMap":{"docs":{"insertions":4,"deletions":4}}},{"hash":"0e75e4c411c967a091fb94bebbcf3cb538beefb7","messageTitle":"Update archive command","messageBody":"","fileTypesAndContributionMap":{"docs":{"insertions":2,"deletions":3}}}]}],"daknam2001":[{"date":"2021-10-01","commitResults":[{"hash":"7939b7b2c56845e443772147fd9ee1969424cfe5","messageTitle":"add daknam.md","messageBody":"","fileTypesAndContributionMap":{"docs":{"insertions":2,"deletions":1}}}]},{"date":"2021-10-07","commitResults":[{"hash":"0a1bd605bea5748d2e8e9904f1874251c054ab48","messageTitle":"add toString for attendance and test","messageBody":"","fileTypesAndContributionMap":{"functional-code":{"insertions":20,"deletions":1},"test-code":{"insertions":14,"deletions":0}}},{"hash":"7d301b975418a3f403c62295a3e02d1e47fa8626","messageTitle":"fix format issues","messageBody":"","fileTypesAndContributionMap":{"functional-code":{"insertions":4,"deletions":4}}},{"hash":"02bbbb947d49cd64a948fad1f84576c82dc140c2","messageTitle":"fix importing with *","messageBody":"","fileTypesAndContributionMap":{"test-code":{"insertions":1,"deletions":1}}}]},{"date":"2021-10-12","commitResults":[{"hash":"81a1be0c2bc82fe14676bd7cceebfee755d0518c","messageTitle":"Add Attendance and AttendanceList","messageBody":"","fileTypesAndContributionMap":{"functional-code":{"insertions":488,"deletions":38},"test-code":{"insertions":19,"deletions":14}}},{"hash":"dbe37c852414c6218c0432dd14c53b46c8917a92","messageTitle":"fix merging errors","messageBody":"","fileTypesAndContributionMap":{"functional-code":{"insertions":8,"deletions":4}}},{"hash":"8d775bcc3b515df9e8c7f89a86b5fbd10ad1aeab","messageTitle":"fix checkstyle issues","messageBody":"","fileTypesAndContributionMap":{"functional-code":{"insertions":19,"deletions":19}}},{"hash":"21971459f03adeff4a962cb9cdad93d6304dc27d","messageTitle":"fix checkstyle issues","messageBody":"","fileTypesAndContributionMap":{"functional-code":{"insertions":1,"deletions":2}}},{"hash":"8c6c4998038e611f8e1715e5a88c6dcfb5b1b885","messageTitle":"fix checkstyle issues","messageBody":"","fileTypesAndContributionMap":{"functional-code":{"insertions":2,"deletions":1}}},{"hash":"bba35cb204d6fc73e26655ee38b62c6694acacb5","messageTitle":"fix checkstyle issues","messageBody":"","fileTypesAndContributionMap":{"functional-code":{"insertions":1,"deletions":1}}}]},{"date":"2021-10-14","commitResults":[{"hash":"e84cbb670fafc3936da521105ded0f1c09c3c7dd","messageTitle":"add assert","messageBody":"","fileTypesAndContributionMap":{"functional-code":{"insertions":1,"deletions":0}}}]},{"date":"2021-10-21","commitResults":[{"hash":"cb93a286fc00bae270e4cf86e5847518aa2246ca","messageTitle":"add delete function for attendance","messageBody":"","fileTypesAndContributionMap":{"functional-code":{"insertions":140,"deletions":2}}},{"hash":"853dd6b0a72bb77e3eb278bdeeabb0a7a629076d","messageTitle":"fix checkstyle issues","messageBody":"","fileTypesAndContributionMap":{"functional-code":{"insertions":7,"deletions":3}}},{"hash":"05f8b813a5da11e7de5e80d75a93caf8b312d9a2","messageTitle":"edit developer guide to add set attendance impementation","messageBody":"","fileTypesAndContributionMap":{"functional-code":{"insertions":20,"deletions":20},"docs":{"insertions":31,"deletions":1}}}]},{"date":"2021-10-25","commitResults":[{"hash":"c517e522d4863536014629a7e617898f40009b39","messageTitle":"edit user guide and add delete_attendance to help","messageBody":"","fileTypesAndContributionMap":{"functional-code":{"insertions":1,"deletions":0},"docs":{"insertions":27,"deletions":3}}}]},{"date":"2021-10-28","commitResults":[{"hash":"4c5524c84fc5cb8272138db7f5b3e339f74ab48b","messageTitle":"add lesson attendance","messageBody":"","fileTypesAndContributionMap":{"functional-code":{"insertions":181,"deletions":2},"docs":{"insertions":11,"deletions":0}}},{"hash":"db1acb271b2907d9c7cd3bd4022d99b395d2d272","messageTitle":"fix checkstyle issues","messageBody":"","fileTypesAndContributionMap":{"functional-code":{"insertions":1,"deletions":1}}},{"hash":"8383cc32c2289ded30fe433c3d98de0c0bda64e6","messageTitle":"add bug fix to present count","messageBody":"","fileTypesAndContributionMap":{"functional-code":{"insertions":1,"deletions":1}}}]},{"date":"2021-11-01","commitResults":[{"hash":"d486a2f5867d0f9c4fae83a6bc4242e576cbf473","messageTitle":"add sequence diagrams and author tag","messageBody":"","fileTypesAndContributionMap":{"functional-code":{"insertions":7,"deletions":1},"docs":{"insertions":364,"deletions":6}}},{"hash":"47be31d93e6960fbfee0993d75cdae123bd8a844","messageTitle":"add set attendance sequence diagram to dg","messageBody":"","fileTypesAndContributionMap":{"docs":{"insertions":3,"deletions":0}}}]},{"date":"2021-11-07","commitResults":[{"hash":"81aeeb880ab65c9f42aa954462c9ca04cd26d0c2","messageTitle":"add set_attendance for range of student indexes add set_attendance for selection of student indexes update user guide with examples","messageBody":"","fileTypesAndContributionMap":{"functional-code":{"insertions":229,"deletions":38},"docs":{"insertions":64,"deletions":4}}},{"hash":"30f42979c4b6b64d7e0e79765c595a58052ba78d","messageTitle":"fix checkstyle issues","messageBody":"","fileTypesAndContributionMap":{"functional-code":{"insertions":4,"deletions":4}}},{"hash":"89c2aef9a6fc0c21b8335dd9cfe608a088132f36","messageTitle":"update usage message","messageBody":"","fileTypesAndContributionMap":{"functional-code":{"insertions":18,"deletions":3},"docs":{"insertions":1,"deletions":2}}},{"hash":"db293a658336302cecc2b9768617ea62d68d8efc","messageTitle":"fix checkstyle","messageBody":"","fileTypesAndContributionMap":{"functional-code":{"insertions":5,"deletions":5}}}]}],"rachelkeh":[{"date":"2021-10-01","commitResults":[{"hash":"dce78bb666abafa216d1b151bcc8699592940cf4","messageTitle":"add rachel aboutus.","messageBody":"","fileTypesAndContributionMap":{"docs":{"insertions":1,"deletions":1}}},{"hash":"eb84f91ad12fa07dc21b7e96161fe25a2cac1fdd","messageTitle":"add rachel aboutus.","messageBody":"","fileTypesAndContributionMap":{"docs":{"insertions":1,"deletions":1}}}]},{"date":"2021-10-10","commitResults":[{"hash":"462d9741721b4f9454f55cd47b3666a52cbb0c5e","messageTitle":"Add add_assessment command and AssessmentList and Assessment classes. Add comments for them too.","messageBody":"","fileTypesAndContributionMap":{"functional-code":{"insertions":167,"deletions":39},"test-code":{"insertions":24,"deletions":0}}},{"hash":"d3cdb8acf42b0e912146f65723b06cdca58c47d1","messageTitle":"Update code formatting to pass checkstyle test.","messageBody":"","fileTypesAndContributionMap":{"functional-code":{"insertions":16,"deletions":5}}},{"hash":"5c635ed74b33571ea488889f80a85964d7f3ad03","messageTitle":"update code to pass checkstyle test.","messageBody":"","fileTypesAndContributionMap":{"test-code":{"insertions":1,"deletions":1}}},{"hash":"f5117da47d0ae871af25e259778646c79b0179f4","messageTitle":"Add list_assessments command.","messageBody":"","fileTypesAndContributionMap":{"functional-code":{"insertions":49,"deletions":10}}},{"hash":"427cdbf67708b3bd27cbd5c74e4b1a507d6fac50","messageTitle":"Add comments for list_assessments.","messageBody":"","fileTypesAndContributionMap":{"functional-code":{"insertions":12,"deletions":0}}},{"hash":"e1e912b5a16a0cd8448854ac8760203637180265","messageTitle":"update code to pass checkstyle test.","messageBody":"","fileTypesAndContributionMap":{"functional-code":{"insertions":11,"deletions":1}}}]},{"date":"2021-10-20","commitResults":[{"hash":"165f5baf07fea1cfa291cf76432c057e391dd5b8","messageTitle":"add maximum marks to the assessment-related classes. test as well","messageBody":"","fileTypesAndContributionMap":{"functional-code":{"insertions":73,"deletions":13},"test-code":{"insertions":25,"deletions":3}}},{"hash":"9967739d518472434705ed7f18c8a2f0b8815d3a","messageTitle":"Fix checkstyle.","messageBody":"","fileTypesAndContributionMap":{"functional-code":{"insertions":4,"deletions":4}}},{"hash":"c428fe8f75e5ba6d5be48d24ea1c5d0f6bed78e6","messageTitle":"Fix checkstyle.","messageBody":"","fileTypesAndContributionMap":{"test-code":{"insertions":6,"deletions":3}}},{"hash":"297612b76fa18421613a3f95ff75bd5b2fcdbb21","messageTitle":"Fix checkstyle.","messageBody":"","fileTypesAndContributionMap":{"test-code":{"insertions":6,"deletions":6}}},{"hash":"3daf89d6e8cfd6c0f23fdf2cff7f9d9f90d943f7","messageTitle":"Update about us","messageBody":"","fileTypesAndContributionMap":{"docs":{"insertions":2,"deletions":7}}},{"hash":"5476d49efa7d9146bb7f47a532871d8db9a9c9ce","messageTitle":"Add assertions for the assessment-related classes","messageBody":"","fileTypesAndContributionMap":{"functional-code":{"insertions":3,"deletions":0}}}]},{"date":"2021-10-21","commitResults":[{"hash":"736982448175431922e6b3045b5fb2cdf77575ba","messageTitle":"Add and tested delete_assessment command with assertions and exceptions.","messageBody":"","fileTypesAndContributionMap":{"functional-code":{"insertions":105,"deletions":24},"test-code":{"insertions":29,"deletions":0}}},{"hash":"925fa4b7e8140eaada71543c202cbf11882eb7af","messageTitle":"Update checkstyle","messageBody":"","fileTypesAndContributionMap":{"functional-code":{"insertions":22,"deletions":6}}}]},{"date":"2021-10-23","commitResults":[{"hash":"194fbe588eb5356fcf1798114b75cbc1ac050bef","messageTitle":"Add and document edit_assessment command. Test the command with assertions and exceptions too.","messageBody":"","fileTypesAndContributionMap":{"functional-code":{"insertions":162,"deletions":25},"test-code":{"insertions":35,"deletions":2}}},{"hash":"73504344871bb5342edf0c5c091d337b92b5cf99","messageTitle":"Update checkstyle","messageBody":"","fileTypesAndContributionMap":{"functional-code":{"insertions":26,"deletions":4}}},{"hash":"806feabc9e5bdda31c0ce9b01d87538b3729de69","messageTitle":"Update checkstyle","messageBody":"","fileTypesAndContributionMap":{"test-code":{"insertions":5,"deletions":5}}},{"hash":"ab323b8bb0ccee5a965a11ef7359b205511cc736","messageTitle":"Update UG","messageBody":"","fileTypesAndContributionMap":{"docs":{"insertions":61,"deletions":1}}},{"hash":"d83923ab7c19c6a632dab3751a954c0084d8ca4e","messageTitle":"Update formatting error and typos in UG","messageBody":"","fileTypesAndContributionMap":{"docs":{"insertions":4,"deletions":2}}}]},{"date":"2021-10-25","commitResults":[{"hash":"fc4da9642ff33830dd94fb61aa978fa09c0ede5a","messageTitle":"Remove the unused methods in the class.","messageBody":"","fileTypesAndContributionMap":{"functional-code":{"insertions":0,"deletions":24}}},{"hash":"4e249725fe1b7952bd05de0a8bd49c3682388e34","messageTitle":"Update DG","messageBody":"","fileTypesAndContributionMap":{"docs":{"insertions":32,"deletions":4}}}]},{"date":"2021-10-28","commitResults":[{"hash":"8bbbbf58973df20d490b1f9faedf10bba99ba4d7","messageTitle":"Try out plantuml sequence diagram","messageBody":"","fileTypesAndContributionMap":{"docs":{"insertions":23,"deletions":0}}},{"hash":"ff999e55f351dd8d143466412287a051a20728b1","messageTitle":"Update edit assessment command because of a bug that causes new weightage to exceed 100","messageBody":"","fileTypesAndContributionMap":{"functional-code":{"insertions":34,"deletions":14}}},{"hash":"2ea8712965c27ec46688fcd348d91e526331771d","messageTitle":"Update delete assessment command to delete the assessment and marks in student","messageBody":"","fileTypesAndContributionMap":{"functional-code":{"insertions":22,"deletions":0}}}]},{"date":"2021-10-29","commitResults":[{"hash":"8a508bc2882dde20e98241a7f34a7a40dc387ad7","messageTitle":"create add assessment sequence diagram and update the DG with it","messageBody":"","fileTypesAndContributionMap":{"docs":{"insertions":65,"deletions":6}}}]},{"date":"2021-11-02","commitResults":[{"hash":"e602c0a69c0d65459d90867f4b56f448e449aa55","messageTitle":"Refactor assessment-related code to be shorter and fix issue of duplicate names in assessment list when editing assessment","messageBody":"","fileTypesAndContributionMap":{"functional-code":{"insertions":59,"deletions":36}}},{"hash":"6b5ac8f9e59680d30064c9562a2d9005a6d04fc4","messageTitle":"Fix misleading error messages associated with invalid assessment name and weightage in add_assessment command","messageBody":"","fileTypesAndContributionMap":{"functional-code":{"insertions":23,"deletions":16}}},{"hash":"5bbf2f09e5e3d6c3c76252e8bee2a8693a2fbb4b","messageTitle":"Fix lower end of the weightage range so that weightage of 0 is no longer allowed","messageBody":"","fileTypesAndContributionMap":{"functional-code":{"insertions":1,"deletions":1}}}]},{"date":"2021-11-05","commitResults":[{"hash":"4ff555064eb08e4642261a46ee2c803d45fe03b7","messageTitle":"Edit edit_assessment command to allow changing of assessment name to the same name but with different casing. Refactor add_assessment and edit_assessment commands. Yet to test","messageBody":"","fileTypesAndContributionMap":{"functional-code":{"insertions":105,"deletions":73}}},{"hash":"fa48242e7ea4a10433d9fd36298ac11bd837860f","messageTitle":"update checkstyle","messageBody":"","fileTypesAndContributionMap":{"functional-code":{"insertions":5,"deletions":3}}},{"hash":"c8678b0a416aa2b94380e31ac75e6535c1b249e0","messageTitle":"Add author tags","messageBody":"","fileTypesAndContributionMap":{"functional-code":{"insertions":4,"deletions":0}}},{"hash":"7a98c1bfd17d14938bd8dbbf519236891da5504c","messageTitle":"Change range of weightage back to 0 to 100 (both inclusive) but change the error message to make weightage inclusive of 0. Add tests for add assessment and edit assessment commands","messageBody":"","fileTypesAndContributionMap":{"functional-code":{"insertions":17,"deletions":21},"test-code":{"insertions":256,"deletions":2}}},{"hash":"1e2e61a8416e1ce106e983e1e638987324e0a99c","messageTitle":"Update checkstyle","messageBody":"","fileTypesAndContributionMap":{"test-code":{"insertions":4,"deletions":2}}}]},{"date":"2021-11-06","commitResults":[{"hash":"8c7657c439d1f137b8e00ae8d39c3406f5071d8b","messageTitle":"Change type of assessment from int to double and update all the string formatting accordingly","messageBody":"","fileTypesAndContributionMap":{"functional-code":{"insertions":27,"deletions":21},"test-code":{"insertions":5,"deletions":4}}},{"hash":"3402f532e90679aa5c4fc25183e63b1728de37ac","messageTitle":"Update comparison of doubles to a higher precision with Double.compare","messageBody":"","fileTypesAndContributionMap":{"functional-code":{"insertions":23,"deletions":5}}},{"hash":"63f4a0911dd5e7807e8c3c2d672a1d4711160784","messageTitle":"Fix logic error","messageBody":"","fileTypesAndContributionMap":{"functional-code":{"insertions":1,"deletions":1}}},{"hash":"34ce047246c39eeb6ef41b6d1a9940a951974a04","messageTitle":"Edit grammar error in add assessment message","messageBody":"","fileTypesAndContributionMap":{"functional-code":{"insertions":1,"deletions":1}}}]}]},"authorFileTypeContributionMap":{"Jon-the-MELON":{"docs":205,"functional-code":783,"test-code":727},"hozhenhong99":{"docs":246,"functional-code":1083,"test-code":703},"leyondlee":{"docs":986,"functional-code":2750,"test-code":761,"other":4},"daknam2001":{"docs":436,"functional-code":907,"test-code":11},"rachelkeh":{"docs":124,"functional-code":659,"test-code":312}},"authorContributionVariance":{"Jon-the-MELON":30547.533,"hozhenhong99":26149.025,"leyondlee":364392.75,"daknam2001":15461.004,"rachelkeh":10926.195},"authorDisplayNameMap":{"Jon-the-MELON":"CS2113T-F12-3 JON ..KIAT","hozhenhong99":"CS2113T-F12-3 HO Z..HONG","leyondlee":"CS2113T-F12-3 LEE ..YOND","daknam2001":"CS2113T-F12-3 KONG.. NAM","rachelkeh":"CS2113T-F12-3 KEH ..CHEL"}}
