{"authorDailyContributionsMap":{"joshualeeky":[{"date":"2021-09-30","commitResults":[{"hash":"e4a365e0833837dbdd7f7d9897797c39a9157362","messageTitle":"Updated AboutUs","messageBody":"","fileTypesAndContributionMap":{"other":{"insertions":8,"deletions":33},"docs":{"insertions":1,"deletions":1}}},{"hash":"88e7aac38c672ec1edfd8c4844104390cadbb2ce","messageTitle":"Updated AboutUs","messageBody":"","fileTypesAndContributionMap":{"other":{"insertions":33,"deletions":6}}},{"hash":"1778527330bf1de08b8edbd1f41aa7ed3d566fbf","messageTitle":"Updated AboutUs round 2","messageBody":"","fileTypesAndContributionMap":{"docs":{"insertions":2,"deletions":4}}}]},{"date":"2021-10-05","commitResults":[{"hash":"e112624ab29faac5895cfd9e5a051b9cd100b1e0","messageTitle":"Updated Person class","messageBody":"","fileTypesAndContributionMap":{"functional-code":{"insertions":41,"deletions":0}}}]},{"date":"2021-10-06","commitResults":[{"hash":"a9551fa3ef1ac146998757b7245cbf2e645608d4","messageTitle":"Updated Person class, variables \u0026 additional functions","messageBody":"","fileTypesAndContributionMap":{"functional-code":{"insertions":18,"deletions":10}}},{"hash":"cecb05c58d4629b5afabc81ddbe158646ab3fe6d","messageTitle":"Updated Person class, checkstyle error","messageBody":"","fileTypesAndContributionMap":{"functional-code":{"insertions":2,"deletions":2}}},{"hash":"e42a2f8f080129274896ba73af6f61689bd359bf","messageTitle":"Updated Person class, comments error","messageBody":"","fileTypesAndContributionMap":{"functional-code":{"insertions":7,"deletions":7}}},{"hash":"c22f0046e487c666f44af8723d7ec6f556132b8a","messageTitle":"Updated Person class, comments error again","messageBody":"","fileTypesAndContributionMap":{"functional-code":{"insertions":5,"deletions":5}}},{"hash":"13cd7a0d1d040c7121cfc6ba91d241b8d449cf7c","messageTitle":"Added testSetUser() to JUnit","messageBody":"","fileTypesAndContributionMap":{"test-code":{"insertions":6,"deletions":0}}},{"hash":"ef1e40732749503cd8eea0284c91b9501988d73f","messageTitle":"Edited testSetName() to JUnit","messageBody":"","fileTypesAndContributionMap":{"test-code":{"insertions":3,"deletions":2}}}]},{"date":"2021-10-11","commitResults":[{"hash":"e4f70f72664bb0eb03cf336a239e7844b4a92476","messageTitle":"Updated person class, added getTotalExpenditure()","messageBody":"","fileTypesAndContributionMap":{"functional-code":{"insertions":7,"deletions":7}}},{"hash":"cf54db084f684aad23681740efeafe973e6094fa","messageTitle":"Updated person and expense class, getTotalExpenditure(), getCostPerPerson()","messageBody":"","fileTypesAndContributionMap":{"functional-code":{"insertions":2,"deletions":7}}},{"hash":"dd5ec105b95cb2cd866d2c4c5c87c184d4476baa","messageTitle":"Updated Parser, Storage and Ui Class. Resolved incorrect user entry errors.","messageBody":"","fileTypesAndContributionMap":{"functional-code":{"insertions":16,"deletions":12}}},{"hash":"c4c9840903dbe7c59569aa08c38f5fdfa6d5496d","messageTitle":"Resolved checkstyle error","messageBody":"","fileTypesAndContributionMap":{"functional-code":{"insertions":1,"deletions":1}}}]},{"date":"2021-10-12","commitResults":[{"hash":"4805f65f1326977cc37eddc854780a33ea03c673","messageTitle":"Updated a lot of things...","messageBody":"","fileTypesAndContributionMap":{"functional-code":{"insertions":64,"deletions":65},"test-code":{"insertions":1,"deletions":1}}},{"hash":"6b8d66297eb43f45f19258f05230e33ceae08263","messageTitle":"Conflict resovled with YZ.","messageBody":"","fileTypesAndContributionMap":{"functional-code":{"insertions":20,"deletions":28},"other":{"insertions":2,"deletions":3}}},{"hash":"a3c8ca3b3f8e7bf7e672c0595bbb622d010abae4","messageTitle":"Resolved checkstyle errors.","messageBody":"","fileTypesAndContributionMap":{"functional-code":{"insertions":3,"deletions":3}}},{"hash":"c317138114653b9b6788e0236d6a3875188c0d28","messageTitle":"Resolved IO errors again again.","messageBody":"","fileTypesAndContributionMap":{"other":{"insertions":2,"deletions":2}}},{"hash":"6c9524429ff5beebde8f97ced245a7ee0fc32b9b","messageTitle":"Updated Parser Class, added list function and edited delete function","messageBody":"","fileTypesAndContributionMap":{"functional-code":{"insertions":61,"deletions":16}}},{"hash":"0f16ae845e60d9f75bb4b44565b50b14f1275779","messageTitle":"Resolved Checkstyle errors","messageBody":"","fileTypesAndContributionMap":{"functional-code":{"insertions":6,"deletions":6}}},{"hash":"c5be82ff6a27d16b60f61d153617c5bfc83fa375","messageTitle":"Parser Class reformatted, each switch case requires a try catch to ensure program does not crash. Added printMoney() in Ui class, prints out double in 2dp","messageBody":"","fileTypesAndContributionMap":{"functional-code":{"insertions":15,"deletions":18}}},{"hash":"2af4058245f8f4d117b493a9a75633ec27b3f0a1","messageTitle":"Checkstyle error resolved","messageBody":"","fileTypesAndContributionMap":{"functional-code":{"insertions":1,"deletions":1}}},{"hash":"a8e9880a922b64c3e74581a163769cfcc5664990","messageTitle":"fixed quit bug","messageBody":"","fileTypesAndContributionMap":{"functional-code":{"insertions":4,"deletions":5}}},{"hash":"1f349c4facce8ba5be6552abc5885eb707f71e37","messageTitle":"Checkstyle error resolved","messageBody":"","fileTypesAndContributionMap":{"functional-code":{"insertions":1,"deletions":1}}},{"hash":"d7c9da829ce9829a49cd4441613bc0003160470c","messageTitle":"Resolved test errors","messageBody":"","fileTypesAndContributionMap":{"functional-code":{"insertions":7,"deletions":4}}},{"hash":"bc2c178812c9b16d1fab2427dd899639ac74f338","messageTitle":"Resolved test errors again","messageBody":"","fileTypesAndContributionMap":{"functional-code":{"insertions":2,"deletions":1}}},{"hash":"4a44b883a9fd5cbd247c2c4f4ae284e64dc8f9e2","messageTitle":"Resolved test errors again AGAIN","messageBody":"","fileTypesAndContributionMap":{"functional-code":{"insertions":3,"deletions":3}}},{"hash":"e2a10efd17e9c3afdc3671a333948db7022e6207","messageTitle":"Resolved budget issue during create.","messageBody":"","fileTypesAndContributionMap":{"functional-code":{"insertions":0,"deletions":4}}},{"hash":"55fc2d313038093ff5aa84e0e65edd291e01701f","messageTitle":"Resolved testSetBudget()","messageBody":"","fileTypesAndContributionMap":{"test-code":{"insertions":1,"deletions":1}}}]},{"date":"2021-10-13","commitResults":[{"hash":"66f4570a57f00b9d1f58afbff1a188ba345a9006","messageTitle":"Updated Parser and Ui class","messageBody":"","fileTypesAndContributionMap":{"functional-code":{"insertions":93,"deletions":100}}},{"hash":"23bc579fde8016182d0762d04059863a7911e61d","messageTitle":"Updated Parser class","messageBody":"","fileTypesAndContributionMap":{"functional-code":{"insertions":16,"deletions":25}}},{"hash":"f1890a89b3ad3a3164b586533fd9f517fd02bb16","messageTitle":"Resolved checkstyle error","messageBody":"","fileTypesAndContributionMap":{"functional-code":{"insertions":1,"deletions":1}}},{"hash":"35d268849c71a9b9ec292429774b99c52f718b91","messageTitle":"Updated Parser class","messageBody":"","fileTypesAndContributionMap":{"functional-code":{"insertions":1,"deletions":1}}},{"hash":"78a4d93e5732da847b2fc3eb3f6efa6cd68dc815","messageTitle":"Updated Parser class","messageBody":"","fileTypesAndContributionMap":{"functional-code":{"insertions":1,"deletions":12}}}]},{"date":"2021-10-14","commitResults":[{"hash":"c8207cc293d48e76c646a4f07908911793237093","messageTitle":"Added Logging and some minor edits to expense","messageBody":"","fileTypesAndContributionMap":{"functional-code":{"insertions":3,"deletions":4}}},{"hash":"dc2af270918b251913de9dcf9ef8ccd737c906a0","messageTitle":"Resolved some minor warnings in Parser Class","messageBody":"","fileTypesAndContributionMap":{"functional-code":{"insertions":3,"deletions":3}}},{"hash":"fde5a3bd155d8860e5f63be3451b8a6b0560073a","messageTitle":"Added logo.","messageBody":"","fileTypesAndContributionMap":{"functional-code":{"insertions":12,"deletions":10}}},{"hash":"2eed73a91e8679458de2b4f20aeb698a01b5d7e8","messageTitle":"Resolved checkstyle error","messageBody":"","fileTypesAndContributionMap":{"functional-code":{"insertions":7,"deletions":7}}}]},{"date":"2021-10-19","commitResults":[{"hash":"2f0e3c222c473ebff7bc0ce0f5823d6b4187d689","messageTitle":"Updated classes to prepare for v2.0","messageBody":"","fileTypesAndContributionMap":{"functional-code":{"insertions":18,"deletions":43},"test-code":{"insertions":4,"deletions":4}}},{"hash":"e7d60c2078352a0007b8cb4e48a7bbe5ac8f9b0f","messageTitle":"Checkstyle error resolved","messageBody":"","fileTypesAndContributionMap":{"functional-code":{"insertions":1,"deletions":1}}}]},{"date":"2021-10-20","commitResults":[{"hash":"75ebf1f1c2f02d92025a4626086b37e001232425","messageTitle":"Temporary commit for UGDG","messageBody":"","fileTypesAndContributionMap":{"functional-code":{"insertions":87,"deletions":3}}},{"hash":"10a8529ffa07b577c1e82d0b998ad571a72b8117","messageTitle":"Updated DG with Person Class","messageBody":"","fileTypesAndContributionMap":{"docs":{"insertions":7,"deletions":0}}},{"hash":"44bc8feaafb398a0a67b9888ca7028d4a818a32e","messageTitle":"Updated Expenses to be able to split money non-equally","messageBody":"","fileTypesAndContributionMap":{"functional-code":{"insertions":41,"deletions":11}}},{"hash":"8e1d77f3adb89b339a3369f6d390dac2cfc47bf1","messageTitle":"Resolved some merge conflicts","messageBody":"","fileTypesAndContributionMap":{"functional-code":{"insertions":8,"deletions":7}}},{"hash":"25a1f65b1dcdc50771946341515d3a0c126505e6","messageTitle":"Resolved Checkstyle error","messageBody":"","fileTypesAndContributionMap":{"functional-code":{"insertions":15,"deletions":15}}},{"hash":"444e2ff12f056b880f666c3e2fd7e04740245c04","messageTitle":"Resolved Checkstyle error again","messageBody":"","fileTypesAndContributionMap":{"functional-code":{"insertions":4,"deletions":3}}}]},{"date":"2021-10-21","commitResults":[{"hash":"9e2ae64990bc68e64232c3a613fa0749e7edc565","messageTitle":"Can now view everybody\u0027s spent and owed amount.","messageBody":"","fileTypesAndContributionMap":{"functional-code":{"insertions":86,"deletions":45},"test-code":{"insertions":1,"deletions":1}}},{"hash":"e04401a6ecc8eb7a9deb9b0e78775a9ffc7d8d95","messageTitle":"Resolved Checkstyle errors","messageBody":"","fileTypesAndContributionMap":{"functional-code":{"insertions":16,"deletions":15}}},{"hash":"7d9ff63506a78c847055416ee3976e1b10945aeb","messageTitle":"Edited delete expense function to be correct","messageBody":"","fileTypesAndContributionMap":{"functional-code":{"insertions":5,"deletions":0}}},{"hash":"c18d53e8bece6690044f4087bd6e45006eb0b1fa","messageTitle":"Checkstyle error correction","messageBody":"","fileTypesAndContributionMap":{"functional-code":{"insertions":1,"deletions":1}}},{"hash":"f25650334f36d5f5e7bf8d7fc78a3ff77eee5b8c","messageTitle":"Removed some unused functions","messageBody":"","fileTypesAndContributionMap":{"functional-code":{"insertions":1,"deletions":8}}},{"hash":"137115c091362ed05934fc649c2a506a02c470c5","messageTitle":"Refactored updateIndividualSpending()","messageBody":"","fileTypesAndContributionMap":{"functional-code":{"insertions":50,"deletions":42}}},{"hash":"acd02c323f0d7c2048a33963c035ee283c99c7db","messageTitle":"Refactored updateIndividualSpending()","messageBody":"","fileTypesAndContributionMap":{"functional-code":{"insertions":1,"deletions":0}}}]},{"date":"2021-10-23","commitResults":[{"hash":"48db35a482729ba51c6e65db277cd14123079cca","messageTitle":"Updated expense function to immediately assign amount spent if only one person in expense","messageBody":"","fileTypesAndContributionMap":{"functional-code":{"insertions":15,"deletions":6}}},{"hash":"6da236904f0134405dbf7cb9cfafbc75457ea044","messageTitle":"Resolve checkstyle error","messageBody":"","fileTypesAndContributionMap":{"functional-code":{"insertions":2,"deletions":2}}},{"hash":"436c2b0a6a61eff25ab186af0f2a1e6c5839244d","messageTitle":"Resolve IO Redirection error","messageBody":"","fileTypesAndContributionMap":{"functional-code":{"insertions":5,"deletions":5}}},{"hash":"edd2e0f1448800f006359551f88274e2749f9975","messageTitle":"Resolve checkstyle error","messageBody":"","fileTypesAndContributionMap":{"functional-code":{"insertions":2,"deletions":2}}},{"hash":"2a4228ff1cc91af6fd87a8cea50b07650b235764","messageTitle":"Added HashMap of popular currencies","messageBody":"","fileTypesAndContributionMap":{"functional-code":{"insertions":22,"deletions":7}}},{"hash":"23bbf57bb9a5acc3f6324d52190f2b1fd79d0dfb","messageTitle":"Implemented currencies","messageBody":"","fileTypesAndContributionMap":{"functional-code":{"insertions":101,"deletions":29}}}]},{"date":"2021-10-24","commitResults":[{"hash":"ca4703b0a9b662d2c02d20672293cbabcc565db2","messageTitle":"Resolved checkstyle errors","messageBody":"","fileTypesAndContributionMap":{"functional-code":{"insertions":31,"deletions":27}}},{"hash":"2d044e72551da9f2b7385bb86dc9d6d17b446e0f","messageTitle":"Resolved checkstyle errors again","messageBody":"","fileTypesAndContributionMap":{"functional-code":{"insertions":1,"deletions":1}}},{"hash":"d8ba52172bfb6e3274e31dd56d195c0c5447f74b","messageTitle":"Resolved IO redirection","messageBody":"","fileTypesAndContributionMap":{"functional-code":{"insertions":1,"deletions":1}}},{"hash":"8bdf2fac43670a26642e13378f05cdc8dcc3fcbe","messageTitle":"Fixed amount printing error","messageBody":"","fileTypesAndContributionMap":{"functional-code":{"insertions":2,"deletions":2}}}]},{"date":"2021-10-25","commitResults":[{"hash":"d4819ff45767e61fbc15e7b5497bd4310441d1b2","messageTitle":"Edited Expense and Parser class slightly","messageBody":"","fileTypesAndContributionMap":{"functional-code":{"insertions":23,"deletions":11}}},{"hash":"998c39968f96f2767c5f4f3eda5237a432bf8a94","messageTitle":"Resolved checkstyle error","messageBody":"","fileTypesAndContributionMap":{"functional-code":{"insertions":2,"deletions":2}}},{"hash":"9dfd4f0ad52dad4d27f89da072e1efb49129a4dc","messageTitle":"Added formatting to expense summary","messageBody":"","fileTypesAndContributionMap":{"functional-code":{"insertions":7,"deletions":7}}},{"hash":"dd274cae7ebd320c2a2580f867ff58fd271ca0da","messageTitle":"Uncommented Duke","messageBody":"","fileTypesAndContributionMap":{"functional-code":{"insertions":5,"deletions":5}}},{"hash":"a5f740aad67a1c017619b99205e9356231606cd9","messageTitle":"Removed stringToPerson function","messageBody":"","fileTypesAndContributionMap":{"functional-code":{"insertions":5,"deletions":20}}},{"hash":"7cdaef10f31d3bc38596521fa581f0df5dfbf809","messageTitle":"Resolved checkstyle error","messageBody":"","fileTypesAndContributionMap":{"functional-code":{"insertions":2,"deletions":1}}},{"hash":"41e789b26f9450ce136e92a48ab227e5e39c4049","messageTitle":"Formatting of dates, currency. ArrayList of expenses in Trip class now is sorted by date.","messageBody":"","fileTypesAndContributionMap":{"functional-code":{"insertions":12,"deletions":12}}},{"hash":"7739495dad14c44bc674eff1893769ea31629dec","messageTitle":"Resolved IO error","messageBody":"","fileTypesAndContributionMap":{"functional-code":{"insertions":7,"deletions":6}}},{"hash":"1292af29f9d0a7cf50c3b0259811cbfc1797f7d2","messageTitle":"Uncommented Duke","messageBody":"","fileTypesAndContributionMap":{"functional-code":{"insertions":5,"deletions":5}}},{"hash":"1a8a656578db164dd9d8308573ff9db129c61a39","messageTitle":"Fixed printing bug for filtered expenses","messageBody":"","fileTypesAndContributionMap":{"functional-code":{"insertions":8,"deletions":8}}},{"hash":"9bee66e899c87b92db1f856b54a6fa37b80127c3","messageTitle":"Uncommented Duke","messageBody":"","fileTypesAndContributionMap":{"functional-code":{"insertions":5,"deletions":5}}},{"hash":"c91379087d8a6be81bb7e26755343322e842dd21","messageTitle":"Resolved checkstyle error","messageBody":"","fileTypesAndContributionMap":{"functional-code":{"insertions":1,"deletions":1}}},{"hash":"419d6fa353de8b1ea4725dc3b73a19a8aad29260","messageTitle":"Cleaning up some code","messageBody":"","fileTypesAndContributionMap":{"functional-code":{"insertions":18,"deletions":15}}},{"hash":"6c469d98ef2cbe455a5726c8ec5d68bebd59214a","messageTitle":"Cleaning up some code","messageBody":"","fileTypesAndContributionMap":{"functional-code":{"insertions":22,"deletions":14}}},{"hash":"fb64983f77d2632af489f0c16a9ee8597257342c","messageTitle":"View filter no longer case-sensitive","messageBody":"","fileTypesAndContributionMap":{"functional-code":{"insertions":2,"deletions":2}}},{"hash":"3806c1b519b3b14ea5175f371d4a627db837b753","messageTitle":"Resolved bug with listing expenses.","messageBody":"","fileTypesAndContributionMap":{"functional-code":{"insertions":14,"deletions":16}}},{"hash":"3f324547c58b6014b8f0816657332b3d8cac800d","messageTitle":"Formatting correction","messageBody":"","fileTypesAndContributionMap":{"functional-code":{"insertions":8,"deletions":8}}},{"hash":"7c0f68849920e640ea910f1a42c297946f385ece","messageTitle":"Added handleAmount()","messageBody":"","fileTypesAndContributionMap":{"functional-code":{"insertions":9,"deletions":1}}},{"hash":"24768d451fe9c8ddcfe55f0471f53e7a6c4e5cb0","messageTitle":"Added more currencies","messageBody":"","fileTypesAndContributionMap":{"functional-code":{"insertions":21,"deletions":0}}},{"hash":"d0176900a61212df889aa12fd52141bd135ed5ab","messageTitle":"Changed amountSplit to \u003cString, Double\u003e","messageBody":"","fileTypesAndContributionMap":{"functional-code":{"insertions":18,"deletions":9}}},{"hash":"a42f89343147200756a9fb9e8dd724871467cb51","messageTitle":"Checkstyle fix","messageBody":"","fileTypesAndContributionMap":{"functional-code":{"insertions":2,"deletions":1}}},{"hash":"2ae8bbd3894395d0af473d141c2fcdc127ea646b","messageTitle":"Fix summary with new HashMap implementation","messageBody":"","fileTypesAndContributionMap":{"functional-code":{"insertions":1,"deletions":1}}},{"hash":"0b25f234a06e1576b3194196a9438a000a776858","messageTitle":"Changed moneyOwed to \u003cString, Double\u003e","messageBody":"","fileTypesAndContributionMap":{"functional-code":{"insertions":19,"deletions":13}}}]},{"date":"2021-10-26","commitResults":[{"hash":"a189584eb9c0a697cd4e1aa9f8f7e829a9df1c43","messageTitle":"Fixed view in trip select bug","messageBody":"","fileTypesAndContributionMap":{"functional-code":{"insertions":6,"deletions":0}}},{"hash":"2ca7f18365612ea736eab093081fd05d126e3fbe","messageTitle":"Updated UserGuide","messageBody":"","fileTypesAndContributionMap":{"docs":{"insertions":39,"deletions":1}}},{"hash":"3af837f5b442a37c7e2cea7619b732a475e203b6","messageTitle":"Updated UserGuide","messageBody":"","fileTypesAndContributionMap":{"docs":{"insertions":2,"deletions":5}}},{"hash":"f3efdf7a7ec31ecde25eb1bc9400bf1d9eaf41fc","messageTitle":"When user inputs more than 2 d.p or enters dps for relevant currency formats, there will be auto rounding.","messageBody":"","fileTypesAndContributionMap":{"functional-code":{"insertions":4,"deletions":2}}},{"hash":"77395e9f0cf6fd25efc31181cd8ac27df2a49ea3","messageTitle":"Added authoring","messageBody":"","fileTypesAndContributionMap":{"functional-code":{"insertions":21,"deletions":8}}},{"hash":"f71665055767a029b58e65c7af7b16aa27062c53","messageTitle":"Some minor fixes","messageBody":"","fileTypesAndContributionMap":{"functional-code":{"insertions":2,"deletions":10}}},{"hash":"a894a99e2f29eba64df5cfda55e1c5a5ba547ada","messageTitle":"Removed old HashMap implementations","messageBody":"","fileTypesAndContributionMap":{"functional-code":{"insertions":11,"deletions":25}}},{"hash":"52803e4753065760c5fa960b563a2f6ce0fc8b5c","messageTitle":"Checkstyle error","messageBody":"","fileTypesAndContributionMap":{"functional-code":{"insertions":1,"deletions":1}}},{"hash":"ee389fcffc1b42a861fc90680ec58f9fe7d67c5b","messageTitle":"Some minor changes","messageBody":"","fileTypesAndContributionMap":{"functional-code":{"insertions":9,"deletions":5}}}]},{"date":"2021-10-27","commitResults":[{"hash":"d90821df0b71077beca3ff77538b309e7f165e18","messageTitle":"Resolved summary bug","messageBody":"","fileTypesAndContributionMap":{"functional-code":{"insertions":51,"deletions":39}}},{"hash":"6944d67cf8878b6af4d4ada0fdf5afc31c5df189","messageTitle":"Checkstyle error","messageBody":"","fileTypesAndContributionMap":{"functional-code":{"insertions":2,"deletions":2}}},{"hash":"eb6ca52af86bf39ec07a96a89b0a0f5e7b7ba283","messageTitle":"Enabled auto assignment for last person in expense.","messageBody":"","fileTypesAndContributionMap":{"functional-code":{"insertions":20,"deletions":3}}},{"hash":"c60c70c9f2705b8211e9d14815f53dfe7df2f204","messageTitle":"Minor changes","messageBody":"","fileTypesAndContributionMap":{"functional-code":{"insertions":3,"deletions":5}}},{"hash":"94f0f3a8535614c316508f67d88ade820299b1c2","messageTitle":"Minor changes","messageBody":"","fileTypesAndContributionMap":{"functional-code":{"insertions":1,"deletions":1}}}]},{"date":"2021-10-28","commitResults":[{"hash":"081d7d841d6295401fb3cfb6fdae114792401c05","messageTitle":"Updated UserGuide.md","messageBody":"","fileTypesAndContributionMap":{"docs":{"insertions":199,"deletions":88}}},{"hash":"ae3b76cf2ee860a4e21db587afd301381134b933","messageTitle":"Updated UserGuide.md","messageBody":"","fileTypesAndContributionMap":{"functional-code":{"insertions":1,"deletions":1},"docs":{"insertions":163,"deletions":87}}}]},{"date":"2021-11-01","commitResults":[{"hash":"39a766937c4758478c296904355aa40bf4a86749","messageTitle":"Added new CancelException class to handle when user wants to cancel a command. Refactored parser to clean it up a little.","messageBody":"","fileTypesAndContributionMap":{"functional-code":{"insertions":164,"deletions":129}}},{"hash":"b4d99ec89eb93d0dc6d650c73b9d03ec5c3c84e5","messageTitle":"Added new CancelException class to handle when user wants to cancel a command. Refactored parser to clean it up a little.","messageBody":"","fileTypesAndContributionMap":{"functional-code":{"insertions":6,"deletions":8}}},{"hash":"8e3056d94eff8d9dc4aae587a891408f6981d2a8","messageTitle":"Checkstyle","messageBody":"","fileTypesAndContributionMap":{"functional-code":{"insertions":1,"deletions":1}}},{"hash":"e8278cf984e1162134f8746c34f70ae1a713bc24","messageTitle":"Allow cancellation if enter wrong person name for expense.","messageBody":"","fileTypesAndContributionMap":{"functional-code":{"insertions":35,"deletions":28},"other":{"insertions":7,"deletions":7}}}]},{"date":"2021-11-02","commitResults":[{"hash":"28dd964086161e165805248b83e07b273e67a27f","messageTitle":"Added some Javadocs.","messageBody":"","fileTypesAndContributionMap":{"functional-code":{"insertions":70,"deletions":5}}},{"hash":"ac93f58549ed8ee64409997c7b356848db9162de","messageTitle":"Revised some Javadocs.","messageBody":"","fileTypesAndContributionMap":{"functional-code":{"insertions":3,"deletions":3}}},{"hash":"84cde65b6dfc551f6c2f62f5c12903aba569a4b0","messageTitle":"Checkstyle","messageBody":"","fileTypesAndContributionMap":{"functional-code":{"insertions":2,"deletions":2}}},{"hash":"e1e59fab8c664087fd4a203a55d053a335e117ac","messageTitle":"Packaging of classes","messageBody":"","fileTypesAndContributionMap":{"functional-code":{"insertions":658,"deletions":644},"other":{"insertions":16,"deletions":5},"test-code":{"insertions":3,"deletions":0}}},{"hash":"38e359a551008918d7eaefd065528cb02d880694","messageTitle":"Resolve merge conflicts","messageBody":"","fileTypesAndContributionMap":{"functional-code":{"insertions":5,"deletions":3}}},{"hash":"62071dfaa2b0cca7870ea79b83107b8f8ceea595","messageTitle":"Checkstyle","messageBody":"","fileTypesAndContributionMap":{"functional-code":{"insertions":9,"deletions":9},"other":{"insertions":26,"deletions":22},"test-code":{"insertions":2,"deletions":2}}}]},{"date":"2021-11-03","commitResults":[{"hash":"2d578c4bf7db22fa723ca5b0112bf5ceb851d539","messageTitle":"Refactoring of updateIndividualSpending","messageBody":"","fileTypesAndContributionMap":{"functional-code":{"insertions":46,"deletions":23}}},{"hash":"069f2ba68e34d5aefdf4dd1c6bd3adc38f79ccf6","messageTitle":"Updated error messaging when declining to auto assign for expense.","messageBody":"","fileTypesAndContributionMap":{"functional-code":{"insertions":7,"deletions":2}}},{"hash":"78529999f66e4f0b23be93e88d97f1dbfcb2b662","messageTitle":"Resolved printing error when adding people into expense who are not in the trip.","messageBody":"","fileTypesAndContributionMap":{"functional-code":{"insertions":7,"deletions":2}}},{"hash":"852e932a4fb3151584c85fd65ac19e1bfb43828c","messageTitle":"Added PPP","messageBody":"","fileTypesAndContributionMap":{"docs":{"insertions":14,"deletions":0}}}]},{"date":"2021-11-04","commitResults":[{"hash":"7019cba89ca83bd3c53bd534853dafd0497f0102","messageTitle":"Refactoring and implementation of last for expense and trip.","messageBody":"","fileTypesAndContributionMap":{"functional-code":{"insertions":685,"deletions":681},"other":{"insertions":68,"deletions":41},"test-code":{"insertions":3,"deletions":3}}},{"hash":"93f30698a941720c4c8a30897035678f81ce4292","messageTitle":"Cancel bug fix","messageBody":"","fileTypesAndContributionMap":{"functional-code":{"insertions":76,"deletions":44}}},{"hash":"f78911adbe20c781c12d62540897ebcfbb0e405a","messageTitle":"Checkstyle","messageBody":"","fileTypesAndContributionMap":{"functional-code":{"insertions":1,"deletions":2}}},{"hash":"6704ad8f661a882650db9ecd965bb0fce131ca45","messageTitle":"IO error","messageBody":"","fileTypesAndContributionMap":{"functional-code":{"insertions":1,"deletions":1}}},{"hash":"5bfc53fa945bd914ea02d524f9d41ec98b3a04a8","messageTitle":"Updated Symbols.","messageBody":"","fileTypesAndContributionMap":{"functional-code":{"insertions":14,"deletions":14}}},{"hash":"143607c5fe1be2eec74e82f5133cfdaf66aa4dce","messageTitle":"Updated PPP","messageBody":"","fileTypesAndContributionMap":{"functional-code":{"insertions":1,"deletions":1},"docs":{"insertions":38,"deletions":12}}},{"hash":"c9c80ff43ef024f92779da13b63d45acf7b7506a","messageTitle":"Fixed adding people with same name bug for both expense and trip.","messageBody":"","fileTypesAndContributionMap":{"functional-code":{"insertions":61,"deletions":47},"test-code":{"insertions":2,"deletions":1}}},{"hash":"f566d8ee601ed9753ffb975771082fdd2788705d","messageTitle":"Checkstyle","messageBody":"","fileTypesAndContributionMap":{"functional-code":{"insertions":1,"deletions":1}}},{"hash":"68c255e43a6809278ddf802f589837312bc8aa8b","messageTitle":"Allow user to reenter names directly if entered wrongly for expense.","messageBody":"","fileTypesAndContributionMap":{"functional-code":{"insertions":13,"deletions":11}}}]},{"date":"2021-11-06","commitResults":[{"hash":"917fb2cbfca36ff85de55355af3b6dd157653bcb","messageTitle":"Javadocs","messageBody":"","fileTypesAndContributionMap":{"functional-code":{"insertions":39,"deletions":13}}}]},{"date":"2021-11-07","commitResults":[{"hash":"27430144ecfc4a7f666f5e2d762e1f0d452275fb","messageTitle":"Minor changes to Ui","messageBody":"","fileTypesAndContributionMap":{"functional-code":{"insertions":3,"deletions":8}}},{"hash":"73d2104fb41d25747a9f3e576a335d1b68113f10","messageTitle":"Added some tests","messageBody":"","fileTypesAndContributionMap":{"functional-code":{"insertions":37,"deletions":34},"test-code":{"insertions":106,"deletions":7}}},{"hash":"e57e5a7fb65b95e776990e69d6005c6c57b4a418","messageTitle":"Checkstyle","messageBody":"","fileTypesAndContributionMap":{"test-code":{"insertions":7,"deletions":8}}},{"hash":"a3d8a04febce6bad096654c00d134eb540c08c03","messageTitle":"Test error resolved","messageBody":"","fileTypesAndContributionMap":{"test-code":{"insertions":1,"deletions":1}}},{"hash":"d6acfe3301a22527d840fb7d351c9ff967a47db3","messageTitle":"DG first draft","messageBody":"","fileTypesAndContributionMap":{"docs":{"insertions":150,"deletions":41},"test-code":{"insertions":0,"deletions":2}}},{"hash":"968a59e5e532fc4318025886a15257f6132dc0de","messageTitle":"Added tests for expense","messageBody":"","fileTypesAndContributionMap":{"functional-code":{"insertions":0,"deletions":1},"docs":{"insertions":2,"deletions":2},"test-code":{"insertions":55,"deletions":19}}},{"hash":"4f3b568f8cd1078f3d5c585f4076c87fc0ee2bc0","messageTitle":"Resolved merge conflicts","messageBody":"","fileTypesAndContributionMap":{"test-code":{"insertions":55,"deletions":18}}},{"hash":"41576d81a1c1c9c4a2f200b919ddc7802b2a24a5","messageTitle":"Resolved merge conflicts","messageBody":"","fileTypesAndContributionMap":{"test-code":{"insertions":0,"deletions":7}}},{"hash":"c4cf09618c46b54b2adb6680159a33988edb6b9a","messageTitle":"Resolved test error","messageBody":"","fileTypesAndContributionMap":{"test-code":{"insertions":2,"deletions":2}}},{"hash":"b299ccb8be84ac8dced0149147438011071ce525","messageTitle":"userguide error resolved","messageBody":"","fileTypesAndContributionMap":{"docs":{"insertions":1,"deletions":0}}},{"hash":"ef2eee7018112c312d82aee3dc1b2524197987fe","messageTitle":"Small UserGuide updates","messageBody":"","fileTypesAndContributionMap":{"docs":{"insertions":18,"deletions":25}}}]},{"date":"2021-11-08","commitResults":[{"hash":"35e4491a496732cde47ef811d7abf3f5c1ed7855","messageTitle":"Class diagram edit","messageBody":"","fileTypesAndContributionMap":{"docs":{"insertions":6,"deletions":5}}},{"hash":"1232c564b0373448cabb5219d42b003fa653fa82","messageTitle":"Added more tests for Expenses","messageBody":"","fileTypesAndContributionMap":{"test-code":{"insertions":90,"deletions":2}}},{"hash":"4bf42956a88bfd76c8a52a773016ac45e70a6882","messageTitle":"Checkstyle","messageBody":"","fileTypesAndContributionMap":{"test-code":{"insertions":1,"deletions":0}}},{"hash":"7b832ef6c463d0b19588096dac121d7a5e5d5a17","messageTitle":"MOREEE TESTTSSS","messageBody":"","fileTypesAndContributionMap":{"test-code":{"insertions":35,"deletions":0}}},{"hash":"cedabb62ea2ece8cafaf4b08b8d611d0f1c68fd3","messageTitle":"Added current date test","messageBody":"","fileTypesAndContributionMap":{"test-code":{"insertions":10,"deletions":0}}},{"hash":"8a4553eb852b1b1878fbe65108edb909fb9a87e1","messageTitle":"Resolved negative number bug when assigning amounts in expenses","messageBody":"","fileTypesAndContributionMap":{"functional-code":{"insertions":2,"deletions":2},"test-code":{"insertions":25,"deletions":2}}},{"hash":"0d0bbac514a6a3aa94e0f3a908496aad9636de6a","messageTitle":"Added more tests for expense.","messageBody":"","fileTypesAndContributionMap":{"test-code":{"insertions":60,"deletions":15}}},{"hash":"f6071021b027013aa1da3c21dcd6384511975963","messageTitle":"Resolves test errors","messageBody":"","fileTypesAndContributionMap":{"test-code":{"insertions":2,"deletions":5}}}]}],"yeezao":[{"date":"2021-09-30","commitResults":[{"hash":"a519f2efce7814c6843136b57c6af87fd50040e7","messageTitle":"Update README.md to start pull request","messageBody":"","fileTypesAndContributionMap":{"docs":{"insertions":2,"deletions":0}}},{"hash":"66d5ed9537cd5976d8a8f8af2ff98da933788abc","messageTitle":"update AboutUs","messageBody":"","fileTypesAndContributionMap":{"docs":{"insertions":1,"deletions":1}}},{"hash":"2a024641e2bfcc0996768f46564cc55da7c65cf9","messageTitle":"update AboutUs lyz","messageBody":"","fileTypesAndContributionMap":{"docs":{"insertions":1,"deletions":1}}}]},{"date":"2021-10-05","commitResults":[{"hash":"eacf0c7f24ac25808bdadb14d05c763bd8ece458","messageTitle":"add Trip class and skeleton for date and total owed methods","messageBody":"","fileTypesAndContributionMap":{"functional-code":{"insertions":78,"deletions":0}}}]},{"date":"2021-10-06","commitResults":[{"hash":"1169973ad88fb668c71235f928fd16b3f630e8d1","messageTitle":"add methods to print amt owed per pax","messageBody":"","fileTypesAndContributionMap":{"functional-code":{"insertions":6,"deletions":1}}},{"hash":"b1657f190b5bd610cb33e16bb8a44775096c0f41","messageTitle":"comment out getTotalExpenditure in Person (remove failing CI)","messageBody":"","fileTypesAndContributionMap":{"functional-code":{"insertions":1,"deletions":1}}},{"hash":"fb5b8d60c7d4722506d58adade9a37bcc99be285","messageTitle":"update code style (remove checkstyle warnings)","messageBody":"","fileTypesAndContributionMap":{"functional-code":{"insertions":6,"deletions":6}}}]},{"date":"2021-10-07","commitResults":[{"hash":"fca630705eb43ec07ab053a2c61496b967fc2391","messageTitle":"add Trip JUnit setter tests and Trip date getter for String return","messageBody":"","fileTypesAndContributionMap":{"functional-code":{"insertions":15,"deletions":6},"test-code":{"insertions":18,"deletions":0}}}]},{"date":"2021-10-08","commitResults":[{"hash":"3978276ac73857f303bfd61657c6b1a6072e6cbf","messageTitle":"add parser, scanner, Trip constructor, update main to read user input","messageBody":"","fileTypesAndContributionMap":{"functional-code":{"insertions":94,"deletions":13}}},{"hash":"f2da069718f899789009c3b7c218c5b98f162d78","messageTitle":"add Ui feedback for user input and exception handling","messageBody":"","fileTypesAndContributionMap":{"functional-code":{"insertions":15,"deletions":3}}},{"hash":"8affc59f925e24235d54e50426cec4d6b50ccd8d","messageTitle":"fix style to resolve checkstyle warnings","messageBody":"","fileTypesAndContributionMap":{"functional-code":{"insertions":5,"deletions":7}}},{"hash":"febb37e2709b5e3b9dc8637af60593577a0cb93e","messageTitle":"remove multiple creations of Scanner","messageBody":"","fileTypesAndContributionMap":{"functional-code":{"insertions":4,"deletions":2}}},{"hash":"4e5f2dd74d8caacda8489777e69a8b99c21ec18a","messageTitle":"add Storage class for future file read/write and storing Scanner","messageBody":"","fileTypesAndContributionMap":{"functional-code":{"insertions":16,"deletions":0}}},{"hash":"87ad32eb6c32a13c0b2ca38e8a3466673ffb0e87","messageTitle":"add quit function and update textuitesting to check quit","messageBody":"","fileTypesAndContributionMap":{"functional-code":{"insertions":10,"deletions":4}}}]},{"date":"2021-10-09","commitResults":[{"hash":"c7545ba35a6b4440223dd62807b2b10036694056","messageTitle":"add parser methods to edit trip attributes (draft)","messageBody":"","fileTypesAndContributionMap":{"functional-code":{"insertions":104,"deletions":14}}},{"hash":"2264770f34f7ffec2fc129f24b3e990fa6cffa8a","messageTitle":"fix style to pass checkstyle","messageBody":"","fileTypesAndContributionMap":{"functional-code":{"insertions":5,"deletions":1}}}]},{"date":"2021-10-11","commitResults":[{"hash":"e3e68059295b6c18a2e6af70d636be38be7d9bb0","messageTitle":"refactor Ui class for pending command","messageBody":"","fileTypesAndContributionMap":{"functional-code":{"insertions":5,"deletions":1}}},{"hash":"d1c2437d3eb119d8fa990301a18869a57cbd0c21","messageTitle":"refactor Ui class for Trip error catching","messageBody":"","fileTypesAndContributionMap":{"functional-code":{"insertions":17,"deletions":4}}}]},{"date":"2021-10-12","commitResults":[{"hash":"6711f9be9fcca62bf769dfdc0cf541e3c8279a21","messageTitle":"add methods and storage to open and close trips","messageBody":"","fileTypesAndContributionMap":{"functional-code":{"insertions":51,"deletions":5}}},{"hash":"974185e7632b88cdbaeb97e4cd77dcbdd7f1fdf0","messageTitle":"Update issue templates","messageBody":"","fileTypesAndContributionMap":{"docs":{"insertions":38,"deletions":0}}},{"hash":"4849e551087c887d1e5adb0adb7ac7d12bf0b6d4","messageTitle":"Update issue templates","messageBody":"","fileTypesAndContributionMap":{"docs":{"insertions":26,"deletions":0}}},{"hash":"00c1895c1684db626bd89eb346b1c548323eafeb","messageTitle":"Update issue templates","messageBody":"","fileTypesAndContributionMap":{"docs":{"insertions":64,"deletions":0}}}]},{"date":"2021-10-13","commitResults":[{"hash":"8b690cad9929ebaf28c3027392a1037d6eed1e83","messageTitle":"Delete bug-report.md","messageBody":"","fileTypesAndContributionMap":{"docs":{"insertions":0,"deletions":26}}},{"hash":"7816ed81543f9af83038fafd02e806cd708981ea","messageTitle":"add logger and related methods","messageBody":"","fileTypesAndContributionMap":{"functional-code":{"insertions":26,"deletions":1}}}]},{"date":"2021-10-14","commitResults":[{"hash":"0bc05a4d302f38860249bc82b943c146cde8fc7b","messageTitle":"update build.gradle to enable assertions","messageBody":"","fileTypesAndContributionMap":{"other":{"insertions":2,"deletions":1}}}]},{"date":"2021-10-18","commitResults":[{"hash":"c7803d999aa6800e398f65d47f27d19d842924f5","messageTitle":"Delete bug_report.md","messageBody":"","fileTypesAndContributionMap":{"docs":{"insertions":0,"deletions":38}}}]},{"date":"2021-10-19","commitResults":[{"hash":"22b07eae03e6afb00510b09d94ec97f0ab2a2f44","messageTitle":"Update issue templates","messageBody":"","fileTypesAndContributionMap":{"docs":{"insertions":10,"deletions":0}}}]},{"date":"2021-10-20","commitResults":[{"hash":"a80440d017a8c6b39c942fbf400ef5634800848f","messageTitle":"update DG with Trip class","messageBody":"","fileTypesAndContributionMap":{"docs":{"insertions":17,"deletions":0}}}]},{"date":"2021-10-22","commitResults":[{"hash":"49b05a2ae34a0a61fd309d8547f8e4456a45c197","messageTitle":"add JSON serialisation/deserialisation using Gson","messageBody":"","fileTypesAndContributionMap":{"functional-code":{"insertions":39,"deletions":1},"other":{"insertions":1,"deletions":0}}},{"hash":"99c6d9ad2a872facd692d55d9381fc75396484d2","messageTitle":"fix checkstyle errors","messageBody":"","fileTypesAndContributionMap":{"functional-code":{"insertions":7,"deletions":3}}}]},{"date":"2021-10-23","commitResults":[{"hash":"7cf163b623fac46137eac5083eca35d2346653e7","messageTitle":"fix filtered expenses method in Trip and add last Trip in Storage","messageBody":"","fileTypesAndContributionMap":{"functional-code":{"insertions":68,"deletions":34}}},{"hash":"91d5c7f3d967e565d770b8473d9815b992a4cec2","messageTitle":"add last Expense in Storage and related methods in Parser","messageBody":"","fileTypesAndContributionMap":{"functional-code":{"insertions":6,"deletions":0}}},{"hash":"24c609ed76d9b25f55e6a83c707590929dbd0897","messageTitle":"refactor Parser class switch and handle corrupted JSON scenario","messageBody":"","fileTypesAndContributionMap":{"functional-code":{"insertions":97,"deletions":49}}}]},{"date":"2021-10-24","commitResults":[{"hash":"c6fbdaf2f2725cc820eb81014785d4f46fd169a7","messageTitle":"handle corrupted JSON to request user input","messageBody":"","fileTypesAndContributionMap":{"functional-code":{"insertions":36,"deletions":7}}},{"hash":"afffb1a0072921d9adf595c3118b8bc1e13b26a2","messageTitle":"resolve merge conflict","messageBody":"","fileTypesAndContributionMap":{"functional-code":{"insertions":10,"deletions":15}}},{"hash":"63e8073301e9c619f46e4682ff59abde23baaad2","messageTitle":"minor refactoring for executeDeleteTrip","messageBody":"","fileTypesAndContributionMap":{"functional-code":{"insertions":4,"deletions":3}}},{"hash":"38464865da767a2597caef53d63a4f45793c341c","messageTitle":"refactoring for create expense and related methods","messageBody":"","fileTypesAndContributionMap":{"functional-code":{"insertions":102,"deletions":42},"test-code":{"insertions":1,"deletions":1}}},{"hash":"d63a03f7fb24606d2143aa9ea5ab2362483b9d49","messageTitle":"resolve checkstyle errors","messageBody":"","fileTypesAndContributionMap":{"functional-code":{"insertions":11,"deletions":10}}},{"hash":"ec9e0e9267cbbbf3fdcca1839eb40ad604f112e1","messageTitle":"resolve mixup of category and description (io redirection)","messageBody":"","fileTypesAndContributionMap":{"functional-code":{"insertions":2,"deletions":2}}},{"hash":"6afd6e8e06df0b6cf2a6793b3669579cfe7a4b8d","messageTitle":"minor refactoring for edit trip attributes","messageBody":"","fileTypesAndContributionMap":{"functional-code":{"insertions":2,"deletions":2}}},{"hash":"4fed4f43464bdf7ef99bc62114a82986d383719b","messageTitle":"add todo tag for executeEditExpense","messageBody":"","fileTypesAndContributionMap":{"functional-code":{"insertions":1,"deletions":1}}}]},{"date":"2021-10-25","commitResults":[{"hash":"b9c3c50a53edaa97f4b566cb20e54781d4ff41cd","messageTitle":"add custom serializer/deserializer for Gson + refactoring for Storage/FileStorage","messageBody":"","fileTypesAndContributionMap":{"functional-code":{"insertions":99,"deletions":22}}},{"hash":"88508d4e30f05be1a0f269819d780102e10b60a2","messageTitle":"fix checkstyle error","messageBody":"","fileTypesAndContributionMap":{"functional-code":{"insertions":2,"deletions":1}}},{"hash":"a386b1b06be9f9b3293297defcad47f2e9a2aa6f","messageTitle":"update UserGuide.md with create trip and delete trip","messageBody":"","fileTypesAndContributionMap":{"functional-code":{"insertions":1,"deletions":1},"docs":{"insertions":51,"deletions":1}}},{"hash":"594a1202c60714a620fab84d4d2363240498c8c7","messageTitle":"update UserGuide.md with open trip","messageBody":"","fileTypesAndContributionMap":{"docs":{"insertions":24,"deletions":4}}},{"hash":"5167ebb79f3e8e8171d08f8e3ef58eafddcb8f14","messageTitle":"minor changes to Ui and Storage to handle corrupted JSON","messageBody":"","fileTypesAndContributionMap":{"functional-code":{"insertions":2,"deletions":2},"docs":{"insertions":13,"deletions":0}}}]},{"date":"2021-10-26","commitResults":[{"hash":"46e058b8b29092e7ed6be344196743a2fd627db6","messageTitle":"update save and read from file to resolve hashmap issues","messageBody":"","fileTypesAndContributionMap":{"functional-code":{"insertions":25,"deletions":14}}},{"hash":"743c6565dff9cea43dbd9de69c9e9f5919338997","messageTitle":"resolve checkstyle error","messageBody":"","fileTypesAndContributionMap":{"functional-code":{"insertions":5,"deletions":1}}},{"hash":"ab20418b9370c2e0a558e45fe56543879cb67ef6","messageTitle":"add tests for Storage and FileStorage + non-empty Trip constructor","messageBody":"","fileTypesAndContributionMap":{"functional-code":{"insertions":10,"deletions":10},"test-code":{"insertions":74,"deletions":3}}},{"hash":"5012e1d751437e07f874429673a5d280e062ce63","messageTitle":"fix checkstyle errors","messageBody":"","fileTypesAndContributionMap":{"test-code":{"insertions":6,"deletions":2}}},{"hash":"c69ed656a8ace205f50917a3c0462a7d1ad9f16a","messageTitle":"add new catch block for empty save file","messageBody":"","fileTypesAndContributionMap":{"functional-code":{"insertions":9,"deletions":1}}},{"hash":"152b92926487bd52b9c3785a4bea8f96d11e23d4","messageTitle":"add javadoc for FileStorage, Storage, Parser","messageBody":"","fileTypesAndContributionMap":{"functional-code":{"insertions":99,"deletions":22}}},{"hash":"aa38e425350f36d117530cbd76d186b25ba54486","messageTitle":"add tests for empty file and no file","messageBody":"","fileTypesAndContributionMap":{"test-code":{"insertions":19,"deletions":6}}},{"hash":"172986b7757e220ca79edf7373081c4b083b9a13","messageTitle":"remove FILE_PATH constant from FileStorage","messageBody":"","fileTypesAndContributionMap":{"functional-code":{"insertions":0,"deletions":1}}},{"hash":"6f85a3da27a2cfd0389db83cf04ab856ba2f2979","messageTitle":"fix checkstyle errors","messageBody":"","fileTypesAndContributionMap":{"functional-code":{"insertions":2,"deletions":2}}},{"hash":"3880d58043e2a2ad8f2d439536268d926979d165","messageTitle":"fix checkstyle error","messageBody":"","fileTypesAndContributionMap":{"test-code":{"insertions":5,"deletions":5}}},{"hash":"7dc51c8c69125091362182e51b7afd3cf174b7f2","messageTitle":"fix checkstyle error (comment block)","messageBody":"","fileTypesAndContributionMap":{"test-code":{"insertions":2,"deletions":2}}}]},{"date":"2021-10-27","commitResults":[{"hash":"4e6e80db722a05b62b33cfbe71bf3c46444d83e3","messageTitle":"add Javadoc for Parser and refactor deleteTrip Ui method","messageBody":"","fileTypesAndContributionMap":{"functional-code":{"insertions":55,"deletions":17}}}]},{"date":"2021-10-28","commitResults":[{"hash":"4c6fe4cf47645bef99c267a74fdda527d1a95cec","messageTitle":"add Ui methods for editing trip and fix edit trip bugs","messageBody":"","fileTypesAndContributionMap":{"functional-code":{"insertions":67,"deletions":34}}},{"hash":"742ee24803efcfa6fb2553224ce5e3116938fc64","messageTitle":"fix checkstye errors","messageBody":"","fileTypesAndContributionMap":{"functional-code":{"insertions":3,"deletions":3}}},{"hash":"2889fc1ddae135c2f381b200abebce8f060223fe","messageTitle":"update section headings in UserGuide.md","messageBody":"","fileTypesAndContributionMap":{"docs":{"insertions":12,"deletions":12}}}]},{"date":"2021-10-29","commitResults":[{"hash":"b7c99de5b0bd440935c8ab016c4413d68307e85b","messageTitle":"remove currency symbol due to unicode formatting issues","messageBody":"","fileTypesAndContributionMap":{"functional-code":{"insertions":4,"deletions":3}}},{"hash":"e31c25f24895d71000e4d1f352aa1ffbaa45f09e","messageTitle":"remove space after category breakdown, update EXPECTED.TXT","messageBody":"","fileTypesAndContributionMap":{"functional-code":{"insertions":1,"deletions":1}}},{"hash":"06286704f8ff18b9fd09096f0d996b3722fbc611","messageTitle":"remove space after people breakdown, update EXPECTED.TXT","messageBody":"","fileTypesAndContributionMap":{"functional-code":{"insertions":1,"deletions":1}}},{"hash":"4e0e600f9fb5a6201d0dc5358e82c5fd32e2deb2","messageTitle":"add additional file tests - write checks and corrupted read checks","messageBody":"","fileTypesAndContributionMap":{"test-code":{"insertions":29,"deletions":10}}},{"hash":"fc73e7d118f20b4bfbc0f8560a1956291d86143a","messageTitle":"modify file methods to allow passing in of file path","messageBody":"","fileTypesAndContributionMap":{"functional-code":{"insertions":15,"deletions":12}}},{"hash":"15f1a901fcdec76fad8c4c32eb1d5d15cf356633","messageTitle":"modify Expense constructor to remove prompting for user date","messageBody":"","fileTypesAndContributionMap":{"functional-code":{"insertions":28,"deletions":6}}},{"hash":"7e7c2bef949ff8488dd6a16fd0d7b3d1ae668986","messageTitle":"add javadoc","messageBody":"","fileTypesAndContributionMap":{"functional-code":{"insertions":14,"deletions":2}}},{"hash":"051c00af25691ceb2637abdc2bc4d8b86c21f05d","messageTitle":"modfiy read file method to pass in file path","messageBody":"","fileTypesAndContributionMap":{"functional-code":{"insertions":6,"deletions":2}}},{"hash":"028e0cefc61bf2ab292aef77353c9cf0246259e4","messageTitle":"improve code quality","messageBody":"","fileTypesAndContributionMap":{"functional-code":{"insertions":70,"deletions":29}}},{"hash":"c680f7c0ad1c1ed9a8db9d4624a8ef86d05096e3","messageTitle":"fix checkstyle","messageBody":"","fileTypesAndContributionMap":{"functional-code":{"insertions":3,"deletions":3}}},{"hash":"f347fbff20fbfd2dfadd52f8e55630886c0a3b27","messageTitle":"modify set date and assign amounts in Expense (remove from constructor)","messageBody":"","fileTypesAndContributionMap":{"functional-code":{"insertions":16,"deletions":13}}},{"hash":"b8c700f864741784e328d8509ea3e297a9b1754f","messageTitle":"remove setOpenTripAsLastTrip from Storage, moved to getter and setter","messageBody":"","fileTypesAndContributionMap":{"functional-code":{"insertions":4,"deletions":9}}}]},{"date":"2021-10-30","commitResults":[{"hash":"2b50fc025146c678324de772f6664e8adc188bfa","messageTitle":"Update UserGuide.md","messageBody":"","fileTypesAndContributionMap":{"docs":{"insertions":40,"deletions":10}}},{"hash":"4039ebdb042fb3f319ff414d8bd3de3fa9139dbf","messageTitle":"add Ui methods for successful file operations","messageBody":"","fileTypesAndContributionMap":{"functional-code":{"insertions":17,"deletions":5}}}]},{"date":"2021-11-01","commitResults":[{"hash":"cdcc2edcd2ea23c8b1c1dc3d5f132080683012a2","messageTitle":"update UserGuide.md","messageBody":"","fileTypesAndContributionMap":{"docs":{"insertions":18,"deletions":10}}},{"hash":"4d5d04c53dd658fe5892859f1bd9c124711aad48","messageTitle":"fix missing space in Ui for corrupted savefile","messageBody":"","fileTypesAndContributionMap":{"functional-code":{"insertions":1,"deletions":1}}},{"hash":"319741c13b92cf48022a4fde81d3cc731d1ec5c9","messageTitle":"add Ui display for overwrite open trip (now shows close trip)","messageBody":"","fileTypesAndContributionMap":{"functional-code":{"insertions":12,"deletions":4}}},{"hash":"bf357a1cddc88b90d9d0b569f77b1b152b81c4e3","messageTitle":"add ForceCancelException for user-invoked forced cancellation.","messageBody":"","fileTypesAndContributionMap":{"functional-code":{"insertions":43,"deletions":12},"test-code":{"insertions":2,"deletions":2}}},{"hash":"4daa29cbbb9fd10fc8a236bba03b63d8ce99f4e4","messageTitle":"add ForceCancelException","messageBody":"","fileTypesAndContributionMap":{"functional-code":{"insertions":4,"deletions":0}}},{"hash":"331b281b90bc915fe685949bdff0a4d528ae047d","messageTitle":"add date validation (reject dates before epoch)","messageBody":"","fileTypesAndContributionMap":{"functional-code":{"insertions":15,"deletions":2}}},{"hash":"e303c6e1504df4e5c0c77b75c2bd10cecd152131","messageTitle":"resolve overflow issue (changed getOpenTrip to checkOpenTrip)","messageBody":"","fileTypesAndContributionMap":{"functional-code":{"insertions":1,"deletions":1}}},{"hash":"9de7e1c20d542d6e01dd5611975b9411187d50b0","messageTitle":"update setDateOfTrip","messageBody":"","fileTypesAndContributionMap":{"functional-code":{"insertions":2,"deletions":1}}},{"hash":"55da3d3eb84ba4e9521ae2a960ed7c121cde43c7","messageTitle":"set ForceCancelledException cases in Trip and Parser","messageBody":"","fileTypesAndContributionMap":{"functional-code":{"insertions":11,"deletions":8},"test-code":{"insertions":1,"deletions":1}}},{"hash":"8ce023e8782a85267dcc837c55fe223f1ade1b90","messageTitle":"remove isProcessing from Storage","messageBody":"","fileTypesAndContributionMap":{"functional-code":{"insertions":0,"deletions":9}}}]},{"date":"2021-11-02","commitResults":[{"hash":"3fa13f730ce765593d520d3ddb39f841adfc4f6b","messageTitle":"add date validity checker","messageBody":"","fileTypesAndContributionMap":{"functional-code":{"insertions":65,"deletions":10}}},{"hash":"46a171353345a46795306492a35be03e0d456dd7","messageTitle":"add checks to protect against empty persons and location in Trip","messageBody":"","fileTypesAndContributionMap":{"functional-code":{"insertions":37,"deletions":6},"test-code":{"insertions":1,"deletions":1}}},{"hash":"13ddbe3fa98307d5db2021b3888e844e9ee01976","messageTitle":"fix checkstyle","messageBody":"","fileTypesAndContributionMap":{"functional-code":{"insertions":6,"deletions":2}}},{"hash":"67c825cd5b642e07e51e51deeb4454d47d8d957e","messageTitle":"combine error messages for invalid date","messageBody":"","fileTypesAndContributionMap":{"functional-code":{"insertions":3,"deletions":6}}},{"hash":"3d96bad07581ddebc55c0e4965f3cb7c526cbece","messageTitle":"replace all instances of .trim() with .strip()","messageBody":"","fileTypesAndContributionMap":{"functional-code":{"insertions":8,"deletions":8}}},{"hash":"e3708bb71aead0d7fb7bdca57414c4294982d046","messageTitle":"change create trip delimited to \"/\" from \" \"","messageBody":"","fileTypesAndContributionMap":{"functional-code":{"insertions":15,"deletions":9}}},{"hash":"b4ef4c8fa46799dd1e357aa9600e15cf1d0a27e3","messageTitle":"update UserGuide.md with new delimiter","messageBody":"","fileTypesAndContributionMap":{"docs":{"insertions":5,"deletions":3}}},{"hash":"234ef553df76b2dfe45197c34b5005bcf2732c8f","messageTitle":"update test for new delimiter","messageBody":"","fileTypesAndContributionMap":{"test-code":{"insertions":1,"deletions":1}}}]},{"date":"2021-11-04","commitResults":[{"hash":"b24d768e2d4e8e35b220c078a4167997282f9bf6","messageTitle":"add duplicate detection for new trips + new ppp file","messageBody":"","fileTypesAndContributionMap":{"functional-code":{"insertions":62,"deletions":3},"docs":{"insertions":17,"deletions":0}}},{"hash":"b38f3a462b680ecb9da660880c67dd7cf8a67cd3","messageTitle":"fix bug where no delete index defaults to delete trip error","messageBody":"","fileTypesAndContributionMap":{"functional-code":{"insertions":17,"deletions":2}}},{"hash":"ece2718984885222d31df419261b286ab70bdefb","messageTitle":"reposense ownership claims","messageBody":"","fileTypesAndContributionMap":{"functional-code":{"insertions":9,"deletions":2}}},{"hash":"4d3921a190d60e74d3df910e9ea5532484f82f94","messageTitle":"fix checkstyle","messageBody":"","fileTypesAndContributionMap":{"functional-code":{"insertions":2,"deletions":2}}}]},{"date":"2021-11-06","commitResults":[{"hash":"3b89b5f8ad08b6e911471df3c01c4bc71fd3d37f","messageTitle":"update ppp (yeezao.md)","messageBody":"","fileTypesAndContributionMap":{"docs":{"insertions":8,"deletions":0}}},{"hash":"5f6b666f39575aad2adc64c3a78cd37c144b1f86","messageTitle":"update ppp (yeezao.md)","messageBody":"","fileTypesAndContributionMap":{"docs":{"insertions":4,"deletions":0}}},{"hash":"4b933d6ec89834570e88918526e186cc2f7ef70a","messageTitle":"update reposense ownership claims","messageBody":"","fileTypesAndContributionMap":{"functional-code":{"insertions":15,"deletions":6}}},{"hash":"57345ce3e37647a33e8270fe38ff547b94ccda99","messageTitle":"update UserGuide.md","messageBody":"","fileTypesAndContributionMap":{"docs":{"insertions":41,"deletions":16}}},{"hash":"b79ef82f13b6cfb0e5c36153533d442ae78c6d38","messageTitle":"update UserGuide.md","messageBody":"","fileTypesAndContributionMap":{"docs":{"insertions":1,"deletions":1}}},{"hash":"6a3a19580daf9e7cb5011be8417cd57d50204274","messageTitle":"fix edit trip bug (excessive regex splitting)","messageBody":"","fileTypesAndContributionMap":{"functional-code":{"insertions":2,"deletions":1}}},{"hash":"d6b8935301a82c87ffda610d39ea0bb2aba362fe","messageTitle":"add trip tests (new trip and edit trip)","messageBody":"","fileTypesAndContributionMap":{"test-code":{"insertions":143,"deletions":65}}},{"hash":"ef426827dfe3927cfc4df48b46933db6dee69f91","messageTitle":"fix checkstyle","messageBody":"","fileTypesAndContributionMap":{"functional-code":{"insertions":1,"deletions":0}}},{"hash":"ded548bac9c7d7801c419599fa2436134d5168db","messageTitle":"change command classes to non-abstract","messageBody":"","fileTypesAndContributionMap":{"functional-code":{"insertions":2,"deletions":2}}},{"hash":"e1ec762623fbeb184fbb8dc539b69807851c8ba1","messageTitle":"Revert \"change command classes to non-abstract\"","messageBody":"This reverts commit ded548bac9c7d7801c419599fa2436134d5168db.\n","fileTypesAndContributionMap":{"functional-code":{"insertions":2,"deletions":2}}},{"hash":"67f594eb7d41bfd44c8a5a42ffaed6136043b7f5","messageTitle":"fix checkstyle","messageBody":"","fileTypesAndContributionMap":{"test-code":{"insertions":4,"deletions":2}}}]},{"date":"2021-11-07","commitResults":[{"hash":"3e2b65b839545050a0867bde7091d9b2af8575ad","messageTitle":"add more trip tests","messageBody":"","fileTypesAndContributionMap":{"test-code":{"insertions":25,"deletions":7}}},{"hash":"eb68f351cc2d74f9545fcd6c205b08d17619aa9e","messageTitle":"add tests for Trip, and minor bug fixes.","messageBody":"","fileTypesAndContributionMap":{"functional-code":{"insertions":3,"deletions":2},"test-code":{"insertions":132,"deletions":5}}},{"hash":"69e087d331234c5ef9760f2a9a37511df2b341aa","messageTitle":"fix checkstyle and add more tests","messageBody":"","fileTypesAndContributionMap":{"test-code":{"insertions":60,"deletions":1}}},{"hash":"cd4b77d8bb1d45030688b9b1bbdf781b21f2a9ae","messageTitle":"fix checkstyle","messageBody":"","fileTypesAndContributionMap":{"test-code":{"insertions":2,"deletions":10}}},{"hash":"39276b61a43417e6f82891631943671f052409d6","messageTitle":"update javadoc","messageBody":"","fileTypesAndContributionMap":{"functional-code":{"insertions":13,"deletions":0}}},{"hash":"fa83d1b30e8ff3b7789bb3af2c78e4c9e001224a","messageTitle":"add diagrams and update text for DeveloperGuide.md (Storage component)","messageBody":"","fileTypesAndContributionMap":{"docs":{"insertions":125,"deletions":0}}}]},{"date":"2021-11-08","commitResults":[{"hash":"9bb60f01caa1fc7cb8e7a549df972f87a808945d","messageTitle":"add diagrams and update text for DeveloperGuide.md (Trip class)","messageBody":"","fileTypesAndContributionMap":{"docs":{"insertions":91,"deletions":3}}},{"hash":"4e3e95e81c2436f9aa08030d1efceb23bda7246d","messageTitle":"change userInputDateError() from public to private","messageBody":"","fileTypesAndContributionMap":{"functional-code":{"insertions":1,"deletions":1}}},{"hash":"48f4b5f7cf26eba1eeba6b74066ae72a6cf51c73","messageTitle":"change visiblity of some methods","messageBody":"","fileTypesAndContributionMap":{"functional-code":{"insertions":4,"deletions":4}}}]}],"itsleeqian":[{"date":"2021-09-30","commitResults":[{"hash":"ebc2fddbdff7ac7d6a15acaa7a638380724ce4a2","messageTitle":"added name","messageBody":"","fileTypesAndContributionMap":{"docs":{"insertions":1,"deletions":1}}},{"hash":"5f7a19ad61eb883d4992fdb74ab5f9c16bccb951","messageTitle":"Revert \"added name\"","messageBody":"This reverts commit ebc2fddbdff7ac7d6a15acaa7a638380724ce4a2.\n","fileTypesAndContributionMap":{"docs":{"insertions":1,"deletions":1}}},{"hash":"f1e194b8b817ae52a5e2e301391255d41ff6be26","messageTitle":"added name","messageBody":"","fileTypesAndContributionMap":{"docs":{"insertions":1,"deletions":1}}}]},{"date":"2021-10-06","commitResults":[{"hash":"170b6dadc3408c2dca46f03e8de48440546ded58","messageTitle":"added addExpense and removeExpense functions","messageBody":"","fileTypesAndContributionMap":{"functional-code":{"insertions":8,"deletions":0}}},{"hash":"20fbeee3dff7802fd0db38663f1645fb52167a0f","messageTitle":"added printing of all expenses function","messageBody":"","fileTypesAndContributionMap":{"functional-code":{"insertions":7,"deletions":0}}},{"hash":"7500c0818631998fadcee99e8a0b7171ac0dcb4a","messageTitle":"added JUnit test for budget","messageBody":"","fileTypesAndContributionMap":{"test-code":{"insertions":7,"deletions":0}}}]},{"date":"2021-10-11","commitResults":[{"hash":"01ea2616019bbe116083bc0e4a038cf778f056e9","messageTitle":"added expense details toString, and viewing of all expenses","messageBody":"","fileTypesAndContributionMap":{"functional-code":{"insertions":37,"deletions":1}}}]},{"date":"2021-10-12","commitResults":[{"hash":"99354d6efb879e4bb24c8b3376f0e619e16bb627","messageTitle":"added try catch for create, and improved list functionality and bug fixes","messageBody":"","fileTypesAndContributionMap":{"functional-code":{"insertions":44,"deletions":13}}},{"hash":"ec7c5efda8c1ba49d452c73793d984278a96fbf5","messageTitle":"improved IO handling of expense command","messageBody":"","fileTypesAndContributionMap":{"functional-code":{"insertions":13,"deletions":2}}},{"hash":"4ad8af70c99ab2a9e70061e4f06e17d825640f1d","messageTitle":"addressed a checkstyle error","messageBody":"","fileTypesAndContributionMap":{"functional-code":{"insertions":1,"deletions":1}}},{"hash":"62779818c89eb27071b7faa835146cb70fe13c85","messageTitle":"test files updated","messageBody":"","fileTypesAndContributionMap":{"functional-code":{"insertions":3,"deletions":3}}}]},{"date":"2021-10-13","commitResults":[{"hash":"b28e5542043d341f7550e0ebc7b0cd5dd0df8d2b","messageTitle":"added assertions","messageBody":"","fileTypesAndContributionMap":{"functional-code":{"insertions":1,"deletions":0}}}]},{"date":"2021-10-20","commitResults":[{"hash":"ad9ae81ad624bdacae42889446dff33da12383b6","messageTitle":"Updated architecture for DG","messageBody":"","fileTypesAndContributionMap":{"docs":{"insertions":30,"deletions":3}}}]},{"date":"2021-10-23","commitResults":[{"hash":"5e21757103cb22a22bd2c6dbf656f77f2d0ebe7f","messageTitle":"Json exceptions handled view with no expenses shows msg","messageBody":"","fileTypesAndContributionMap":{"functional-code":{"insertions":43,"deletions":26}}},{"hash":"c84825fe1f4ceecbded1f81cc488a9eed2af5a07","messageTitle":"phasing out budget from code -commented out budget related code, trip no longer takes in budget","messageBody":"","fileTypesAndContributionMap":{"functional-code":{"insertions":9,"deletions":8}}},{"hash":"cf29cdbd86cc9929c24fdcf26b27bd5be74e61e5","messageTitle":"view filter now more responsive","messageBody":"","fileTypesAndContributionMap":{"functional-code":{"insertions":22,"deletions":3}}},{"hash":"0e14fe5b9ee04626e45a3e9ff7e6bca125b8bff4","messageTitle":"removed budget test","messageBody":"","fileTypesAndContributionMap":{"test-code":{"insertions":0,"deletions":7}}}]},{"date":"2021-10-24","commitResults":[{"hash":"a3a046663b58f23f56317bb43700504649232cdc","messageTitle":"added summary v1 (without money sign and formatting)","messageBody":"","fileTypesAndContributionMap":{"functional-code":{"insertions":89,"deletions":31}}},{"hash":"0b2ed7818b5de77a1acc18675ccc7ee3b2dd48d7","messageTitle":"updated checkstyle stuff","messageBody":"","fileTypesAndContributionMap":{"functional-code":{"insertions":4,"deletions":2}}},{"hash":"42c7db12819504b16e286f08f8fb95836428a2c1","messageTitle":"another checkstyle thing resolved","messageBody":"","fileTypesAndContributionMap":{"functional-code":{"insertions":1,"deletions":0}}}]},{"date":"2021-10-25","commitResults":[{"hash":"ce1e9e15dffe6fab0c956eecaa1b099a32194fb0","messageTitle":"update UG for viewing of summary","messageBody":"","fileTypesAndContributionMap":{"docs":{"insertions":26,"deletions":8}}}]},{"date":"2021-10-26","commitResults":[{"hash":"9d12488bd1d20822762f3ffa3c348889a8ac6cfd","messageTitle":"summary bug squashed","messageBody":"","fileTypesAndContributionMap":{"functional-code":{"insertions":20,"deletions":2}}}]},{"date":"2021-10-28","commitResults":[{"hash":"a48d54ba9f40f53b1188a90c6388c98a6a69c730","messageTitle":"some create bugs fixed","messageBody":"","fileTypesAndContributionMap":{"functional-code":{"insertions":28,"deletions":7}}},{"hash":"48719437c92457c64d5ec9f8a38be3a350187b83","messageTitle":"additional bug fixes","messageBody":"","fileTypesAndContributionMap":{"functional-code":{"insertions":13,"deletions":8}}}]},{"date":"2021-10-29","commitResults":[{"hash":"6102401aecadcd5b19ce1de087ef8122a7bc435b","messageTitle":"Added DG diagrams","messageBody":"","fileTypesAndContributionMap":{"docs":{"insertions":4,"deletions":0}}},{"hash":"ae7c103bc67736bf40469902f7d459575fbb943d","messageTitle":"small refactor","messageBody":"","fileTypesAndContributionMap":{"functional-code":{"insertions":27,"deletions":9}}}]},{"date":"2021-11-01","commitResults":[{"hash":"48b65f8de2f42b99465f808b760d9d63ff7aa412","messageTitle":"Added \"people\" command to view list of people inside a trip.","messageBody":"","fileTypesAndContributionMap":{"functional-code":{"insertions":21,"deletions":11}}},{"hash":"8303d5d6326b72e982eb9c6d4a88bae43a6d50f5","messageTitle":"removed old cancelExpenseException added exception when user tries to create an expense with amount of 0 or less","messageBody":"","fileTypesAndContributionMap":{"functional-code":{"insertions":40,"deletions":30},"test-code":{"insertions":1,"deletions":0}}},{"hash":"b83a263fee62909d7f9490fd3c697a317ba8f1a7","messageTitle":"Updated force cancel to cover expenses","messageBody":"","fileTypesAndContributionMap":{"functional-code":{"insertions":23,"deletions":21},"test-code":{"insertions":1,"deletions":1}}}]},{"date":"2021-11-02","commitResults":[{"hash":"a8f050f5f3f0a69883795d3a77b6561523a17b6e","messageTitle":"few more forceCancelledExceptions","messageBody":"preemptively to not have merge conflict\n","fileTypesAndContributionMap":{"functional-code":{"insertions":11,"deletions":7}}},{"hash":"585b663114102c94a88b61d5cf56114a56c5fd6d","messageTitle":"^","messageBody":"","fileTypesAndContributionMap":{"functional-code":{"insertions":1,"deletions":10}}},{"hash":"8090136ed4e7fd55cd31719778dd0da291ab38cc","messageTitle":"^^","messageBody":"","fileTypesAndContributionMap":{"functional-code":{"insertions":2,"deletions":3}}},{"hash":"a445ba38149386f4d2b5df335e7f4076046fa0a4","messageTitle":"merge conflict fix","messageBody":"","fileTypesAndContributionMap":{"functional-code":{"insertions":9,"deletions":2}}},{"hash":"fc9d0fa12b3e536890b83d6a7f2a352bb4e2991c","messageTitle":"error fix","messageBody":"","fileTypesAndContributionMap":{"functional-code":{"insertions":1,"deletions":0}}},{"hash":"7a3a0d0e5283a16af0ad4a2a31b6fccd99036ba9","messageTitle":"checkstyle fix","messageBody":"","fileTypesAndContributionMap":{"functional-code":{"insertions":2,"deletions":1}}},{"hash":"9ab7f8cc79ff7607b113d5b5e54b38114fb149d5","messageTitle":"PPP draft for participation","messageBody":"","fileTypesAndContributionMap":{"docs":{"insertions":15,"deletions":6}}}]},{"date":"2021-11-04","commitResults":[{"hash":"b9d1bd41a303d0b6efc29a09a41cb7b60b7d2b93","messageTitle":"allows user to call help before creating any trip","messageBody":"","fileTypesAndContributionMap":{"functional-code":{"insertions":3,"deletions":4}}},{"hash":"beffe2414dff0e257a1422ee7a648470edf87648","messageTitle":"UG formatting done (left command summary)","messageBody":"","fileTypesAndContributionMap":{"functional-code":{"insertions":2,"deletions":8},"docs":{"insertions":160,"deletions":63}}},{"hash":"91553f4d9956849d61297fda3e894a9eca1531c6","messageTitle":"small change","messageBody":"","fileTypesAndContributionMap":{"docs":{"insertions":1,"deletions":1}}},{"hash":"c9672675f76aec3b7d26e7a498ba977c6bcd2a9f","messageTitle":"small update 2","messageBody":"","fileTypesAndContributionMap":{"docs":{"insertions":2,"deletions":1}}},{"hash":"3664c6efaf4bc7b033dec41b48dcbb19c1301337","messageTitle":"more updates","messageBody":"","fileTypesAndContributionMap":{"docs":{"insertions":43,"deletions":3}}}]},{"date":"2021-11-06","commitResults":[{"hash":"d3ab8a0f81720e23cd626369bb90b5df9420ec73","messageTitle":"Final touches and updates (UG had some glaring problems)","messageBody":"","fileTypesAndContributionMap":{"functional-code":{"insertions":44,"deletions":6},"docs":{"insertions":35,"deletions":13}}},{"hash":"e9c343d1e9a456e619a43582c0a124017b3f13e6","messageTitle":"checkstyle error","messageBody":"","fileTypesAndContributionMap":{"functional-code":{"insertions":1,"deletions":1}}}]},{"date":"2021-11-07","commitResults":[{"hash":"7b050abdce08ab69554040eb0eb101598af9e259","messageTitle":"Added puml files for my DG updates","messageBody":"","fileTypesAndContributionMap":{"docs":{"insertions":45,"deletions":0}}},{"hash":"7b4d23bb664143b0700b944ac8eded52b21c0993","messageTitle":"added the style and color files for PUML work","messageBody":"","fileTypesAndContributionMap":{"docs":{"insertions":128,"deletions":37}}},{"hash":"c9719ebf4c9476e86a76ee77d9de6ebb1e0ce47f","messageTitle":"initial DG commits (colors and stuff not super finalised) glossary TBA","messageBody":"","fileTypesAndContributionMap":{"docs":{"insertions":86,"deletions":35}}}]}],"lixiyuan416":[{"date":"2021-09-30","commitResults":[{"hash":"6d44f11e840f7ff956029178f84a5906ded8949f","messageTitle":"Add my name in the 2nd line on docs/AboutUs","messageBody":"","fileTypesAndContributionMap":{"docs":{"insertions":1,"deletions":1}}}]},{"date":"2021-10-06","commitResults":[{"hash":"1d2dfabdbdfe4f46a63ada2498aa6118714ea166","messageTitle":"Update Expense class, add ExpenseTest","messageBody":"","fileTypesAndContributionMap":{"functional-code":{"insertions":75,"deletions":4},"test-code":{"insertions":21,"deletions":0}}},{"hash":"e7433614b2ea5673b7296967ed469dfb7c3d6969","messageTitle":"Update code to pass github actions","messageBody":"","fileTypesAndContributionMap":{"functional-code":{"insertions":3,"deletions":3}}},{"hash":"63398c90a59b829af918a6042466d27a5a92074a","messageTitle":"Update code to pass github actions #2","messageBody":"","fileTypesAndContributionMap":{"test-code":{"insertions":1,"deletions":1}}}]},{"date":"2021-10-12","commitResults":[{"hash":"0220b1f5301d37755938907b604606c3b7d52c51","messageTitle":"Fix and styled open command, commands without arguments will no longer crash","messageBody":"","fileTypesAndContributionMap":{"functional-code":{"insertions":46,"deletions":8}}},{"hash":"a8e8124fe15024da07169bc57f0e08239167ae05","messageTitle":"Add input validation to command summary","messageBody":"","fileTypesAndContributionMap":{"functional-code":{"insertions":14,"deletions":3}}},{"hash":"2bebd1d636864cb7229181b42bdf0069b2aa371e","messageTitle":"Fix and style delete command crashing when no argument is provided","messageBody":"","fileTypesAndContributionMap":{"functional-code":{"insertions":20,"deletions":6}}},{"hash":"e2d7b34077e6d987a538a217e1b4c5c107140360","messageTitle":"Resolve Github Action checks","messageBody":"","fileTypesAndContributionMap":{"functional-code":{"insertions":9,"deletions":11}}},{"hash":"476c7d88bc695d4da29aafb43cb54d1cd839ed92","messageTitle":"Resolve Github Actions checks 2","messageBody":"","fileTypesAndContributionMap":{"functional-code":{"insertions":3,"deletions":3}}}]},{"date":"2021-10-13","commitResults":[{"hash":"a234c7eaaf91ca56ba24f41bead51c49163cb11b","messageTitle":"Fix create command to handling case of no arg given","messageBody":"","fileTypesAndContributionMap":{"functional-code":{"insertions":12,"deletions":8}}}]},{"date":"2021-10-19","commitResults":[{"hash":"843a130057f9b5ca31e7c6bc7cbe09a45bc1f423","messageTitle":"Improve expense class constructor: made date an optional parameter with a default value of today\u0027s date. Add help messages","messageBody":"","fileTypesAndContributionMap":{"functional-code":{"insertions":57,"deletions":5}}},{"hash":"05b82663b3527e6943e79a6d4e95e405b078ba2f","messageTitle":"Fix Github Actions","messageBody":"","fileTypesAndContributionMap":{"functional-code":{"insertions":1,"deletions":1}}},{"hash":"a22553edd0f56292d2a77e9221f93b5777d2218d","messageTitle":"Fix Github Actions 2","messageBody":"","fileTypesAndContributionMap":{"functional-code":{"insertions":1,"deletions":2}}},{"hash":"89e4b93ad286935e7f25ae70abaac9661ab904cb","messageTitle":"Fix Github Actions 3","messageBody":"","fileTypesAndContributionMap":{"functional-code":{"insertions":8,"deletions":6}}}]},{"date":"2021-10-21","commitResults":[{"hash":"2dda206fc40a7c32bd2fd58c8ed2292e108091cb","messageTitle":"Update DG","messageBody":"","fileTypesAndContributionMap":{"docs":{"insertions":6,"deletions":0}}},{"hash":"6774a39ef9a431c58ccdb11bbd2ee1cca11a7157","messageTitle":"Add diagram in DG","messageBody":"","fileTypesAndContributionMap":{"docs":{"insertions":1,"deletions":1}}}]},{"date":"2021-10-25","commitResults":[{"hash":"ca4721dc53edd83ebb656f0a1a84986d11242280","messageTitle":"Add quality of life changes","messageBody":"","fileTypesAndContributionMap":{"functional-code":{"insertions":119,"deletions":49},"docs":{"insertions":30,"deletions":8}}}]},{"date":"2021-10-26","commitResults":[{"hash":"310dd290d28ab04638a7e10579c11e019f074a93","messageTitle":"Fix github actions, minor refactor","messageBody":"","fileTypesAndContributionMap":{"functional-code":{"insertions":6,"deletions":2}}},{"hash":"d3c74bcc85d4dbd20f987aa29ddc4888bfb2cfb4","messageTitle":"Fix github actions","messageBody":"","fileTypesAndContributionMap":{"functional-code":{"insertions":18,"deletions":21}}},{"hash":"0c0c75e8c2e781a45328cd5b40588f37b69720c9","messageTitle":"Fix checkstyle","messageBody":"","fileTypesAndContributionMap":{"functional-code":{"insertions":3,"deletions":3}}},{"hash":"0f32bfa9b06c0c434165fe83ea81cbee5690f301","messageTitle":"Fix checkstyle 2","messageBody":"","fileTypesAndContributionMap":{"functional-code":{"insertions":36,"deletions":36}}},{"hash":"8583ce4a5694b87de23afe07cda1b311ae07a15e","messageTitle":"Add confirmation for freeloader splitting","messageBody":"","fileTypesAndContributionMap":{"functional-code":{"insertions":47,"deletions":7}}},{"hash":"310c63a4e053a1a54e0a3806f89e4a9a65ff6929","messageTitle":"Add author tags for Xi Yuan","messageBody":"","fileTypesAndContributionMap":{"functional-code":{"insertions":16,"deletions":7}}},{"hash":"f7362fe4bda9a9b3270bf9ae357924c1a32be7f8","messageTitle":"Fix checkstyle","messageBody":"","fileTypesAndContributionMap":{"functional-code":{"insertions":2,"deletions":2}}},{"hash":"67bfddb71b1ca7c475428841209fe6a075381fd4","messageTitle":"Fix view index","messageBody":"","fileTypesAndContributionMap":{"functional-code":{"insertions":4,"deletions":1}}},{"hash":"21adadc1f92ddde7733a5074707b132d33a2201c","messageTitle":"Add view filter by date","messageBody":"","fileTypesAndContributionMap":{"functional-code":{"insertions":55,"deletions":5}}}]},{"date":"2021-11-06","commitResults":[{"hash":"5910b707db9c9071d0746cbf3e071a30fe215449","messageTitle":"Fix help command, update UG, add PPP","messageBody":"Heavily tested \u0027help\u0027 command, should be ready for PE now\n","fileTypesAndContributionMap":{"functional-code":{"insertions":53,"deletions":14},"docs":{"insertions":136,"deletions":12}}},{"hash":"e9c03f79542173aac543e39bb4c0d03182780b0f","messageTitle":"Fix checkstyle","messageBody":"","fileTypesAndContributionMap":{"functional-code":{"insertions":9,"deletions":7}}},{"hash":"41e0bba271888806fa46b8c623910d1ac8f6921e","messageTitle":"Fix small typo","messageBody":"","fileTypesAndContributionMap":{"docs":{"insertions":1,"deletions":1}}}]},{"date":"2021-11-07","commitResults":[{"hash":"81676aecf9e01db80eebfcdba186ca20070bc47e","messageTitle":"Forgot to stage files","messageBody":"","fileTypesAndContributionMap":{"docs":{"insertions":17,"deletions":10}}},{"hash":"049ffddad4ea5b60a6fe60ac5696b15c22766f49","messageTitle":"Update my PPP","messageBody":"","fileTypesAndContributionMap":{"docs":{"insertions":35,"deletions":2}}},{"hash":"14053933ef45ae29d02e4d3dff527e5db7a05bd5","messageTitle":"Update Javadoc","messageBody":"","fileTypesAndContributionMap":{"functional-code":{"insertions":25,"deletions":5}}},{"hash":"5c59ecc2bc1fe636b55603835c30036586308643","messageTitle":"Add -cancel to command summary in UG","messageBody":"","fileTypesAndContributionMap":{"docs":{"insertions":1,"deletions":0}}},{"hash":"69ec1e2a27af7c35155406f5832e0f5510a53b9a","messageTitle":"Add more junit tests, change all interfaces to public from a mix of public and package private to ensure consistency","messageBody":"","fileTypesAndContributionMap":{"functional-code":{"insertions":5,"deletions":6},"test-code":{"insertions":93,"deletions":3}}},{"hash":"1c5aa8cf1e741ca17dfc3a6ae83a39ddfb9ee572","messageTitle":"Fix checkstyle","messageBody":"","fileTypesAndContributionMap":{"functional-code":{"insertions":3,"deletions":3},"test-code":{"insertions":4,"deletions":3}}}]},{"date":"2021-11-08","commitResults":[{"hash":"3088d451d99e4a2967fd965c9b5e41ec82d67367","messageTitle":"Update DG Ui, fixed typo in edit -exchangerate, update PPP, improve expense date check","messageBody":"","fileTypesAndContributionMap":{"functional-code":{"insertions":13,"deletions":7},"docs":{"insertions":45,"deletions":8}}},{"hash":"afe847dff0cbedf815a6cb24b87a6bcfe71a805f","messageTitle":"Checkstyle","messageBody":"","fileTypesAndContributionMap":{"functional-code":{"insertions":11,"deletions":6}}}]}],"leeyikai":[{"date":"2021-09-30","commitResults":[{"hash":"07a81fb0a7ef3ecdffc18cc36c3cd77ad5c8041a","messageTitle":"chore: update about us","messageBody":"","fileTypesAndContributionMap":{"docs":{"insertions":1,"deletions":1}}}]},{"date":"2021-10-06","commitResults":[{"hash":"73f19680a921a742f0aa88d18dad2b60c63caf36","messageTitle":"Added function to edit names of people (#22)","messageBody":"","fileTypesAndContributionMap":{"functional-code":{"insertions":6,"deletions":0}}},{"hash":"8230788f9d631f77bdb1b40b0d23653331001e5d","messageTitle":"Added feature to edit location of trip (#19)","messageBody":"","fileTypesAndContributionMap":{"functional-code":{"insertions":3,"deletions":0}}},{"hash":"d65dd661ca351e0e1a892c87f331a9fa1802b155","messageTitle":"Added getter method for location in trip","messageBody":"","fileTypesAndContributionMap":{"functional-code":{"insertions":2,"deletions":0}}},{"hash":"52670d0f71a002281dfaf39a9b4b98c7eb8815a1","messageTitle":"Changed name of method for setting name in Person class","messageBody":"","fileTypesAndContributionMap":{"functional-code":{"insertions":1,"deletions":1}}},{"hash":"dd66462e9e02d6ce9a3fa023286f55cc500ecb86","messageTitle":"Fixed error regarding change in naming of method for changing of name","messageBody":"","fileTypesAndContributionMap":{"functional-code":{"insertions":1,"deletions":2}}},{"hash":"8767a0f16f301a750491095135d18a1a70244c48","messageTitle":"Added attributes and method to edit location of expense (#20)","messageBody":"","fileTypesAndContributionMap":{"functional-code":{"insertions":10,"deletions":0}}},{"hash":"52db7972946d056fe47c4e2fa94aa63a406ab83f","messageTitle":"Added function to enter names of other people (#11)","messageBody":"","fileTypesAndContributionMap":{"functional-code":{"insertions":14,"deletions":2}}},{"hash":"1a957243641c4a2bb29e8481907ed6844c8b6e75","messageTitle":"Added function to enter budget for trip (#13)","messageBody":"","fileTypesAndContributionMap":{"functional-code":{"insertions":5,"deletions":0}}},{"hash":"ebe46388de6595ff88a60d416865557b4b601503","messageTitle":"Fixed styling","messageBody":"","fileTypesAndContributionMap":{"functional-code":{"insertions":19,"deletions":7}}},{"hash":"446abf600464187069e894bcbb8f8aed3a9774cb","messageTitle":"Edited method to add persons to fix bug","messageBody":"","fileTypesAndContributionMap":{"functional-code":{"insertions":1,"deletions":5}}},{"hash":"2445d298659f0f77a6dae2a7311cd736ca3eba95","messageTitle":"Changed method to add single person to Expense","messageBody":"","fileTypesAndContributionMap":{"functional-code":{"insertions":2,"deletions":7}}},{"hash":"0edd1adaf6c057e7e48d3952c5b6431f841d79b5","messageTitle":"Added unit test for setting location in trip","messageBody":"","fileTypesAndContributionMap":{"test-code":{"insertions":10,"deletions":1}}},{"hash":"48b712ffae4598a2d60b9ca2ae41f5c411a63efc","messageTitle":"Edited style","messageBody":"","fileTypesAndContributionMap":{"test-code":{"insertions":3,"deletions":3}}},{"hash":"e39bf187c8856b5c76fe48c01a9d4fee541ced0f","messageTitle":"Changed method name in test","messageBody":"","fileTypesAndContributionMap":{"test-code":{"insertions":1,"deletions":1}}}]},{"date":"2021-10-09","commitResults":[{"hash":"b4ad5577f468d9057d67d846564e66450b71d314","messageTitle":"Refactor parseUserInput method","messageBody":"","fileTypesAndContributionMap":{"functional-code":{"insertions":8,"deletions":7}}},{"hash":"1b4198e05dbb66eabb6acaeff824e93241bbd438","messageTitle":"Refactor edit case in Parser","messageBody":"","fileTypesAndContributionMap":{"functional-code":{"insertions":3,"deletions":2}}},{"hash":"c97d6ad8581343a6bae5476fa6049a852da1203c","messageTitle":"Added summary case in Parser","messageBody":"","fileTypesAndContributionMap":{"functional-code":{"insertions":10,"deletions":0}}},{"hash":"99c43014082916afd1adb418be1ecc8dd44b740a","messageTitle":"Edited exception for summary case in Parser","messageBody":"","fileTypesAndContributionMap":{"functional-code":{"insertions":1,"deletions":1}}}]},{"date":"2021-10-10","commitResults":[{"hash":"4e2bc309693acb46a0014040dba057c49c6e1595","messageTitle":"Refactor Expense class","messageBody":"","fileTypesAndContributionMap":{"functional-code":{"insertions":5,"deletions":3}}},{"hash":"77298df3168d5ca28b95366eee92d776d0d222e8","messageTitle":"Added expense case in Parser","messageBody":"","fileTypesAndContributionMap":{"functional-code":{"insertions":38,"deletions":1}}},{"hash":"38a7a6195c18d946dbd18c0dad199a1e2b2cc661","messageTitle":"Added methods for expenses","messageBody":"","fileTypesAndContributionMap":{"functional-code":{"insertions":23,"deletions":0}}},{"hash":"8de25926e0bbf15a269a2eedc6df17b4b45c82ab","messageTitle":"Edited test case for Expense","messageBody":"","fileTypesAndContributionMap":{"test-code":{"insertions":5,"deletions":2}}},{"hash":"bbe6df51a0bcb0acc41749eff0b8033c004647c8","messageTitle":"Added exception handling","messageBody":"","fileTypesAndContributionMap":{"functional-code":{"insertions":6,"deletions":2}}},{"hash":"ec01df06d8043b53de6581abb55e7c00e8398248","messageTitle":"Edited code style","messageBody":"","fileTypesAndContributionMap":{"functional-code":{"insertions":2,"deletions":1}}},{"hash":"5f6a269d3966e18fee0a34c43373613267c3db29","messageTitle":"Refactor Parser class","messageBody":"","fileTypesAndContributionMap":{"functional-code":{"insertions":6,"deletions":1}}},{"hash":"42a7695ca29299fc219abac96873847672d0604b","messageTitle":"Refactored code","messageBody":"","fileTypesAndContributionMap":{"functional-code":{"insertions":21,"deletions":20}}}]},{"date":"2021-10-11","commitResults":[{"hash":"fc8c44aea2f060026737f9f0633c36452c247e4e","messageTitle":"Fixed non valid command bug","messageBody":"","fileTypesAndContributionMap":{"functional-code":{"insertions":15,"deletions":1}}}]},{"date":"2021-10-12","commitResults":[{"hash":"143951a97f18ca89b9d034c442bf7652b5ae91b0","messageTitle":"Fixed summary bug","messageBody":"","fileTypesAndContributionMap":{"functional-code":{"insertions":4,"deletions":6}}},{"hash":"a1ae16c8ef0d5d7ae565fa0b7f1e0dab7f4941f0","messageTitle":"Fix style","messageBody":"","fileTypesAndContributionMap":{"functional-code":{"insertions":2,"deletions":2}}},{"hash":"521a414179a9965a09b4f0581edd99509dde9a9d","messageTitle":"Added budget for create method","messageBody":"","fileTypesAndContributionMap":{"functional-code":{"insertions":2,"deletions":2}}},{"hash":"2a14f44a87d71879db0dfd5187247bd984949a2d","messageTitle":"Refactored Parser class","messageBody":"","fileTypesAndContributionMap":{"functional-code":{"insertions":89,"deletions":56}}}]},{"date":"2021-10-13","commitResults":[{"hash":"57bf876f828a081e80f55df7e782136fc4dc9a2e","messageTitle":"Refactored getOpenTrip for Storage class (#62)","messageBody":"","fileTypesAndContributionMap":{"functional-code":{"insertions":11,"deletions":7}}},{"hash":"819f71f53d37399724e8e397d894e583780a3d87","messageTitle":"Added type handling for delete","messageBody":"","fileTypesAndContributionMap":{"functional-code":{"insertions":28,"deletions":2}}},{"hash":"868bc0cf7e5b6c2a99cac0fb7336ef75e75f9a3f","messageTitle":"Refactored delete expense","messageBody":"","fileTypesAndContributionMap":{"functional-code":{"insertions":2,"deletions":2}}},{"hash":"5f506c5eb0e169724943f0193a33a9dff068f6bc","messageTitle":"Added error messages for deletion of expense","messageBody":"","fileTypesAndContributionMap":{"functional-code":{"insertions":12,"deletions":0}}},{"hash":"9d7a587c12c6b5da93cf35f0da906a32eca614b6","messageTitle":"Added error catching to Parser for deletion of expenses and trips","messageBody":"","fileTypesAndContributionMap":{"functional-code":{"insertions":10,"deletions":5}}},{"hash":"f5fa0d92abe982c2d9533c63bb7d806cefea8600","messageTitle":"Testing checks","messageBody":"","fileTypesAndContributionMap":{"functional-code":{"insertions":1,"deletions":1}}},{"hash":"c80c35685b88562dec4391e8e12dee650583c0d2","messageTitle":"Fix print bug","messageBody":"","fileTypesAndContributionMap":{"functional-code":{"insertions":1,"deletions":1}}},{"hash":"c0ce628ab52a359be85e80e46a9821d26a4b1aa4","messageTitle":"Added assertions","messageBody":"","fileTypesAndContributionMap":{"functional-code":{"insertions":1,"deletions":0}}},{"hash":"d6424bdd99b023eb3665f0ba879a010f36972627","messageTitle":"Added logging","messageBody":"","fileTypesAndContributionMap":{"functional-code":{"insertions":2,"deletions":0}}}]},{"date":"2021-10-20","commitResults":[{"hash":"d08be8e7ab0d80be786c2d0caa702a54da9f7e3b","messageTitle":"Update user guide","messageBody":"","fileTypesAndContributionMap":{"docs":{"insertions":13,"deletions":9}}},{"hash":"088b6ece4a9643321694cc6cde5ad0203265f2b7","messageTitle":"Update developer guide","messageBody":"","fileTypesAndContributionMap":{"docs":{"insertions":22,"deletions":0}}}]},{"date":"2021-10-21","commitResults":[{"hash":"0406d6c71b3f9aa19fefa19d660f9fc50bb47fe9","messageTitle":"Added filter feature","messageBody":"","fileTypesAndContributionMap":{"functional-code":{"insertions":62,"deletions":3}}},{"hash":"890164a46a4415ebb4f335e6cdcbb256161d0114","messageTitle":"Added print statements for filter","messageBody":"","fileTypesAndContributionMap":{"functional-code":{"insertions":11,"deletions":0}}}]},{"date":"2021-10-22","commitResults":[{"hash":"3c2eaea8c3918d2aa628c60ba2cd539e007c1920","messageTitle":"Added support for filter by payer","messageBody":"","fileTypesAndContributionMap":{"functional-code":{"insertions":19,"deletions":4}}},{"hash":"843c6ddb31ec7f663f799ef5ff6142584a1dceab","messageTitle":"Updated to fit checkstyle","messageBody":"","fileTypesAndContributionMap":{"functional-code":{"insertions":23,"deletions":14}}},{"hash":"421c6d7891ced21b53fc531f81cabb753fdc97bd","messageTitle":"Added support for case-insensitive and substring filter for description","messageBody":"","fileTypesAndContributionMap":{"functional-code":{"insertions":4,"deletions":2}}}]},{"date":"2021-10-25","commitResults":[{"hash":"14c1bbf21e9bf58e3277c0c891cdef76fbdcfd02","messageTitle":"Edited Ui print method for wrong view format","messageBody":"","fileTypesAndContributionMap":{"functional-code":{"insertions":1,"deletions":1}}},{"hash":"a108505ee36d0a76be45b4d2eced751fd5fac2eb","messageTitle":"Updated print statements","messageBody":"","fileTypesAndContributionMap":{"functional-code":{"insertions":1,"deletions":1}}},{"hash":"626aea8557eb48ec24a38723c0852071ce6a1623","messageTitle":"Implemented view by index","messageBody":"","fileTypesAndContributionMap":{"functional-code":{"insertions":23,"deletions":8}}},{"hash":"186c4ab763372793932e0d4f4f1b3fd0a0216f06","messageTitle":"Updated view expense into UG","messageBody":"","fileTypesAndContributionMap":{"docs":{"insertions":26,"deletions":1}}}]},{"date":"2021-10-26","commitResults":[{"hash":"05209a23a0cde63d5ddc5541a26d2b31a63d3cb6","messageTitle":"Added expense for each person under view","messageBody":"","fileTypesAndContributionMap":{"functional-code":{"insertions":17,"deletions":1}}},{"hash":"b966ed6d28405457129ce2cf15c1fcdd0c5f681e","messageTitle":"Updated inputs for view by index","messageBody":"","fileTypesAndContributionMap":{"functional-code":{"insertions":21,"deletions":8}}},{"hash":"d98f293339fc094e7b0618c2c4339c4671bef751","messageTitle":"Edited to pass checkstyle","messageBody":"","fileTypesAndContributionMap":{"functional-code":{"insertions":1,"deletions":0}}},{"hash":"9449a991b3384f2274120bb453600a1c9698167d","messageTitle":"Updated author tags","messageBody":"","fileTypesAndContributionMap":{"functional-code":{"insertions":3,"deletions":5}}},{"hash":"6ce5539d76ca7c3fac9b1a34a0288ad4ea9503a6","messageTitle":"Updated help function to correctly display view index","messageBody":"","fileTypesAndContributionMap":{"functional-code":{"insertions":1,"deletions":1}}},{"hash":"cf36d3e7c85e881c873ffae44040591f3edfe072","messageTitle":"Edited UG for view index","messageBody":"","fileTypesAndContributionMap":{"docs":{"insertions":11,"deletions":2}}},{"hash":"83aef1b1d0123ae1fb61dc5c40fd3a0c0cda55b0","messageTitle":"Resolved merge conflict","messageBody":"","fileTypesAndContributionMap":{"docs":{"insertions":34,"deletions":1}}}]},{"date":"2021-10-28","commitResults":[{"hash":"3e149f4d6c628d06ec3f32a611ee6d0400c0d2ee","messageTitle":"Fixed UG","messageBody":"","fileTypesAndContributionMap":{"docs":{"insertions":3,"deletions":3}}}]},{"date":"2021-11-01","commitResults":[{"hash":"aa39c80119f511ce8825aafd5197fe452d4ff299","messageTitle":"Refactor Trip class to remove magic strings","messageBody":"","fileTypesAndContributionMap":{"functional-code":{"insertions":10,"deletions":5}}},{"hash":"949da87dd513bf73765d0b6a1f2410e6c880b4f4","messageTitle":"Added author tags","messageBody":"","fileTypesAndContributionMap":{"functional-code":{"insertions":4,"deletions":0}}}]},{"date":"2021-11-02","commitResults":[{"hash":"456340c7391876ab2d8cd21b0ca75d07063b7ddb","messageTitle":"Added optimized payment","messageBody":"","fileTypesAndContributionMap":{"functional-code":{"insertions":143,"deletions":11}}},{"hash":"1b03f00bcab56629a577065ac63ccdea0f79d678","messageTitle":"Added IO tests for optimized payments","messageBody":"","fileTypesAndContributionMap":{"other":{"insertions":2,"deletions":0}}}]},{"date":"2021-11-03","commitResults":[{"hash":"b77c6f3b615bc8db527c9d98870e3d2f86afa4fd","messageTitle":"Fixed spacing problems","messageBody":"","fileTypesAndContributionMap":{"functional-code":{"insertions":2,"deletions":2}}},{"hash":"f25c9f584cea8c2c2e7946f764a1b02581bffbce","messageTitle":"Updated output functions","messageBody":"","fileTypesAndContributionMap":{"functional-code":{"insertions":67,"deletions":52}}},{"hash":"082042935ca204a59e69954f11c572344309050a","messageTitle":"Edited checkstyle","messageBody":"","fileTypesAndContributionMap":{"functional-code":{"insertions":2,"deletions":8}}},{"hash":"65999af900e30436be3d322314e44cd8fb67f58f","messageTitle":"Updated user guide for optimize","messageBody":"","fileTypesAndContributionMap":{"docs":{"insertions":27,"deletions":0}}},{"hash":"a68636c2f8d21b3fe454f1e5917dd60ee80c60f3","messageTitle":"Updated optimize function","messageBody":"","fileTypesAndContributionMap":{"functional-code":{"insertions":25,"deletions":19}}},{"hash":"ff633a61cf3c7018f070dcf4664ecc7966e88911","messageTitle":"Updated userguide","messageBody":"","fileTypesAndContributionMap":{"docs":{"insertions":7,"deletions":1}}},{"hash":"036207094d6b7ad202e42aea316114d27a54a4aa","messageTitle":"Refactor error to exception","messageBody":"","fileTypesAndContributionMap":{"functional-code":{"insertions":10,"deletions":11}}},{"hash":"d605ab58011f8ad6f15676d165da8c61c74d91bc","messageTitle":"Fixed grammer","messageBody":"","fileTypesAndContributionMap":{"functional-code":{"insertions":1,"deletions":1}}},{"hash":"80f569a8303fa33bf9a040c1ff6454f40dcae8ef","messageTitle":"Update PPP","messageBody":"","fileTypesAndContributionMap":{"docs":{"insertions":13,"deletions":0}}}]},{"date":"2021-11-06","commitResults":[{"hash":"c5d8b4fa3a99fc23af5f70d7105bd99a2b4623a2","messageTitle":"Added JavaDocs for filter function and optimize function","messageBody":"","fileTypesAndContributionMap":{"functional-code":{"insertions":94,"deletions":1}}},{"hash":"cca6bf488b11142daf38ec9073e9d6a2c2ece562","messageTitle":"Edited to fix checkstyle","messageBody":"","fileTypesAndContributionMap":{"functional-code":{"insertions":3,"deletions":2}}}]},{"date":"2021-11-08","commitResults":[{"hash":"dafefb35a3b80364208f07047c82ce78279f9c87","messageTitle":"Added diagrams and explanation","messageBody":"","fileTypesAndContributionMap":{"docs":{"insertions":140,"deletions":3}}}]}]},"authorFileTypeContributionMap":{"joshualeeky":{"docs":439,"functional-code":1176,"test-code":337,"other":2},"yeezao":{"docs":440,"functional-code":1023,"test-code":432,"other":2},"itsleeqian":{"docs":458,"functional-code":259,"test-code":0},"lixiyuan416":{"docs":208,"functional-code":335,"test-code":107},"leeyikai":{"docs":213,"functional-code":427,"test-code":0,"other":2}},"authorContributionVariance":{"joshualeeky":126560.234,"yeezao":11443.384,"itsleeqian":5022.6396,"lixiyuan416":4830.932,"leeyikai":3430.932},"authorDisplayNameMap":{"joshualeeky":"CS2113T-T12-2 LEE ..SHUA","yeezao":"CS2113T-T12-2 LIAN..ZHAO","itsleeqian":"CS2113T-T12-2 LEE ..I AN","lixiyuan416":"CS2113T-T12-2 LI X..YUAN","leeyikai":"CS2113T-T12-2 LEE .. KAI"}}
