{"repoSenseVersion":"v1.14","reportGeneratedTime":"Sun Nov 21 08:13:31 2021 UTC+08:00","reportGenerationTime":" 57.31 second(s)","zoneId":"UTC+08:00","reportTitle":"RepoSense Report","repos":[{"location":{"location":"https://github.com/AY2122S1-CS2113-T13-4/tp.git","repoName":"tp","organization":"AY2122S1-CS2113-T13-4"},"branch":"master","displayName":"AY2122S1-CS2113-T13-4/tp[master]","outputFolderName":"AY2122S1-CS2113-T13-4_tp_master"},{"location":{"location":"https://github.com/AY2122S1-CS2113-T16-1/tp.git","repoName":"tp","organization":"AY2122S1-CS2113-T16-1"},"branch":"master","displayName":"AY2122S1-CS2113-T16-1/tp[master]","outputFolderName":"AY2122S1-CS2113-T16-1_tp_master"},{"location":{"location":"https://github.com/AY2122S1-CS2113-T14-1/tp.git","repoName":"tp","organization":"AY2122S1-CS2113-T14-1"},"branch":"master","displayName":"AY2122S1-CS2113-T14-1/tp[master]","outputFolderName":"AY2122S1-CS2113-T14-1_tp_master"},{"location":{"location":"https://github.com/AY2122S1-CS2113-T16-3/tp.git","repoName":"tp","organization":"AY2122S1-CS2113-T16-3"},"branch":"master","displayName":"AY2122S1-CS2113-T16-3/tp[master]","outputFolderName":"AY2122S1-CS2113-T16-3_tp_master"},{"location":{"location":"https://github.com/AY2122S1-CS2113-T16-2/tp.git","repoName":"tp","organization":"AY2122S1-CS2113-T16-2"},"branch":"master","displayName":"AY2122S1-CS2113-T16-2/tp[master]","outputFolderName":"AY2122S1-CS2113-T16-2_tp_master"},{"location":{"location":"https://github.com/AY2122S1-CS2113-T13-1/tp.git","repoName":"tp","organization":"AY2122S1-CS2113-T13-1"},"branch":"master","displayName":"AY2122S1-CS2113-T13-1/tp[master]","outputFolderName":"AY2122S1-CS2113-T13-1_tp_master"},{"location":{"location":"https://github.com/AY2122S1-CS2113-T13-2/tp.git","repoName":"tp","organization":"AY2122S1-CS2113-T13-2"},"branch":"master","displayName":"AY2122S1-CS2113-T13-2/tp[master]","outputFolderName":"AY2122S1-CS2113-T13-2_tp_master"},{"location":{"location":"https://github.com/AY2122S1-CS2113-T16-4/tp.git","repoName":"tp","organization":"AY2122S1-CS2113-T16-4"},"branch":"master","displayName":"AY2122S1-CS2113-T16-4/tp[master]","outputFolderName":"AY2122S1-CS2113-T16-4_tp_master"},{"location":{"location":"https://github.com/AY2122S1-CS2113-T13-3/tp.git","repoName":"tp","organization":"AY2122S1-CS2113-T13-3"},"branch":"master","displayName":"AY2122S1-CS2113-T13-3/tp[master]","outputFolderName":"AY2122S1-CS2113-T13-3_tp_master"},{"location":{"location":"https://github.com/AY2122S1-CS2113T-T10-3/tp.git","repoName":"tp","organization":"AY2122S1-CS2113T-T10-3"},"branch":"master","displayName":"AY2122S1-CS2113T-T10-3/tp[master]","outputFolderName":"AY2122S1-CS2113T-T10-3_tp_master"},{"location":{"location":"https://github.com/AY2122S1-CS2113T-T10-2/tp.git","repoName":"tp","organization":"AY2122S1-CS2113T-T10-2"},"branch":"master","displayName":"AY2122S1-CS2113T-T10-2/tp[master]","outputFolderName":"AY2122S1-CS2113T-T10-2_tp_master"},{"location":{"location":"https://github.com/AY2122S1-CS2113T-W13-4/tp.git","repoName":"tp","organization":"AY2122S1-CS2113T-W13-4"},"branch":"master","displayName":"AY2122S1-CS2113T-W13-4/tp[master]","outputFolderName":"AY2122S1-CS2113T-W13-4_tp_master"},{"location":{"location":"https://github.com/AY2122S1-CS2113T-W12-2/tp.git","repoName":"tp","organization":"AY2122S1-CS2113T-W12-2"},"branch":"master","displayName":"AY2122S1-CS2113T-W12-2/tp[master]","outputFolderName":"AY2122S1-CS2113T-W12-2_tp_master"},{"location":{"location":"https://github.com/AY2122S1-CS2113T-T12-3/tp.git","repoName":"tp","organization":"AY2122S1-CS2113T-T12-3"},"branch":"master","displayName":"AY2122S1-CS2113T-T12-3/tp[master]","outputFolderName":"AY2122S1-CS2113T-T12-3_tp_master"},{"location":{"location":"https://github.com/AY2122S1-CS2113T-T10-1/tp.git","repoName":"tp","organization":"AY2122S1-CS2113T-T10-1"},"branch":"master","displayName":"AY2122S1-CS2113T-T10-1/tp[master]","outputFolderName":"AY2122S1-CS2113T-T10-1_tp_master"},{"location":{"location":"https://github.com/AY2122S1-CS2113T-W13-1/tp.git","repoName":"tp","organization":"AY2122S1-CS2113T-W13-1"},"branch":"master","displayName":"AY2122S1-CS2113T-W13-1/tp[master]","outputFolderName":"AY2122S1-CS2113T-W13-1_tp_master"},{"location":{"location":"https://github.com/AY2122S1-CS2113T-F11-2/tp.git","repoName":"tp","organization":"AY2122S1-CS2113T-F11-2"},"branch":"master","displayName":"AY2122S1-CS2113T-F11-2/tp[master]","outputFolderName":"AY2122S1-CS2113T-F11-2_tp_master"},{"location":{"location":"https://github.com/AY2122S1-CS2113T-T12-4/tp.git","repoName":"tp","organization":"AY2122S1-CS2113T-T12-4"},"branch":"master","displayName":"AY2122S1-CS2113T-T12-4/tp[master]","outputFolderName":"AY2122S1-CS2113T-T12-4_tp_master"},{"location":{"location":"https://github.com/AY2122S1-CS2113T-F11-3/tp.git","repoName":"tp","organization":"AY2122S1-CS2113T-F11-3"},"branch":"master","displayName":"AY2122S1-CS2113T-F11-3/tp[master]","outputFolderName":"AY2122S1-CS2113T-F11-3_tp_master"},{"location":{"location":"https://github.com/AY2122S1-CS2113T-W13-3/tp.git","repoName":"tp","organization":"AY2122S1-CS2113T-W13-3"},"branch":"master","displayName":"AY2122S1-CS2113T-W13-3/tp[master]","outputFolderName":"AY2122S1-CS2113T-W13-3_tp_master"},{"location":{"location":"https://github.com/AY2122S1-CS2113T-F14-1/tp.git","repoName":"tp","organization":"AY2122S1-CS2113T-F14-1"},"branch":"master","displayName":"AY2122S1-CS2113T-F14-1/tp[master]","outputFolderName":"AY2122S1-CS2113T-F14-1_tp_master"},{"location":{"location":"https://github.com/AY2122S1-CS2113T-F12-1/tp.git","repoName":"tp","organization":"AY2122S1-CS2113T-F12-1"},"branch":"master","displayName":"AY2122S1-CS2113T-F12-1/tp[master]","outputFolderName":"AY2122S1-CS2113T-F12-1_tp_master"},{"location":{"location":"https://github.com/AY2122S1-CS2113T-T12-2/tp.git","repoName":"tp","organization":"AY2122S1-CS2113T-T12-2"},"branch":"master","displayName":"AY2122S1-CS2113T-T12-2/tp[master]","outputFolderName":"AY2122S1-CS2113T-T12-2_tp_master"},{"location":{"location":"https://github.com/AY2122S1-CS2113T-W12-4/tp.git","repoName":"tp","organization":"AY2122S1-CS2113T-W12-4"},"branch":"master","displayName":"AY2122S1-CS2113T-W12-4/tp[master]","outputFolderName":"AY2122S1-CS2113T-W12-4_tp_master"},{"location":{"location":"https://github.com/AY2122S1-CS2113T-F12-3/tp.git","repoName":"tp","organization":"AY2122S1-CS2113T-F12-3"},"branch":"master","displayName":"AY2122S1-CS2113T-F12-3/tp[master]","outputFolderName":"AY2122S1-CS2113T-F12-3_tp_master"},{"location":{"location":"https://github.com/AY2122S1-CS2113T-F12-4/tp.git","repoName":"tp","organization":"AY2122S1-CS2113T-F12-4"},"branch":"master","displayName":"AY2122S1-CS2113T-F12-4/tp[master]","outputFolderName":"AY2122S1-CS2113T-F12-4_tp_master"},{"location":{"location":"https://github.com/AY2122S1-CS2113T-T09-1/tp.git","repoName":"tp","organization":"AY2122S1-CS2113T-T09-1"},"branch":"master","displayName":"AY2122S1-CS2113T-T09-1/tp[master]","outputFolderName":"AY2122S1-CS2113T-T09-1_tp_master"},{"location":{"location":"https://github.com/AY2122S1-CS2113T-T09-4/tp.git","repoName":"tp","organization":"AY2122S1-CS2113T-T09-4"},"branch":"master","displayName":"AY2122S1-CS2113T-T09-4/tp[master]","outputFolderName":"AY2122S1-CS2113T-T09-4_tp_master"},{"location":{"location":"https://github.com/AY2122S1-CS2113T-W12-3/tp.git","repoName":"tp","organization":"AY2122S1-CS2113T-W12-3"},"branch":"master","displayName":"AY2122S1-CS2113T-W12-3/tp[master]","outputFolderName":"AY2122S1-CS2113T-W12-3_tp_master"},{"location":{"location":"https://github.com/AY2122S1-CS2113T-T09-2/tp.git","repoName":"tp","organization":"AY2122S1-CS2113T-T09-2"},"branch":"master","displayName":"AY2122S1-CS2113T-T09-2/tp[master]","outputFolderName":"AY2122S1-CS2113T-T09-2_tp_master"},{"location":{"location":"https://github.com/AY2122S1-CS2113T-W13-2/tp.git","repoName":"tp","organization":"AY2122S1-CS2113T-W13-2"},"branch":"master","displayName":"AY2122S1-CS2113T-W13-2/tp[master]","outputFolderName":"AY2122S1-CS2113T-W13-2_tp_master"},{"location":{"location":"https://github.com/AY2122S1-CS2113T-W12-1/tp.git","repoName":"tp","organization":"AY2122S1-CS2113T-W12-1"},"branch":"master","displayName":"AY2122S1-CS2113T-W12-1/tp[master]","outputFolderName":"AY2122S1-CS2113T-W12-1_tp_master"},{"location":{"location":"https://github.com/AY2122S1-CS2113T-W11-4/tp.git","repoName":"tp","organization":"AY2122S1-CS2113T-W11-4"},"branch":"master","displayName":"AY2122S1-CS2113T-W11-4/tp[master]","outputFolderName":"AY2122S1-CS2113T-W11-4_tp_master"},{"location":{"location":"https://github.com/AY2122S1-CS2113T-F12-2/tp.git","repoName":"tp","organization":"AY2122S1-CS2113T-F12-2"},"branch":"master","displayName":"AY2122S1-CS2113T-F12-2/tp[master]","outputFolderName":"AY2122S1-CS2113T-F12-2_tp_master"},{"location":{"location":"https://github.com/AY2122S1-CS2113T-W11-1/tp.git","repoName":"tp","organization":"AY2122S1-CS2113T-W11-1"},"branch":"master","displayName":"AY2122S1-CS2113T-W11-1/tp[master]","outputFolderName":"AY2122S1-CS2113T-W11-1_tp_master"},{"location":{"location":"https://github.com/AY2122S1-CS2113T-W11-2/tp.git","repoName":"tp","organization":"AY2122S1-CS2113T-W11-2"},"branch":"master","displayName":"AY2122S1-CS2113T-W11-2/tp[master]","outputFolderName":"AY2122S1-CS2113T-W11-2_tp_master"},{"location":{"location":"https://github.com/AY2122S1-CS2113T-F14-3/tp.git","repoName":"tp","organization":"AY2122S1-CS2113T-F14-3"},"branch":"master","displayName":"AY2122S1-CS2113T-F14-3/tp[master]","outputFolderName":"AY2122S1-CS2113T-F14-3_tp_master"},{"location":{"location":"https://github.com/AY2122S1-CS2113T-F11-4/tp.git","repoName":"tp","organization":"AY2122S1-CS2113T-F11-4"},"branch":"master","displayName":"AY2122S1-CS2113T-F11-4/tp[master]","outputFolderName":"AY2122S1-CS2113T-F11-4_tp_master"},{"location":{"location":"https://github.com/AY2122S1-CS2113T-F11-1/tp.git","repoName":"tp","organization":"AY2122S1-CS2113T-F11-1"},"branch":"master","displayName":"AY2122S1-CS2113T-F11-1/tp[master]","outputFolderName":"AY2122S1-CS2113T-F11-1_tp_master"},{"location":{"location":"https://github.com/AY2122S1-CS2113T-T12-1/tp.git","repoName":"tp","organization":"AY2122S1-CS2113T-T12-1"},"branch":"master","displayName":"AY2122S1-CS2113T-T12-1/tp[master]","outputFolderName":"AY2122S1-CS2113T-T12-1_tp_master"},{"location":{"location":"https://github.com/AY2122S1-CS2113T-F14-2/tp.git","repoName":"tp","organization":"AY2122S1-CS2113T-F14-2"},"branch":"master","displayName":"AY2122S1-CS2113T-F14-2/tp[master]","outputFolderName":"AY2122S1-CS2113T-F14-2_tp_master"},{"location":{"location":"https://github.com/AY2122S1-CS2113T-W11-3/tp.git","repoName":"tp","organization":"AY2122S1-CS2113T-W11-3"},"branch":"master","displayName":"AY2122S1-CS2113T-W11-3/tp[master]","outputFolderName":"AY2122S1-CS2113T-W11-3_tp_master"},{"location":{"location":"https://github.com/AY2122S1-CS2113T-T09-3/tp.git","repoName":"tp","organization":"AY2122S1-CS2113T-T09-3"},"branch":"master","displayName":"AY2122S1-CS2113T-T09-3/tp[master]","outputFolderName":"AY2122S1-CS2113T-T09-3_tp_master"}],"errorList":[],"sinceDate":"2021-09-25","untilDate":"2021-11-21","isSinceDateProvided":true,"isUntilDateProvided":false}
