{"authorDailyContributionsMap":{"giterator":[{"date":"2021-09-29","commitResults":[{"hash":"f368e95a9928f2e90ab9c019e869542692a89b2e","messageTitle":"Add Pranav Venkatram to AboutUs.md","messageBody":"","fileTypesAndContributionMap":{"docs":{"insertions":1,"deletions":1}}}]},{"date":"2021-10-05","commitResults":[{"hash":"91f080c90a19ad736174b27025f9732ccb467130","messageTitle":"JSONReader: Extract content of main() that reads a JSON for module related information as a new method readModuleDb()","messageBody":"","fileTypesAndContributionMap":{"functional-code":{"insertions":9,"deletions":2}}},{"hash":"d10c6cef2e7e614ed2dd56a49efc9fe8857e2055","messageTitle":"Convert List of modules returned by readModuleDb() to a map","messageBody":"","fileTypesAndContributionMap":{"functional-code":{"insertions":11,"deletions":8}}},{"hash":"e3bca3a9586bcd8488a86e796459012b77be4731","messageTitle":"ModuleDetails: Override toString()","messageBody":"","fileTypesAndContributionMap":{"functional-code":{"insertions":6,"deletions":0}}},{"hash":"de0659b34f1de46f00614259e9367b531ce434d0","messageTitle":"Create ModuleDb class","messageBody":"","fileTypesAndContributionMap":{"functional-code":{"insertions":11,"deletions":0}}},{"hash":"750523aa3a2d288a35c8808f5167e609485529c4","messageTitle":"ModuleDb: Implement view feature","messageBody":"","fileTypesAndContributionMap":{"functional-code":{"insertions":11,"deletions":2}}},{"hash":"baab57d9db50aff0d9d0e44447e53e9f951e098e","messageTitle":"Make view module info accessible by Ui","messageBody":"","fileTypesAndContributionMap":{"functional-code":{"insertions":30,"deletions":8}}},{"hash":"cc96bcf40151be052d071022c3624d2e9c12d412","messageTitle":"Add test cases for auto test \"","messageBody":"","fileTypesAndContributionMap":{"other":{"insertions":6,"deletions":3}}},{"hash":"5176d737b9b202e14506d29f4a260dc54d70aecb","messageTitle":"runtest.bat: Delete compiled jar after auto test is finished","messageBody":"","fileTypesAndContributionMap":{"other":{"insertions":2,"deletions":0}}},{"hash":"1f46f1133e1b7b6c838ef2c8d3258156f4c19dfa","messageTitle":"Add JUnit for ModuleDb class","messageBody":"","fileTypesAndContributionMap":{"functional-code":{"insertions":1,"deletions":1},"test-code":{"insertions":44,"deletions":0}}}]},{"date":"2021-10-06","commitResults":[{"hash":"3b9a3e7e9bedce8ad7c83530b74f60ba85424b56","messageTitle":"Revert runtest.bat to original implementation","messageBody":"","fileTypesAndContributionMap":{"other":{"insertions":2,"deletions":7}}}]},{"date":"2021-10-11","commitResults":[{"hash":"1e610fe82f2b18a066be6805a7e2b27a5f6bec2b","messageTitle":"Create ModuleList class","messageBody":"","fileTypesAndContributionMap":{"functional-code":{"insertions":18,"deletions":0},"test-code":{"insertions":7,"deletions":7}}},{"hash":"795c05dcb4d71d5e585c7cb0bb0cced0b7bf46fe","messageTitle":"Make ModuleDb class static","messageBody":"","fileTypesAndContributionMap":{"functional-code":{"insertions":11,"deletions":15},"test-code":{"insertions":4,"deletions":5}}},{"hash":"6064bd022b28e91875ec39d4169bb0b23d29fe68","messageTitle":"Add methods to store and delete modules from myModules list","messageBody":"","fileTypesAndContributionMap":{"functional-code":{"insertions":67,"deletions":11}}},{"hash":"1bc4bee394f18abc7e0be74aab15c26b311803ef","messageTitle":"ViewModuleInfoCommand: Add logging StoreModuleCommand: Add logging DeleteModuleCommand: Add logging","messageBody":"","fileTypesAndContributionMap":{"functional-code":{"insertions":10,"deletions":0}}},{"hash":"85e1ee271c12c2a927a5e6cb92039c0eb0af56f7","messageTitle":"ModuleDetails class: Add assert ModuleDb class: Add assert","messageBody":"","fileTypesAndContributionMap":{"functional-code":{"insertions":3,"deletions":0}}},{"hash":"f9cac2c22f02f5a08cf754a197bd5572c7121144","messageTitle":"Add javadoc for classes: ModuleDb, ModuleDetails, JsonReader, ModuleList, ViewModuleInfoCommand, StoreModuleCommand, DeleteModuleCommand","messageBody":"","fileTypesAndContributionMap":{"functional-code":{"insertions":58,"deletions":5}}},{"hash":"60116995b701c49b28eab8b331fe2beaae9131d4","messageTitle":"Initialize moduleDetailsMap as an empty HashMap","messageBody":"","fileTypesAndContributionMap":{"functional-code":{"insertions":1,"deletions":1},"test-code":{"insertions":7,"deletions":2}}},{"hash":"7aefaf2c3e0eb07c036b93a2dfb73b05d4e02435","messageTitle":"Add text-ui-test cases for storing and deleting modules from myModules list","messageBody":"","fileTypesAndContributionMap":{"functional-code":{"insertions":4,"deletions":4}}}]},{"date":"2021-10-12","commitResults":[{"hash":"7018a18b81bd3c528eb86d2287196d49b0abffb3","messageTitle":"Edit UG","messageBody":"","fileTypesAndContributionMap":{"docs":{"insertions":35,"deletions":1}}},{"hash":"7e19eeea02dec422faa94ef12a6af62828e4cf07","messageTitle":"Add store_module and delete_module to table of commands","messageBody":"","fileTypesAndContributionMap":{"docs":{"insertions":3,"deletions":2}}},{"hash":"54afd16b7f6d9b657a648d4a74ff2ae5ab132d34","messageTitle":"Edit table of contents","messageBody":"","fileTypesAndContributionMap":{"docs":{"insertions":3,"deletions":3}}}]},{"date":"2021-10-14","commitResults":[{"hash":"a01fcca3a3f75a12df536647e8174a3138c10b5b","messageTitle":"Make ModuleDb non static and as a protected attribute of Command","messageBody":"","fileTypesAndContributionMap":{"functional-code":{"insertions":14,"deletions":9},"test-code":{"insertions":4,"deletions":3}}},{"hash":"b0c16de44f83fe6a1cddbdcdc7a35b5a9326d328","messageTitle":"Fix view, store_module, delete_module","messageBody":"","fileTypesAndContributionMap":{"functional-code":{"insertions":15,"deletions":7}}},{"hash":"966754eef6cc2c0505d23cd20b4d3dc4d85d3c5b","messageTitle":"Fixed ModuleDetailsTest","messageBody":"","fileTypesAndContributionMap":{"functional-code":{"insertions":2,"deletions":2},"test-code":{"insertions":21,"deletions":20}}},{"hash":"0425a0430cdc5ee78142ac43861e88530731ec8c","messageTitle":"Fix ModuleDetailsTest","messageBody":"","fileTypesAndContributionMap":{"test-code":{"insertions":32,"deletions":28}}},{"hash":"96f7128bf40d3a329e45fb3136bcbe49e61634d6","messageTitle":"Create ModuleListTest Make ModuleList non static","messageBody":"","fileTypesAndContributionMap":{"functional-code":{"insertions":19,"deletions":5},"test-code":{"insertions":94,"deletions":0}}},{"hash":"a2237789135d0386bdf2f30d321b73cef4053a97","messageTitle":"Add ListModulesCommand","messageBody":"","fileTypesAndContributionMap":{"functional-code":{"insertions":37,"deletions":7},"test-code":{"insertions":0,"deletions":4}}}]},{"date":"2021-10-18","commitResults":[{"hash":"2e92d2ce3484ffafd8a7b487bfd187ef982db10b","messageTitle":"Refactor all module related commands to follow subcommand format with \u0027module\u0027 as a prefix","messageBody":"","fileTypesAndContributionMap":{"functional-code":{"insertions":109,"deletions":120}}},{"hash":"97a85a37fc81cd255de65ce2eaf77222c0b4d9c0","messageTitle":"Update UG for new format of module commands","messageBody":"","fileTypesAndContributionMap":{"docs":{"insertions":41,"deletions":16}}}]},{"date":"2021-10-19","commitResults":[{"hash":"26647caa68fe40aad5a83bc06b9fe8eaf175f9cf","messageTitle":"Add javadoc Edit text-ui-test to include new command: module grade CODE/GRADE Edit help output","messageBody":"","fileTypesAndContributionMap":{"functional-code":{"insertions":81,"deletions":16}}},{"hash":"1fd067773bca3ad2578fe0f17621d954d8a93fb9","messageTitle":"Add module grade command to UG Add exception handling for grade parsedArguments","messageBody":"","fileTypesAndContributionMap":{"docs":{"insertions":20,"deletions":2}}},{"hash":"0655041034890ad1748ac7cf2b5586af2938bd8e","messageTitle":"Make module grade command case insensitive Edit UG","messageBody":"","fileTypesAndContributionMap":{"functional-code":{"insertions":2,"deletions":2},"docs":{"insertions":4,"deletions":0}}},{"hash":"f15e6f78367039fa3e59ba2a4cc4c1c9a71fdd31","messageTitle":"Create ModuleListStorage with methods to store and load ModuleDetails to and from file Add Javadoc for ModuleListStorage","messageBody":"","fileTypesAndContributionMap":{"functional-code":{"insertions":130,"deletions":5}}},{"hash":"bfbdb6cdade639783cadc3bf33a96519409ad4fe","messageTitle":"Fix storage of ModuleList","messageBody":"","fileTypesAndContributionMap":{"functional-code":{"insertions":9,"deletions":18}}},{"hash":"4f3c9fc3868e63ad1c7494fe16d1a7e9daa4c400","messageTitle":"Fix usage of module delete in UG","messageBody":"","fileTypesAndContributionMap":{"docs":{"insertions":2,"deletions":2}}},{"hash":"d361d253eb55b5dee492e85d6a5ef7f87b2269c2","messageTitle":"Change null grade to 0","messageBody":"","fileTypesAndContributionMap":{"functional-code":{"insertions":6,"deletions":2}}}]}],"nonrnp":[{"date":"2021-09-29","commitResults":[{"hash":"96b9c5dfac083188ffb333d2a843bf562eda4d77","messageTitle":"Add about us detail","messageBody":"","fileTypesAndContributionMap":{"docs":{"insertions":1,"deletions":1}}}]},{"date":"2021-10-04","commitResults":[{"hash":"3f84c7886d1b8dd138e208011b21cbcd1ca247af","messageTitle":"Implement cap calculator","messageBody":"","fileTypesAndContributionMap":{"functional-code":{"insertions":83,"deletions":0}}},{"hash":"a064d388f1ec62c722e3b40e9ae6b0fb61fc4521","messageTitle":"Format CAP calculator to show only 2 decimal places","messageBody":"","fileTypesAndContributionMap":{"functional-code":{"insertions":3,"deletions":3}}},{"hash":"271af835cf940258ebf0b5ee3b66e4e58db8e8d1","messageTitle":"minor code change","messageBody":"","fileTypesAndContributionMap":{"functional-code":{"insertions":3,"deletions":4}}},{"hash":"cf7c6fae4fdf012d0339098ffda2d593c125757d","messageTitle":"Handle error when no command description is provided","messageBody":"","fileTypesAndContributionMap":{"functional-code":{"insertions":4,"deletions":1}}},{"hash":"72358523e5b27d44a9cc2e14bfe9f2ad278c15a2","messageTitle":"Handle errors in CalculateCapCommand class","messageBody":"","fileTypesAndContributionMap":{"functional-code":{"insertions":14,"deletions":9}}},{"hash":"ad35b244275b835b7f073667a1a91a202e020bbd","messageTitle":"Minor code edit","messageBody":"","fileTypesAndContributionMap":{"functional-code":{"insertions":4,"deletions":2}}},{"hash":"504d8c5e94f78252c9384ebf7f054682ae02701e","messageTitle":"Edit error message","messageBody":"","fileTypesAndContributionMap":{"functional-code":{"insertions":6,"deletions":7}}}]},{"date":"2021-10-07","commitResults":[{"hash":"8819ff66e10894d16838be932f017cb2ed46b636","messageTitle":"Add JUnit test for CAP calculator","messageBody":"","fileTypesAndContributionMap":{"test-code":{"insertions":43,"deletions":0}}},{"hash":"29317040b89a4f3142f24daaa64d35f00e27f160","messageTitle":"fix coding style","messageBody":"","fileTypesAndContributionMap":{"test-code":{"insertions":13,"deletions":13}}}]},{"date":"2021-10-10","commitResults":[{"hash":"e955f25b6a3510dc9d5359b7882daf59c6ff690e","messageTitle":"Add logging to CAP command","messageBody":"","fileTypesAndContributionMap":{"functional-code":{"insertions":3,"deletions":0}}}]},{"date":"2021-10-11","commitResults":[{"hash":"6a1afafc6cad40842214eac651a90adde021fabd","messageTitle":"Add assert statements to calculate CAP comand","messageBody":"","fileTypesAndContributionMap":{"functional-code":{"insertions":2,"deletions":0}}},{"hash":"5389734fd820d5b5088602d7640568a3aca09005","messageTitle":"Add documentation for CAP calculator","messageBody":"","fileTypesAndContributionMap":{"functional-code":{"insertions":42,"deletions":4}}}]},{"date":"2021-10-15","commitResults":[{"hash":"5ad360f61ffda2363cc282cfb9f072305f5a2e7e","messageTitle":"Implement CAP calculator by module code","messageBody":"","fileTypesAndContributionMap":{"functional-code":{"insertions":212,"deletions":101}}},{"hash":"e0964c3d785c16e92e6c773bd5401fe4b2513bd8","messageTitle":"Change cap command format","messageBody":"","fileTypesAndContributionMap":{"functional-code":{"insertions":4,"deletions":2}}},{"hash":"364732d7c02bbab96732d7fc686d37f6ecfca795","messageTitle":"Change cap command format","messageBody":"","fileTypesAndContributionMap":{"functional-code":{"insertions":8,"deletions":6}}},{"hash":"ea2524dda448c649c63bf2fc661f39997890a253","messageTitle":"refractor code","messageBody":"","fileTypesAndContributionMap":{"functional-code":{"insertions":34,"deletions":71}}},{"hash":"b672b7338ea8e9168800ae22ffa2d5b888e8a278","messageTitle":"Implement S/U grade","messageBody":"","fileTypesAndContributionMap":{"functional-code":{"insertions":14,"deletions":0}}},{"hash":"6e3d21c7eb8ce074a3093752652d63a80f8f391e","messageTitle":"Add JavaDoc","messageBody":"","fileTypesAndContributionMap":{"functional-code":{"insertions":8,"deletions":1}}},{"hash":"68f941c578174ecbda21f5f1bed8b9d2d2921cfc","messageTitle":"Fix JavaDoc style, update JUnit test","messageBody":"","fileTypesAndContributionMap":{"functional-code":{"insertions":1,"deletions":1},"test-code":{"insertions":3,"deletions":3}}}]},{"date":"2021-10-16","commitResults":[{"hash":"4442a96ab63298dbd1b60fa651f67d60a9d95262","messageTitle":"Handle invalid module code in cap calculator","messageBody":"","fileTypesAndContributionMap":{"functional-code":{"insertions":7,"deletions":1}}},{"hash":"6059f6f958552fbb535a1490824f8e09806477b1","messageTitle":"Edit error message","messageBody":"","fileTypesAndContributionMap":{"functional-code":{"insertions":2,"deletions":1}}},{"hash":"553935e79fe2f6515dace92b5b08e171c5b1eaae","messageTitle":"Improve invalid modules output message","messageBody":"","fileTypesAndContributionMap":{"functional-code":{"insertions":28,"deletions":9}}},{"hash":"a2463bc995453c763cf69a0d04f2dbf76d7766d5","messageTitle":"Edit cap calculator command format","messageBody":"","fileTypesAndContributionMap":{"functional-code":{"insertions":56,"deletions":25}}},{"hash":"3cb2778f83f90d2783dd9040e40315d5478f2cc0","messageTitle":"Code cleanup","messageBody":"","fileTypesAndContributionMap":{"functional-code":{"insertions":7,"deletions":37}}},{"hash":"08850f74c57f3805fc10df09de1a1c177487dd36","messageTitle":"Remove unnecessary code","messageBody":"","fileTypesAndContributionMap":{"functional-code":{"insertions":9,"deletions":19}}},{"hash":"88031cd562c4edd92ba69554614adcfe66d5ce3d","messageTitle":"Use named constants to avoid magic numbers","messageBody":"","fileTypesAndContributionMap":{"functional-code":{"insertions":40,"deletions":19}}},{"hash":"0013fd7fb92efe403e4d53fac2c340d6441278d4","messageTitle":"Edit logger in cap calculator command","messageBody":"","fileTypesAndContributionMap":{"functional-code":{"insertions":3,"deletions":1}}},{"hash":"64b476b197877dae5b9a1764b0b6aa3a7292dfa7","messageTitle":"Minor edits","messageBody":"","fileTypesAndContributionMap":{"functional-code":{"insertions":6,"deletions":4}}},{"hash":"26be8f9c3ef7ad6c679c541caa8b5470feb52495","messageTitle":"Add JavaDoc for calculator classes","messageBody":"","fileTypesAndContributionMap":{"functional-code":{"insertions":48,"deletions":9}}},{"hash":"876f70f14fa050155f6ea35989b259db01f65ca6","messageTitle":"More JavaDoc for calculator classes","messageBody":"","fileTypesAndContributionMap":{"functional-code":{"insertions":9,"deletions":0}}},{"hash":"23f56ab3e65357279dde1f5c38be6c226d5a3e34","messageTitle":"Add JUnit test, fix coding style","messageBody":"","fileTypesAndContributionMap":{"functional-code":{"insertions":10,"deletions":10},"test-code":{"insertions":78,"deletions":20}}}]},{"date":"2021-10-18","commitResults":[{"hash":"f12366412699582212cdf6257fda0ef8aacf05bb","messageTitle":"Add command to set module\u0027s grade in moduleList","messageBody":"","fileTypesAndContributionMap":{"functional-code":{"insertions":46,"deletions":0}}},{"hash":"b93c3f129440755a7d76ffb07b731c102cc9eedd","messageTitle":"Handle exception when module is not in list","messageBody":"","fileTypesAndContributionMap":{"functional-code":{"insertions":11,"deletions":3}}},{"hash":"16f5d36ab467382e692b817d4b80c305be3a9d36","messageTitle":"Implement CAP calculator for stored modules","messageBody":"","fileTypesAndContributionMap":{"functional-code":{"insertions":48,"deletions":0}}}]},{"date":"2021-10-19","commitResults":[{"hash":"f30a0f89b48a25a1f05de766fcd84ebadfd60025","messageTitle":"Implement cap calculator from stored modules","messageBody":"","fileTypesAndContributionMap":{"functional-code":{"insertions":78,"deletions":20}}},{"hash":"922612cde2cadacb6d4e144cdea3bb3c09154518","messageTitle":"Code cleanup","messageBody":"","fileTypesAndContributionMap":{"functional-code":{"insertions":1,"deletions":34}}},{"hash":"8a445b9ae6de7ebaeefbd7c58d6c0ab768a5d651","messageTitle":"Integrate module list cap calculator into ModuleCommand","messageBody":"","fileTypesAndContributionMap":{"functional-code":{"insertions":8,"deletions":4}}},{"hash":"ce82765697154a552162eb239a9053d5f11897ea","messageTitle":"Implement grade suggestion command","messageBody":"","fileTypesAndContributionMap":{"functional-code":{"insertions":208,"deletions":19}}},{"hash":"c17e6112998ef81554e538fe8a920d822e56a3d0","messageTitle":"Edit output message for grade suggestion","messageBody":"","fileTypesAndContributionMap":{"functional-code":{"insertions":1,"deletions":2},"other":{"insertions":14,"deletions":11}}},{"hash":"9b093c1a869e444c0399c1c0a2ccc04cc0999330","messageTitle":"Improve grade suggestion calculator, edit error messages","messageBody":"","fileTypesAndContributionMap":{"functional-code":{"insertions":29,"deletions":91}}},{"hash":"c7e5d520dd4eaa363895772e4fc45589ae7e44f9","messageTitle":"Add JavaDoc","messageBody":"","fileTypesAndContributionMap":{"functional-code":{"insertions":102,"deletions":23}}},{"hash":"617631e0f3a7b532b99cdc027186b1bd3024c770","messageTitle":"Remove unnecessary class","messageBody":"","fileTypesAndContributionMap":{"functional-code":{"insertions":0,"deletions":24}}},{"hash":"c852178811249032f24c4b997d2a7588bb8e04b5","messageTitle":"Fix code style","messageBody":"","fileTypesAndContributionMap":{"functional-code":{"insertions":10,"deletions":5}}},{"hash":"22d97a3539c0a51530c99789ffc91e347510ced1","messageTitle":"Update UG","messageBody":"","fileTypesAndContributionMap":{"functional-code":{"insertions":2,"deletions":2},"docs":{"insertions":38,"deletions":5}}},{"hash":"0168a89d1557d25dbaeeb763c7d42dc8a80dc82b","messageTitle":"Edit UG","messageBody":"","fileTypesAndContributionMap":{"docs":{"insertions":5,"deletions":2}}},{"hash":"29a1c8272c5bd2b1a5be2405b3dfe08deda82663","messageTitle":"Minor code edit","messageBody":"","fileTypesAndContributionMap":{"functional-code":{"insertions":0,"deletions":3}}},{"hash":"771696056064181b4817c3e7b846f4f464866618","messageTitle":"Minor edit","messageBody":"","fileTypesAndContributionMap":{"functional-code":{"insertions":2,"deletions":2}}},{"hash":"360701f01a5bdbc17529afe4a4eaf014ca36e290","messageTitle":"Remove unnecessary code","messageBody":"","fileTypesAndContributionMap":{"functional-code":{"insertions":0,"deletions":2}}},{"hash":"ed40379e67ac6224d9c6fe0930ce171f97aa8e21","messageTitle":"Add command to help command","messageBody":"","fileTypesAndContributionMap":{"functional-code":{"insertions":22,"deletions":18}}},{"hash":"5a21bd04929e1664e96ce608c0f70b9bd67d48f9","messageTitle":"Minor edit","messageBody":"","fileTypesAndContributionMap":{"functional-code":{"insertions":2,"deletions":2}}}]},{"date":"2021-10-20","commitResults":[{"hash":"81a5785e307e9ab20b3d5951638fa56d4a8d4b9c","messageTitle":"Update DG for cap calculator","messageBody":"","fileTypesAndContributionMap":{"docs":{"insertions":14,"deletions":1}}},{"hash":"442ca578243e03b1d6090e0eee3c642184497e8c","messageTitle":"Update UG for cap calculator","messageBody":"","fileTypesAndContributionMap":{"docs":{"insertions":42,"deletions":14}}},{"hash":"e80494cb3109220e002ada101f4e4ac460c9b7f2","messageTitle":"Edit cap calculator to store module list instead of string array","messageBody":"","fileTypesAndContributionMap":{"functional-code":{"insertions":253,"deletions":76}}},{"hash":"e0d9b424acc47448003ca75340de4017c78192e3","messageTitle":"Code cleanup","messageBody":"","fileTypesAndContributionMap":{"functional-code":{"insertions":11,"deletions":152}}},{"hash":"44a8c24bf8b54db923156f9f973b0d3c0b6c07c7","messageTitle":"Edit JavaDoc","messageBody":"","fileTypesAndContributionMap":{"functional-code":{"insertions":37,"deletions":11}}},{"hash":"3834be194cddd85126284ab076cda1a67f81e85c","messageTitle":"Minor JavaDoc edit","messageBody":"","fileTypesAndContributionMap":{"functional-code":{"insertions":33,"deletions":28}}},{"hash":"7c8b8b1b4b83a145c10a662c6e8d55c443c8c558","messageTitle":"Fix error message","messageBody":"","fileTypesAndContributionMap":{"functional-code":{"insertions":12,"deletions":23}}},{"hash":"f964d4cf69bb8988d4e62dee887b01025b035cfc","messageTitle":"Create new CalculatorModuleList class","messageBody":"","fileTypesAndContributionMap":{"functional-code":{"insertions":36,"deletions":28}}}]}],"saravanamani1999":[{"date":"2021-09-29","commitResults":[{"hash":"ae864bdcee23c9aa7c0c28541eaace09bb18a29e","messageTitle":"about us updated","messageBody":"","fileTypesAndContributionMap":{"docs":{"insertions":1,"deletions":1}}}]},{"date":"2021-10-04","commitResults":[{"hash":"b74b8d6ceb62a8a8474979e0d5ba80714f8ace1e","messageTitle":"add json file","messageBody":"","fileTypesAndContributionMap":{"functional-code":{"insertions":274769,"deletions":0},"other":{"insertions":4,"deletions":2}}},{"hash":"e3c379c29f0eab983ae0aed381ba4e384c16f9ab","messageTitle":"edit build.gradle","messageBody":"","fileTypesAndContributionMap":{"other":{"insertions":1,"deletions":1}}},{"hash":"fe735becd33cb0fc440e85e02751e6908787f639","messageTitle":"add reading of json file and store it in array list","messageBody":"","fileTypesAndContributionMap":{"functional-code":{"insertions":73,"deletions":274765},"other":{"insertions":274762,"deletions":0}}},{"hash":"302a4617bb73e5257d2a5a66114eb28647f693f7","messageTitle":"fixed styling","messageBody":"","fileTypesAndContributionMap":{"functional-code":{"insertions":2,"deletions":1}}},{"hash":"36116a9c3b0a068791a8ef548e2f4a0491458a7c","messageTitle":"fix styling","messageBody":"","fileTypesAndContributionMap":{"functional-code":{"insertions":0,"deletions":1}}}]},{"date":"2021-10-07","commitResults":[{"hash":"e39fdb998ac74e99840d7b442b4c3c325abd6ce6","messageTitle":"add Junit testing and make description viewing more concise","messageBody":"","fileTypesAndContributionMap":{"functional-code":{"insertions":29,"deletions":10},"test-code":{"insertions":76,"deletions":1}}},{"hash":"210e510a08704be917b7f799cf778b2d89a381da","messageTitle":"Amend Junit test names","messageBody":"","fileTypesAndContributionMap":{"test-code":{"insertions":8,"deletions":8}}},{"hash":"701a27a1da8a59a29efb92d317ef0da0e1bfe793","messageTitle":"fix checkstyle issues","messageBody":"","fileTypesAndContributionMap":{"functional-code":{"insertions":6,"deletions":6}}},{"hash":"27cd1e3b03895f7ae91e20ac56d3b94853eb2da5","messageTitle":"update UserGuide","messageBody":"","fileTypesAndContributionMap":{"docs":{"insertions":98,"deletions":17}}},{"hash":"df089f65f5df10cb1d7669326daaecadd8c6c3cc","messageTitle":"update readme and user guide content list","messageBody":"","fileTypesAndContributionMap":{"docs":{"insertions":14,"deletions":13}}},{"hash":"092db6b79a52bfe481bb7101620986037611e3d0","messageTitle":"fix user guide issues","messageBody":"","fileTypesAndContributionMap":{"docs":{"insertions":3,"deletions":3}}}]},{"date":"2021-10-11","commitResults":[{"hash":"f0f00831b50618519cec1abd0809dfe1066039f0","messageTitle":"adding timetable","messageBody":"","fileTypesAndContributionMap":{"functional-code":{"insertions":10,"deletions":8}}},{"hash":"96fbca48a4bd7bfd320628ae16673dd27a868a85","messageTitle":"add to timetable","messageBody":"","fileTypesAndContributionMap":{"functional-code":{"insertions":165,"deletions":17}}},{"hash":"590917a501bd3e773fb1c26fa7dc8c0f49576e14","messageTitle":"merge with upstream","messageBody":"","fileTypesAndContributionMap":{"functional-code":{"insertions":0,"deletions":1}}},{"hash":"c71914abc3628c8ad5782c2f014d4c1ecd78624e","messageTitle":"fix shell file for testing","messageBody":"","fileTypesAndContributionMap":{"functional-code":{"insertions":12,"deletions":10}}}]},{"date":"2021-10-12","commitResults":[{"hash":"8eae5bef724979016de65eecea831a97f686566c","messageTitle":"implement timetable clear","messageBody":"","fileTypesAndContributionMap":{"functional-code":{"insertions":61,"deletions":21},"test-code":{"insertions":6,"deletions":0}}},{"hash":"f9607e54194b736587973aebc09870f99430cc85","messageTitle":"add JUnit tests for timetable","messageBody":"","fileTypesAndContributionMap":{"functional-code":{"insertions":9,"deletions":1},"test-code":{"insertions":45,"deletions":0}}},{"hash":"8c4ceeabe9e3eb4ebf9e8cc31f763a87dcc0d8b7","messageTitle":"clean up timetable","messageBody":"","fileTypesAndContributionMap":{"functional-code":{"insertions":20,"deletions":21},"test-code":{"insertions":6,"deletions":6}}},{"hash":"9ca8cc0ab004c4c148b5d258703a56a5377ef365","messageTitle":"add to test.sh and clean up code","messageBody":"","fileTypesAndContributionMap":{"functional-code":{"insertions":2,"deletions":2}}},{"hash":"4bf2ebbfd712c4a164c9c0e42f4436fb2b3f1e29","messageTitle":"update help command message","messageBody":"","fileTypesAndContributionMap":{"functional-code":{"insertions":4,"deletions":2}}},{"hash":"db2961cf10ce970d8a370c090700e66513fbe616","messageTitle":"UG updated","messageBody":"","fileTypesAndContributionMap":{"functional-code":{"insertions":1,"deletions":1},"docs":{"insertions":31,"deletions":2}}},{"hash":"a70da0c60de15bcd9f3ad3f4f888fa39208370a1","messageTitle":"clean up code and add relevant asserts","messageBody":"","fileTypesAndContributionMap":{"functional-code":{"insertions":22,"deletions":16},"test-code":{"insertions":5,"deletions":3}}}]},{"date":"2021-10-13","commitResults":[{"hash":"d31105286d36f6905c5f6ee7354eb8f1d2bcdc16","messageTitle":"Add exception for corrupt timetable storage file","messageBody":"","fileTypesAndContributionMap":{"functional-code":{"insertions":18,"deletions":1}}}]},{"date":"2021-10-14","commitResults":[{"hash":"633232fd22a4a9be77ea3bc14231af3dc3685893","messageTitle":"Clean up and more SLAP to timetable","messageBody":"","fileTypesAndContributionMap":{"functional-code":{"insertions":88,"deletions":73},"test-code":{"insertions":13,"deletions":9}}},{"hash":"ee92d9a7c9ed087351264f098131fdb82e4201eb","messageTitle":"implement timetable view to display timetable on CLI","messageBody":"","fileTypesAndContributionMap":{"functional-code":{"insertions":101,"deletions":32}}},{"hash":"784ac044e2e24bc5d4614feccdfb10ecfa7e52d7","messageTitle":"update help command with timetable view","messageBody":"","fileTypesAndContributionMap":{"functional-code":{"insertions":3,"deletions":2}}},{"hash":"42a2f0b16da12023fea69de477beaf477066d4ca","messageTitle":"Add javaDoc and debug corrupt file exception for timetable.txt","messageBody":"","fileTypesAndContributionMap":{"functional-code":{"insertions":123,"deletions":15},"test-code":{"insertions":2,"deletions":2}}},{"hash":"00a59d5585edef3d113050968e6a7a9cdfc6d009","messageTitle":"Add more javaDoc for timetable","messageBody":"","fileTypesAndContributionMap":{"functional-code":{"insertions":2,"deletions":1}}}]},{"date":"2021-10-15","commitResults":[{"hash":"93481427b2ee4af0741ce98e9da996c27ee81174","messageTitle":"Add workload getter to module details and module list","messageBody":"","fileTypesAndContributionMap":{"functional-code":{"insertions":197,"deletions":142},"test-code":{"insertions":8,"deletions":3}}}]},{"date":"2021-10-16","commitResults":[{"hash":"e3e45bad723ca5fb43e8e88a07c62f68302276a3","messageTitle":"reformat add to timetable","messageBody":"","fileTypesAndContributionMap":{"functional-code":{"insertions":129,"deletions":29}}},{"hash":"0e23e30acd3c2463c5f46054bf628814bba39448","messageTitle":"clean up code in timetableCommand","messageBody":"","fileTypesAndContributionMap":{"functional-code":{"insertions":7,"deletions":11},"test-code":{"insertions":4,"deletions":4}}},{"hash":"f442ad9c1b14b864c140c1835ebece1ab4fd1b87","messageTitle":"Implement delete lesson from timetable","messageBody":"","fileTypesAndContributionMap":{"functional-code":{"insertions":39,"deletions":2}}},{"hash":"4f54ec3e6b7c8748fa51f10a60f1cde9d5de79c4","messageTitle":"Update add to timetable to check duplicate lessons","messageBody":"","fileTypesAndContributionMap":{"functional-code":{"insertions":9,"deletions":0}}}]},{"date":"2021-10-17","commitResults":[{"hash":"cdc67d78293d180ff6998f7add7a88b31148ff7e","messageTitle":"Update delete from timetable and implement update timetable","messageBody":"","fileTypesAndContributionMap":{"functional-code":{"insertions":153,"deletions":76},"test-code":{"insertions":3,"deletions":3}}},{"hash":"ec9d8feb43a7b5876ea82be00f9002e3d86fb272","messageTitle":"Integrate timetable with module list and reformat add and update commands for timetable","messageBody":"","fileTypesAndContributionMap":{"functional-code":{"insertions":74,"deletions":44},"test-code":{"insertions":2,"deletions":15}}},{"hash":"e1f4017e19861054baa0b43c10df90a850f253d7","messageTitle":"Add new timetable commands to help","messageBody":"","fileTypesAndContributionMap":{"functional-code":{"insertions":13,"deletions":9}}},{"hash":"ed37c02a9109adea02158d4d5ced9bf2e30ed530","messageTitle":"reconfigure integration of module list with timetable and add more exceptions for it","messageBody":"","fileTypesAndContributionMap":{"functional-code":{"insertions":117,"deletions":47},"test-code":{"insertions":2,"deletions":1}}},{"hash":"25eb8260715478dc699abdbe68ed52f6f1b13ff3","messageTitle":"update help command","messageBody":"","fileTypesAndContributionMap":{"functional-code":{"insertions":7,"deletions":5}}}]},{"date":"2021-10-18","commitResults":[{"hash":"efc4decd5134fc040c0d4aa47e953d372bf7ff03","messageTitle":"update modulelist to delete timetable data when module is deleted","messageBody":"","fileTypesAndContributionMap":{"functional-code":{"insertions":25,"deletions":7},"test-code":{"insertions":15,"deletions":2}}}]},{"date":"2021-10-19","commitResults":[{"hash":"7ec09f58c2eaaf50d1d215a95f7439fef99665b4","messageTitle":"add getter for exam date and time from module details","messageBody":"","fileTypesAndContributionMap":{"functional-code":{"insertions":94,"deletions":1},"test-code":{"insertions":10,"deletions":6}}},{"hash":"8608044caa510f281807f5e834be47bf775a23a2","messageTitle":"make timetablecommand SLAP more","messageBody":"","fileTypesAndContributionMap":{"functional-code":{"insertions":63,"deletions":38}}},{"hash":"03e53984432cc142dba9d5c99271b4f4a29c982e","messageTitle":"make timetable inputAsLesson SLAP more","messageBody":"","fileTypesAndContributionMap":{"functional-code":{"insertions":34,"deletions":25},"test-code":{"insertions":2,"deletions":2}}},{"hash":"aade6e07972e4bac35e1dc70d566cae7edb14f16","messageTitle":"reformat timetable update to not include new end timing but compute automatically","messageBody":"","fileTypesAndContributionMap":{"functional-code":{"insertions":15,"deletions":5}}},{"hash":"8b83db9fff8bc241eb5f3ad109604b7627277d2c","messageTitle":"update help command","messageBody":"","fileTypesAndContributionMap":{"functional-code":{"insertions":2,"deletions":2}}},{"hash":"4f9ed290cb05bfe7fb4fd59a975485c8840f3a13","messageTitle":"fix style and text ui test errors","messageBody":"","fileTypesAndContributionMap":{"functional-code":{"insertions":1,"deletions":1}}},{"hash":"1a5053e5437d2328057b9984321c9fa3de7ca649","messageTitle":"Update DG with template and timetable add feature","messageBody":"","fileTypesAndContributionMap":{"docs":{"insertions":100,"deletions":13}}},{"hash":"73029b2e66366ed4cd498506096eb7746375046d","messageTitle":"Move images and diagram powerpoint to assets","messageBody":"","fileTypesAndContributionMap":{"docs":{"insertions":4,"deletions":4}}}]},{"date":"2021-10-20","commitResults":[{"hash":"8fe84400ca27631f501126a9549aeae01f04a60c","messageTitle":"add junit testing for timetable new features","messageBody":"","fileTypesAndContributionMap":{"functional-code":{"insertions":9,"deletions":13},"test-code":{"insertions":106,"deletions":9}}},{"hash":"8e0204a2f68544b466fc50d2da77311a05c521e1","messageTitle":"update UG with new timetable commands","messageBody":"","fileTypesAndContributionMap":{"docs":{"insertions":126,"deletions":13}}},{"hash":"1aab3b2f2c6091174b31b4ba18a1da5d9cc71dbb","messageTitle":"add exception for updating lesson to same timing","messageBody":"","fileTypesAndContributionMap":{"functional-code":{"insertions":29,"deletions":8}}},{"hash":"84fa0131eb92cb844e4aac13fca35d37e4195558","messageTitle":"update exam date and time getter to get semester 1 data and type cast double workload hours to rounded up int value of the double","messageBody":"","fileTypesAndContributionMap":{"functional-code":{"insertions":6,"deletions":19}}},{"hash":"358580c2e6f47c4eebfd8e4afe15d78fb386d52a","messageTitle":"Change checkstyle to allow indentation of 8 spaces for array initialization","messageBody":"","fileTypesAndContributionMap":{"functional-code":{"insertions":1,"deletions":1},"other":{"insertions":1,"deletions":1}}},{"hash":"315cbc657b6c8b35c7d8b6bf274825e8f07b5d0d","messageTitle":"update UG with newer timetable add sequence diagram","messageBody":"","fileTypesAndContributionMap":{"docs":{"insertions":4,"deletions":3}}}]}],"shyamgj1900":[{"date":"2021-09-29","commitResults":[{"hash":"f609a0446c4d41d5cc79f69b16ccaff624f1beda","messageTitle":"Update AboutUs","messageBody":"","fileTypesAndContributionMap":{"docs":{"insertions":1,"deletions":1}}},{"hash":"2753d6acbcfd47da23e4cbbaed2512fb32bc1e26","messageTitle":"Update AboutUs","messageBody":"","fileTypesAndContributionMap":{"docs":{"insertions":1,"deletions":1}}}]},{"date":"2021-10-04","commitResults":[{"hash":"f7c8b5fa4f57f242243cf3f86be1af604f7e4fa8","messageTitle":"Add help message","messageBody":"","fileTypesAndContributionMap":{"functional-code":{"insertions":17,"deletions":1}}},{"hash":"5cda8f328d50d122672f3c7f225825b57c3d2326","messageTitle":"Update test file","messageBody":"","fileTypesAndContributionMap":{"functional-code":{"insertions":1,"deletions":1}}}]},{"date":"2021-10-05","commitResults":[{"hash":"71e02c80e2e40ad4c66e32a6d58d4b07a8949180","messageTitle":"Check bus route exists","messageBody":"","fileTypesAndContributionMap":{"functional-code":{"insertions":152,"deletions":4}}},{"hash":"66df8da24e262408f7295ac786e7b5f78b6235ff","messageTitle":"Minor refactor","messageBody":"","fileTypesAndContributionMap":{"functional-code":{"insertions":20,"deletions":30}}},{"hash":"40d4daf8d005663f5b84f1c687f7404d59bbb435","messageTitle":"Update help command","messageBody":"","fileTypesAndContributionMap":{"functional-code":{"insertions":3,"deletions":2}}},{"hash":"12a5e8716d251ac105b71b3df7e267b4f9b1c242","messageTitle":"Minor refactor","messageBody":"","fileTypesAndContributionMap":{"functional-code":{"insertions":5,"deletions":4}}}]},{"date":"2021-10-06","commitResults":[{"hash":"36f547b68201b46a7f589a59d934652cd3412b7a","messageTitle":"Implement multiple routes check","messageBody":"","fileTypesAndContributionMap":{"functional-code":{"insertions":147,"deletions":70}}},{"hash":"63e008e9b357a242175893cad0d6af32b32fa567","messageTitle":"Minor refactor","messageBody":"","fileTypesAndContributionMap":{"functional-code":{"insertions":8,"deletions":5}}},{"hash":"621de04ae33a37d39499b6f5464c31286cea38f7","messageTitle":"Minor refactor","messageBody":"","fileTypesAndContributionMap":{"functional-code":{"insertions":5,"deletions":3}}}]},{"date":"2021-10-07","commitResults":[{"hash":"39911e0dbff1cd507afa07afb70062ba37283271","messageTitle":"Implement JUnit test for bus route","messageBody":"","fileTypesAndContributionMap":{"test-code":{"insertions":42,"deletions":0}}},{"hash":"9f3a931d8fb9640c1561e813dc453d9e1a6fb85f","messageTitle":"fix checkstyle issues","messageBody":"","fileTypesAndContributionMap":{"test-code":{"insertions":2,"deletions":2}}}]},{"date":"2021-10-10","commitResults":[{"hash":"9da57a0c06ea3d9f38a92a652a72d22019b3b105","messageTitle":"Add bus route E","messageBody":"","fileTypesAndContributionMap":{"functional-code":{"insertions":54,"deletions":12}}},{"hash":"ee1e6f95d2730b834e5ee57896bdae2000f30bf4","messageTitle":"Checkstyle error correction","messageBody":"","fileTypesAndContributionMap":{"functional-code":{"insertions":8,"deletions":8}}},{"hash":"df08e3c28c1797327f2f998b2ac5582dad9e630a","messageTitle":"Checkstyle error correction","messageBody":"","fileTypesAndContributionMap":{"functional-code":{"insertions":9,"deletions":9}}},{"hash":"c9cd179e162d8c17225854fa47bb3608fe2810d8","messageTitle":"Checkstyle error correct","messageBody":"","fileTypesAndContributionMap":{"functional-code":{"insertions":1,"deletions":1}}}]},{"date":"2021-10-11","commitResults":[{"hash":"28483b0e12654b6ed36ae2446873969ff5209518","messageTitle":"Print file not found error","messageBody":"","fileTypesAndContributionMap":{"functional-code":{"insertions":38,"deletions":21}}},{"hash":"5c361adbf4a7a42da6159a00b49db5dad5ceaf75","messageTitle":"Add bus route D2","messageBody":"","fileTypesAndContributionMap":{"functional-code":{"insertions":60,"deletions":17}}},{"hash":"364d096e4a17f876fcbe61c70d0ae2bdab78a953","messageTitle":"Fixed checkstyle errors","messageBody":"","fileTypesAndContributionMap":{"functional-code":{"insertions":9,"deletions":5}}},{"hash":"21b996d8d3cfb20fe3782d057b447df9c0be7527","messageTitle":"Update user guide","messageBody":"Explanation on how to access bus routes feature","fileTypesAndContributionMap":{"docs":{"insertions":22,"deletions":0}}},{"hash":"bbc49d18118d399ebebaeafc4394dcc3e669c8e6","messageTitle":"Update user guide","messageBody":"Updated with new way to find bus routes","fileTypesAndContributionMap":{"docs":{"insertions":5,"deletions":9}}},{"hash":"5a76633d314863d30450ac4d1fbd0a69adc30747","messageTitle":"Implement single line bus command","messageBody":"","fileTypesAndContributionMap":{"functional-code":{"insertions":12,"deletions":16}}},{"hash":"982dd47f540bf61c50d6c5bfacbb76ee2bdbf7a7","messageTitle":"Add JavaDocs for bus route and graph","messageBody":"","fileTypesAndContributionMap":{"functional-code":{"insertions":33,"deletions":8},"test-code":{"insertions":2,"deletions":2}}},{"hash":"2d9ae5576d567aa90d34986221e86ce48e3ac32d","messageTitle":"Fix checkstyle error","messageBody":"","fileTypesAndContributionMap":{"functional-code":{"insertions":1,"deletions":1}}}]},{"date":"2021-10-12","commitResults":[{"hash":"8966e7adafbb3f25da1755d57f047905c204914b","messageTitle":"Update help command","messageBody":"","fileTypesAndContributionMap":{"functional-code":{"insertions":1,"deletions":1}}},{"hash":"9adff630266a9b7f58bccc736865ec9c2101ce70","messageTitle":"Update user guide","messageBody":"Update help command description","fileTypesAndContributionMap":{"docs":{"insertions":9,"deletions":4}}}]},{"date":"2021-10-14","commitResults":[{"hash":"3c2b9607b128dff25d2850ab7c439d3c33252b2d","messageTitle":"Add bus route K","messageBody":"","fileTypesAndContributionMap":{"functional-code":{"insertions":67,"deletions":24}}},{"hash":"9c3fb701c4df02a4454202e9e996a419e61df843","messageTitle":"Implement indirect bus route check","messageBody":"","fileTypesAndContributionMap":{"functional-code":{"insertions":227,"deletions":114},"test-code":{"insertions":4,"deletions":4}}},{"hash":"4e05c171c50cd8483c0e2282ca141298f1fd0513","messageTitle":"Add JavaDocs","messageBody":"","fileTypesAndContributionMap":{"functional-code":{"insertions":167,"deletions":48}}},{"hash":"c93f51daf7e53d9405fd13bf8956c292d4fda402","messageTitle":"Fix checkstyle errors","messageBody":"","fileTypesAndContributionMap":{"functional-code":{"insertions":95,"deletions":95}}}]},{"date":"2021-10-15","commitResults":[{"hash":"16505e8f803cb8628f0cb2f5a51c321ac6d5c418","messageTitle":"Add bus route A2","messageBody":"","fileTypesAndContributionMap":{"functional-code":{"insertions":103,"deletions":15}}},{"hash":"56288910642c03338742fa7abc4d466735603d54","messageTitle":"Fix checkstyle errors","messageBody":"","fileTypesAndContributionMap":{"functional-code":{"insertions":42,"deletions":42}}},{"hash":"5028a8ab80006496aa92989e0fdd13502b70b06d","messageTitle":"Fix checkstyle errors","messageBody":"","fileTypesAndContributionMap":{"functional-code":{"insertions":6,"deletions":6}}}]},{"date":"2021-10-17","commitResults":[{"hash":"15ff94676a2cbd4ebcdcf9dec8c965fd391527de","messageTitle":"Minor refactor","messageBody":"","fileTypesAndContributionMap":{"functional-code":{"insertions":63,"deletions":53}}},{"hash":"ffaf0c935e37ba8be6c0fe8419667f7b8f9dbf5c","messageTitle":"List all bus stop names","messageBody":"","fileTypesAndContributionMap":{"functional-code":{"insertions":24,"deletions":0}}},{"hash":"d45d6d8dca5a4476adbd1e8fb2f071cb9dce23b0","messageTitle":"Add JavaDocs to class Route","messageBody":"","fileTypesAndContributionMap":{"functional-code":{"insertions":8,"deletions":0}}}]},{"date":"2021-10-18","commitResults":[{"hash":"85e67114820061f079380849afd11357809e877a","messageTitle":"Minor refactor","messageBody":"","fileTypesAndContributionMap":{"functional-code":{"insertions":26,"deletions":27}}},{"hash":"97e736aec3e0a712ca6547d79f8e5aa2576aa40f","messageTitle":"Refactor code","messageBody":"","fileTypesAndContributionMap":{"functional-code":{"insertions":90,"deletions":82},"other":{"insertions":1,"deletions":0},"test-code":{"insertions":6,"deletions":6}}}]},{"date":"2021-10-19","commitResults":[{"hash":"0a2a2fd76474c52a452408a6e38a83d300e350bc","messageTitle":"Fix checkstyle errors","messageBody":"","fileTypesAndContributionMap":{"functional-code":{"insertions":14,"deletions":14}}},{"hash":"d598029069c4976e4ef42d2ca71da96d4a1e97f4","messageTitle":"Update AboutUs.md","messageBody":"","fileTypesAndContributionMap":{"docs":{"insertions":1,"deletions":1}}}]},{"date":"2021-10-20","commitResults":[{"hash":"33044dac086515a5f18d8da9fecc28c3256a1248","messageTitle":"Update DeveloperGuide.md","messageBody":"Add explanation for bus route command","fileTypesAndContributionMap":{"docs":{"insertions":9,"deletions":1}}},{"hash":"d76015ea92a3e70267a738ce1c4c62e85cfdb210","messageTitle":"Minor refactor","messageBody":"","fileTypesAndContributionMap":{"functional-code":{"insertions":2,"deletions":2}}},{"hash":"657864096beb914dd42c849be1d544668d88e24b","messageTitle":"Update DeveloperGuide.md","messageBody":"","fileTypesAndContributionMap":{"docs":{"insertions":5,"deletions":5}}},{"hash":"57665025e55f310a242bb70ca8c33dcf34bc4f15","messageTitle":"Refactor routes package","messageBody":"","fileTypesAndContributionMap":{"functional-code":{"insertions":339,"deletions":320},"test-code":{"insertions":4,"deletions":4}}},{"hash":"902ea4edfd719be36657bed4c16fb481f98886fb","messageTitle":"Minor refactor","messageBody":"","fileTypesAndContributionMap":{"functional-code":{"insertions":2,"deletions":2}}},{"hash":"ea4409f5f7ba47f3fe9e6d9f4352911f4b39700b","messageTitle":"Fix checkstyle error","messageBody":"","fileTypesAndContributionMap":{"functional-code":{"insertions":162,"deletions":162}}}]}],"powzx":[{"date":"2021-09-29","commitResults":[{"hash":"1e3260e0cfa3e0549dadfa1d66e79b6057512bd4","messageTitle":"Add Zhi Xiang to AboutUs","messageBody":"","fileTypesAndContributionMap":{"docs":{"insertions":1,"deletions":1}}},{"hash":"5373b22b9582f36d977f431e269d926e1539adf1","messageTitle":"Resize images","messageBody":"","fileTypesAndContributionMap":{"docs":{"insertions":5,"deletions":8}}}]},{"date":"2021-10-04","commitResults":[{"hash":"c7e26beaadadc855262e5e6fe7f1b2c7cf2bbd37","messageTitle":"Implement skeletal Kolinux","messageBody":"","fileTypesAndContributionMap":{"functional-code":{"insertions":123,"deletions":21},"other":{"insertions":3,"deletions":3}}},{"hash":"6d6f9514efec4f2b619601c2280c6cb892b06aa9","messageTitle":"Improve skeletal: add KolinuxException, Command constructors with and without arguments, isEmptyArgument for Command","messageBody":"","fileTypesAndContributionMap":{"functional-code":{"insertions":46,"deletions":13}}},{"hash":"c4261d7e0c990ed7648071052a2aa1f0c771abe1","messageTitle":"Edit parseCommand to handle arguments","messageBody":"","fileTypesAndContributionMap":{"functional-code":{"insertions":5,"deletions":2}}}]},{"date":"2021-10-05","commitResults":[{"hash":"4d2de5bb96db48296536af490439aceb40365f06","messageTitle":"Add Planner skeletal","messageBody":"","fileTypesAndContributionMap":{"functional-code":{"insertions":50,"deletions":1}}},{"hash":"2bf3323f315413cf0f3b9996b80fd9b75f7bee14","messageTitle":"Implement add function for planner without storage","messageBody":"","fileTypesAndContributionMap":{"functional-code":{"insertions":27,"deletions":3}}},{"hash":"4d9dd8b48ece89d6995bbb732b3958924e3eadab","messageTitle":"Handle error for Planner","messageBody":"","fileTypesAndContributionMap":{"functional-code":{"insertions":14,"deletions":5}}},{"hash":"55df0104f26d70731f99d60191b4f9cd08950697","messageTitle":"Add PlannerStorage to store events","messageBody":"","fileTypesAndContributionMap":{"functional-code":{"insertions":27,"deletions":0}}},{"hash":"016824ae29b565f7b760c0a08b63b3228e7264ff","messageTitle":"Update HelpCommand","messageBody":"","fileTypesAndContributionMap":{"functional-code":{"insertions":6,"deletions":4}}}]},{"date":"2021-10-06","commitResults":[{"hash":"46686f214b39ad941da2f3e96a2df958a17fe556","messageTitle":"Minor refactor of bus routes","messageBody":"","fileTypesAndContributionMap":{"functional-code":{"insertions":17,"deletions":18}}},{"hash":"bd124090d14d2a40f478ffc85cfa3fbd3a45e548","messageTitle":"Group data into resources","messageBody":"Change FileReader into InputStream and InputStreamReader\nRemove try-catch block in JsonReader.readModuleDb()\nMake Moduledb non-static\nParser.parseCommand takes in db and command\n","fileTypesAndContributionMap":{"functional-code":{"insertions":28,"deletions":32},"test-code":{"insertions":5,"deletions":4}}},{"hash":"2ff65d3c82643b13c58ec0ebc3d2c6669b1f9f66","messageTitle":"Change file to inputstream for BusRouteCommand","messageBody":"change the way of reading in the file and populating the vertices arraylist\n","fileTypesAndContributionMap":{"functional-code":{"insertions":15,"deletions":4}}},{"hash":"ca44565d86059f11c0e43854a641ee42397c901d","messageTitle":"Remove planner.txt from resources","messageBody":"","fileTypesAndContributionMap":{"functional-code":{"insertions":1,"deletions":2}}},{"hash":"738c9532f599d89f815ce62690467a0e0379059c","messageTitle":"Add planner list command without storage","messageBody":"","fileTypesAndContributionMap":{"functional-code":{"insertions":34,"deletions":8}}},{"hash":"60e315c60da1da9cfa3fb076ccb675c877dd2b64","messageTitle":"Add list planner with storage functionalities","messageBody":"","fileTypesAndContributionMap":{"functional-code":{"insertions":51,"deletions":0}}},{"hash":"30c64ea88ced06e1bb7d5938e69e32f54f29d72e","messageTitle":"Add clear event and regression testing","messageBody":"","fileTypesAndContributionMap":{"functional-code":{"insertions":20,"deletions":1}}},{"hash":"b4d3b3f9378fc07c9c7832aacd522e1c07a70c6b","messageTitle":"Add a JUnit test method to test add events","messageBody":"","fileTypesAndContributionMap":{"test-code":{"insertions":23,"deletions":0}}},{"hash":"ed2edb82e2255d0e8b27a76544fd7ce007792679","messageTitle":"Add testing for invalid inputs with no recovery of schedule","messageBody":"","fileTypesAndContributionMap":{"test-code":{"insertions":21,"deletions":2}}},{"hash":"44f13bbf191b370b47f9a5a88b62c75cc9d120fd","messageTitle":"Edit test methods","messageBody":"","fileTypesAndContributionMap":{"test-code":{"insertions":2,"deletions":2}}}]},{"date":"2021-10-07","commitResults":[{"hash":"b0b9d481ed82b25b592553b166f21c4c0949a33f","messageTitle":"Refactor PlannerTest","messageBody":"","fileTypesAndContributionMap":{"test-code":{"insertions":16,"deletions":11}}},{"hash":"3aec41c411ce823a99768270246f92d72cf2fa4e","messageTitle":"Refactor Event and add exception cases to regression testing","messageBody":"","fileTypesAndContributionMap":{"functional-code":{"insertions":7,"deletions":3},"test-code":{"insertions":6,"deletions":2}}},{"hash":"35cbe3896a84f90d8f660a356c21261532a5386b","messageTitle":"Refactor Planner and PlannerStorage","messageBody":"","fileTypesAndContributionMap":{"functional-code":{"insertions":19,"deletions":21},"test-code":{"insertions":6,"deletions":6}}},{"hash":"d09c8ae9875d1a1d8e1c9b5b6d4f0a380cb75e6d","messageTitle":"Refactor PlannerCommand and edit InvalidCommand message","messageBody":"","fileTypesAndContributionMap":{"functional-code":{"insertions":15,"deletions":9}}},{"hash":"5063d08931e289de13f23c9e48e2872b3363bd04","messageTitle":"Refactor ExitCommand, HelpCommand, InvalidCommand","messageBody":"","fileTypesAndContributionMap":{"functional-code":{"insertions":16,"deletions":13}}}]},{"date":"2021-10-08","commitResults":[{"hash":"2b8b00af5af2ca8d1ffbe78e357507178cc0dbe6","messageTitle":"Edit HelpCommand","messageBody":"","fileTypesAndContributionMap":{"functional-code":{"insertions":4,"deletions":2}}},{"hash":"a444f459d18cc0d6e42e8ca15f7f43b2d2d0f4b6","messageTitle":"Refactor Ui","messageBody":"","fileTypesAndContributionMap":{"functional-code":{"insertions":9,"deletions":9}}},{"hash":"208fd90e477182bea316e678fef58c856d217bbc","messageTitle":"Add trimAllElementsOfArray() in Parser","messageBody":"","fileTypesAndContributionMap":{"functional-code":{"insertions":10,"deletions":1}}},{"hash":"bc7b5be2edf2554b0de690fc8daa1d45177d8466","messageTitle":"Abstract initKolinux() and handle data corrupted error","messageBody":"","fileTypesAndContributionMap":{"functional-code":{"insertions":26,"deletions":13}}},{"hash":"8bf353aca56e8e56e727f74937d87afe281df32e","messageTitle":"Add error handling for planner list subcommand","messageBody":"","fileTypesAndContributionMap":{"functional-code":{"insertions":14,"deletions":1}}}]},{"date":"2021-10-10","commitResults":[{"hash":"795606c4dd551719d11d00cb03a1daf93ae7e8af","messageTitle":"Edit list planner ui","messageBody":"","fileTypesAndContributionMap":{"functional-code":{"insertions":4,"deletions":0}}},{"hash":"167644708a8f7e7d994abed1f5516f1095f42e9b","messageTitle":"Update user guide","messageBody":"","fileTypesAndContributionMap":{"docs":{"insertions":83,"deletions":23}}},{"hash":"6e3a05e24c1fd50bc0ecfdfac6df40995900952b","messageTitle":"Update user guide","messageBody":"","fileTypesAndContributionMap":{"docs":{"insertions":4,"deletions":0}}},{"hash":"aaea9d0546df20d3508dacaf945e8867e611aa3c","messageTitle":"Enable assertions in build.gradle","messageBody":"","fileTypesAndContributionMap":{"other":{"insertions":2,"deletions":1}}},{"hash":"5bfedd30ff002f14dab1002e48b9cdeb58d645cc","messageTitle":"Add some assert statements to Planner","messageBody":"","fileTypesAndContributionMap":{"functional-code":{"insertions":6,"deletions":0}}},{"hash":"4828239c557e44d115308ef73790174728e2b477","messageTitle":"Make planner clear invisible to user","messageBody":"","fileTypesAndContributionMap":{"functional-code":{"insertions":4,"deletions":5}}},{"hash":"99dbc447d7e17eef26785e40d511ee747c2378b9","messageTitle":"Add logging to Exit, Help, Invalid, Planner","messageBody":"","fileTypesAndContributionMap":{"functional-code":{"insertions":61,"deletions":0}}},{"hash":"b022b25e75fc277ee9ca202c15626bae7b01cc33","messageTitle":"Move logger to abstract Command","messageBody":"All Command child classes can use the same logger to log stuff\n","fileTypesAndContributionMap":{"functional-code":{"insertions":2,"deletions":12}}},{"hash":"352094333b5ea6d1f2d99ad5003829a718586959","messageTitle":"Add JavaDoc to main classes","messageBody":"","fileTypesAndContributionMap":{"functional-code":{"insertions":53,"deletions":4}}},{"hash":"ed734de90c3d953810dc10a01771fddc6127eb07","messageTitle":"Add JavaDoc to command classes","messageBody":"","fileTypesAndContributionMap":{"functional-code":{"insertions":19,"deletions":0}}},{"hash":"8aea800251dfcef45200d6a69d90fbc4579d9a94","messageTitle":"Add JavaDoc to planner related classes","messageBody":"","fileTypesAndContributionMap":{"functional-code":{"insertions":57,"deletions":0}}},{"hash":"f6d170945ea3b202300c01588e730dec4a1c80e8","messageTitle":"Add class doc","messageBody":"","fileTypesAndContributionMap":{"functional-code":{"insertions":3,"deletions":1}}},{"hash":"e89c3e31a07a65a8142cd713ee3a09b71a098dec","messageTitle":"Update checkstyle","messageBody":"","fileTypesAndContributionMap":{"functional-code":{"insertions":1,"deletions":1}}}]},{"date":"2021-10-12","commitResults":[{"hash":"3ff19ccb77cd55b9e0d6a82927e6db02b65e0c3b","messageTitle":"Refactor command words in Parser","messageBody":"","fileTypesAndContributionMap":{"functional-code":{"insertions":23,"deletions":13}}},{"hash":"9b54a12739255c5bf0b028522727337ffb47b882","messageTitle":"More refactor of classes","messageBody":"","fileTypesAndContributionMap":{"functional-code":{"insertions":12,"deletions":8}}},{"hash":"e1377ff3c689775e4e2ee7b86c92199fedd6d392","messageTitle":"Fix checkstyle","messageBody":"","fileTypesAndContributionMap":{"functional-code":{"insertions":0,"deletions":1}}},{"hash":"5a4251c1752443fcf9dd7986b34c6bab0e90da01","messageTitle":"Edit Timetable to resolve errors","messageBody":"","fileTypesAndContributionMap":{"functional-code":{"insertions":3,"deletions":2}}},{"hash":"00ec3b0edc5eb94073c18527d95843b4ea7ba25d","messageTitle":"Minor edit","messageBody":"","fileTypesAndContributionMap":{"functional-code":{"insertions":1,"deletions":1}}},{"hash":"940f95808005d08ddade1eab0447d29f30053d6e","messageTitle":"Change Jar name","messageBody":"","fileTypesAndContributionMap":{"other":{"insertions":1,"deletions":1}}},{"hash":"8826290249b9bbf72d8675e91b3f174030123a8e","messageTitle":"Add divider to UI","messageBody":"","fileTypesAndContributionMap":{"functional-code":{"insertions":8,"deletions":0}}},{"hash":"793ec2094c8c6c619716df5fa22cae0fa2dc0afd","messageTitle":"Update userguide with dividers","messageBody":"","fileTypesAndContributionMap":{"docs":{"insertions":12,"deletions":0}}},{"hash":"b1feb740475d4adf8dd0572f2feb8ff5894219b9","messageTitle":"Rename seedu.duke to seedu.kolinux","messageBody":"","fileTypesAndContributionMap":{"other":{"insertions":98,"deletions":97}}},{"hash":"076c377c2bb00794415c3d6eec610100160acec0","messageTitle":"Group data files under data directory","messageBody":"","fileTypesAndContributionMap":{"functional-code":{"insertions":19,"deletions":4},"other":{"insertions":1,"deletions":1}}},{"hash":"32a78fae871f550dce01d1ca812b9c380a496cc5","messageTitle":"Update user guide with storage","messageBody":"","fileTypesAndContributionMap":{"functional-code":{"insertions":3,"deletions":3},"docs":{"insertions":13,"deletions":1}}}]},{"date":"2021-10-14","commitResults":[{"hash":"291336e08784babd071349f2e6266d34943356bb","messageTitle":"Add sort to listEvents stream","messageBody":"","fileTypesAndContributionMap":{"functional-code":{"insertions":6,"deletions":0}}},{"hash":"2483381aeaa127ddcadee06581819ecf355fd512","messageTitle":"Refactor Planner","messageBody":"","fileTypesAndContributionMap":{"functional-code":{"insertions":6,"deletions":3}}},{"hash":"705644bd59d957a14b4c97b92e92ffc7172467af","messageTitle":"Refactor Event","messageBody":"","fileTypesAndContributionMap":{"functional-code":{"insertions":8,"deletions":3}}},{"hash":"bdb1d01d0d7a61c196672915b07a5757e7004e7e","messageTitle":"Add time order exception","messageBody":"","fileTypesAndContributionMap":{"functional-code":{"insertions":6,"deletions":0}}},{"hash":"a0261b6b709239ba4da7277055122788f37186ee","messageTitle":"Add text ui and JUnit for wrong time order","messageBody":"","fileTypesAndContributionMap":{"test-code":{"insertions":14,"deletions":0}}},{"hash":"7bad8a8d9312fd99406517a0efc18fa6c8c3b1e4","messageTitle":"Change all Planner-related methods to non-static","messageBody":"Also changed storage and kolinuxlogger methods to non-static\n","fileTypesAndContributionMap":{"functional-code":{"insertions":26,"deletions":19},"test-code":{"insertions":9,"deletions":7}}},{"hash":"e2c3fbb6c2cd40bdbff11e8aed42eaa5a6a0d7c8","messageTitle":"Add assert statement for time ordering","messageBody":"","fileTypesAndContributionMap":{"functional-code":{"insertions":1,"deletions":0}}},{"hash":"ded24c22023692c53501fa0696b2d786c8e3c9e1","messageTitle":"Refactor Planner and add Time Conflict Error","messageBody":"","fileTypesAndContributionMap":{"functional-code":{"insertions":48,"deletions":16}}},{"hash":"052010b48ce552865c9b424e9dc261ecb3c5f8fe","messageTitle":"Update Planner JavaDoc","messageBody":"","fileTypesAndContributionMap":{"functional-code":{"insertions":25,"deletions":5}}},{"hash":"29c348769395c4ede57d417f062d178eebd71e26","messageTitle":"Add text ui and JUnit for time conflict","messageBody":"","fileTypesAndContributionMap":{"test-code":{"insertions":18,"deletions":0}}}]},{"date":"2021-10-15","commitResults":[{"hash":"40f102ddf20f7b6ab13545dda253f5c212fd0ddb","messageTitle":"Change time format to HH:mm to HHmm","messageBody":"","fileTypesAndContributionMap":{"functional-code":{"insertions":6,"deletions":4},"test-code":{"insertions":7,"deletions":5}}},{"hash":"db40689072f415804780137ea15c7fe852735ffe","messageTitle":"Update userguide on time format","messageBody":"","fileTypesAndContributionMap":{"docs":{"insertions":3,"deletions":3}}},{"hash":"ab08506768f416251abb887421c6ddca3667a208","messageTitle":"Fix time conflict bug","messageBody":"","fileTypesAndContributionMap":{"functional-code":{"insertions":3,"deletions":2},"test-code":{"insertions":1,"deletions":1}}},{"hash":"ab2b2f19c02bea87f8eeebf697101b41259c57fc","messageTitle":"Update JUnit with more time conflict cases","messageBody":"","fileTypesAndContributionMap":{"test-code":{"insertions":51,"deletions":6}}},{"hash":"25808b8c6f40cb85122721637921c5d75bcc7428","messageTitle":"Add delete subcommand for Planner","messageBody":"","fileTypesAndContributionMap":{"functional-code":{"insertions":89,"deletions":4}}},{"hash":"16422ce464d6c64cf1d215a5552bc12f5ac58bac","messageTitle":"Fix bugs for delete command","messageBody":"","fileTypesAndContributionMap":{"functional-code":{"insertions":6,"deletions":1}}},{"hash":"4e650e4266589c7c16e93607d9a70a5b9e2915f7","messageTitle":"Planner delete bug fixes and abstraction","messageBody":"","fileTypesAndContributionMap":{"functional-code":{"insertions":25,"deletions":24},"test-code":{"insertions":1,"deletions":1}}},{"hash":"a39a611890300a54207bd47bdc9082f0f1d7bc36","messageTitle":"Update help command, text-ui, userguide","messageBody":"","fileTypesAndContributionMap":{"functional-code":{"insertions":5,"deletions":4},"docs":{"insertions":5,"deletions":4}}},{"hash":"6b3ac8ab05879a8c61cebef0528b4e6fc7e9c0bc","messageTitle":"Add JUnit for delete planner","messageBody":"","fileTypesAndContributionMap":{"test-code":{"insertions":32,"deletions":9}}},{"hash":"1b42f4e762913d13448e6938e732fc63153e9c0c","messageTitle":"Add planner delete to user guide","messageBody":"","fileTypesAndContributionMap":{"functional-code":{"insertions":3,"deletions":2},"docs":{"insertions":32,"deletions":0}}}]},{"date":"2021-10-16","commitResults":[{"hash":"9beae64d279fd1b1130d21af37055d11c8a5a4b9","messageTitle":"Abstract Prompt into Command","messageBody":"","fileTypesAndContributionMap":{"functional-code":{"insertions":19,"deletions":3}}},{"hash":"48f28a40e8f348ee761db4724cac6f43454b35f8","messageTitle":"Move processDate() into listEvents()","messageBody":"","fileTypesAndContributionMap":{"functional-code":{"insertions":14,"deletions":28}}},{"hash":"3a3535aa9330b6ae215ce8a230e44e924203b8c7","messageTitle":"Update JavaDoc for listEvents","messageBody":"","fileTypesAndContributionMap":{"functional-code":{"insertions":4,"deletions":1}}},{"hash":"dd1895d34df88aa19b0c369a53284fb87ea5b2f1","messageTitle":"Minor edit to Prompt","messageBody":"","fileTypesAndContributionMap":{"functional-code":{"insertions":2,"deletions":2}}},{"hash":"250f540f3cf4bf93e19e76a3a23f01cf0961ce11","messageTitle":"Move concatenateStrings to Parser to improve SRP","messageBody":"","fileTypesAndContributionMap":{"functional-code":{"insertions":18,"deletions":0}}},{"hash":"6f5745e1f76f4c3e1b3f7adf86ff1e3dd8a465ea","messageTitle":"Add warning if time conflict","messageBody":"Gives warning to user instead of throwing an exception immediately.\nUpdate javadoc and abstraction\nSome refactors\n","fileTypesAndContributionMap":{"functional-code":{"insertions":63,"deletions":43}}},{"hash":"8f62d69b29870a9b0f50c3e04b0e4cdabe3e8224","messageTitle":"Update JUnit with the new signature for addEvent","messageBody":"","fileTypesAndContributionMap":{"test-code":{"insertions":28,"deletions":14}}},{"hash":"3854b70e2f0580425db2c0569d5e091eaa01440d","messageTitle":"Update JavaDoc for PlannerCommand abstracted methods","messageBody":"","fileTypesAndContributionMap":{"functional-code":{"insertions":26,"deletions":2}}}]},{"date":"2021-10-17","commitResults":[{"hash":"3dd9659defd81796382bd7cc07a563cf0eb7532d","messageTitle":"fix bus stop list bug (sd3 -\u003e sde 3)","messageBody":"","fileTypesAndContributionMap":{"functional-code":{"insertions":1,"deletions":1}}},{"hash":"5fce4295cc74d570e10bd0254feacbdef68c1638","messageTitle":"Add date parsing methods to Parser","messageBody":"","fileTypesAndContributionMap":{"functional-code":{"insertions":32,"deletions":0}}},{"hash":"31c1cb72e6877a97efb8203324c5aae1a5bf7372","messageTitle":"Introduce PlannerLister class for integration","messageBody":"","fileTypesAndContributionMap":{"functional-code":{"insertions":52,"deletions":0}}},{"hash":"c72068a5bdf848a02cd957b2f66b9aaed9b41a0b","messageTitle":"Comment out incomplete method","messageBody":"","fileTypesAndContributionMap":{"functional-code":{"insertions":2,"deletions":1}}}]},{"date":"2021-10-18","commitResults":[{"hash":"8b338155ca0f40042ab8d96978aa22c72cbc8a93","messageTitle":"Implement methods for PlannerLister","messageBody":"","fileTypesAndContributionMap":{"functional-code":{"insertions":29,"deletions":11}}},{"hash":"8ce556e212379585e246cb9336c1da8b0ed209a1","messageTitle":"Add ability to list lessons in planner","messageBody":"","fileTypesAndContributionMap":{"functional-code":{"insertions":11,"deletions":10}}},{"hash":"e0ef62dac108770bfacd4871646a9feb3500197b","messageTitle":"Update JavaDoc of filterPlanner","messageBody":"","fileTypesAndContributionMap":{"functional-code":{"insertions":2,"deletions":2}}},{"hash":"b0269bc68fc152d92ea94c7c8ddba716060afbec","messageTitle":"Fix bugs for integrated planner list","messageBody":"","fileTypesAndContributionMap":{"functional-code":{"insertions":4,"deletions":2}}},{"hash":"0201819f12f2b10ff84220042840bedcd5340197","messageTitle":"Fix bugs for delete planner events","messageBody":"Will not show the lessons in event list if the operation given is to delete because users are not supposed to delete their lesson events from planner\n","fileTypesAndContributionMap":{"functional-code":{"insertions":16,"deletions":2}}},{"hash":"2631945deed8eb9a1e115539b1297956a39ea9b0","messageTitle":"Rename PlannerLister to LessonsGetter","messageBody":"","fileTypesAndContributionMap":{"functional-code":{"insertions":1,"deletions":1},"other":{"insertions":2,"deletions":2}}},{"hash":"b50b84b7cb2b7f66472dace3692dae186a3191e7","messageTitle":"update javadoc of added methods and classes","messageBody":"","fileTypesAndContributionMap":{"functional-code":{"insertions":40,"deletions":3}}},{"hash":"72ddddd8c89f06c2c3d38d5061952a66ccd0afa5","messageTitle":"Add more JUnit to test integration","messageBody":"","fileTypesAndContributionMap":{"test-code":{"insertions":39,"deletions":1}}},{"hash":"aa01e53d1bad9a76b34c0548ff795d4a052368a2","messageTitle":"Update user guide with notes on integration","messageBody":"","fileTypesAndContributionMap":{"docs":{"insertions":13,"deletions":0}}}]},{"date":"2021-10-19","commitResults":[{"hash":"b28265998cc471c6497e2ddce046f805fd5f7b1b","messageTitle":"Reorganise table of commands in UG","messageBody":"","fileTypesAndContributionMap":{"docs":{"insertions":23,"deletions":19}}},{"hash":"f8e4987ec6d8a09f7a77fccc3673765fe83fbe10","messageTitle":"Reorganise feature list in UG","messageBody":"","fileTypesAndContributionMap":{"docs":{"insertions":126,"deletions":126}}},{"hash":"20b948185c644720ddb5290ca6988faa0dc6039f","messageTitle":"Rearrange content page in UG","messageBody":"","fileTypesAndContributionMap":{"docs":{"insertions":7,"deletions":7}}},{"hash":"d8fba792ace427c42826b690ba573dc1837b25f5","messageTitle":"Add feature overview in UG","messageBody":"To give an overview of our 5 core functionalities and how they are integrated\n","fileTypesAndContributionMap":{"docs":{"insertions":32,"deletions":1}}},{"hash":"a98e021f6194d1b1a16cc7a6ecaf3c5fdded79ed","messageTitle":"Enhance UG for v2.0","messageBody":"","fileTypesAndContributionMap":{"docs":{"insertions":87,"deletions":74}}},{"hash":"bc536be5dc2fd9bafca677851b6954a6516f55ba","messageTitle":"Update readme","messageBody":"","fileTypesAndContributionMap":{"docs":{"insertions":5,"deletions":3}}},{"hash":"52cae553e7dbc2e3d6e1ba34c1a1ecd0f34a9dc0","messageTitle":"fix emoji bug","messageBody":"","fileTypesAndContributionMap":{"docs":{"insertions":11,"deletions":11}}},{"hash":"771facbf202629cba6da87e05cb0c639dd68bb15","messageTitle":"fix typo in planner ug","messageBody":"","fileTypesAndContributionMap":{"docs":{"insertions":2,"deletions":2}}},{"hash":"d53822472bb69db1d8ca6c1e252a8092c0fbbba5","messageTitle":"Integrate exams with planner","messageBody":"Add examsgetter class\n","fileTypesAndContributionMap":{"functional-code":{"insertions":70,"deletions":3}}},{"hash":"0bcf51d235a0c5d3d695d33fa816526a25bb84b5","messageTitle":"Fix bug for planner exam integration","messageBody":"","fileTypesAndContributionMap":{"functional-code":{"insertions":6,"deletions":2}}},{"hash":"c814f7f13a362f00bb2ec963057500f24fa1d101","messageTitle":"Update javadoc of new class and methods","messageBody":"","fileTypesAndContributionMap":{"functional-code":{"insertions":18,"deletions":0}}},{"hash":"82697b86c3b7388c0f398ca80b176c460f3a1b51","messageTitle":"Update planner test with new planner constructor","messageBody":"","fileTypesAndContributionMap":{"test-code":{"insertions":3,"deletions":1}}},{"hash":"2ce9fe6f9980f58fe19cde58f29a8d7d23ca8501","messageTitle":"Rename LessonsGetter to ModuleSyncer","messageBody":"update javadoc of affected classes and methods\n","fileTypesAndContributionMap":{"functional-code":{"insertions":8,"deletions":7},"other":{"insertions":11,"deletions":10}}},{"hash":"9cb5efb7b5ed941aeecc8fd76d84e26d7fc653dc","messageTitle":"Add integration notes in UG","messageBody":"Update data storage section regarding moduleList.txt\n","fileTypesAndContributionMap":{"docs":{"insertions":8,"deletions":4}}}]},{"date":"2021-10-20","commitResults":[{"hash":"e18be56d4773788ed184bbd241bf4b2a93fbe48b","messageTitle":"update logo","messageBody":"","fileTypesAndContributionMap":{"docs":{"insertions":1,"deletions":1}}},{"hash":"cb9dc2a2bcb5f89fcab02d308d34cd82b22ce1ee","messageTitle":"Add instructions for manual testing to DG","messageBody":"","fileTypesAndContributionMap":{"docs":{"insertions":59,"deletions":2}}},{"hash":"68707936060a65d54f638a3ec5910e11be5c48e4","messageTitle":"Minor edits to DG","messageBody":"","fileTypesAndContributionMap":{"docs":{"insertions":3,"deletions":2}}},{"hash":"90118bd47f52d25d118b2233ddf9710519934a8a","messageTitle":"Code clean up and update javadoc","messageBody":"Refactor Storage to DirectoryCreator\nRemove unnecessary methods\nUpdate javadoc of general classes\n","fileTypesAndContributionMap":{"functional-code":{"insertions":35,"deletions":21}}},{"hash":"fc66b2f8d779480853d19be41a7757097dcc7f7e","messageTitle":"Add glossary in dg and update readme","messageBody":"","fileTypesAndContributionMap":{"docs":{"insertions":5,"deletions":1}}},{"hash":"88ffe6eac7f191d4968d76b7d0d774ba06183ceb","messageTitle":"Add sequence diagram to planner add","messageBody":"","fileTypesAndContributionMap":{"docs":{"insertions":3,"deletions":1}}},{"hash":"a2303b88149cebbf1ca67717b9c18d1841c42477","messageTitle":"Edit sequence diagram","messageBody":"","fileTypesAndContributionMap":{"docs":{"insertions":3,"deletions":1}}}]}]},"authorFileTypeContributionMap":{"giterator":{"docs":55,"functional-code":431,"test-code":174},"nonrnp":{"docs":91,"functional-code":701,"test-code":99},"saravanamani1999":{"docs":281,"functional-code":275798,"test-code":206,"other":5},"shyamgj1900":{"docs":18,"functional-code":782,"test-code":41,"other":1},"powzx":{"docs":339,"functional-code":1167,"test-code":219,"other":3}},"authorContributionVariance":{"giterator":11122.782,"nonrnp":52846.07,"saravanamani1999":2.51253555E10,"shyamgj1900":62282.332,"powzx":27116.697},"authorDisplayNameMap":{"giterator":"CS2113T-W11-1 PRAN..TRAM","nonrnp":"CS2113T-W11-1 PICH..UKET","saravanamani1999":"CS2113T-W11-1 RAMA..MANI","shyamgj1900":"CS2113T-W11-1 SHYA..GOPI","powzx":"CS2113T-W11-1 POW ..IANG"}}
