{"authorDailyContributionsMap":{"giterator":[{"date":"2021-09-29","commitResults":[{"hash":"f368e95a9928f2e90ab9c019e869542692a89b2e","messageTitle":"Add Pranav Venkatram to AboutUs.md","messageBody":"","fileTypesAndContributionMap":{"docs":{"insertions":1,"deletions":1}}}]},{"date":"2021-10-05","commitResults":[{"hash":"91f080c90a19ad736174b27025f9732ccb467130","messageTitle":"JSONReader: Extract content of main() that reads a JSON for module related information as a new method readModuleDb()","messageBody":"","fileTypesAndContributionMap":{"functional-code":{"insertions":9,"deletions":2}}},{"hash":"d10c6cef2e7e614ed2dd56a49efc9fe8857e2055","messageTitle":"Convert List of modules returned by readModuleDb() to a map","messageBody":"","fileTypesAndContributionMap":{"functional-code":{"insertions":11,"deletions":8}}},{"hash":"e3bca3a9586bcd8488a86e796459012b77be4731","messageTitle":"ModuleDetails: Override toString()","messageBody":"","fileTypesAndContributionMap":{"functional-code":{"insertions":6,"deletions":0}}},{"hash":"de0659b34f1de46f00614259e9367b531ce434d0","messageTitle":"Create ModuleDb class","messageBody":"","fileTypesAndContributionMap":{"functional-code":{"insertions":11,"deletions":0}}},{"hash":"750523aa3a2d288a35c8808f5167e609485529c4","messageTitle":"ModuleDb: Implement view feature","messageBody":"","fileTypesAndContributionMap":{"functional-code":{"insertions":11,"deletions":2}}},{"hash":"baab57d9db50aff0d9d0e44447e53e9f951e098e","messageTitle":"Make view module info accessible by Ui","messageBody":"","fileTypesAndContributionMap":{"functional-code":{"insertions":30,"deletions":8}}},{"hash":"cc96bcf40151be052d071022c3624d2e9c12d412","messageTitle":"Add test cases for auto test \"","messageBody":"","fileTypesAndContributionMap":{"other":{"insertions":6,"deletions":3}}},{"hash":"5176d737b9b202e14506d29f4a260dc54d70aecb","messageTitle":"runtest.bat: Delete compiled jar after auto test is finished","messageBody":"","fileTypesAndContributionMap":{"other":{"insertions":2,"deletions":0}}},{"hash":"1f46f1133e1b7b6c838ef2c8d3258156f4c19dfa","messageTitle":"Add JUnit for ModuleDb class","messageBody":"","fileTypesAndContributionMap":{"functional-code":{"insertions":1,"deletions":1},"test-code":{"insertions":44,"deletions":0}}}]},{"date":"2021-10-06","commitResults":[{"hash":"3b9a3e7e9bedce8ad7c83530b74f60ba85424b56","messageTitle":"Revert runtest.bat to original implementation","messageBody":"","fileTypesAndContributionMap":{"other":{"insertions":2,"deletions":7}}}]}],"nonrnp":[{"date":"2021-09-29","commitResults":[{"hash":"96b9c5dfac083188ffb333d2a843bf562eda4d77","messageTitle":"Add about us detail","messageBody":"","fileTypesAndContributionMap":{"docs":{"insertions":1,"deletions":1}}}]},{"date":"2021-10-04","commitResults":[{"hash":"3f84c7886d1b8dd138e208011b21cbcd1ca247af","messageTitle":"Implement cap calculator","messageBody":"","fileTypesAndContributionMap":{"functional-code":{"insertions":83,"deletions":0}}},{"hash":"a064d388f1ec62c722e3b40e9ae6b0fb61fc4521","messageTitle":"Format CAP calculator to show only 2 decimal places","messageBody":"","fileTypesAndContributionMap":{"functional-code":{"insertions":3,"deletions":3}}},{"hash":"271af835cf940258ebf0b5ee3b66e4e58db8e8d1","messageTitle":"minor code change","messageBody":"","fileTypesAndContributionMap":{"functional-code":{"insertions":3,"deletions":4}}},{"hash":"cf7c6fae4fdf012d0339098ffda2d593c125757d","messageTitle":"Handle error when no command description is provided","messageBody":"","fileTypesAndContributionMap":{"functional-code":{"insertions":4,"deletions":1}}},{"hash":"72358523e5b27d44a9cc2e14bfe9f2ad278c15a2","messageTitle":"Handle errors in CalculateCapCommand class","messageBody":"","fileTypesAndContributionMap":{"functional-code":{"insertions":14,"deletions":9}}},{"hash":"ad35b244275b835b7f073667a1a91a202e020bbd","messageTitle":"Minor code edit","messageBody":"","fileTypesAndContributionMap":{"functional-code":{"insertions":4,"deletions":2}}},{"hash":"504d8c5e94f78252c9384ebf7f054682ae02701e","messageTitle":"Edit error message","messageBody":"","fileTypesAndContributionMap":{"functional-code":{"insertions":6,"deletions":7}}}]},{"date":"2021-10-07","commitResults":[{"hash":"8819ff66e10894d16838be932f017cb2ed46b636","messageTitle":"Add JUnit test for CAP calculator","messageBody":"","fileTypesAndContributionMap":{"test-code":{"insertions":43,"deletions":0}}},{"hash":"29317040b89a4f3142f24daaa64d35f00e27f160","messageTitle":"fix coding style","messageBody":"","fileTypesAndContributionMap":{"test-code":{"insertions":13,"deletions":13}}}]}],"saravanamani1999":[{"date":"2021-09-29","commitResults":[{"hash":"ae864bdcee23c9aa7c0c28541eaace09bb18a29e","messageTitle":"about us updated","messageBody":"","fileTypesAndContributionMap":{"docs":{"insertions":1,"deletions":1}}}]},{"date":"2021-10-04","commitResults":[{"hash":"b74b8d6ceb62a8a8474979e0d5ba80714f8ace1e","messageTitle":"add json file","messageBody":"","fileTypesAndContributionMap":{"functional-code":{"insertions":274769,"deletions":0},"other":{"insertions":4,"deletions":2}}},{"hash":"e3c379c29f0eab983ae0aed381ba4e384c16f9ab","messageTitle":"edit build.gradle","messageBody":"","fileTypesAndContributionMap":{"other":{"insertions":1,"deletions":1}}},{"hash":"fe735becd33cb0fc440e85e02751e6908787f639","messageTitle":"add reading of json file and store it in array list","messageBody":"","fileTypesAndContributionMap":{"functional-code":{"insertions":73,"deletions":274765},"other":{"insertions":274762,"deletions":0}}},{"hash":"302a4617bb73e5257d2a5a66114eb28647f693f7","messageTitle":"fixed styling","messageBody":"","fileTypesAndContributionMap":{"functional-code":{"insertions":2,"deletions":1}}},{"hash":"36116a9c3b0a068791a8ef548e2f4a0491458a7c","messageTitle":"fix styling","messageBody":"","fileTypesAndContributionMap":{"functional-code":{"insertions":0,"deletions":1}}}]},{"date":"2021-10-07","commitResults":[{"hash":"e39fdb998ac74e99840d7b442b4c3c325abd6ce6","messageTitle":"add Junit testing and make description viewing more concise","messageBody":"","fileTypesAndContributionMap":{"functional-code":{"insertions":29,"deletions":10},"test-code":{"insertions":76,"deletions":1}}},{"hash":"210e510a08704be917b7f799cf778b2d89a381da","messageTitle":"Amend Junit test names","messageBody":"","fileTypesAndContributionMap":{"test-code":{"insertions":8,"deletions":8}}},{"hash":"701a27a1da8a59a29efb92d317ef0da0e1bfe793","messageTitle":"fix checkstyle issues","messageBody":"","fileTypesAndContributionMap":{"functional-code":{"insertions":6,"deletions":6}}}]}],"shyamgj1900":[{"date":"2021-09-29","commitResults":[{"hash":"f609a0446c4d41d5cc79f69b16ccaff624f1beda","messageTitle":"Update AboutUs","messageBody":"","fileTypesAndContributionMap":{"docs":{"insertions":1,"deletions":1}}},{"hash":"2753d6acbcfd47da23e4cbbaed2512fb32bc1e26","messageTitle":"Update AboutUs","messageBody":"","fileTypesAndContributionMap":{"docs":{"insertions":1,"deletions":1}}}]},{"date":"2021-10-04","commitResults":[{"hash":"f7c8b5fa4f57f242243cf3f86be1af604f7e4fa8","messageTitle":"Add help message","messageBody":"","fileTypesAndContributionMap":{"functional-code":{"insertions":17,"deletions":1}}},{"hash":"5cda8f328d50d122672f3c7f225825b57c3d2326","messageTitle":"Update test file","messageBody":"","fileTypesAndContributionMap":{"functional-code":{"insertions":1,"deletions":1}}}]},{"date":"2021-10-05","commitResults":[{"hash":"71e02c80e2e40ad4c66e32a6d58d4b07a8949180","messageTitle":"Check bus route exists","messageBody":"","fileTypesAndContributionMap":{"functional-code":{"insertions":152,"deletions":4}}},{"hash":"66df8da24e262408f7295ac786e7b5f78b6235ff","messageTitle":"Minor refactor","messageBody":"","fileTypesAndContributionMap":{"functional-code":{"insertions":20,"deletions":30}}},{"hash":"40d4daf8d005663f5b84f1c687f7404d59bbb435","messageTitle":"Update help command","messageBody":"","fileTypesAndContributionMap":{"functional-code":{"insertions":3,"deletions":2}}},{"hash":"12a5e8716d251ac105b71b3df7e267b4f9b1c242","messageTitle":"Minor refactor","messageBody":"","fileTypesAndContributionMap":{"functional-code":{"insertions":5,"deletions":4}}}]},{"date":"2021-10-06","commitResults":[{"hash":"36f547b68201b46a7f589a59d934652cd3412b7a","messageTitle":"Implement multiple routes check","messageBody":"","fileTypesAndContributionMap":{"functional-code":{"insertions":147,"deletions":70}}},{"hash":"63e008e9b357a242175893cad0d6af32b32fa567","messageTitle":"Minor refactor","messageBody":"","fileTypesAndContributionMap":{"functional-code":{"insertions":8,"deletions":5}}},{"hash":"621de04ae33a37d39499b6f5464c31286cea38f7","messageTitle":"Minor refactor","messageBody":"","fileTypesAndContributionMap":{"functional-code":{"insertions":5,"deletions":3}}}]},{"date":"2021-10-07","commitResults":[{"hash":"39911e0dbff1cd507afa07afb70062ba37283271","messageTitle":"Implement JUnit test for bus route","messageBody":"","fileTypesAndContributionMap":{"test-code":{"insertions":42,"deletions":0}}},{"hash":"9f3a931d8fb9640c1561e813dc453d9e1a6fb85f","messageTitle":"fix checkstyle issues","messageBody":"","fileTypesAndContributionMap":{"test-code":{"insertions":2,"deletions":2}}}]}],"powzx":[{"date":"2021-09-29","commitResults":[{"hash":"1e3260e0cfa3e0549dadfa1d66e79b6057512bd4","messageTitle":"Add Zhi Xiang to AboutUs","messageBody":"","fileTypesAndContributionMap":{"docs":{"insertions":1,"deletions":1}}},{"hash":"5373b22b9582f36d977f431e269d926e1539adf1","messageTitle":"Resize images","messageBody":"","fileTypesAndContributionMap":{"docs":{"insertions":5,"deletions":8}}}]},{"date":"2021-10-04","commitResults":[{"hash":"c7e26beaadadc855262e5e6fe7f1b2c7cf2bbd37","messageTitle":"Implement skeletal Kolinux","messageBody":"","fileTypesAndContributionMap":{"functional-code":{"insertions":123,"deletions":21},"other":{"insertions":3,"deletions":3}}},{"hash":"6d6f9514efec4f2b619601c2280c6cb892b06aa9","messageTitle":"Improve skeletal: add KolinuxException, Command constructors with and without arguments, isEmptyArgument for Command","messageBody":"","fileTypesAndContributionMap":{"functional-code":{"insertions":46,"deletions":13}}},{"hash":"c4261d7e0c990ed7648071052a2aa1f0c771abe1","messageTitle":"Edit parseCommand to handle arguments","messageBody":"","fileTypesAndContributionMap":{"functional-code":{"insertions":5,"deletions":2}}}]},{"date":"2021-10-05","commitResults":[{"hash":"4d2de5bb96db48296536af490439aceb40365f06","messageTitle":"Add Planner skeletal","messageBody":"","fileTypesAndContributionMap":{"functional-code":{"insertions":50,"deletions":1}}},{"hash":"2bf3323f315413cf0f3b9996b80fd9b75f7bee14","messageTitle":"Implement add function for planner without storage","messageBody":"","fileTypesAndContributionMap":{"functional-code":{"insertions":27,"deletions":3}}},{"hash":"4d9dd8b48ece89d6995bbb732b3958924e3eadab","messageTitle":"Handle error for Planner","messageBody":"","fileTypesAndContributionMap":{"functional-code":{"insertions":14,"deletions":5}}},{"hash":"55df0104f26d70731f99d60191b4f9cd08950697","messageTitle":"Add PlannerStorage to store events","messageBody":"","fileTypesAndContributionMap":{"functional-code":{"insertions":27,"deletions":0}}},{"hash":"016824ae29b565f7b760c0a08b63b3228e7264ff","messageTitle":"Update HelpCommand","messageBody":"","fileTypesAndContributionMap":{"functional-code":{"insertions":6,"deletions":4}}}]},{"date":"2021-10-06","commitResults":[{"hash":"46686f214b39ad941da2f3e96a2df958a17fe556","messageTitle":"Minor refactor of bus routes","messageBody":"","fileTypesAndContributionMap":{"functional-code":{"insertions":17,"deletions":18}}},{"hash":"bd124090d14d2a40f478ffc85cfa3fbd3a45e548","messageTitle":"Group data into resources","messageBody":"Change FileReader into InputStream and InputStreamReader\nRemove try-catch block in JsonReader.readModuleDb()\nMake Moduledb non-static\nParser.parseCommand takes in db and command\n","fileTypesAndContributionMap":{"functional-code":{"insertions":28,"deletions":32},"test-code":{"insertions":5,"deletions":4}}},{"hash":"2ff65d3c82643b13c58ec0ebc3d2c6669b1f9f66","messageTitle":"Change file to inputstream for BusRouteCommand","messageBody":"change the way of reading in the file and populating the vertices arraylist\n","fileTypesAndContributionMap":{"functional-code":{"insertions":15,"deletions":4}}},{"hash":"ca44565d86059f11c0e43854a641ee42397c901d","messageTitle":"Remove planner.txt from resources","messageBody":"","fileTypesAndContributionMap":{"functional-code":{"insertions":1,"deletions":2}}},{"hash":"738c9532f599d89f815ce62690467a0e0379059c","messageTitle":"Add planner list command without storage","messageBody":"","fileTypesAndContributionMap":{"functional-code":{"insertions":34,"deletions":8}}},{"hash":"60e315c60da1da9cfa3fb076ccb675c877dd2b64","messageTitle":"Add list planner with storage functionalities","messageBody":"","fileTypesAndContributionMap":{"functional-code":{"insertions":51,"deletions":0}}},{"hash":"30c64ea88ced06e1bb7d5938e69e32f54f29d72e","messageTitle":"Add clear event and regression testing","messageBody":"","fileTypesAndContributionMap":{"functional-code":{"insertions":20,"deletions":1}}},{"hash":"b4d3b3f9378fc07c9c7832aacd522e1c07a70c6b","messageTitle":"Add a JUnit test method to test add events","messageBody":"","fileTypesAndContributionMap":{"test-code":{"insertions":23,"deletions":0}}},{"hash":"ed2edb82e2255d0e8b27a76544fd7ce007792679","messageTitle":"Add testing for invalid inputs with no recovery of schedule","messageBody":"","fileTypesAndContributionMap":{"test-code":{"insertions":21,"deletions":2}}},{"hash":"44f13bbf191b370b47f9a5a88b62c75cc9d120fd","messageTitle":"Edit test methods","messageBody":"","fileTypesAndContributionMap":{"test-code":{"insertions":2,"deletions":2}}}]}]},"authorFileTypeContributionMap":{"giterator":{"docs":0,"functional-code":49,"test-code":40},"nonrnp":{"docs":0,"functional-code":91,"test-code":43},"saravanamani1999":{"docs":0,"functional-code":274850,"test-code":75,"other":4},"shyamgj1900":{"docs":0,"functional-code":241,"test-code":42},"powzx":{"docs":5,"functional-code":385,"test-code":49,"other":1}},"authorContributionVariance":{"giterator":1691.5623,"nonrnp":1668.5562,"saravanamani1999":4.8254484E10,"shyamgj1900":6625.467,"powzx":8957.313},"authorDisplayNameMap":{"giterator":"CS2113T-W11-1 PRAN..TRAM","nonrnp":"CS2113T-W11-1 PICH..UKET","saravanamani1999":"CS2113T-W11-1 RAMA..MANI","shyamgj1900":"CS2113T-W11-1 SHYA..GOPI","powzx":"CS2113T-W11-1 POW ..IANG"}}
