{"authorDailyContributionsMap":{"kelvneo":[{"date":"2021-09-30","commitResults":[{"hash":"c801c77b6bf436032d507a6993b1e2916aa77e39","messageTitle":"Update AboutUs.md to add my details","messageBody":"","fileTypesAndContributionMap":{"docs":{"insertions":1,"deletions":1}}},{"hash":"e2ddf3c1e7490a6e0b8be9d7d6f7a490836c308a","messageTitle":"Update AboutUs to reflect profile pictures","messageBody":"","fileTypesAndContributionMap":{"docs":{"insertions":3,"deletions":3}}},{"hash":"8109eabbf32ba422fb42a9497f546f16ee2fd78d","messageTitle":"Fix profile picture width to 100px","messageBody":"","fileTypesAndContributionMap":{"docs":{"insertions":4,"deletions":4}}},{"hash":"99342308b1a0464315b63bab838a89d9acb5ffa5","messageTitle":"Change Schuyler\u0027s name in About Us","messageBody":"","fileTypesAndContributionMap":{"docs":{"insertions":1,"deletions":1}}}]},{"date":"2021-10-01","commitResults":[{"hash":"9e712204d16d78086c872bd9092f04d9974e236e","messageTitle":"Restructure Main files and update gradle configuration","messageBody":"","fileTypesAndContributionMap":{"other":{"insertions":6,"deletions":6}}}]},{"date":"2021-10-02","commitResults":[{"hash":"2c4e1355e516a985f9a1c738b0ed24f8f4cfc71e","messageTitle":"Separate Ui into its own class","messageBody":"User input will now echo back to the user.\n","fileTypesAndContributionMap":{"functional-code":{"insertions":95,"deletions":10}}},{"hash":"d53e462d4e0bae5688657405fada636e6d2d2ff4","messageTitle":"Refactor code, add InvalidCommandException and exit","messageBody":"","fileTypesAndContributionMap":{"functional-code":{"insertions":113,"deletions":45}}}]},{"date":"2021-10-04","commitResults":[{"hash":"f4a32cdbf3c80ac836d27707485031282d5bb545","messageTitle":"Add unit testing for MainCommandParser","messageBody":"Signed-off-by: Kelvin Neo \u003c2332196+kelvneo@users.noreply.github.com\u003e\n","fileTypesAndContributionMap":{"other":{"insertions":1,"deletions":1},"test-code":{"insertions":69,"deletions":0}}}]},{"date":"2021-10-07","commitResults":[{"hash":"6c8a57b0babe32c9e4dd40c0dc899cbe660a7446","messageTitle":"Add format message for invalid arguments","messageBody":"","fileTypesAndContributionMap":{"functional-code":{"insertions":52,"deletions":49},"other":{"insertions":13,"deletions":10},"test-code":{"insertions":44,"deletions":0}}},{"hash":"bba7f37277a5fa4658309285b910120d9caeb544","messageTitle":"Beautify view command","messageBody":"","fileTypesAndContributionMap":{"functional-code":{"insertions":16,"deletions":7}}},{"hash":"0cbe112108a5ca5ec95822dae9cfc4265997e903","messageTitle":"Beautify workspace commands","messageBody":"","fileTypesAndContributionMap":{"functional-code":{"insertions":56,"deletions":25}}},{"hash":"e0746e2dccbc16f2f00939c83fbd308abb2e0159","messageTitle":"Move AddLinkCommandTest to correct package","messageBody":"","fileTypesAndContributionMap":{"other":{"insertions":2,"deletions":1}}}]},{"date":"2021-10-08","commitResults":[{"hash":"380775f00f48cd08710040bc92488d20473453ac","messageTitle":"Add JSON file support","messageBody":"Uses GSON library to serialize NusModule to store the data.\n\nSigned-off-by: Kelvin Neo \u003c2332196+kelvneo@users.noreply.github.com\u003e\n","fileTypesAndContributionMap":{"functional-code":{"insertions":77,"deletions":5},"other":{"insertions":15,"deletions":0}}},{"hash":"87c2972f5a93ba7c8841aef42961cac424868778","messageTitle":"Move file creation to initializeFile","messageBody":"Signed-off-by: Kelvin Neo \u003c2332196+kelvneo@users.noreply.github.com\u003e\n","fileTypesAndContributionMap":{"functional-code":{"insertions":9,"deletions":10}}}]},{"date":"2021-10-11","commitResults":[{"hash":"e69d45800958f607837062dc8fd83b31de0cd7be","messageTitle":"Add assertions to core code","messageBody":"","fileTypesAndContributionMap":{"functional-code":{"insertions":10,"deletions":5}}}]},{"date":"2021-10-12","commitResults":[{"hash":"aaa225e398c81f2d3ec81fa6c06528394f087962","messageTitle":"Add TerminusLogger","messageBody":"","fileTypesAndContributionMap":{"functional-code":{"insertions":118,"deletions":20}}},{"hash":"eec8efe0a35c1aad1d428070e3fc1745fcb180cd","messageTitle":"Add unit testing and javadocs for ModuleStorage","messageBody":"","fileTypesAndContributionMap":{"functional-code":{"insertions":23,"deletions":2},"test-code":{"insertions":75,"deletions":0}}},{"hash":"443657ad01aa73dc554860600326337428972278","messageTitle":"Update docs based on comments.","messageBody":"","fileTypesAndContributionMap":{"functional-code":{"insertions":1,"deletions":1},"test-code":{"insertions":3,"deletions":2}}},{"hash":"7f0b3b4a9507f18d05962bd7c9721affc25b004c","messageTitle":"Add javadocs for TerminusLogger","messageBody":"","fileTypesAndContributionMap":{"functional-code":{"insertions":51,"deletions":5}}},{"hash":"a7d8e98e12a33a78b6c59fe1248e328aa013de28","messageTitle":"Update verb of javadoc of TerminusLogger","messageBody":"","fileTypesAndContributionMap":{"functional-code":{"insertions":14,"deletions":9}}},{"hash":"23b8e6887b98d31aeb28587ba6720d64cbef249c","messageTitle":"Fix JsonSyntaxException and JsonIOException","messageBody":"","fileTypesAndContributionMap":{"functional-code":{"insertions":17,"deletions":4}}},{"hash":"1cc53a4c3c893b829deb296b2d957b869dc4911b","messageTitle":"Remove redundant throws","messageBody":"","fileTypesAndContributionMap":{"functional-code":{"insertions":1,"deletions":1}}},{"hash":"5f1acc4986fd72a69288ca191cefa9c9d57d6ca4","messageTitle":"Remove unused imports","messageBody":"","fileTypesAndContributionMap":{"functional-code":{"insertions":0,"deletions":2}}}]},{"date":"2021-10-19","commitResults":[{"hash":"cfec99101a9ee849d237b2019d9d09d6bfbe6ea4","messageTitle":"Add Create, Update and Delete for Questions","messageBody":"","fileTypesAndContributionMap":{"functional-code":{"insertions":187,"deletions":0}}},{"hash":"c80f391f7545b50f63596de34ba09e9b658d08cb","messageTitle":"Enable assertions in gradle","messageBody":"","fileTypesAndContributionMap":{"other":{"insertions":2,"deletions":1}}}]},{"date":"2021-10-20","commitResults":[{"hash":"aeebe3de9061c7d4a84ab9df133621dffb5d16fb","messageTitle":"Add environment for active recall","messageBody":"","fileTypesAndContributionMap":{"functional-code":{"insertions":248,"deletions":2}}},{"hash":"3a7060ffe468afd6d03857175ac79ee861645880","messageTitle":"Add ability to tweak weights based on user input","messageBody":"","fileTypesAndContributionMap":{"functional-code":{"insertions":75,"deletions":13}}}]},{"date":"2021-10-21","commitResults":[{"hash":"bfeb4de1e044a3604e2f9ee31a4c26c27781c729","messageTitle":"Add JUnit testing and Javadocs","messageBody":"Modify code to PR comments.\n","fileTypesAndContributionMap":{"functional-code":{"insertions":91,"deletions":35},"other":{"insertions":5,"deletions":5},"test-code":{"insertions":678,"deletions":0}}},{"hash":"d05c810c21eccb8ae842dcc109e9e639c384f530","messageTitle":"Add safety checks for questions","messageBody":"","fileTypesAndContributionMap":{"functional-code":{"insertions":16,"deletions":5}}},{"hash":"f0df628a934c75a12bab4a96c5a4eddf1663b96b","messageTitle":"Fix Junit testing","messageBody":"","fileTypesAndContributionMap":{"test-code":{"insertions":14,"deletions":8}}},{"hash":"9aa3260e65182edc4dce0608254c2650c9d58f8b","messageTitle":"Add ability to silence Logger to only show Warnings and above","messageBody":"","fileTypesAndContributionMap":{"functional-code":{"insertions":11,"deletions":0},"test-code":{"insertions":2,"deletions":0}}}]},{"date":"2021-10-22","commitResults":[{"hash":"a9b83412fd8b7d98ff4ea7bdad6584a546796439","messageTitle":"Update build.gradle","messageBody":"","fileTypesAndContributionMap":{"other":{"insertions":15,"deletions":0}}},{"hash":"6d2e6e326ba039c241eba28965d295a0d939cb77","messageTitle":"Update build.gradle","messageBody":"","fileTypesAndContributionMap":{"other":{"insertions":1,"deletions":0}}},{"hash":"bd20ad9deaea027bcd3ede09ff177ea8a49331df","messageTitle":"Update build.gradle","messageBody":"","fileTypesAndContributionMap":{"other":{"insertions":1,"deletions":0}}}]},{"date":"2021-10-23","commitResults":[{"hash":"a955c9932ecc1c6e4a856d9e1cc54c6eb96fa30c","messageTitle":"Remove Ui from all Commands","messageBody":"","fileTypesAndContributionMap":{"functional-code":{"insertions":114,"deletions":125},"test-code":{"insertions":168,"deletions":237}}},{"hash":"6979276937f31f24105125a5aba562692edd0ae7","messageTitle":"Improve Test Coverage","messageBody":"","fileTypesAndContributionMap":{"functional-code":{"insertions":11,"deletions":11},"test-code":{"insertions":123,"deletions":53}}},{"hash":"4f7b4ac43d3f24f4b1a420c2defef1671dda3765","messageTitle":"Fix styling","messageBody":"","fileTypesAndContributionMap":{"functional-code":{"insertions":2,"deletions":1}}},{"hash":"2c837a18c4ef2755116602dbe18a1f7d700c912e","messageTitle":"Fix more checkstyle issues","messageBody":"","fileTypesAndContributionMap":{"test-code":{"insertions":9,"deletions":9}}},{"hash":"e8b2aefc2567fde35a26caf7c7237d0e04aa540b","messageTitle":"Fix text-ui-test","messageBody":"","fileTypesAndContributionMap":{"functional-code":{"insertions":1,"deletions":2}}},{"hash":"63b2988760727dd3b699613804f430894a5db33b","messageTitle":"Fixed major Back Command issue","messageBody":"","fileTypesAndContributionMap":{"functional-code":{"insertions":2,"deletions":2}}}]},{"date":"2021-10-24","commitResults":[{"hash":"630baf43c883385586088bc610dc47ca63ba4f4f","messageTitle":"Reorganize Messages and CommonFormat","messageBody":"","fileTypesAndContributionMap":{"functional-code":{"insertions":72,"deletions":44}}}]},{"date":"2021-10-26","commitResults":[{"hash":"d0ed5d6ba2ca35dac547d54e2828d485e14ab310","messageTitle":"Add Ui Class Diagram and Explanation.","messageBody":"Update Active Recall paragraph as well.\n","fileTypesAndContributionMap":{"docs":{"insertions":122,"deletions":58}}}]},{"date":"2021-11-01","commitResults":[{"hash":"59ebaac366b0588ce92c281f948cd6d694a1aaec","messageTitle":"Update Developer Guide","messageBody":"- Include Missing Headings\n- Update Active Recall Implementation\n- Add Acknowledgements\n","fileTypesAndContributionMap":{"docs":{"insertions":242,"deletions":89}}},{"hash":"c52998b5fe6d375f87879d365186af9320fd8634","messageTitle":"Fix PE-D issues and refactor Terminus","messageBody":"","fileTypesAndContributionMap":{"functional-code":{"insertions":122,"deletions":79}}},{"hash":"936aff4a2a750553f0d511f60c7cb3b7602f40ba","messageTitle":"Add TerminusTest","messageBody":"","fileTypesAndContributionMap":{"functional-code":{"insertions":7,"deletions":7},"test-code":{"insertions":76,"deletions":2}}},{"hash":"599baa689b9ef4821658b444a141dd877ff22278","messageTitle":"Update JUnit tests","messageBody":"","fileTypesAndContributionMap":{"functional-code":{"insertions":14,"deletions":15},"test-code":{"insertions":15,"deletions":6}}}]}],"LouisLouis19":[{"date":"2021-09-30","commitResults":[{"hash":"06c39e710923cb929c46b3fdb311786d4e3d4d27","messageTitle":"Add AboutUs","messageBody":"","fileTypesAndContributionMap":{"docs":{"insertions":1,"deletions":1}}},{"hash":"a60a888d5a2df5a3426ae577dfded43ecf2454c3","messageTitle":"Fix Data","messageBody":"","fileTypesAndContributionMap":{"docs":{"insertions":0,"deletions":1}}}]},{"date":"2021-10-05","commitResults":[{"hash":"f127b881481c259d1fa2ce654f7771bd3c1df7a5","messageTitle":"Implemented view and add zoom link","messageBody":"","fileTypesAndContributionMap":{"functional-code":{"insertions":645,"deletions":6}}},{"hash":"226a261d347ccc9feacc334ab5c16689bc3ac2af","messageTitle":"Fix formatting for auto checks","messageBody":"","fileTypesAndContributionMap":{"functional-code":{"insertions":23,"deletions":21}}},{"hash":"fc949c6f38337f7eb7eb1c6ede6a7d1ab3ff0b7c","messageTitle":"Update text-ui-test, change naming convention","messageBody":"","fileTypesAndContributionMap":{"functional-code":{"insertions":3,"deletions":2},"other":{"insertions":6,"deletions":4}}},{"hash":"4cf69f716dfd0a2d2af013ac587777104cb5bd25","messageTitle":"Fix minor code quality issues","messageBody":"","fileTypesAndContributionMap":{"functional-code":{"insertions":1,"deletions":12}}}]},{"date":"2021-10-07","commitResults":[{"hash":"1758ff2918abad2dad40d5d9da0dc6b864d5a8cc","messageTitle":"Addressed PR Comments, Resolve Conflict","messageBody":"","fileTypesAndContributionMap":{"functional-code":{"insertions":113,"deletions":92},"other":{"insertions":2,"deletions":2},"test-code":{"insertions":7,"deletions":3}}},{"hash":"4ac93ad3213dcfbc397f776d051941d214e2ed6a","messageTitle":"Change methods in Command class to abstract","messageBody":"","fileTypesAndContributionMap":{"functional-code":{"insertions":5,"deletions":11}}},{"hash":"535d608739e7c8bab284767466ebe9f9483d6b12","messageTitle":"Make code quality improvements, minor fix on test","messageBody":"","fileTypesAndContributionMap":{"test-code":{"insertions":26,"deletions":11}}},{"hash":"cd516f688c5cb45adbdca6dfc790fb3b8ecc8bfc","messageTitle":"Added JUnit Tests","messageBody":"","fileTypesAndContributionMap":{"test-code":{"insertions":203,"deletions":2}}},{"hash":"2a06a93f16952542cbc2aa35a68ddfe55446283d","messageTitle":"Fixed bug for negative index","messageBody":"","fileTypesAndContributionMap":{"functional-code":{"insertions":5,"deletions":1},"test-code":{"insertions":4,"deletions":2}}},{"hash":"61af388c5b5771f01e8c831d8d78b7089026121c","messageTitle":"Remove unnecessary check","messageBody":"","fileTypesAndContributionMap":{"functional-code":{"insertions":1,"deletions":1}}}]},{"date":"2021-10-08","commitResults":[{"hash":"f18cdc48b6fa831d9f5c2a99bdb3d9e5e4a13938","messageTitle":"Draft user guide","messageBody":"","fileTypesAndContributionMap":{"docs":{"insertions":237,"deletions":20}}}]},{"date":"2021-10-09","commitResults":[{"hash":"0df37ebda07c973e14a2e3304848b88bed92dcb4","messageTitle":"Fix user guide, address pr comments","messageBody":"","fileTypesAndContributionMap":{"functional-code":{"insertions":0,"deletions":1},"docs":{"insertions":23,"deletions":21},"test-code":{"insertions":0,"deletions":2}}},{"hash":"2778afd3d0cefbedf8251a4eaf05c14c3a045044","messageTitle":"Fix User guide command format","messageBody":"","fileTypesAndContributionMap":{"docs":{"insertions":15,"deletions":15}}},{"hash":"94f875863e141dc996c85bede8c7c2fbf038e072","messageTitle":"Fix minor consistency issues","messageBody":"","fileTypesAndContributionMap":{"docs":{"insertions":24,"deletions":25}}}]},{"date":"2021-10-11","commitResults":[{"hash":"09b345cbb1818072ace31af15052eddb7ae42d42","messageTitle":"Change method name for consistency","messageBody":"","fileTypesAndContributionMap":{"functional-code":{"insertions":2,"deletions":2}}},{"hash":"8f6a589c7a21310a6c60692f2fb43c031aa22492","messageTitle":"Add JavaDoc for AddLinkCommand class","messageBody":"","fileTypesAndContributionMap":{"functional-code":{"insertions":34,"deletions":0}}},{"hash":"2e99d5a89a766f09b4ce050e1a93feac5e3e6b5a","messageTitle":"Add JavaDoc for ScheduleCommand class","messageBody":"","fileTypesAndContributionMap":{"functional-code":{"insertions":10,"deletions":1}}},{"hash":"d6d801181b23263f1f770a6432980dfaf97a049e","messageTitle":"Add JavaDoc to Link class","messageBody":"","fileTypesAndContributionMap":{"functional-code":{"insertions":40,"deletions":0}}},{"hash":"a9e038791f7ebc4c830147d14b64790cd05cf14e","messageTitle":"Add description for exception classes","messageBody":"","fileTypesAndContributionMap":{"functional-code":{"insertions":9,"deletions":0}}},{"hash":"22cf670320bdba270bc793a7d7ba225e19e17449","messageTitle":"Add JavaDoc for LinkCommandParser class","messageBody":"","fileTypesAndContributionMap":{"functional-code":{"insertions":11,"deletions":0}}},{"hash":"907dd177e31c552b0e30bc979ef393cee44c7a63","messageTitle":"Add JavaDoc for Content class","messageBody":"","fileTypesAndContributionMap":{"functional-code":{"insertions":16,"deletions":0}}},{"hash":"38198f8d11f401b7bca101ed9bd76e93f79321f2","messageTitle":"Add JavaDoc to methods in CommonFormat class","messageBody":"","fileTypesAndContributionMap":{"functional-code":{"insertions":19,"deletions":0}}},{"hash":"fade2ebf965860eb2bab52105bda13c7210a16f5","messageTitle":"Add class description","messageBody":"","fileTypesAndContributionMap":{"functional-code":{"insertions":12,"deletions":0}}},{"hash":"0ecc59ba08ed4ec3b3df59ae4dd81c7c6deff7d9","messageTitle":"Fix CI Issues","messageBody":"","fileTypesAndContributionMap":{"functional-code":{"insertions":33,"deletions":34}}}]},{"date":"2021-10-12","commitResults":[{"hash":"c74f6248ee2aea05c190ffe440fa543ac223495b","messageTitle":"Use assertions on add commands","messageBody":"","fileTypesAndContributionMap":{"functional-code":{"insertions":2,"deletions":0}}},{"hash":"4a735273379e9392c92c436c99e02be3e6a2e563","messageTitle":"Use more assertions on add commands","messageBody":"","fileTypesAndContributionMap":{"functional-code":{"insertions":6,"deletions":0}}},{"hash":"8f6708a8a0cf2a620469bc6aef253d6673f4cb8a","messageTitle":"Add more exceptions for invalid user input","messageBody":"","fileTypesAndContributionMap":{"functional-code":{"insertions":93,"deletions":17},"test-code":{"insertions":80,"deletions":45}}},{"hash":"b06fb69fd1d68e2a37b56cc26c776c9d5c7dc5d6","messageTitle":"Add Junit tests to deal with invalid day and link","messageBody":"","fileTypesAndContributionMap":{"test-code":{"insertions":30,"deletions":4}}},{"hash":"1871f8cd47af701667469aee8fe5225d0e4a3406","messageTitle":"Add logging to AddLinkCommand","messageBody":"","fileTypesAndContributionMap":{"functional-code":{"insertions":8,"deletions":0}}},{"hash":"58f24f10d7135529d80dd5270873cf09f8b283a6","messageTitle":"Remove exception classes and use generic invalid argument exception","messageBody":"","fileTypesAndContributionMap":{"functional-code":{"insertions":11,"deletions":68},"test-code":{"insertions":25,"deletions":124}}},{"hash":"46fd1ec75aa1e2bcad10c573ce9413e60edb07fb","messageTitle":"Throw exception in catch block","messageBody":"","fileTypesAndContributionMap":{"functional-code":{"insertions":3,"deletions":2}}},{"hash":"63002efa1216cd47766298bf2c8db346729da226","messageTitle":"Delete invalid assertion","messageBody":"","fileTypesAndContributionMap":{"functional-code":{"insertions":0,"deletions":4}}},{"hash":"3194df5c0a42a76643183dae05857dc3081179b7","messageTitle":"Add JUnit test for back link command and delete link command","messageBody":"","fileTypesAndContributionMap":{"test-code":{"insertions":108,"deletions":3}}},{"hash":"68eb7d4f494338205aa5809342cdf0a60451664d","messageTitle":"Add JUnit test for view link command","messageBody":"","fileTypesAndContributionMap":{"test-code":{"insertions":82,"deletions":1}}},{"hash":"81235a600a79bda37f2b2b80551bfb7841080ace","messageTitle":"Rename Tests","messageBody":"","fileTypesAndContributionMap":{"test-code":{"insertions":1,"deletions":1}}}]},{"date":"2021-10-20","commitResults":[{"hash":"631384cb6ef8704e7616b913908bea1d0231b81d","messageTitle":"Implement view weekly Timetable","messageBody":"","fileTypesAndContributionMap":{"functional-code":{"insertions":60,"deletions":0}}},{"hash":"070894cff6d598908f8e57fa8cc533d255e8c2ee","messageTitle":"Fix indexing bug for weekly schedule","messageBody":"","fileTypesAndContributionMap":{"functional-code":{"insertions":12,"deletions":2}}},{"hash":"aab008fca3a79f86910a4e5cddea029b46c909da","messageTitle":"Add index reset","messageBody":"","fileTypesAndContributionMap":{"functional-code":{"insertions":2,"deletions":0}}},{"hash":"710cc7529d8bcfdddf1737a96b72c35a03c2cd94","messageTitle":"Implement viewing daily schedules","messageBody":"","fileTypesAndContributionMap":{"functional-code":{"insertions":35,"deletions":4}}},{"hash":"31cf0733016bfd25135fb7a170a5ab4b0deecebc","messageTitle":"Update timetable format","messageBody":"","fileTypesAndContributionMap":{"functional-code":{"insertions":14,"deletions":23}}},{"hash":"dc4410466a3f5ac659d4696841eca2469bf77bad","messageTitle":"Modify welcome banner to include user schedule for the day","messageBody":"","fileTypesAndContributionMap":{"functional-code":{"insertions":63,"deletions":20}}},{"hash":"10da0f541bc4255ee458e5c0ac0473abc839118a","messageTitle":"Add assertions and logging","messageBody":"","fileTypesAndContributionMap":{"functional-code":{"insertions":8,"deletions":0}}},{"hash":"0a0bc989415e218477e661c9e275b980680a9e71","messageTitle":"Add JUnit Test","messageBody":"","fileTypesAndContributionMap":{"test-code":{"insertions":125,"deletions":0}}},{"hash":"63f5eb5a01b2d72b6f55595a88434250c80cb82c","messageTitle":"Abstract methods to separate timetable class","messageBody":"","fileTypesAndContributionMap":{"functional-code":{"insertions":98,"deletions":86}}},{"hash":"e8a0b41663bcf43345ce24b10663a501b5feeb72","messageTitle":"Address PR comments","messageBody":"","fileTypesAndContributionMap":{"functional-code":{"insertions":25,"deletions":22}}}]},{"date":"2021-10-21","commitResults":[{"hash":"fbfe174c978f7c88839c738a367dfaacc76e40f7","messageTitle":"Fix design issues","messageBody":"","fileTypesAndContributionMap":{"functional-code":{"insertions":44,"deletions":34}}},{"hash":"1ac884bc75d3d73c022fd566d10e163746c854dd","messageTitle":"Use streams","messageBody":"","fileTypesAndContributionMap":{"functional-code":{"insertions":20,"deletions":13}}},{"hash":"b89683a4c8fd354fdbb265d62aa4d21bd4d678e4","messageTitle":"Update Developer Guide, Implementation(4.1 - Timetable)","messageBody":"","fileTypesAndContributionMap":{"functional-code":{"insertions":0,"deletions":1},"docs":{"insertions":69,"deletions":3}}},{"hash":"fdccd2f1513bf027a3ca3b56ff0a4f5c894c7b20","messageTitle":"Update UML Sequence Diagram","messageBody":"","fileTypesAndContributionMap":{"docs":{"insertions":114,"deletions":7}}},{"hash":"6cc9a23d9e62e7ace2a5a039436bee3c8ae833c0","messageTitle":"Use reference frames","messageBody":"","fileTypesAndContributionMap":{"docs":{"insertions":3,"deletions":56}}}]},{"date":"2021-10-22","commitResults":[{"hash":"d2985d9d3f0a016bdc666eaa32a81603bff9d330","messageTitle":"Add duration argument for link","messageBody":"","fileTypesAndContributionMap":{"functional-code":{"insertions":38,"deletions":13}}},{"hash":"4a4b0472532f5f9b54cd37ef0c9d7a7aeaba0b4a","messageTitle":"Implement conflict manager when users add new link","messageBody":"","fileTypesAndContributionMap":{"functional-code":{"insertions":70,"deletions":4}}},{"hash":"8e5e0fc842d82b1c6a57e65e962809270a9358c4","messageTitle":"Address PR comments, add JavaDoc, and fix JUnitTests","messageBody":"","fileTypesAndContributionMap":{"functional-code":{"insertions":25,"deletions":15},"test-code":{"insertions":35,"deletions":33}}}]},{"date":"2021-10-23","commitResults":[{"hash":"b23cbc822b5612a81b34fd46555caa1ad55d7113","messageTitle":"Add JUnit Test for conflict manager class","messageBody":"","fileTypesAndContributionMap":{"test-code":{"insertions":57,"deletions":5}}},{"hash":"d269a474da319c88aaa93e441a27da9a8f6f0e72","messageTitle":"Fix Bug on empty timetable message, update text-ui-test","messageBody":"","fileTypesAndContributionMap":{"functional-code":{"insertions":11,"deletions":2}}},{"hash":"d82559f958e0d7c917ceb20e50d560af8bc824ab","messageTitle":"Add JUnit Test for Timetable class","messageBody":"","fileTypesAndContributionMap":{"functional-code":{"insertions":0,"deletions":1},"test-code":{"insertions":95,"deletions":0}}},{"hash":"9254480e9729094139296406761ffd748c2ce01b","messageTitle":"Add missing JUnit Test","messageBody":"","fileTypesAndContributionMap":{"test-code":{"insertions":41,"deletions":1}}},{"hash":"f8badca2171085ec82ab363c23f5bf462ea01f21","messageTitle":"Implement sort timetable","messageBody":"","fileTypesAndContributionMap":{"functional-code":{"insertions":19,"deletions":10}}},{"hash":"e8a28db85665ba313e99a5f11f3db15e2d206cbf","messageTitle":"Update Developer Guide Section 4.1 Timetable Implementation","messageBody":"","fileTypesAndContributionMap":{"docs":{"insertions":33,"deletions":11}}},{"hash":"d73a92175068f48a3f1b0be2d619da727cc23410","messageTitle":"Update User Guide","messageBody":"","fileTypesAndContributionMap":{"docs":{"insertions":18,"deletions":15}}}]},{"date":"2021-10-24","commitResults":[{"hash":"28ec6eed2bcbd23cbbd0c453da47143208dd382c","messageTitle":"Fix bug on adding Link","messageBody":"","fileTypesAndContributionMap":{"functional-code":{"insertions":53,"deletions":9},"docs":{"insertions":1,"deletions":1},"test-code":{"insertions":18,"deletions":14}}},{"hash":"5351e67fd12c9380f5821de6b9276d0930c39cd5","messageTitle":"Add JUnit Tests","messageBody":"","fileTypesAndContributionMap":{"functional-code":{"insertions":2,"deletions":3},"test-code":{"insertions":21,"deletions":5}}},{"hash":"12e2af82bbd9e19ef711cdefbfa02c2019f5d52c","messageTitle":"Fix consistency issue in developer guide","messageBody":"","fileTypesAndContributionMap":{"docs":{"insertions":4,"deletions":2}}},{"hash":"c76950adde7a6a4f10a3dfd8acee9283dbb63fd4","messageTitle":"Update developer guide on Conflict Manager Implementation","messageBody":"","fileTypesAndContributionMap":{"docs":{"insertions":91,"deletions":1}}}]},{"date":"2021-10-26","commitResults":[{"hash":"9714691d32bf0a84febbf121bbf94ddd103de2a8","messageTitle":"Fix invalid duration format bug","messageBody":"","fileTypesAndContributionMap":{"functional-code":{"insertions":9,"deletions":1}}},{"hash":"3ce3611eb9ff8c9ebc6db07f7cd21a2c9ad1a0d6","messageTitle":"Add test on newly added try-catch block","messageBody":"","fileTypesAndContributionMap":{"functional-code":{"insertions":1,"deletions":0},"test-code":{"insertions":4,"deletions":0}}}]},{"date":"2021-11-01","commitResults":[{"hash":"a92e33e77caccd365f1957e2cffa363e18c1170a","messageTitle":"Ignore leading and trailing whitespace in add link arguments","messageBody":"","fileTypesAndContributionMap":{"functional-code":{"insertions":5,"deletions":5}}},{"hash":"75697c4851090267ba2b7335f8fe197eca17be74","messageTitle":"SLAP parseArguments methods in AddLinkCommand class","messageBody":"","fileTypesAndContributionMap":{"functional-code":{"insertions":30,"deletions":22}}},{"hash":"626db2ca70ad852ee58f4aa0f8ced55055b33ecd","messageTitle":"Add duration in UG. Fix #169","messageBody":"","fileTypesAndContributionMap":{"docs":{"insertions":1,"deletions":1}}},{"hash":"546df43cf1a2e703f3058bb6280a5ed3af68d4e6","messageTitle":"Change the duration parameter description in UG. Fix #162","messageBody":"","fileTypesAndContributionMap":{"docs":{"insertions":1,"deletions":1}}},{"hash":"0c7d0638a03d61a36a472e10019547e4825e28ff","messageTitle":"Inform user on what are the expected arguments to be entered in error messages in UG. Fix #175","messageBody":"","fileTypesAndContributionMap":{"docs":{"insertions":2,"deletions":0}}},{"hash":"cca711bf71978f7b579709827f96e1d1a4d751f1","messageTitle":"Add optional index example for view in UG. Add valid zoom_link instruction for add link command in UG.","messageBody":"","fileTypesAndContributionMap":{"docs":{"insertions":15,"deletions":4}}}]}],"3m0W33D":[{"date":"2021-09-30","commitResults":[{"hash":"63cbe029aa124c73159ea56656b410fcec0e349c","messageTitle":"Update AboutUs.md","messageBody":"","fileTypesAndContributionMap":{"docs":{"insertions":1,"deletions":2}}}]},{"date":"2021-10-02","commitResults":[{"hash":"b6b5401b4d8d088b6570797d3536b9d6e397e396","messageTitle":"Add basic command parsing","messageBody":"* Todo: Error checking implementation","fileTypesAndContributionMap":{"functional-code":{"insertions":208,"deletions":3}}},{"hash":"f0974d5ee9f202dc54d9d402e7d5f57777477adf","messageTitle":"Update command parser and refactor code","messageBody":"","fileTypesAndContributionMap":{"functional-code":{"insertions":113,"deletions":40}}},{"hash":"59a1bbdc08340dd9de4798bc49621dd40ef0dd75","messageTitle":"Add Help Command","messageBody":"","fileTypesAndContributionMap":{"functional-code":{"insertions":72,"deletions":14}}}]},{"date":"2021-10-05","commitResults":[{"hash":"d6908f484d38a19f2f1d46a06cb885d082044b98","messageTitle":"Add basic JavaDocs","messageBody":"","fileTypesAndContributionMap":{"functional-code":{"insertions":62,"deletions":0}}},{"hash":"c52d9d4c9df200d64070307292c3c6f8f92b46c2","messageTitle":"Update JavaDocs","messageBody":"","fileTypesAndContributionMap":{"functional-code":{"insertions":28,"deletions":11}}},{"hash":"0b214a08160752f31fd5717d58a6569cd8affd44","messageTitle":"Typo fix","messageBody":"","fileTypesAndContributionMap":{"functional-code":{"insertions":3,"deletions":2}}}]},{"date":"2021-10-06","commitResults":[{"hash":"713729cd4595981f008abf7179639342d5351302","messageTitle":"Add NoteCommandParser JUnitTesting","messageBody":"","fileTypesAndContributionMap":{"test-code":{"insertions":157,"deletions":0}}},{"hash":"d973533647108f9e68cfd55a3b9dd62bdd7f04ce","messageTitle":"Fixed Formatting","messageBody":"","fileTypesAndContributionMap":{"test-code":{"insertions":2,"deletions":3}}},{"hash":"9f035440dbcd835ff3990c8369759427857c86d2","messageTitle":"Update TestCase and Refactor JUnitTest","messageBody":"","fileTypesAndContributionMap":{"test-code":{"insertions":125,"deletions":36}}}]},{"date":"2021-10-09","commitResults":[{"hash":"c9a51a17f26de0c400ec48f30e791e343d25bd14","messageTitle":"Update forgotten testcase to delete","messageBody":"","fileTypesAndContributionMap":{"test-code":{"insertions":9,"deletions":0}}}]},{"date":"2021-10-10","commitResults":[{"hash":"84b3e6f164fad54ebbea78e9d3910ca42c72071d","messageTitle":"Test Update","messageBody":"","fileTypesAndContributionMap":{"docs":{"insertions":15,"deletions":13}}},{"hash":"42a4129e5dbba43915fd27177e9503987b8db243","messageTitle":"Update table","messageBody":"","fileTypesAndContributionMap":{"docs":{"insertions":1,"deletions":1}}},{"hash":"e937de86aba090f63dc417692fdd5c57b3772633","messageTitle":"Update UserDocs","messageBody":"","fileTypesAndContributionMap":{"docs":{"insertions":2,"deletions":2}}},{"hash":"685470169f2d6dee18c3a0d401bfacda84ce57ab","messageTitle":"Update UserDocs","messageBody":"","fileTypesAndContributionMap":{"docs":{"insertions":2,"deletions":2}}},{"hash":"a0070294c8a72cc06154bfcdd2fae560c7ad7bfe","messageTitle":"Fix UserDocs","messageBody":"","fileTypesAndContributionMap":{"docs":{"insertions":17,"deletions":17}}},{"hash":"61d2a81445e14ff31caddd6092fdad6538d5d030","messageTitle":"Another attempt to fix UG","messageBody":"","fileTypesAndContributionMap":{"docs":{"insertions":2,"deletions":1}}},{"hash":"515e8207fc489b8e528965fa2336c8e7a75e0d07","messageTitle":"Minor Update to UG","messageBody":"","fileTypesAndContributionMap":{"docs":{"insertions":44,"deletions":35}}}]},{"date":"2021-10-12","commitResults":[{"hash":"e3c99d948614763e81b2d607b5f285b70fe74dca","messageTitle":"Command assertions","messageBody":"","fileTypesAndContributionMap":{"functional-code":{"insertions":15,"deletions":6}}},{"hash":"6ef8df2bfc645e14330656d611c7e5588dc57c3f","messageTitle":"Fix unused imports","messageBody":"","fileTypesAndContributionMap":{"functional-code":{"insertions":0,"deletions":2}}},{"hash":"915865492b08223fe1e8b5c741852ac4eda42f05","messageTitle":"Logging for commands and command parser","messageBody":"","fileTypesAndContributionMap":{"functional-code":{"insertions":31,"deletions":7}}},{"hash":"f916dae98feb9070f2c8fcd4adb689af1fc3f7fb","messageTitle":"Fix Style","messageBody":"","fileTypesAndContributionMap":{"functional-code":{"insertions":4,"deletions":2}}},{"hash":"34d4fe979f56c64611cbad4fbb284ca92f10090c","messageTitle":"Typo Fix","messageBody":"","fileTypesAndContributionMap":{"functional-code":{"insertions":1,"deletions":1}}},{"hash":"94a7e96834827bde0a9a8d4c3f530378fa8bd772","messageTitle":"Add Help Notes and Schedule command JUnit test","messageBody":"","fileTypesAndContributionMap":{"test-code":{"insertions":152,"deletions":0}}},{"hash":"d0b9453813e5f271a279fe77d6d76d0a39af0467","messageTitle":"Remove unuse imports and format code","messageBody":"","fileTypesAndContributionMap":{"functional-code":{"insertions":23,"deletions":50},"test-code":{"insertions":25,"deletions":35}}},{"hash":"a3c8e0dc9f0d5fe650706754dbf6f09e980af42c","messageTitle":"Further refactor and slight improvements to code","messageBody":"","fileTypesAndContributionMap":{"functional-code":{"insertions":107,"deletions":105},"test-code":{"insertions":45,"deletions":45}}}]},{"date":"2021-10-16","commitResults":[{"hash":"9228a69f33221ce70effa7f9e28774ec19613894","messageTitle":"Overhaul Command Parsing","messageBody":"","fileTypesAndContributionMap":{"functional-code":{"insertions":553,"deletions":53},"test-code":{"insertions":5,"deletions":4}}},{"hash":"3b3a11b7c11fc038b8848b566600124f1e4b39cc","messageTitle":"Minor code formatting and defensive code","messageBody":"","fileTypesAndContributionMap":{"functional-code":{"insertions":47,"deletions":46}}},{"hash":"83ba48bacef62e3d34f99f8ff55440f989898026","messageTitle":"Remove Error Message","messageBody":"","fileTypesAndContributionMap":{"functional-code":{"insertions":4,"deletions":16}}}]},{"date":"2021-10-17","commitResults":[{"hash":"31f33a6ff25e2479b1cf87528e07df980c950634","messageTitle":"Update java docs","messageBody":"","fileTypesAndContributionMap":{"functional-code":{"insertions":97,"deletions":39},"other":{"insertions":21,"deletions":7}}},{"hash":"5a0f04f514197ded96591d216af378b672f90e12","messageTitle":"JUnit testing for ModuleManager","messageBody":"","fileTypesAndContributionMap":{"functional-code":{"insertions":0,"deletions":1},"test-code":{"insertions":39,"deletions":7}}},{"hash":"8889899fc6241ddaee8d19098d385b147d2e6603","messageTitle":"Update JavaDocs","messageBody":"","fileTypesAndContributionMap":{"functional-code":{"insertions":17,"deletions":17}}},{"hash":"ea2d0a8fe025b7ef04ba03f7fae1fdadf72b9ff8","messageTitle":"Add module parsing JUnit test","messageBody":"","fileTypesAndContributionMap":{"test-code":{"insertions":181,"deletions":0}}}]},{"date":"2021-10-18","commitResults":[{"hash":"e4334842e29d003db05358dc04d0d84744d390f6","messageTitle":"Refactor code and Fixed error prompt bug","messageBody":"","fileTypesAndContributionMap":{"functional-code":{"insertions":60,"deletions":49},"other":{"insertions":20,"deletions":21},"test-code":{"insertions":31,"deletions":13}}},{"hash":"6d0642541f4320ae19c5dad38198d4423afc4a4a","messageTitle":"Fix minor typo","messageBody":"","fileTypesAndContributionMap":{"functional-code":{"insertions":1,"deletions":1}}},{"hash":"5a91856af934a2baeb7bc8438ee9f2fa5130639b","messageTitle":"Finish JUnit testing and update ui-text-testing","messageBody":"","fileTypesAndContributionMap":{"test-code":{"insertions":275,"deletions":2}}},{"hash":"131f203b3cef2973a03b75d99ae855cbc88d3665","messageTitle":"Fix bug in GoCommand","messageBody":"","fileTypesAndContributionMap":{"functional-code":{"insertions":2,"deletions":1}}}]},{"date":"2021-10-19","commitResults":[{"hash":"c88cbb62fb10f1f406800bde63276fdc1eed92f7","messageTitle":"Refactor code and add assertions","messageBody":"","fileTypesAndContributionMap":{"functional-code":{"insertions":53,"deletions":35},"test-code":{"insertions":2,"deletions":10}}},{"hash":"8f187d52c8ef9bed7f9ed5e73db384762c5b06ed","messageTitle":"Format fix","messageBody":"","fileTypesAndContributionMap":{"functional-code":{"insertions":6,"deletions":5}}}]},{"date":"2021-10-20","commitResults":[{"hash":"68001d1b97577e59de104ec47fc579c664a60ec6","messageTitle":"Update singleton methods","messageBody":"","fileTypesAndContributionMap":{"functional-code":{"insertions":41,"deletions":26}}},{"hash":"2c250d2faafe72395d9dca0533490fe27d7665bb","messageTitle":"Refactor MainCommandParser","messageBody":"","fileTypesAndContributionMap":{"functional-code":{"insertions":4,"deletions":2}}},{"hash":"46caa88f604ba7ec9910f32140c18e80b35fa9da","messageTitle":"Draft of Module class diagram","messageBody":"","fileTypesAndContributionMap":{"docs":{"insertions":64,"deletions":0}}}]},{"date":"2021-10-21","commitResults":[{"hash":"0549ea22afb101cbf780d9f3c3359c41e444d73c","messageTitle":"Update DG","messageBody":"","fileTypesAndContributionMap":{"docs":{"insertions":92,"deletions":1}}},{"hash":"1dfa9955af8b03930021db8a2c396940b2a2fbe2","messageTitle":"Update developer guide","messageBody":"","fileTypesAndContributionMap":{"docs":{"insertions":38,"deletions":17}}},{"hash":"1cc3b7633da8ab276ce34ee3c221a75447a2a753","messageTitle":"Remove duplicated file","messageBody":"","fileTypesAndContributionMap":{"docs":{"insertions":0,"deletions":64}}},{"hash":"cf5d3e0e99069b9510c2945efa3dbc25de3c9076","messageTitle":"Update Content and Module DG","messageBody":"","fileTypesAndContributionMap":{"docs":{"insertions":63,"deletions":35}}}]},{"date":"2021-10-22","commitResults":[{"hash":"c1ada40eca866261d7b5fe814a05404dc6c6a2c4","messageTitle":"Update DG for Parser and Command Component","messageBody":"","fileTypesAndContributionMap":{"functional-code":{"insertions":0,"deletions":1},"docs":{"insertions":153,"deletions":5}}}]},{"date":"2021-10-23","commitResults":[{"hash":"cb68436ae40ad6e51dc7c15f4664f1bf3cf81756","messageTitle":"Update Workspace implementation DG","messageBody":"","fileTypesAndContributionMap":{"docs":{"insertions":226,"deletions":2}}},{"hash":"18b027094a91c69075eb75ed148b4eab8334884c","messageTitle":"First PDF implementation","messageBody":"","fileTypesAndContributionMap":{"functional-code":{"insertions":131,"deletions":16},"other":{"insertions":1,"deletions":1}}},{"hash":"4e38effb363d54c4c1da41ad3d426a58056b154b","messageTitle":"Refactor and change font implementation","messageBody":"","fileTypesAndContributionMap":{"functional-code":{"insertions":26,"deletions":12},"test-code":{"insertions":175,"deletions":160}}},{"hash":"a688ecb6f86c057dccbf33845ffca926a7989dbc","messageTitle":"Fix format","messageBody":"","fileTypesAndContributionMap":{"functional-code":{"insertions":6,"deletions":9}}},{"hash":"c60eff5af1bf3d38a21f71234e16c5b0be5805ba","messageTitle":"Remove DocumentException and add JUnit test","messageBody":"","fileTypesAndContributionMap":{"functional-code":{"insertions":23,"deletions":21},"test-code":{"insertions":138,"deletions":33}}},{"hash":"1e0ae3fd16018dfa64f1a2da90ad479dead9518a","messageTitle":"Refactor imports","messageBody":"","fileTypesAndContributionMap":{"functional-code":{"insertions":10,"deletions":19}}},{"hash":"e83cbbc927b50980f782686135d5ee89ec25e6cc","messageTitle":"Fix style error","messageBody":"","fileTypesAndContributionMap":{"functional-code":{"insertions":1,"deletions":1}}},{"hash":"aa62c370dd35b1ef271815cb4e9f488c6a1cba39","messageTitle":"Remove draft checkboxes","messageBody":"","fileTypesAndContributionMap":{"docs":{"insertions":0,"deletions":2}}},{"hash":"4e8d62579340145390dc5a497eb188bffc62a548","messageTitle":"Add Exception testcase","messageBody":"","fileTypesAndContributionMap":{"functional-code":{"insertions":5,"deletions":11},"test-code":{"insertions":8,"deletions":0}}},{"hash":"41304b3041c5872848b4b9d80e9ac1f90123c370","messageTitle":"Fix JUnit test","messageBody":"","fileTypesAndContributionMap":{"test-code":{"insertions":9,"deletions":2}}},{"hash":"8c226dfda8f4aa0228a689b4d7909fdbfbd00b7d","messageTitle":"Update ModuleManager and UpdateModuleCommand","messageBody":"","fileTypesAndContributionMap":{"functional-code":{"insertions":106,"deletions":14},"test-code":{"insertions":26,"deletions":34}}},{"hash":"6c145f22bbc7cd6f816fcb30ecc201601a6e17db","messageTitle":"Update JUnit","messageBody":"","fileTypesAndContributionMap":{"test-code":{"insertions":12,"deletions":2}}},{"hash":"0dcdc61e7d3a7a559587066233b1667f876a7397","messageTitle":"JUnit Test done","messageBody":"","fileTypesAndContributionMap":{"functional-code":{"insertions":9,"deletions":4},"test-code":{"insertions":88,"deletions":4}}},{"hash":"8c3db5135f202b30b9f96fbc98cbc24a5f781699","messageTitle":"Update JUnit test","messageBody":"","fileTypesAndContributionMap":{"functional-code":{"insertions":0,"deletions":4},"test-code":{"insertions":1,"deletions":0}}},{"hash":"5aaa79f4398b599a624c3498be7979848f14fe7f","messageTitle":"Update CommonUtils JUnit test","messageBody":"","fileTypesAndContributionMap":{"test-code":{"insertions":12,"deletions":2}}},{"hash":"f2a8a6b3a8acc37e2faa9d82ea0d8a04c067e868","messageTitle":"Resolve merge conflict","messageBody":"","fileTypesAndContributionMap":{"functional-code":{"insertions":0,"deletions":1},"test-code":{"insertions":2,"deletions":2}}}]},{"date":"2021-10-24","commitResults":[{"hash":"bf68e6c68fab945d9351481fdadbada0014c220a","messageTitle":"Update UG and fix bug","messageBody":"* Fix JUnit test warning\n* Fix export bug with no notes\n* Update UG include ","fileTypesAndContributionMap":{"functional-code":{"insertions":11,"deletions":4},"docs":{"insertions":52,"deletions":1},"test-code":{"insertions":10,"deletions":3}}},{"hash":"792cd210a04df83e9863700d1470730edb384b92","messageTitle":"Fix style","messageBody":"","fileTypesAndContributionMap":{"functional-code":{"insertions":4,"deletions":3}}},{"hash":"de8e5c15b5e9ec646fcd0bdf778ba48068df1d96","messageTitle":"Fix language typo","messageBody":"","fileTypesAndContributionMap":{"docs":{"insertions":1,"deletions":1}}},{"hash":"78e638c39a86d67737aef26efed0ae47006f3f17","messageTitle":"Minor format fix to UG","messageBody":"","fileTypesAndContributionMap":{"docs":{"insertions":3,"deletions":2}}}]},{"date":"2021-10-26","commitResults":[{"hash":"736ae064a30155782363971a4e56bdb06ce157bf","messageTitle":"Refactor code and fix upper case module","messageBody":"","fileTypesAndContributionMap":{"functional-code":{"insertions":8,"deletions":3}}},{"hash":"284bb6a9bfb9036a4fc78ba85b99230ea3d0990b","messageTitle":"Update and fix code","messageBody":"","fileTypesAndContributionMap":{"functional-code":{"insertions":4,"deletions":5},"test-code":{"insertions":1,"deletions":1}}},{"hash":"df4670d131bb8fdbd22c4f116d0dedfcd37aa8c8","messageTitle":"Update JUnit test","messageBody":"","fileTypesAndContributionMap":{"test-code":{"insertions":1,"deletions":2}}}]},{"date":"2021-10-27","commitResults":[{"hash":"918e3b7ce591c29ed400f4f2f8d61ed76e9e895b","messageTitle":"Update DG table and fix class diagrams","messageBody":"","fileTypesAndContributionMap":{"docs":{"insertions":17,"deletions":16}}},{"hash":"b113681d72e623af78d63b2254ccaa49b82f9734","messageTitle":"Update typo","messageBody":"","fileTypesAndContributionMap":{"docs":{"insertions":1,"deletions":2}}}]},{"date":"2021-10-30","commitResults":[{"hash":"8e898d156e770181da5e1f28d4dbfde0fd2a86e2","messageTitle":"Refactor Code","messageBody":"* Remove magic literal\n* Remove repeat code","fileTypesAndContributionMap":{"functional-code":{"insertions":43,"deletions":80}}},{"hash":"4006c132fa2f6f315300265a86e1390991a0fd72","messageTitle":"Refactor magic literal","messageBody":"Fix #141","fileTypesAndContributionMap":{"functional-code":{"insertions":2,"deletions":1}}},{"hash":"44975eeb8124fa94e108bd54ea83ba818ba47903","messageTitle":"Add JUnit test for codecov","messageBody":"","fileTypesAndContributionMap":{"test-code":{"insertions":2,"deletions":0}}},{"hash":"f7718ef924224f8dda3f8ece0a37ff0c823674ac","messageTitle":"Fix JUnit test","messageBody":"","fileTypesAndContributionMap":{"test-code":{"insertions":1,"deletions":1}}},{"hash":"8f18d8e044e5004cb8ff23a98f7cea638dec3de0","messageTitle":"Tighten regex for argument parsing and fix junit","messageBody":"","fileTypesAndContributionMap":{"functional-code":{"insertions":6,"deletions":1},"test-code":{"insertions":16,"deletions":21}}},{"hash":"4ebe42e8e22230b73c99ec8683d302dab22a0763","messageTitle":"Update AddNoteCommand Error message","messageBody":"","fileTypesAndContributionMap":{"functional-code":{"insertions":6,"deletions":4}}}]},{"date":"2021-10-31","commitResults":[{"hash":"308019c12daa16ce0fdc9054a2205b7437b74b49","messageTitle":"Update JUnit test","messageBody":"","fileTypesAndContributionMap":{"test-code":{"insertions":19,"deletions":0}}},{"hash":"7ec16539e16b108146f7ceebb7fe06518a7e0649","messageTitle":"Update and fix PE Bugs","messageBody":"","fileTypesAndContributionMap":{"functional-code":{"insertions":18,"deletions":9},"test-code":{"insertions":19,"deletions":20}}},{"hash":"7159cc05044287a79e142107e1a1d940ae43522a","messageTitle":"Merge from master","messageBody":"","fileTypesAndContributionMap":{"functional-code":{"insertions":1221,"deletions":567},"test-code":{"insertions":1042,"deletions":582}}}]},{"date":"2021-11-01","commitResults":[{"hash":"17b055d9765e755dcbdca276e6169caf3c0e304e","messageTitle":"Change IText 7","messageBody":"","fileTypesAndContributionMap":{"functional-code":{"insertions":24,"deletions":26},"other":{"insertions":1,"deletions":1},"test-code":{"insertions":9,"deletions":14}}},{"hash":"ceed351ddb72b84a36f00fd8181750c6e775cc3a","messageTitle":"Attempt fix linux JUnit test","messageBody":"","fileTypesAndContributionMap":{"functional-code":{"insertions":3,"deletions":3}}},{"hash":"b8c1094a57c26159c6847b08ea4fef018c00f12e","messageTitle":"Update codecov","messageBody":"","fileTypesAndContributionMap":{"functional-code":{"insertions":3,"deletions":0},"test-code":{"insertions":1,"deletions":1}}}]}],"Woolicious98":[{"date":"2021-09-30","commitResults":[{"hash":"05e734b953b0076e1138ae5a6570d57ab447edde","messageTitle":"Update aboutus to add my details","messageBody":"","fileTypesAndContributionMap":{"docs":{"insertions":1,"deletions":1}}}]},{"date":"2021-10-03","commitResults":[{"hash":"8d268104f31fcf141396cf9e46fde48ae209de0c","messageTitle":"Add notes add,delete and view functionality","messageBody":"","fileTypesAndContributionMap":{"functional-code":{"insertions":390,"deletions":10}}}]},{"date":"2021-10-05","commitResults":[{"hash":"a59f0e05a31c95d0523aca2c787cd77f736db317","messageTitle":"Fix formatting and issues commented on pr","messageBody":"","fileTypesAndContributionMap":{"functional-code":{"insertions":89,"deletions":65}}},{"hash":"363c23f1ba8a9b61bd41dedbf183156e066b8a2c","messageTitle":"Fix issues from format auto checks","messageBody":"","fileTypesAndContributionMap":{"functional-code":{"insertions":5,"deletions":4}}},{"hash":"e2d7b9fe9870081e7a9185a85e75c007d58dd317","messageTitle":"Fix MainCommandParser unit test","messageBody":"","fileTypesAndContributionMap":{"test-code":{"insertions":9,"deletions":8}}}]},{"date":"2021-10-07","commitResults":[{"hash":"81b007c1347f5c0b13a90b9ed421bd82119230b6","messageTitle":"Fix bug in DeleteCommand and messages","messageBody":"","fileTypesAndContributionMap":{"functional-code":{"insertions":37,"deletions":11},"other":{"insertions":3,"deletions":5},"test-code":{"insertions":4,"deletions":8}}}]},{"date":"2021-10-11","commitResults":[{"hash":"cd1d45a7895a565a9ba0a7c0e341df37182572f9","messageTitle":"Refactor NusModule and ContentManager","messageBody":"","fileTypesAndContributionMap":{"functional-code":{"insertions":50,"deletions":85},"test-code":{"insertions":23,"deletions":13}}}]},{"date":"2021-10-12","commitResults":[{"hash":"aaf65171e7cfa22d5d2af6cfc9cfb5b628071259","messageTitle":"Add JUnit for ContentManager and NusModule","messageBody":"","fileTypesAndContributionMap":{"test-code":{"insertions":173,"deletions":0}}},{"hash":"09b5742b8768f574bb64a9401c4124cb3ad65900","messageTitle":"Add logging to AddNoteCommand","messageBody":"","fileTypesAndContributionMap":{"functional-code":{"insertions":11,"deletions":1}}},{"hash":"e8fa57fbdf0ee2b6ebb1bda0a66a7552d2759e18","messageTitle":"Add logging to NusModule","messageBody":"","fileTypesAndContributionMap":{"functional-code":{"insertions":11,"deletions":9}}},{"hash":"f4ce1f176f3b7810b2bb79117cc5450f33de19d2","messageTitle":"Add comments to AddNoteCommand","messageBody":"","fileTypesAndContributionMap":{"functional-code":{"insertions":39,"deletions":26}}},{"hash":"659075e65a07ae689bd041f3d8349e71b6913079","messageTitle":"Update logging format for AddNoteCommand","messageBody":"","fileTypesAndContributionMap":{"functional-code":{"insertions":4,"deletions":4}}},{"hash":"77011aba4293844fea0cc4876a39c06fd36e676f","messageTitle":"Add JUnit for some CommonFormat methods","messageBody":"","fileTypesAndContributionMap":{"functional-code":{"insertions":12,"deletions":0},"test-code":{"insertions":129,"deletions":0}}},{"hash":"3a9a4c8e6c32cf25feec35cd9dee3719417af933","messageTitle":"Fix logging message getContentManager","messageBody":"","fileTypesAndContributionMap":{"functional-code":{"insertions":1,"deletions":0}}},{"hash":"fd5a777cd9075def0de8ce92e97d3e6a9ce74661","messageTitle":"Add JUnit test and assertion for all methods in CommonFormat class","messageBody":"","fileTypesAndContributionMap":{"functional-code":{"insertions":16,"deletions":3},"test-code":{"insertions":40,"deletions":0}}},{"hash":"67f348435b674fcb6c7a639dc516b985ae9b1f04","messageTitle":"Update CommonFormatTest convertToLocalTime method success to test 24hr format time","messageBody":"","fileTypesAndContributionMap":{"test-code":{"insertions":2,"deletions":2}}},{"hash":"9648c9323fc3bd0d4d8bb62dd920b274df571097","messageTitle":"Fix assertion in CommonFormat class","messageBody":"","fileTypesAndContributionMap":{"functional-code":{"insertions":5,"deletions":20},"test-code":{"insertions":1,"deletions":1}}},{"hash":"dca262e5682759dc91166e7641b36ac949218e84","messageTitle":"Create ViewNoteCommandTest file","messageBody":"","fileTypesAndContributionMap":{"test-code":{"insertions":57,"deletions":0}}},{"hash":"00b9a4f04adefed33267100fc87ea94412c27ff8","messageTitle":"Fix InvalidTimeException checks and add checks for isValidDay and isValidUrl","messageBody":"","fileTypesAndContributionMap":{"test-code":{"insertions":34,"deletions":0}}},{"hash":"8a4c39643698ad2ff413c26417f59b8b66024153","messageTitle":"Add JUnit test for ViewNoteCommand","messageBody":"","fileTypesAndContributionMap":{"test-code":{"insertions":31,"deletions":3}}},{"hash":"0c353dd7cd789a2021f91c97c72a3d85e240163e","messageTitle":"Fix lamba indentation in ViewNoteCommandTest","messageBody":"","fileTypesAndContributionMap":{"test-code":{"insertions":2,"deletions":3}}},{"hash":"19e359328d3418b8af484ad2fe00d1717d0fde19","messageTitle":"Add comments to AddNoteCommand, DeleteCommand and ViewCommand","messageBody":"","fileTypesAndContributionMap":{"functional-code":{"insertions":70,"deletions":22}}},{"hash":"accf5f43d5e7c77b02572b376e277847cd05197f","messageTitle":"Fix and standerdise exisiting comments","messageBody":"","fileTypesAndContributionMap":{"functional-code":{"insertions":72,"deletions":86}}},{"hash":"6f03d267c99f2c7239ed99c1cde39f52cfcb8b0e","messageTitle":"Fix CommonUtil conflics","messageBody":"","fileTypesAndContributionMap":{"functional-code":{"insertions":1,"deletions":1}}},{"hash":"1fdddfaaedb3b9dbe366969b7d76eea10e6419d8","messageTitle":"Add comments to NusModule and ContentManager","messageBody":"","fileTypesAndContributionMap":{"functional-code":{"insertions":88,"deletions":15},"test-code":{"insertions":5,"deletions":5}}},{"hash":"60710c803c61f49c1ab195d9b87d401aaa4b2cd6","messageTitle":"Fix indentation in Terminus class","messageBody":"","fileTypesAndContributionMap":{"functional-code":{"insertions":4,"deletions":4}}},{"hash":"626c4500484f08ba1fde20a830b2b0f0a688248a","messageTitle":"Fix spelling mistake in UG","messageBody":"","fileTypesAndContributionMap":{"docs":{"insertions":1,"deletions":1}}},{"hash":"b407463a6d2ba00bebbdda7805bb4f12a39608a5","messageTitle":"Change link in download TermiNUS.jar","messageBody":"","fileTypesAndContributionMap":{"docs":{"insertions":1,"deletions":1}}}]},{"date":"2021-10-16","commitResults":[{"hash":"7cf6716eb06a7b8fcd15705904d0138461e6178c","messageTitle":"Fix all Junit test","messageBody":"","fileTypesAndContributionMap":{"test-code":{"insertions":86,"deletions":74}}},{"hash":"b4adb52a1b6daf7198f57beacc63f827af6c4efe","messageTitle":"Fix all Junit test","messageBody":"","fileTypesAndContributionMap":{"functional-code":{"insertions":24,"deletions":19},"test-code":{"insertions":199,"deletions":118}}},{"hash":"202cf3f67c018a6361e67e657d20620fdf877d0b","messageTitle":"Fix text-ui-test","messageBody":"","fileTypesAndContributionMap":{"functional-code":{"insertions":27,"deletions":15}}}]},{"date":"2021-10-18","commitResults":[{"hash":"d90dcd581f7437f9df1d69425177f2f5c06e6cfb","messageTitle":"Add introduction and setup intellij in DG","messageBody":"","fileTypesAndContributionMap":{"docs":{"insertions":44,"deletions":20}}},{"hash":"294d3c73523c1c7930c0ceff240dd885f687da8d","messageTitle":"Add coding style import guide in DG","messageBody":"","fileTypesAndContributionMap":{"docs":{"insertions":38,"deletions":0}}},{"hash":"7465333435dc9cb7c9a697ba713d78886f54fbaa","messageTitle":"Add TOC","messageBody":"","fileTypesAndContributionMap":{"docs":{"insertions":10,"deletions":0}}},{"hash":"55878f8bdf013d3abe04052341bd8961ca320b06","messageTitle":"Update note object to saved as file text instead","messageBody":"","fileTypesAndContributionMap":{"functional-code":{"insertions":89,"deletions":2}}}]},{"date":"2021-10-19","commitResults":[{"hash":"ed89679c443cbba85e95b0ba115091f9e6d1cb13","messageTitle":"Update notes file method to cater single module","messageBody":"","fileTypesAndContributionMap":{"functional-code":{"insertions":22,"deletions":16}}},{"hash":"8d1bb14dc86dc1512eebc15d5cd84a7623ed8649","messageTitle":"Add purging data in content manager","messageBody":"","fileTypesAndContributionMap":{"functional-code":{"insertions":6,"deletions":3}}},{"hash":"10a23d9d560d205a57bb4673bc766d7d3fc1b5df","messageTitle":"Add purge all data","messageBody":"","fileTypesAndContributionMap":{"functional-code":{"insertions":17,"deletions":0},"test-code":{"insertions":4,"deletions":4}}},{"hash":"84e92dce03e9c67299bb0e6d830d51dff7d35d89","messageTitle":"Add update note file only when there are changes, mainly delete and add note command","messageBody":"","fileTypesAndContributionMap":{"functional-code":{"insertions":52,"deletions":8}}},{"hash":"189dad067f77954b78a171ef210c6c9c04fa8073","messageTitle":"Update IO exception thrown method","messageBody":"","fileTypesAndContributionMap":{"functional-code":{"insertions":8,"deletions":14}}},{"hash":"2dc936ceb765dda6c838db232796ee0aa712610b","messageTitle":"Add JavaDocs to new and updated methods","messageBody":"","fileTypesAndContributionMap":{"functional-code":{"insertions":57,"deletions":8}}},{"hash":"3f353c577718c1ac56f7922522657ebf6765cbd6","messageTitle":"Update isValidFilename to be stricter with more constraints","messageBody":"","fileTypesAndContributionMap":{"functional-code":{"insertions":36,"deletions":11},"other":{"insertions":0,"deletions":0}}},{"hash":"3f1a85f0b6e718b7ee5bf28f26c2a186838f5ce9","messageTitle":"Add module delete command to delete the module folder","messageBody":"","fileTypesAndContributionMap":{"functional-code":{"insertions":45,"deletions":16}}},{"hash":"8398dfe2e37d3122b11fa1b96ed493f54cbec2cf","messageTitle":"Update module add,delete with file storage","messageBody":"","fileTypesAndContributionMap":{"functional-code":{"insertions":46,"deletions":15}}},{"hash":"ab93163b4286eb019c393da5a507f41edb56bcae","messageTitle":"Add file size check","messageBody":"","fileTypesAndContributionMap":{"functional-code":{"insertions":24,"deletions":3}}},{"hash":"18934db6e16f48be96fb5a9e818a1be47663134b","messageTitle":"Add check for duplicate note name","messageBody":"","fileTypesAndContributionMap":{"functional-code":{"insertions":12,"deletions":2}}},{"hash":"937eb7b7e887345740b145dd0d3a086e8c76d997","messageTitle":"Fix file data to accept any characters even non-ascii","messageBody":"","fileTypesAndContributionMap":{"functional-code":{"insertions":2,"deletions":5}}},{"hash":"081820acb88e219e8ad86f6d3ebf345a0e59bf9d","messageTitle":"Fix indentation and class name change","messageBody":"","fileTypesAndContributionMap":{"functional-code":{"insertions":4,"deletions":4},"test-code":{"insertions":1,"deletions":1}}},{"hash":"c4bc66d7f560d18f5dff6b486238dd06726f2f8d","messageTitle":"Add javadocs to new methods","messageBody":"","fileTypesAndContributionMap":{"functional-code":{"insertions":66,"deletions":21}}},{"hash":"3377683353d08bc1b2b5cb45885d910bc77b1dcb","messageTitle":"Add and fix JUnit test for note file system","messageBody":"","fileTypesAndContributionMap":{"test-code":{"insertions":225,"deletions":43}}}]},{"date":"2021-10-20","commitResults":[{"hash":"458e096434d373a6648a66f7ce04dfcb81a3ea1e","messageTitle":"Fix Junit CI fail","messageBody":"","fileTypesAndContributionMap":{"test-code":{"insertions":0,"deletions":2}}},{"hash":"0e02373d45d2be51cf78edb1ba1feb410904ff80","messageTitle":"Fix moduleManager is null bug from initial load","messageBody":"","fileTypesAndContributionMap":{"functional-code":{"insertions":3,"deletions":0}}},{"hash":"6b861e55977f9e8847afa210b76f255c83f63118","messageTitle":"Fix indentation in moduleStorage","messageBody":"","fileTypesAndContributionMap":{"functional-code":{"insertions":1,"deletions":1}}},{"hash":"390617e768b259a877583bffa8cde7869983f7b0","messageTitle":"Update save notes method to cater failed deletion","messageBody":"","fileTypesAndContributionMap":{"functional-code":{"insertions":10,"deletions":7},"test-code":{"insertions":1,"deletions":1}}},{"hash":"2fbeaf0f16009cd082a663a3e4ce0c7d5d11cef1","messageTitle":"Update java docs for save notes method that takes in a boolean now","messageBody":"","fileTypesAndContributionMap":{"functional-code":{"insertions":1,"deletions":0}}},{"hash":"a7cedb2f2d86c03806a669b98805871786d6c510","messageTitle":"Update delete and add note to affect that specfic file only.","messageBody":"","fileTypesAndContributionMap":{"functional-code":{"insertions":51,"deletions":7}}},{"hash":"865fd84e5c07e7195841a981bf521d1956e8d748","messageTitle":"Update logger message","messageBody":"","fileTypesAndContributionMap":{"functional-code":{"insertions":1,"deletions":0}}},{"hash":"cf75508bdce1b052fd444e3b36211fc1b4ba07d2","messageTitle":"Update JUnit test for modulestorage","messageBody":"","fileTypesAndContributionMap":{"functional-code":{"insertions":16,"deletions":16},"test-code":{"insertions":131,"deletions":3}}},{"hash":"bc1758d10dcec1d7dabf3f104bdf59669a62a698","messageTitle":"Fix checkstyle in JUnit","messageBody":"","fileTypesAndContributionMap":{"test-code":{"insertions":6,"deletions":6}}},{"hash":"6ba33b3b7d6cfe6164c1d0480fe8b164dfa14055","messageTitle":"Update instance method","messageBody":"","fileTypesAndContributionMap":{"functional-code":{"insertions":3,"deletions":0}}},{"hash":"a46759253db56d23dbcd47ed6e6e604c98b6a986","messageTitle":"Fix singleton for moduleStorage to private constructor","messageBody":"","fileTypesAndContributionMap":{"functional-code":{"insertions":13,"deletions":8},"test-code":{"insertions":39,"deletions":24}}},{"hash":"937fd632374ca1bdd5fe77db6fdc729dbd943b45","messageTitle":"Change all singleton constructors to private","messageBody":"","fileTypesAndContributionMap":{"functional-code":{"insertions":5,"deletions":5}}}]},{"date":"2021-10-21","commitResults":[{"hash":"ee73ce425821630909c86d2b44a641120db112b7","messageTitle":"Fix JUnit test for exit command test","messageBody":"","fileTypesAndContributionMap":{"test-code":{"insertions":2,"deletions":2}}},{"hash":"39822331fed374762839451cc81b7c1edf8ac990","messageTitle":"Fix IOException message and fix Junit method name","messageBody":"","fileTypesAndContributionMap":{"functional-code":{"insertions":4,"deletions":4},"test-code":{"insertions":2,"deletions":2}}},{"hash":"d88565f09cbfe1d024fe34590b39c58227d6d264","messageTitle":"Add storage component UML","messageBody":"","fileTypesAndContributionMap":{"docs":{"insertions":52,"deletions":0}}},{"hash":"68014f64bff3b0453979cb5e1e446cbbac5ca86c","messageTitle":"Update DG for storage component","messageBody":"","fileTypesAndContributionMap":{"docs":{"insertions":36,"deletions":22}}},{"hash":"8e4fe5eaa64e5d4abda2a29db7965d2b91f74e2f","messageTitle":"Add seq diagram for add mod","messageBody":"","fileTypesAndContributionMap":{"docs":{"insertions":25,"deletions":0}}}]},{"date":"2021-10-22","commitResults":[{"hash":"c274bdf85f57e542a2ec0237a1a4bcf911d89f8f","messageTitle":"Add some storage seq UML","messageBody":"","fileTypesAndContributionMap":{"docs":{"insertions":183,"deletions":5}}},{"hash":"8b0dcaf9566fdbf4b084cdcc7ce3a3581d0ae341","messageTitle":"Add initialize storage implementation in DG","messageBody":"","fileTypesAndContributionMap":{"docs":{"insertions":53,"deletions":1}}},{"hash":"4e57426f36ee9e8721a4e44b39900879940f77de","messageTitle":"Update text","messageBody":"","fileTypesAndContributionMap":{"docs":{"insertions":1,"deletions":1}}},{"hash":"a8bdf1532fed07ab44b7df1c29240a43a5bc3d9c","messageTitle":"Update introduction, add purpose of document","messageBody":"","fileTypesAndContributionMap":{"docs":{"insertions":10,"deletions":3}}},{"hash":"f00c45d0bc6f3df0a123884991d35bfba96bf2bf","messageTitle":"Add using this guide, update getting started","messageBody":"","fileTypesAndContributionMap":{"docs":{"insertions":110,"deletions":53}}},{"hash":"dcb0857e9857abc8f8a42dd3581bbfe7e50d4c59","messageTitle":"Add module workspace command","messageBody":"","fileTypesAndContributionMap":{"docs":{"insertions":108,"deletions":4}}},{"hash":"126df20ae22e19c0207549003969d80b85bb2020","messageTitle":"Add section module workspace, basically the go command","messageBody":"","fileTypesAndContributionMap":{"docs":{"insertions":58,"deletions":9}}},{"hash":"5780038e5061ddc9e3daca8571401fcbd2c2f383","messageTitle":"Update note section in UG","messageBody":"","fileTypesAndContributionMap":{"docs":{"insertions":96,"deletions":46}}}]},{"date":"2021-10-23","commitResults":[{"hash":"53fd533d6540f164842803daa3faef314400ed5f","messageTitle":"Update UG fully except TOC","messageBody":"","fileTypesAndContributionMap":{"docs":{"insertions":289,"deletions":126}}},{"hash":"74a3e6d57b971a95660a44cd72bce28dd3b21a87","messageTitle":"Update TOC and add TOC command","messageBody":"","fileTypesAndContributionMap":{"docs":{"insertions":35,"deletions":37}}}]},{"date":"2021-10-24","commitResults":[{"hash":"c50b90b255f732ceed98e471cbf98d5217bcfc9c","messageTitle":"Add workspace indicator explanation","messageBody":"","fileTypesAndContributionMap":{"docs":{"insertions":2,"deletions":1}}},{"hash":"d1542e9173ab7f298d195d76b4a65a323a730d82","messageTitle":"Add quick guide to using Terminus","messageBody":"","fileTypesAndContributionMap":{"docs":{"insertions":19,"deletions":2}}},{"hash":"f8f17a369a1c25236080540fad08b4a47c69aff4","messageTitle":"Fix hyperlink for section headers","messageBody":"","fileTypesAndContributionMap":{"docs":{"insertions":11,"deletions":11}}},{"hash":"0476d4a5244c95a7fe62aaa8947c988242098654","messageTitle":"Fix bug in reading non text file","messageBody":"","fileTypesAndContributionMap":{"functional-code":{"insertions":18,"deletions":9}}},{"hash":"e79c864da0f6b3f6d38cfd5443f65ce4579ecd54","messageTitle":"Add update module change directory name","messageBody":"","fileTypesAndContributionMap":{"functional-code":{"insertions":19,"deletions":1},"test-code":{"insertions":7,"deletions":5}}},{"hash":"4acf821c98ec7e7674199d628426127e4dfc0b64","messageTitle":"Fix update module Junit to remove directory after finish test","messageBody":"","fileTypesAndContributionMap":{"test-code":{"insertions":9,"deletions":1}}},{"hash":"9cd2edcb0402f580220e558af451cb00c8d9e201","messageTitle":"Add note reload command","messageBody":"","fileTypesAndContributionMap":{"functional-code":{"insertions":42,"deletions":1},"test-code":{"insertions":0,"deletions":1}}},{"hash":"b0d50f5640c5d0c4494d6dee98a78cd2bf77f48e","messageTitle":"Add javadocs to reload command","messageBody":"","fileTypesAndContributionMap":{"functional-code":{"insertions":23,"deletions":5}}},{"hash":"a9dc9c348508e3bbc0e7131eaa6cff5e0d332f09","messageTitle":"Add JUnit for reload command","messageBody":"","fileTypesAndContributionMap":{"functional-code":{"insertions":7,"deletions":4},"test-code":{"insertions":112,"deletions":0}}},{"hash":"45a9a8f18ae6f882a05419e7bd15283bbc60e7af","messageTitle":"Fix null pointer exception on probe and fix update module missing","messageBody":"","fileTypesAndContributionMap":{"functional-code":{"insertions":14,"deletions":4}}},{"hash":"3fd5b108914ac4058318cbf18c92a625dd7fbd60","messageTitle":"Fix JUnit bug for reload command","messageBody":"","fileTypesAndContributionMap":{"test-code":{"insertions":11,"deletions":1}}},{"hash":"0d0987057bdf00e888974b0800b18cf04a8fe845","messageTitle":"Fix bug in Junit reload command test that have os dependencies","messageBody":"","fileTypesAndContributionMap":{"test-code":{"insertions":3,"deletions":6}}},{"hash":"b3dcf44926abf93a31eab7e8af86741cc478dc52","messageTitle":"Add extra JUnit to cover codecov","messageBody":"","fileTypesAndContributionMap":{"test-code":{"insertions":30,"deletions":0}}},{"hash":"2fe7a5ad316927d37ee243b62e921628be14e4a9","messageTitle":"Update junit to remove test1 folder","messageBody":"","fileTypesAndContributionMap":{"test-code":{"insertions":1,"deletions":0}}},{"hash":"40a7ac1bdcbcf7c2d4dba8a6ce26d205e97caa48","messageTitle":"Add file channel to junit test","messageBody":"","fileTypesAndContributionMap":{"test-code":{"insertions":7,"deletions":8}}},{"hash":"cc2f047a190d7ae8e8e02c4fed95bc4c86553b37","messageTitle":"Add after each for module storage junit","messageBody":"","fileTypesAndContributionMap":{"test-code":{"insertions":7,"deletions":6}}},{"hash":"197a10a086f95425af61320a19b22aa25f8e605e","messageTitle":"Remove os dependencies JUnit test","messageBody":"","fileTypesAndContributionMap":{"test-code":{"insertions":0,"deletions":18}}},{"hash":"c2d6ebc2642c84064c6f468ebf69becce5876426","messageTitle":"Update py file to ser file","messageBody":"","fileTypesAndContributionMap":{"test-code":{"insertions":8,"deletions":2}}}]},{"date":"2021-10-25","commitResults":[{"hash":"8fccbc567085132381fd815b004455d2ee58e574","messageTitle":"Update TermiNUS name to be consistent and rearrange section in UG","messageBody":"","fileTypesAndContributionMap":{"docs":{"insertions":35,"deletions":35}}},{"hash":"6ecb02e469196f745dea80aabdf440049e2e3508","messageTitle":"Update UG hyperlinks and add more explanations","messageBody":"","fileTypesAndContributionMap":{"docs":{"insertions":13,"deletions":2}}},{"hash":"9b1790c18515898058724627dfce03d647c95e26","messageTitle":"Update link hyperlink to dead link","messageBody":"","fileTypesAndContributionMap":{"docs":{"insertions":1,"deletions":1}}},{"hash":"20e87f54c76e8f31c532be6c3a43892f760d0389","messageTitle":"Update command options to include quotes","messageBody":"","fileTypesAndContributionMap":{"docs":{"insertions":1,"deletions":0}}},{"hash":"e60c439db8e462bcfeb2f619b97c14b63b00e503","messageTitle":"Update FAQ in UG","messageBody":"","fileTypesAndContributionMap":{"docs":{"insertions":4,"deletions":4}}},{"hash":"0788a212c492d7dd5b61d5938225b28bb896423e","messageTitle":"Fix module name to module code consistency","messageBody":"","fileTypesAndContributionMap":{"docs":{"insertions":3,"deletions":3}}}]},{"date":"2021-10-26","commitResults":[{"hash":"f9cae30787de7c7bfd587afe7327bd33ae78f458","messageTitle":"Fix bug in reload command","messageBody":"","fileTypesAndContributionMap":{"functional-code":{"insertions":5,"deletions":1}}},{"hash":"b53c1c681468a037598d65f9c4925a1d9b7a14f3","messageTitle":"Fix permission errors in directory","messageBody":"","fileTypesAndContributionMap":{"functional-code":{"insertions":6,"deletions":0}}},{"hash":"95e54113ab5c8f31995185fb92b3be6754d74e34","messageTitle":"Update load to prevent ioexception on note load","messageBody":"","fileTypesAndContributionMap":{"functional-code":{"insertions":3,"deletions":2}}},{"hash":"1c5f44f49509758045720f8351553446e2551a2c","messageTitle":"Imporve JUnit coverage on storage","messageBody":"","fileTypesAndContributionMap":{"test-code":{"insertions":37,"deletions":3}}},{"hash":"bec204aeaaf84619a4c69c3f883b51c2890e56eb","messageTitle":"Fix indentation","messageBody":"","fileTypesAndContributionMap":{"test-code":{"insertions":12,"deletions":2}}},{"hash":"3cb2cdf9e0bfda08857b5747f75e57dca08115d8","messageTitle":"Update JUnit for storage","messageBody":"","fileTypesAndContributionMap":{"functional-code":{"insertions":7,"deletions":1},"test-code":{"insertions":68,"deletions":0}}},{"hash":"861235e39f33cac2dae9aa16b32b2c49a13aea6d","messageTitle":"Remove large file txt","messageBody":"","fileTypesAndContributionMap":{"test-code":{"insertions":3,"deletions":2}}},{"hash":"4738f2faad1bae0292306084829363654f53a608","messageTitle":"Fix windows os JUnit depedencies","messageBody":"","fileTypesAndContributionMap":{"test-code":{"insertions":2,"deletions":3}}},{"hash":"d391ee2f0f9eb6608c10b59c5a5fadde36f8df6d","messageTitle":"Fix windows junit test for load file","messageBody":"","fileTypesAndContributionMap":{"test-code":{"insertions":3,"deletions":2}}},{"hash":"c9c42dd1475390ccd9d906d9c60aa018b74ec6e7","messageTitle":"Remove os dependencies JUnit test","messageBody":"","fileTypesAndContributionMap":{"test-code":{"insertions":0,"deletions":14}}},{"hash":"4aa0a3f3cd01de4db273718c5f326838e8088cba","messageTitle":"Add check for listoffiles null","messageBody":"","fileTypesAndContributionMap":{"test-code":{"insertions":30,"deletions":2}}},{"hash":"bdfe8095bf5a24fc32dee8d31cef186984dab12d","messageTitle":"Remove redundancy checks","messageBody":"","fileTypesAndContributionMap":{"functional-code":{"insertions":1,"deletions":7}}},{"hash":"a5349d8ec78f5687b461e6b9331524aa8c1d98ba","messageTitle":"Fix Junit for storage","messageBody":"","fileTypesAndContributionMap":{"test-code":{"insertions":2,"deletions":3}}},{"hash":"363f57ff7c507ad93c9c2dc1bedb2f0c3cec941e","messageTitle":"Update module filter in storage from json","messageBody":"","fileTypesAndContributionMap":{"functional-code":{"insertions":5,"deletions":2}}},{"hash":"0874dc3d48197aa0c3be7deaf3e220d5f2c3ec8a","messageTitle":"Add check lower case for note name","messageBody":"","fileTypesAndContributionMap":{"functional-code":{"insertions":1,"deletions":1}}},{"hash":"b9cf485028612c3a1b04f8be8b60e7783e481567","messageTitle":"Add JavaDocs for isDuplicateName","messageBody":"","fileTypesAndContributionMap":{"functional-code":{"insertions":6,"deletions":0}}}]},{"date":"2021-10-27","commitResults":[{"hash":"d0d69b2bc875568083cd2c9e40254a0a60095a1a","messageTitle":"Update DG with storage and add trim to file path checks","messageBody":"","fileTypesAndContributionMap":{"functional-code":{"insertions":1,"deletions":2},"docs":{"insertions":32,"deletions":38}}}]},{"date":"2021-10-30","commitResults":[{"hash":"56b533334278fe327c15fbdd802bf0da56f032b4","messageTitle":"Update add, delete and reload note command","messageBody":"","fileTypesAndContributionMap":{"functional-code":{"insertions":379,"deletions":32}}},{"hash":"b23a2ce3b1cbd88d7216cc37bb40f910d668d8ee","messageTitle":"Update delete and update module command","messageBody":"","fileTypesAndContributionMap":{"functional-code":{"insertions":81,"deletions":18}}},{"hash":"9e46b28d806712d540e1e0148a009b046c46672f","messageTitle":"Update Terminus to use StorageManager and add the rest of the storage types","messageBody":"","fileTypesAndContributionMap":{"functional-code":{"insertions":189,"deletions":42}}},{"hash":"b472c635aa5375e56cb17c6b4bc69e332d96a853","messageTitle":"Update pdf storage","messageBody":"","fileTypesAndContributionMap":{"functional-code":{"insertions":116,"deletions":20}}},{"hash":"a1ecd77138667fc4a7b4ad8bfb3d15461c5df287","messageTitle":"Update load function in StorageManager","messageBody":"","fileTypesAndContributionMap":{"functional-code":{"insertions":2,"deletions":2}}},{"hash":"32e5918a7331f75bfc015fd80914c84adc0ad7fd","messageTitle":"Fix display messages","messageBody":"","fileTypesAndContributionMap":{"functional-code":{"insertions":18,"deletions":13}}},{"hash":"30a60d241cdfe220f98529227986283dd4bc55be","messageTitle":"Add filter manager","messageBody":"","fileTypesAndContributionMap":{"functional-code":{"insertions":108,"deletions":1}}},{"hash":"c25b4efeba97a8f733e726e5df86a8d3be17493d","messageTitle":"Add filter to load notes","messageBody":"","fileTypesAndContributionMap":{"functional-code":{"insertions":2,"deletions":1}}},{"hash":"23e41c0990d7b0f5c940bde2b21ab51f41bec406","messageTitle":"Update export command","messageBody":"","fileTypesAndContributionMap":{"functional-code":{"insertions":5,"deletions":12}}},{"hash":"79945c18522094a650fe52bc97c660fca13a5bee","messageTitle":"Fix checkstyle","messageBody":"","fileTypesAndContributionMap":{"functional-code":{"insertions":17,"deletions":19}}},{"hash":"49fbc7d968c81c10ea4ac60aa3627bdd2c40d9d4","messageTitle":"Add javadocs to newly created storage classes","messageBody":"","fileTypesAndContributionMap":{"functional-code":{"insertions":311,"deletions":5}}}]},{"date":"2021-10-31","commitResults":[{"hash":"bea31c8752f670e204c2564218fbd2ab9f2662cb","messageTitle":"Remove modulestorage from Junit","messageBody":"","fileTypesAndContributionMap":{"functional-code":{"insertions":4,"deletions":12},"test-code":{"insertions":49,"deletions":159}}},{"hash":"2891fc5b5a72a8e73b5b8d2bb6e9f336f52b7c58","messageTitle":"Isolate CommandResult extraction into StorageManager","messageBody":"","fileTypesAndContributionMap":{"functional-code":{"insertions":33,"deletions":12},"test-code":{"insertions":17,"deletions":22}}},{"hash":"10ba744dfb0ae062948600bd75985f8622ef04c6","messageTitle":"Add JUnit for createfolder and createfile","messageBody":"","fileTypesAndContributionMap":{"functional-code":{"insertions":14,"deletions":5},"test-code":{"insertions":128,"deletions":2}}},{"hash":"36e718a64e5beb2a338a4f9a172a66c714b8a3c9","messageTitle":"Add checks to test if folder exists in JUnit","messageBody":"","fileTypesAndContributionMap":{"test-code":{"insertions":1,"deletions":0}}},{"hash":"306d984953845337a7d365e49dad39c3a7a4d2ab","messageTitle":"Add after each to remove folder","messageBody":"","fileTypesAndContributionMap":{"test-code":{"insertions":6,"deletions":0}}},{"hash":"295e355174e7f2f21f3d2b4fee798a5b6304ddda","messageTitle":"Add JUnit for Storage class","messageBody":"","fileTypesAndContributionMap":{"functional-code":{"insertions":12,"deletions":5},"test-code":{"insertions":256,"deletions":0}}},{"hash":"6a4a27f164c21e694607486c259e851c07368662","messageTitle":"Test enable on OS JUnit feature","messageBody":"","fileTypesAndContributionMap":{"test-code":{"insertions":11,"deletions":2}}},{"hash":"16ccf678d3b0b15e38dfe1c0328273a005a24e8e","messageTitle":"Add os dependencies tag for JUnit storage","messageBody":"","fileTypesAndContributionMap":{"test-code":{"insertions":2,"deletions":0}}},{"hash":"283c0864f86e22b6ee2bb34842b1b458b3342186","messageTitle":"Add JUnit for NoteStorage","messageBody":"","fileTypesAndContributionMap":{"functional-code":{"insertions":5,"deletions":7},"test-code":{"insertions":176,"deletions":1}}},{"hash":"00d196144939bb37f90479668818ad7319644409","messageTitle":"Add JUnit for FolderStorage","messageBody":"","fileTypesAndContributionMap":{"functional-code":{"insertions":5,"deletions":6},"test-code":{"insertions":90,"deletions":0}}},{"hash":"54be396b376d3242d6080c57dae7777130d28ff3","messageTitle":"Add JUnit for PdfStorage","messageBody":"","fileTypesAndContributionMap":{"functional-code":{"insertions":4,"deletions":7},"test-code":{"insertions":73,"deletions":0}}},{"hash":"8c64c44b7b1470d6995e6ba2cbdc71b115c2f2af","messageTitle":"Add JUnit to JsonStorage","messageBody":"","fileTypesAndContributionMap":{"functional-code":{"insertions":13,"deletions":2},"test-code":{"insertions":107,"deletions":0}}},{"hash":"f0d768120efb10200bca22f408229bd216ebea72","messageTitle":"Add JUnit for StorageManager","messageBody":"","fileTypesAndContributionMap":{"functional-code":{"insertions":3,"deletions":2},"test-code":{"insertions":135,"deletions":0}}},{"hash":"3a0ca1275aa09837b56a5b0b96ef23de8d90894b","messageTitle":"Add JUnit for FilterManager","messageBody":"","fileTypesAndContributionMap":{"functional-code":{"insertions":14,"deletions":44},"test-code":{"insertions":64,"deletions":0}}},{"hash":"429c976d58b63f52462194c0d6b583d5a7850bdc","messageTitle":"Remove ModuleStorage","messageBody":"","fileTypesAndContributionMap":{"functional-code":{"insertions":0,"deletions":444},"test-code":{"insertions":0,"deletions":413}}},{"hash":"c5d4d34e1b381ca3c657a02feb67192d5c7db439","messageTitle":"Fix error in JUnit for windows","messageBody":"","fileTypesAndContributionMap":{"test-code":{"insertions":1,"deletions":0}}},{"hash":"3d33faaeb2db8fc17fa800dbaae1082fe67fbbca","messageTitle":"Fix windows JUnitr crash","messageBody":"","fileTypesAndContributionMap":{"functional-code":{"insertions":9,"deletions":1}}},{"hash":"8811cde1019eb812058fca7b30c9433ada6f80eb","messageTitle":"Add Terminus Logger to Storage","messageBody":"","fileTypesAndContributionMap":{"functional-code":{"insertions":13,"deletions":0}}},{"hash":"aefc51445baa356ef9795b69ec6a6af8c41ba8c0","messageTitle":"Update filter for schedule","messageBody":"","fileTypesAndContributionMap":{"functional-code":{"insertions":20,"deletions":1}}},{"hash":"3a693095700204f8200ab9b30e697e69faa0e9ec","messageTitle":"Fix indentation erorrand optimise imports","messageBody":"","fileTypesAndContributionMap":{"functional-code":{"insertions":8,"deletions":34},"test-code":{"insertions":1,"deletions":58}}},{"hash":"bae3e4e72e6833ca439f552c295f340f1219c336","messageTitle":"Add hadDUrationOverflow check for Filter","messageBody":"","fileTypesAndContributionMap":{"functional-code":{"insertions":3,"deletions":0}}},{"hash":"faa0f9da698bf3e7d488c6f140180c4c00cfe8f0","messageTitle":"Extract note filter to its own function","messageBody":"","fileTypesAndContributionMap":{"functional-code":{"insertions":20,"deletions":10}}},{"hash":"7e03de2feaff9f0055bf658ad8f143a76cc1890e","messageTitle":"Updat filter manager method to public static for checks","messageBody":"","fileTypesAndContributionMap":{"functional-code":{"insertions":4,"deletions":4}}}]}]},"authorFileTypeContributionMap":{"kelvneo":{"docs":641,"functional-code":1148,"test-code":1064,"other":32},"LouisLouis19":{"docs":355,"functional-code":764,"test-code":594},"3m0W33D":{"docs":557,"functional-code":1309,"test-code":992,"other":1},"Woolicious98":{"docs":1031,"functional-code":1690,"test-code":1750}},"authorContributionVariance":{"kelvneo":51233.67,"LouisLouis19":42400.47,"3m0W33D":361234.34,"Woolicious98":245379.61},"authorDisplayNameMap":{"kelvneo":"CS2113T-T10-2 NEO ..LVIN","LouisLouis19":"CS2113T-T10-2 LOUI..OUIS","3m0W33D":"CS2113T-T10-2 TAY ..YLER","Woolicious98":"CS2113T-T10-2 TAN .. WOO"}}
