[{"path":"docs/AboutUs.md","fileType":"docs","lines":[{"lineNumber":1,"author":{"gitId":"-"},"content":"# About us","lastModifiedDate":"2020-05-24"},{"lineNumber":2,"author":{"gitId":"-"},"content":"","lastModifiedDate":"2020-05-24"},{"lineNumber":3,"author":{"gitId":"-"},"content":"Display | Name | Github Profile | Portfolio ","lastModifiedDate":"2020-05-24"},{"lineNumber":4,"author":{"gitId":"-"},"content":"--------|:----:|:--------------:|:---------:","lastModifiedDate":"2020-05-24"},{"lineNumber":5,"author":{"gitId":"thaddyyz"},"content":"![](https://via.placeholder.com/100.png?text\u003dPhoto) | Yi Zheng | [Github](https://github.com/thaddyyz) | [Portfolio](docs/team/thaddyyz.md)","lastModifiedDate":"2021-09-30"},{"lineNumber":6,"author":{"gitId":"WaiKit-nus"},"content":"![](https://via.placeholder.com/100.png?text\u003dPhoto) | Lau Wai Kit | [Github](https://github.com/WaiKit-nus) | [Portfolio](docs/team/waikit-nus.md)","lastModifiedDate":"2021-09-30"},{"lineNumber":7,"author":{"gitId":"markuslyq"},"content":"![](https://via.placeholder.com/100.png?text\u003dPhoto) | Markus Lim | [Github](https://github.com/markuslyq) | [Portfolio](docs/team/markuslyq.md)","lastModifiedDate":"2021-09-30"},{"lineNumber":8,"author":{"gitId":"andrewtkh1"},"content":"![](https://via.placeholder.com/100.png?text\u003dPhoto) | Andrew Tan | [Github](https://github.com/andrewtkh1) | [Portfolio](docs/team/andrewtkh1.md)","lastModifiedDate":"2021-09-30"},{"lineNumber":9,"author":{"gitId":"mohamad-adam8991"},"content":"![](https://via.placeholder.com/100.png?text\u003dPhoto) | Mohamad Adam Bin Mohamad Yazid | [Github](https://github.com/mohamad-adam8991) | [Portfolio](docs/team/mohamad-adam8991.md)","lastModifiedDate":"2021-09-30"}],"authorContributionMap":{"markuslyq":1,"mohamad-adam8991":1,"andrewtkh1":1,"thaddyyz":1,"WaiKit-nus":1,"-":4}}]
