{"authorDailyContributionsMap":{"markuslyq":[{"date":"2021-09-30","commitResults":[{"hash":"800059c7e0da645fed3f1034215218650d94a80c","messageTitle":"Update AboutUs.md","messageBody":"","fileTypesAndContributionMap":{"docs":{"insertions":1,"deletions":5}}}]}],"mohamad-adam8991":[{"date":"2021-09-30","commitResults":[{"hash":"86b57630572f179ed25a67b5795c2f46ebc2bad5","messageTitle":"Updated about me page with personal details","messageBody":"","fileTypesAndContributionMap":{"docs":{"insertions":1,"deletions":5}}}]}],"andrewtkh1":[{"date":"2021-09-30","commitResults":[{"hash":"8151ab115ab143031e952e53a15c582a5a47a8d7","messageTitle":"Update aboutUs with Andrew\u0027s details.","messageBody":"","fileTypesAndContributionMap":{"docs":{"insertions":1,"deletions":5}}}]}],"thaddyyz":[{"date":"2021-09-30","commitResults":[{"hash":"c7033bfaa0fafc956c01eb3181472f73688085ed","messageTitle":"test","messageBody":"","fileTypesAndContributionMap":{"functional-code":{"insertions":3,"deletions":0}}},{"hash":"c663b8198522ed9c9ce770c4c3da5d62e54acd76","messageTitle":"update about us yizheng\u0027s details","messageBody":"","fileTypesAndContributionMap":{"functional-code":{"insertions":0,"deletions":3},"docs":{"insertions":1,"deletions":5}}}]}],"WaiKit-nus":[{"date":"2021-09-30","commitResults":[{"hash":"809e36f8afc7794e59a585e59c4aea889e111856","messageTitle":"Updated AboutUs to include WaiKit profile.","messageBody":"","fileTypesAndContributionMap":{"docs":{"insertions":1,"deletions":5}}}]}]},"authorFileTypeContributionMap":{"markuslyq":{"docs":1,"functional-code":0,"test-code":0},"mohamad-adam8991":{"docs":1,"functional-code":0,"test-code":0},"andrewtkh1":{"docs":1,"functional-code":0,"test-code":0},"thaddyyz":{"docs":1,"functional-code":0,"test-code":0},"WaiKit-nus":{"docs":1,"functional-code":0,"test-code":0}},"authorContributionVariance":{"markuslyq":5.0,"mohamad-adam8991":5.0,"andrewtkh1":5.0,"thaddyyz":20.0,"WaiKit-nus":5.0},"authorDisplayNameMap":{"markuslyq":"CS2113-T13-2 MARK.. QIN","mohamad-adam8991":"CS2113-T13-2 MOHA..AZID","andrewtkh1":"CS2113-T13-2 TAN ..DREW","thaddyyz":"CS2113-T13-2 TEOH..HENG","WaiKit-nus":"CS2113-T13-2 LAU .. KIT"}}
