{"authorDailyContributionsMap":{"markuslyq":[{"date":"2021-09-30","commitResults":[{"hash":"800059c7e0da645fed3f1034215218650d94a80c","messageTitle":"Update AboutUs.md","messageBody":"","fileTypesAndContributionMap":{"docs":{"insertions":1,"deletions":5}}}]},{"date":"2021-10-05","commitResults":[{"hash":"a780aa2c446fb739f9f01c4e78baf448814470e2","messageTitle":"Created a Command class.","messageBody":"","fileTypesAndContributionMap":{"functional-code":{"insertions":30,"deletions":0}}}]},{"date":"2021-10-08","commitResults":[{"hash":"2c0241a99ed05600b37ec75c432f4feebf7cc623","messageTitle":"Created LotsException class","messageBody":"fixes #36\n","fileTypesAndContributionMap":{"functional-code":{"insertions":7,"deletions":0}}},{"hash":"618c557abaaa9b1fa98417154509e079941ac976","messageTitle":"Implemented the feature to delete orders.","messageBody":"fixes #13\n","fileTypesAndContributionMap":{"functional-code":{"insertions":79,"deletions":10}}},{"hash":"cd493bbeb63c65b299fce16b2c0ffd9525a55576","messageTitle":"Implemented DeleteCommand Class","messageBody":"fixes #13\n","fileTypesAndContributionMap":{"functional-code":{"insertions":2,"deletions":2}}},{"hash":"aae2dd6d9b137bb45f229683d5864e363fd212b8","messageTitle":"Made some naming convention changes.","messageBody":"","fileTypesAndContributionMap":{"functional-code":{"insertions":6,"deletions":6}}}]},{"date":"2021-10-11","commitResults":[{"hash":"6bb667bd9f0930eb59d594725bb25ee98735fd4e","messageTitle":"Updated DeleteCommand","messageBody":"","fileTypesAndContributionMap":{"functional-code":{"insertions":31,"deletions":6}}},{"hash":"23940e8c7cbfbda12dee3d701fe98cccfa087aad","messageTitle":"Created a few getters and setters in the PeopleManager class.","messageBody":"","fileTypesAndContributionMap":{"functional-code":{"insertions":29,"deletions":0}}},{"hash":"5aac14c114cbfded7a5cb6fb53278c9209809109","messageTitle":"Added a method to set the quantity to 0 in the Person class.","messageBody":"","fileTypesAndContributionMap":{"functional-code":{"insertions":7,"deletions":1}}},{"hash":"0b1dfcd681f6e11230ffa51828718c7f29cda99d","messageTitle":"Made a few output changes.","messageBody":"","fileTypesAndContributionMap":{"functional-code":{"insertions":21,"deletions":10}}},{"hash":"a8f4f2bee8bfb6375f2967c419a1ec8a4e6f3c76","messageTitle":"Updated DeleteCommand","messageBody":"","fileTypesAndContributionMap":{"functional-code":{"insertions":5,"deletions":5}}},{"hash":"8a48249ac4a539d6d22b75b5c2d45b9fcff6c8e7","messageTitle":"Updated JavaDocs of Person class","messageBody":"","fileTypesAndContributionMap":{"functional-code":{"insertions":1,"deletions":1}}},{"hash":"ea577844f63723166a2bee16a3a39e4837478138","messageTitle":"DeleteCommandTest-ML","messageBody":"","fileTypesAndContributionMap":{"test-code":{"insertions":21,"deletions":0}}}]},{"date":"2021-10-12","commitResults":[{"hash":"9d86514eb4e3391f720ce610bd30215bc44515ac","messageTitle":"Update DeleteCommand.java","messageBody":"","fileTypesAndContributionMap":{"functional-code":{"insertions":5,"deletions":2}}},{"hash":"563a76b21fc9745c911bacb05cc04d632901db7a","messageTitle":"Update PeopleManager.java","messageBody":"","fileTypesAndContributionMap":{"functional-code":{"insertions":6,"deletions":0}}},{"hash":"72619d0329979f65427cfbe5776a1fed186a5c63","messageTitle":"Made a few output changes.","messageBody":"","fileTypesAndContributionMap":{"functional-code":{"insertions":21,"deletions":2}}},{"hash":"e61a0c0db84ae43127b078e2f6e7a71a7576a856","messageTitle":"Added a few assertions and made some output changes when there are no orders.","messageBody":"","fileTypesAndContributionMap":{"functional-code":{"insertions":26,"deletions":10}}},{"hash":"a887412fd565b857d77925f3a87067c95d2a43b9","messageTitle":"Refracted and implemented more SLAP.","messageBody":"","fileTypesAndContributionMap":{"functional-code":{"insertions":14,"deletions":3}}},{"hash":"6161f98d7dd36bfacdefa97be047a2ed388cb3c3","messageTitle":"Update DeleteCommandTest.java","messageBody":"","fileTypesAndContributionMap":{"test-code":{"insertions":26,"deletions":0}}},{"hash":"277cf4cfca75789b1b40045ec6c76342e0945411","messageTitle":"Added regex into DeleteCommand class.","messageBody":"","fileTypesAndContributionMap":{"functional-code":{"insertions":27,"deletions":1}}},{"hash":"dcb12685cabfcb13b924eca52a47f62698c8a6f3","messageTitle":"Added regex into DeleteCommand class.","messageBody":"","fileTypesAndContributionMap":{"functional-code":{"insertions":2,"deletions":2}}},{"hash":"2740effaa511c5c5efdedf2b248e60e1c0eb9257","messageTitle":"Added more JUnit test cases for DeleteCommand class.","messageBody":"","fileTypesAndContributionMap":{"test-code":{"insertions":60,"deletions":19}}}]},{"date":"2021-10-16","commitResults":[{"hash":"23f96cfe43c223a7013fb8735a83d1fd9664739b","messageTitle":"Edit list order command to show as integer instead of Chat and edited delete command to accept integer as food index instead of characters.","messageBody":"","fileTypesAndContributionMap":{"functional-code":{"insertions":7,"deletions":4},"test-code":{"insertions":6,"deletions":6}}}]},{"date":"2021-10-17","commitResults":[{"hash":"4be0cdd2bb55594a4912817bc6418be1425e8217","messageTitle":"Implemented an Order Class","messageBody":"Better organisation of orders for ease of handling.\n","fileTypesAndContributionMap":{"functional-code":{"insertions":50,"deletions":30},"test-code":{"insertions":0,"deletions":19}}}]},{"date":"2021-10-19","commitResults":[{"hash":"3ad7e7610a712c25767c3726164d151c12c94f32","messageTitle":"Create MarkusDG.md","messageBody":"","fileTypesAndContributionMap":{"docs":{"insertions":91,"deletions":0}}},{"hash":"8b2f4fe62ede7cb95e5499c1685b0414012482ec","messageTitle":"Fixed bugs regarding the edit function and made some minor output changes.","messageBody":"","fileTypesAndContributionMap":{"functional-code":{"insertions":48,"deletions":53}}},{"hash":"036796c86f83676f6a5ef86aa51eabff6507c99f","messageTitle":"Updated MarkusDG.md","messageBody":"","fileTypesAndContributionMap":{"docs":{"insertions":17,"deletions":0}}}]}],"mohamad-adam8991":[{"date":"2021-09-30","commitResults":[{"hash":"86b57630572f179ed25a67b5795c2f46ebc2bad5","messageTitle":"Updated about me page with personal details","messageBody":"","fileTypesAndContributionMap":{"docs":{"insertions":1,"deletions":5}}}]},{"date":"2021-10-08","commitResults":[{"hash":"6c08055f6cde659e1267ca58a318aaa573037515","messageTitle":"Added code to return delete and orders commands in the parser","messageBody":"","fileTypesAndContributionMap":{"functional-code":{"insertions":7,"deletions":0}}},{"hash":"bfd0ac8fa11387fc831677879608757c5c474aab","messageTitle":"Added Orders Command Class. Also implemented feature to print current orders.","messageBody":"","fileTypesAndContributionMap":{"functional-code":{"insertions":78,"deletions":3}}},{"hash":"874816914f31589e7fd2cad2b8dd6e581ca5ed72","messageTitle":"Fixed check style issues","messageBody":"","fileTypesAndContributionMap":{"functional-code":{"insertions":8,"deletions":8}}}]},{"date":"2021-10-11","commitResults":[{"hash":"c61ee5b9095e88c7f8d14cbc0607e4e45e5f8e05","messageTitle":"Edited code to retrieve food name and price list data from Menu class.","messageBody":"","fileTypesAndContributionMap":{"functional-code":{"insertions":2,"deletions":26}}},{"hash":"a1a943d41b70f925b7c7263b0fec1fed0b48f34f","messageTitle":"Added ByeCommand class","messageBody":"fix #43\n","fileTypesAndContributionMap":{"functional-code":{"insertions":16,"deletions":1}}},{"hash":"de32184ddef9156693397a1ad12e825d9a0945a8","messageTitle":"Fixed some errors","messageBody":"","fileTypesAndContributionMap":{"functional-code":{"insertions":1,"deletions":4}}}]},{"date":"2021-10-12","commitResults":[{"hash":"b928f56f2515cec2263ff2cf731988a4c3218b66","messageTitle":"Added JUnit test for orders command","messageBody":"","fileTypesAndContributionMap":{"test-code":{"insertions":13,"deletions":0}}},{"hash":"bb65d3278ba483a48dd8b87511225a0f51aa8f34","messageTitle":"Minor edits to OrdersCommand","messageBody":"","fileTypesAndContributionMap":{"functional-code":{"insertions":20,"deletions":4}}},{"hash":"8ab60605d108663a3b506aba63710f8de37a8114","messageTitle":"Minor edits to fix issues","messageBody":"","fileTypesAndContributionMap":{"functional-code":{"insertions":2,"deletions":2}}},{"hash":"4e46cfe30bd8b0ae619b691407ba92610eb49874","messageTitle":"Added assertions to orders command","messageBody":"","fileTypesAndContributionMap":{"functional-code":{"insertions":3,"deletions":0}}}]},{"date":"2021-10-17","commitResults":[{"hash":"fd108c8f334b86e9296beba6c47497d707357bb1","messageTitle":"Enabled ability to specify quantity of orders","messageBody":"","fileTypesAndContributionMap":{"functional-code":{"insertions":3,"deletions":3},"test-code":{"insertions":4,"deletions":4}}}]},{"date":"2021-10-18","commitResults":[{"hash":"b058f7949a852391c0ea0b7155e45d006a8ffb33","messageTitle":"Add function to check if current name exists in list","messageBody":"","fileTypesAndContributionMap":{"functional-code":{"insertions":28,"deletions":5}}},{"hash":"a456a168eb337c8aa343fc72b4f9397228b08c2e","messageTitle":"Editted code to allow orders to be added to an already existing person in the list","messageBody":"","fileTypesAndContributionMap":{"functional-code":{"insertions":18,"deletions":8}}},{"hash":"e360d9bb9765d8caf0bcd7177f448188cb68381c","messageTitle":"Added additional JUnit tests for add command","messageBody":"","fileTypesAndContributionMap":{"test-code":{"insertions":28,"deletions":0}}}]}],"andrewtkh1":[{"date":"2021-09-30","commitResults":[{"hash":"8151ab115ab143031e952e53a15c582a5a47a8d7","messageTitle":"Update aboutUs with Andrew\u0027s details.","messageBody":"","fileTypesAndContributionMap":{"docs":{"insertions":1,"deletions":5}}}]},{"date":"2021-10-04","commitResults":[{"hash":"b224e6bb98cb798ea1cb3d9560bc7565cd610e3c","messageTitle":"Add parser \u0026 parserTest classes.","messageBody":"Only include parsing of command, will further include more functions once command class is done.\nIncludes Junit for empty/blank test case.\n\nfix #16\n","fileTypesAndContributionMap":{"functional-code":{"insertions":19,"deletions":0},"test-code":{"insertions":20,"deletions":0}}}]},{"date":"2021-10-05","commitResults":[{"hash":"d77bad4e7397ab5cf94a1f2e630dca3c0439b6f3","messageTitle":"Add integration with Command class.","messageBody":"Parser now returns a command type. Next step is to integrate with other command classes.\n","fileTypesAndContributionMap":{"functional-code":{"insertions":19,"deletions":5},"test-code":{"insertions":4,"deletions":4}}},{"hash":"d2e1eff161cd4a5744dbff6879e716aedd04fa10","messageTitle":"Add UnknownCommand Class \u0026 update parser with it too.","messageBody":"#Fix 25\n","fileTypesAndContributionMap":{"functional-code":{"insertions":14,"deletions":3},"test-code":{"insertions":2,"deletions":1}}},{"hash":"36c3aa960b4c3791db1259c5ec1239c6d7165b0c","messageTitle":"Fix check style issues.","messageBody":"","fileTypesAndContributionMap":{"functional-code":{"insertions":6,"deletions":6},"test-code":{"insertions":3,"deletions":2}}}]},{"date":"2021-10-08","commitResults":[{"hash":"74e66ad88f5d7e2d9bcdfe5454b657960329dacf","messageTitle":"Edit Exceptions for DeleteCommand Class.","messageBody":"","fileTypesAndContributionMap":{"functional-code":{"insertions":7,"deletions":3}}},{"hash":"0caad161c188953ed5aae34b7746e71b7508ffa3","messageTitle":"Add Ui class to handle all I/O operations. Also included welcome \u0026 Goodbye message.","messageBody":"Fix #35\n","fileTypesAndContributionMap":{"functional-code":{"insertions":48,"deletions":11},"test-code":{"insertions":7,"deletions":0}}}]},{"date":"2021-10-10","commitResults":[{"hash":"3a84dcf2a3b283dbe204fe629bb3667d6eefb1be","messageTitle":"Edit Menu \u0026 MenuCommand to deal with local data. Also arranged some of the code.","messageBody":"","fileTypesAndContributionMap":{"functional-code":{"insertions":50,"deletions":43},"test-code":{"insertions":4,"deletions":3}}}]},{"date":"2021-10-11","commitResults":[{"hash":"e97b3a5a972c88f6d1ff375fca22e59a24355bc9","messageTitle":"Combined all classes in Duke class file to run. Fixed minor bugs found to get allow Duke to run at the bare minimum.","messageBody":"Note: Yet to check for edge cases.\n\nFix #50\n","fileTypesAndContributionMap":{"functional-code":{"insertions":87,"deletions":42}}}]},{"date":"2021-10-12","commitResults":[{"hash":"44f3ea87ece2067f64415e4d357f2407b22c0d59","messageTitle":"Add logging \u0026 Asserts into Duke.","messageBody":"","fileTypesAndContributionMap":{"functional-code":{"insertions":12,"deletions":2}}},{"hash":"1d98e1b8528afe7df21675029e327f31844f8f12","messageTitle":"Edit minor details.","messageBody":"","fileTypesAndContributionMap":{"functional-code":{"insertions":17,"deletions":18}}},{"hash":"24b703604a9f4413e4d09dcdf6cb3d9926e79fbe","messageTitle":"Moved classes into packages.","messageBody":"","fileTypesAndContributionMap":{"functional-code":{"insertions":20,"deletions":3},"other":{"insertions":30,"deletions":13},"test-code":{"insertions":7,"deletions":3}}},{"hash":"0bd636773f93b8e6cb03c759aa6a29cda31f9190","messageTitle":"Add checks for IO-Redirection test for add command.","messageBody":"","fileTypesAndContributionMap":{"other":{"insertions":1,"deletions":0}}},{"hash":"4d369434791de1f5bcdc25f6e1d915d227426aaa","messageTitle":"Add more output-redirect test \u0026 removed function to read from file.","messageBody":"","fileTypesAndContributionMap":{"functional-code":{"insertions":2,"deletions":22}}},{"hash":"198959821edceb16d6dccb0b040168892077d76e","messageTitle":"Edit minor parts in MenuCommand class to get from local data.","messageBody":"","fileTypesAndContributionMap":{"functional-code":{"insertions":3,"deletions":19}}}]},{"date":"2021-10-16","commitResults":[{"hash":"5955e4df7d2cf20f7a6ad903672afdd1f6a65d2f","messageTitle":"Edit multiple command classes to clean up code.","messageBody":"","fileTypesAndContributionMap":{"functional-code":{"insertions":17,"deletions":20}}},{"hash":"18bfd85915e20164488d98f08415229ab4d8b805","messageTitle":"Fix thaddyz peopleManager test class.","messageBody":"","fileTypesAndContributionMap":{"test-code":{"insertions":22,"deletions":0}}},{"hash":"59b6d6144f9683fb044226a8d289641d37787613","messageTitle":"Add clearlistOfPeople method in PeopleManager class as a bug fix for testcases.","messageBody":"","fileTypesAndContributionMap":{"functional-code":{"insertions":8,"deletions":0},"test-code":{"insertions":4,"deletions":1}}},{"hash":"0bfe13d644aa72fdcdc2bedf2f26db0651f507ab","messageTitle":"Fix regex.","messageBody":"","fileTypesAndContributionMap":{"functional-code":{"insertions":1,"deletions":1}}},{"hash":"0973d8b2241d91761d11bea7353a35302354ac1b","messageTitle":"Create File for UML diagrams \u0026 add Implementation for Parser in DG.","messageBody":"","fileTypesAndContributionMap":{"docs":{"insertions":67,"deletions":0}}}]},{"date":"2021-10-17","commitResults":[{"hash":"b87c320897c2f67425c463e0f7ef0098d54ab0c4","messageTitle":"Add images \u0026 testing note box","messageBody":"","fileTypesAndContributionMap":{"docs":{"insertions":27,"deletions":6}}},{"hash":"db5139525b871bff929585a61deddfcb190dd93d","messageTitle":"Edit DG div class","messageBody":"","fileTypesAndContributionMap":{"docs":{"insertions":3,"deletions":1}}},{"hash":"1a29242bc2936006c0d69284c3eecec9b8a5fafb","messageTitle":"Edit image name.","messageBody":"","fileTypesAndContributionMap":{"docs":{"insertions":2,"deletions":2}}},{"hash":"f1e30d8794acd0e6a985e0c51c38440942bce57c","messageTitle":"Integrated DG.","messageBody":"","fileTypesAndContributionMap":{"docs":{"insertions":45,"deletions":0}}}]},{"date":"2021-10-18","commitResults":[{"hash":"6fc8247a381c778e9003d46f39fc3e7494aa5dcc","messageTitle":"Add find class and some junits test case for find function.","messageBody":"","fileTypesAndContributionMap":{"functional-code":{"insertions":127,"deletions":3},"test-code":{"insertions":35,"deletions":0}}},{"hash":"c52b7cf2b3680ead966f8c3babdd2d547b528f62","messageTitle":"Edit minor java docs.","messageBody":"","fileTypesAndContributionMap":{"functional-code":{"insertions":10,"deletions":2}}}]},{"date":"2021-10-19","commitResults":[{"hash":"ef13c17ea4b84598ca4acd1f4b4403b0e51cdaac","messageTitle":"Add welcome page \u0026 Product scope.","messageBody":"","fileTypesAndContributionMap":{"docs":{"insertions":23,"deletions":7}}},{"hash":"0e97bae9480645769ea555cd13afc19f4af81182","messageTitle":"Added setup for Dev.","messageBody":"","fileTypesAndContributionMap":{"docs":{"insertions":23,"deletions":1}}}]}],"thaddyyz":[{"date":"2021-09-30","commitResults":[{"hash":"c7033bfaa0fafc956c01eb3181472f73688085ed","messageTitle":"test","messageBody":"","fileTypesAndContributionMap":{"functional-code":{"insertions":3,"deletions":0}}},{"hash":"c663b8198522ed9c9ce770c4c3da5d62e54acd76","messageTitle":"update about us yizheng\u0027s details","messageBody":"","fileTypesAndContributionMap":{"functional-code":{"insertions":0,"deletions":3},"docs":{"insertions":1,"deletions":5}}},{"hash":"e8a0f2227c557759976db2b82ee792100b4f4405","messageTitle":"added menu","messageBody":"","fileTypesAndContributionMap":{"functional-code":{"insertions":39,"deletions":4}}}]},{"date":"2021-10-04","commitResults":[{"hash":"25274dbdccaf8ec5ddf541cfa14030bb706b4279","messageTitle":"Fixed checkstyle errors","messageBody":"","fileTypesAndContributionMap":{"functional-code":{"insertions":24,"deletions":14}}},{"hash":"96dc51a56109e2309faa7c8090061695f3dc4d29","messageTitle":"Fixed checkstyle errors 1","messageBody":"","fileTypesAndContributionMap":{"functional-code":{"insertions":8,"deletions":5}}}]},{"date":"2021-10-05","commitResults":[{"hash":"7a248b6242dd54b284a4612a95d4f05edc21cdde","messageTitle":"Revert Main","messageBody":"","fileTypesAndContributionMap":{"functional-code":{"insertions":12,"deletions":29}}},{"hash":"3997e8145a3a8f0705543eb8de1d6a778494e381","messageTitle":"Minor Formatting","messageBody":"","fileTypesAndContributionMap":{"functional-code":{"insertions":4,"deletions":2}}},{"hash":"938f8c4946316d301f537ea2649908c40464074e","messageTitle":"update menu","messageBody":"","fileTypesAndContributionMap":{"functional-code":{"insertions":1,"deletions":1}}}]},{"date":"2021-10-09","commitResults":[{"hash":"86bb6bd3fb532da539b3afa2b1ab4a35afa3a158","messageTitle":"MenuCommand Added","messageBody":"","fileTypesAndContributionMap":{"functional-code":{"insertions":54,"deletions":0}}},{"hash":"141c53e3571685568fe58c34e1b31f8fda23bdab","messageTitle":"update checkstyle errors","messageBody":"","fileTypesAndContributionMap":{"functional-code":{"insertions":11,"deletions":12}}}]},{"date":"2021-10-10","commitResults":[{"hash":"42212eb19a785dc962295d990634d64d58cb19bf","messageTitle":"execute menu update","messageBody":"","fileTypesAndContributionMap":{"functional-code":{"insertions":20,"deletions":4}}},{"hash":"36eb5dfc76300f54c64a4c7cb639f58b0bba9521","messageTitle":"minor ui edit","messageBody":"","fileTypesAndContributionMap":{"functional-code":{"insertions":1,"deletions":1}}},{"hash":"61a82319c9124f25115d54182c1dc61e5f8e3663","messageTitle":"checkstyle edits","messageBody":"","fileTypesAndContributionMap":{"functional-code":{"insertions":2,"deletions":2}}},{"hash":"4fb8db5809f764de1a43290871bc972220937618","messageTitle":"Update MenuCommand.java","messageBody":"","fileTypesAndContributionMap":{"functional-code":{"insertions":4,"deletions":4}}},{"hash":"15201adf2427acc1ab04fa02138667ce8f1dbe57","messageTitle":"Update MenuCommand.java","messageBody":"","fileTypesAndContributionMap":{"functional-code":{"insertions":4,"deletions":3}}}]},{"date":"2021-10-13","commitResults":[{"hash":"9625837bd3c7301525290c430d8cc252f4b4f470","messageTitle":"update PeopleManagerTest and PersonTest","messageBody":"","fileTypesAndContributionMap":{"test-code":{"insertions":99,"deletions":3}}},{"hash":"c59d4a8ed6968e4103b548c10a09c03a535d04d2","messageTitle":"update","messageBody":"","fileTypesAndContributionMap":{"test-code":{"insertions":10,"deletions":11}}},{"hash":"36a428c28b0bb2bef931f11cf1186cf1eee0a8d1","messageTitle":"minor update","messageBody":"","fileTypesAndContributionMap":{"test-code":{"insertions":9,"deletions":9}}},{"hash":"a2ba65bf54dabd5cde572ba70e6d3e9c9e9601ca","messageTitle":"gradle update","messageBody":"","fileTypesAndContributionMap":{"other":{"insertions":2,"deletions":2},"test-code":{"insertions":11,"deletions":7}}}]},{"date":"2021-10-15","commitResults":[{"hash":"faeaee6242a2b498193b9c2a3037ba69b10e3e41","messageTitle":"Update PeopleManagerTest.java","messageBody":"","fileTypesAndContributionMap":{"test-code":{"insertions":4,"deletions":10}}},{"hash":"51515e46857bff39a07b20bd5d9b53e849187b76","messageTitle":"Update PeopleManagerTest.java","messageBody":"","fileTypesAndContributionMap":{"test-code":{"insertions":0,"deletions":1}}},{"hash":"20833960e81bffc7c9e67dd9012cd35456015baa","messageTitle":"Update PeopleManagerTest.java","messageBody":"","fileTypesAndContributionMap":{"test-code":{"insertions":0,"deletions":17}}},{"hash":"2eb04cb87a54ba07478abf5d7f7c459d06859c13","messageTitle":"update","messageBody":"","fileTypesAndContributionMap":{"test-code":{"insertions":5,"deletions":5}}}]},{"date":"2021-10-16","commitResults":[{"hash":"467f5b33baf9ff61e5ac6afa7367bd3afffaeb4a","messageTitle":"edit command added","messageBody":"","fileTypesAndContributionMap":{"functional-code":{"insertions":207,"deletions":0}}},{"hash":"61fcab319472b58b6cf624958ed4e5a076477397","messageTitle":"checkstyle","messageBody":"","fileTypesAndContributionMap":{"functional-code":{"insertions":13,"deletions":8}}},{"hash":"9d42f882185e43e663ebdb556a012861bba687b0","messageTitle":"checkstyle2","messageBody":"","fileTypesAndContributionMap":{"functional-code":{"insertions":7,"deletions":7}}}]},{"date":"2021-10-17","commitResults":[{"hash":"ceed88b3998f22a192b396d9fe21d70261cb5f9c","messageTitle":"updates","messageBody":"","fileTypesAndContributionMap":{"functional-code":{"insertions":3,"deletions":4},"docs":{"insertions":38,"deletions":0}}}]}],"WaiKit-nus":[{"date":"2021-09-30","commitResults":[{"hash":"809e36f8afc7794e59a585e59c4aea889e111856","messageTitle":"Updated AboutUs to include WaiKit profile.","messageBody":"","fileTypesAndContributionMap":{"docs":{"insertions":1,"deletions":5}}}]},{"date":"2021-10-05","commitResults":[{"hash":"d92ea5549ded3538ef7564926ba69c40ee09c81f","messageTitle":"Add Person Class and TOTAL_MENU_ITEMS in Menu class. #fixed 20","messageBody":"","fileTypesAndContributionMap":{"functional-code":{"insertions":51,"deletions":0}}},{"hash":"3918f69a0a7458bc133ee0bf0b22f2eada7374d6","messageTitle":"Fix CheckStyle for Person Class.","messageBody":"","fileTypesAndContributionMap":{"functional-code":{"insertions":5,"deletions":6}}}]},{"date":"2021-10-06","commitResults":[{"hash":"ac09081bd7adc4fb191892c2b3b3a8f4f1590a05","messageTitle":"Add PeopleManager Class.","messageBody":"","fileTypesAndContributionMap":{"functional-code":{"insertions":23,"deletions":0}}}]},{"date":"2021-10-07","commitResults":[{"hash":"c39c611af71b29cfb47be8e69876ac6e6d4eb61e","messageTitle":"Add JUnit Test cases for Person Class.","messageBody":"","fileTypesAndContributionMap":{"test-code":{"insertions":62,"deletions":0}}},{"hash":"063fd9a813ad76266f4c518cc7c600cb2c1590f2","messageTitle":"Update CheckStyle for Person Class JUnit.","messageBody":"","fileTypesAndContributionMap":{"test-code":{"insertions":4,"deletions":2}}},{"hash":"63cebf01a3b04459644c62f9404a1e4aa71c6ac3","messageTitle":"Update PersonTest JUnit.","messageBody":"","fileTypesAndContributionMap":{"functional-code":{"insertions":18,"deletions":6},"test-code":{"insertions":19,"deletions":32}}},{"hash":"606abf1c7411e8f5884f25af25994c8bcbfbc7ee","messageTitle":"Add AddCommand Class and Add static keyword to listOfPeople.","messageBody":"","fileTypesAndContributionMap":{"functional-code":{"insertions":85,"deletions":1}}},{"hash":"fe46bd16843646e23ee817c6fab95352dba717d7","messageTitle":"Update Integer to int data type.","messageBody":"","fileTypesAndContributionMap":{"functional-code":{"insertions":9,"deletions":9}}}]},{"date":"2021-10-08","commitResults":[{"hash":"149160381a368dafc5ec11d987e9d99c22c46301","messageTitle":"Add trim function to trim personName, foodQuantity and foodIndex.","messageBody":"","fileTypesAndContributionMap":{"functional-code":{"insertions":5,"deletions":3}}},{"hash":"42fdc0130b8954396b199b5143330f3c5ab6d44a","messageTitle":"Add Regex Function.","messageBody":"","fileTypesAndContributionMap":{"functional-code":{"insertions":17,"deletions":0}}},{"hash":"5251a239efd0799b84462d9750216846f867a7cb","messageTitle":"Add Exceptions for Add-Command Class.","messageBody":"","fileTypesAndContributionMap":{"functional-code":{"insertions":60,"deletions":18}}}]},{"date":"2021-10-11","commitResults":[{"hash":"42da97025358cb62b8f1d75ea2c346e9bc3c4517","messageTitle":"Update AddCommand Exceptions.","messageBody":"","fileTypesAndContributionMap":{"functional-code":{"insertions":26,"deletions":20}}}]},{"date":"2021-10-12","commitResults":[{"hash":"5849d4b7e86927237bf69c1f03bc2065f218c61b","messageTitle":"Add AddCommandTest Junit. Remove PersonTest Junit. Edit AddCommand Class and Person Class. Exceptions has been added into functions for Person Class. AddCommand Class has conditions modified.","messageBody":"","fileTypesAndContributionMap":{"functional-code":{"insertions":13,"deletions":18},"test-code":{"insertions":200,"deletions":40}}}]},{"date":"2021-10-13","commitResults":[{"hash":"5c4dbaadf9ddf15b016c47007434eef624f18c80","messageTitle":"Add assert into AddCommand Class","messageBody":"","fileTypesAndContributionMap":{"functional-code":{"insertions":3,"deletions":0}}}]},{"date":"2021-10-16","commitResults":[{"hash":"9311f858a2a9e3e1921f863694c9263fc6779886","messageTitle":"Remove countPeopleInList() function.","messageBody":"","fileTypesAndContributionMap":{"functional-code":{"insertions":0,"deletions":13},"test-code":{"insertions":1,"deletions":4}}}]}]},"authorFileTypeContributionMap":{"markuslyq":{"docs":109,"functional-code":312,"test-code":82},"mohamad-adam8991":{"docs":1,"functional-code":110,"test-code":44},"andrewtkh1":{"docs":180,"functional-code":393,"test-code":73,"other":1},"thaddyyz":{"docs":39,"functional-code":225,"test-code":37,"other":2},"WaiKit-nus":{"docs":1,"functional-code":184,"test-code":208}},"authorContributionVariance":{"markuslyq":4367.402,"mohamad-adam8991":773.28,"andrewtkh1":3432.9985,"thaddyyz":3249.9429,"WaiKit-nus":5105.7344},"authorDisplayNameMap":{"markuslyq":"CS2113-T13-2 MARK.. QIN","mohamad-adam8991":"CS2113-T13-2 MOHA..AZID","andrewtkh1":"CS2113-T13-2 TAN ..DREW","thaddyyz":"CS2113-T13-2 TEOH..HENG","WaiKit-nus":"CS2113-T13-2 LAU .. KIT"}}
