{"authorDailyContributionsMap":{"ngoivanessa":[{"date":"2021-09-30","commitResults":[{"hash":"105478ae8ce0ba6ad4fefb2d0590c5b2407d0de0","messageTitle":"Add name","messageBody":"","fileTypesAndContributionMap":{"docs":{"insertions":1,"deletions":1}}}]},{"date":"2021-10-08","commitResults":[{"hash":"d2e66a55d2a834f96e5a51fda859dd64ea51ba86","messageTitle":"basic add function without handling errors","messageBody":"","fileTypesAndContributionMap":{"functional-code":{"insertions":73,"deletions":4}}}]},{"date":"2021-10-11","commitResults":[{"hash":"64b66c4ef975a33fe3248fa6757376ac11fe5a41","messageTitle":"add command with handling of exceptions","messageBody":"","fileTypesAndContributionMap":{"functional-code":{"insertions":48,"deletions":17}}}]},{"date":"2021-10-12","commitResults":[{"hash":"eb7998b796198937264316a43725374e84171979","messageTitle":"Minor edits to code style","messageBody":"","fileTypesAndContributionMap":{"functional-code":{"insertions":18,"deletions":15}}},{"hash":"fae25b87ee0640455725c557f197f323adf0ff13","messageTitle":"Refactor code","messageBody":"","fileTypesAndContributionMap":{"functional-code":{"insertions":1,"deletions":2}}}]},{"date":"2021-10-13","commitResults":[{"hash":"5528daf0d5db48d8efef3466f1a94f510d01636a","messageTitle":"Junit test for invalid amount parameter exception","messageBody":"","fileTypesAndContributionMap":{"functional-code":{"insertions":6,"deletions":6},"test-code":{"insertions":24,"deletions":1}}},{"hash":"ca2e4ec5f37438e60f86a2705c97f810c7303fe9","messageTitle":"refactor test code","messageBody":"","fileTypesAndContributionMap":{"test-code":{"insertions":2,"deletions":1}}}]},{"date":"2021-10-19","commitResults":[{"hash":"27f86405491f3268c4c74b920d9ffa3ca0e5acbe","messageTitle":"Store expiry date as date, calculate number of days between expiry date and current date","messageBody":"","fileTypesAndContributionMap":{"functional-code":{"insertions":73,"deletions":18},"test-code":{"insertions":20,"deletions":14}}}]},{"date":"2021-10-21","commitResults":[{"hash":"7e223d0acfcd62dac70645782ea0a140da9d3b58","messageTitle":"Added grouping of ingredients","messageBody":"","fileTypesAndContributionMap":{"functional-code":{"insertions":277,"deletions":135},"test-code":{"insertions":9,"deletions":24}}}]},{"date":"2021-10-22","commitResults":[{"hash":"57df578947336615cad1b5d547afccc9148c789d","messageTitle":"update user guide","messageBody":"","fileTypesAndContributionMap":{"docs":{"insertions":255,"deletions":79}}}]}],"mudkip8":[{"date":"2021-09-30","commitResults":[{"hash":"aab68883c7573fa287248941455034b06c38a007","messageTitle":"Updated Name and Github Profile to AboutUs","messageBody":"","fileTypesAndContributionMap":{"docs":{"insertions":2,"deletions":2}}}]},{"date":"2021-10-04","commitResults":[{"hash":"181989a7c4b9b7de654da1077b37f97e3582f318","messageTitle":"Added Basic Functionality and Renamed the main class","messageBody":"","fileTypesAndContributionMap":{"functional-code":{"insertions":85,"deletions":21},"other":{"insertions":1,"deletions":1}}},{"hash":"796e1aea2ea303cd2a3840d9c8294ad295ba783e","messageTitle":"Added UI class and Todos","messageBody":"","fileTypesAndContributionMap":{"functional-code":{"insertions":18,"deletions":0}}},{"hash":"7b0fb5d312e0c54d232c6bddce3e1f010a2781eb","messageTitle":"Created the ingredient class","messageBody":"","fileTypesAndContributionMap":{"functional-code":{"insertions":43,"deletions":0}}},{"hash":"96d734eebf1193704bd2b25fc2e53e70e7891906","messageTitle":"Created IngredientList class and added incomplete methods with Todos","messageBody":"","fileTypesAndContributionMap":{"functional-code":{"insertions":66,"deletions":0}}},{"hash":"535b1583288b7342b489a942ada322a6926f6eab","messageTitle":"Updated updateIngredients method parameters","messageBody":"","fileTypesAndContributionMap":{"functional-code":{"insertions":4,"deletions":2}}},{"hash":"7e07f0bb5f591bf7e977fc909b74a89d7dc38ad7","messageTitle":"Created setters for amount and expiry","messageBody":"","fileTypesAndContributionMap":{"functional-code":{"insertions":8,"deletions":0}}}]},{"date":"2021-10-05","commitResults":[{"hash":"d66dcd4a796067383e8ad4ff4ef330ab0ffdbcde","messageTitle":"Updated Documentation","messageBody":"","fileTypesAndContributionMap":{"functional-code":{"insertions":14,"deletions":14},"other":{"insertions":14,"deletions":14}}},{"hash":"2788ceaa8e78bc31235026455e7d4a6b8b4d730a","messageTitle":"Renamed Project Back to Duke bacause I cant figure out how the runtest scripts work.","messageBody":"","fileTypesAndContributionMap":{"other":{"insertions":10,"deletions":10}}}]},{"date":"2021-10-06","commitResults":[{"hash":"b8bfef0c689bb17fd19c81cd8c18a903763d245f","messageTitle":"Added 2 exceptions to be called at suitable points","messageBody":"","fileTypesAndContributionMap":{"functional-code":{"insertions":62,"deletions":24}}}]},{"date":"2021-10-11","commitResults":[{"hash":"383b4d84265bbc78fbc3ebedda69c474db32d3ed","messageTitle":"Added some logging","messageBody":"","fileTypesAndContributionMap":{"functional-code":{"insertions":9,"deletions":3}}},{"hash":"97bb03d3f2f56fb3801789fb2e1b3897e5e2ae94","messageTitle":"Added an assert statement to parseListCommand","messageBody":"","fileTypesAndContributionMap":{"functional-code":{"insertions":3,"deletions":2}}},{"hash":"429d23fd2b1b4171c75934f001bd48e9dacb9c23","messageTitle":"Added 1 assert statement","messageBody":"","fileTypesAndContributionMap":{"functional-code":{"insertions":2,"deletions":0}}}]},{"date":"2021-10-12","commitResults":[{"hash":"2815a0d05f3dec06507dded5cf0f1a56e13fc56b","messageTitle":"Removed Extra Classes","messageBody":"","fileTypesAndContributionMap":{"functional-code":{"insertions":0,"deletions":101}}},{"hash":"dcc39df478f0a30c86b58eba73ca70818382cfa7","messageTitle":"Stopped Logs from displaying too much","messageBody":"","fileTypesAndContributionMap":{"functional-code":{"insertions":8,"deletions":5}}},{"hash":"a70e0a6b1d23485cdc5255364772b25b748500ff","messageTitle":"Added Junit for Add - Insufficient Parameters","messageBody":"","fileTypesAndContributionMap":{"test-code":{"insertions":9,"deletions":0}}},{"hash":"f3483c5b40d4f99f7757f4b45ab7b7afeb1ea5af","messageTitle":"Brought the Add Ingredient class to Parser","messageBody":"","fileTypesAndContributionMap":{"functional-code":{"insertions":41,"deletions":20}}},{"hash":"bba8b3403c8a94cff92600d3aae731a78056d193","messageTitle":"Edited import statements","messageBody":"","fileTypesAndContributionMap":{"functional-code":{"insertions":0,"deletions":3}}}]},{"date":"2021-10-13","commitResults":[{"hash":"c29de79b5e066e040626c4ec94bd13d32c5151a6","messageTitle":"Added trim to parsing of add inputs","messageBody":"","fileTypesAndContributionMap":{"functional-code":{"insertions":9,"deletions":9}}},{"hash":"d2b27a22a67fa9abe5be17dec6b0b77ada4b2ec7","messageTitle":"Removed debugging line","messageBody":"","fileTypesAndContributionMap":{"functional-code":{"insertions":0,"deletions":1}}},{"hash":"795c2839ba2a38dbe77304ae794622027ad2ae83","messageTitle":"Fixed Style Issues","messageBody":"","fileTypesAndContributionMap":{"functional-code":{"insertions":3,"deletions":1}}},{"hash":"5fd66496bdec9ed5cbf9fdb7d059278616cad438","messageTitle":"Fixed more style issues","messageBody":"","fileTypesAndContributionMap":{"test-code":{"insertions":10,"deletions":10}}},{"hash":"b6e3b496e28bb4cf071389759e0e856aba095162","messageTitle":"Added incomplete code for storage","messageBody":"","fileTypesAndContributionMap":{"functional-code":{"insertions":67,"deletions":0}}},{"hash":"e4d204b101ee7dbe3a46d6bcca949bc43c7b017d","messageTitle":"Changed to consider situs instead of Duke","messageBody":"","fileTypesAndContributionMap":{"other":{"insertions":5,"deletions":5}}},{"hash":"32ad772ef58b7ba89620058d1caf08709326693e","messageTitle":"Added insufficient params for update","messageBody":"","fileTypesAndContributionMap":{"functional-code":{"insertions":5,"deletions":1}}},{"hash":"da5ad0a2711a3cd61fa129cdbc4ed28d72d2113f","messageTitle":"Minor changes to parser","messageBody":"","fileTypesAndContributionMap":{"functional-code":{"insertions":1,"deletions":3}}},{"hash":"c94c32089009e1138c72d74bafcbc01cc2d5606c","messageTitle":"Added some stuff to user guide","messageBody":"","fileTypesAndContributionMap":{"docs":{"insertions":50,"deletions":13}}}]},{"date":"2021-10-17","commitResults":[{"hash":"91981230e496ab74bfe9b5d8df6ee16412a94242","messageTitle":"Added Storage Class","messageBody":"","fileTypesAndContributionMap":{"functional-code":{"insertions":36,"deletions":15}}}]},{"date":"2021-10-19","commitResults":[{"hash":"744cc0080a8abeaadc652e06f809c6ddf28ef151","messageTitle":"Added introduction and a bit of design","messageBody":"","fileTypesAndContributionMap":{"docs":{"insertions":67,"deletions":1}}},{"hash":"31ef66a65a3fef893ed4da7735b6d4e866c700c5","messageTitle":"Added a bit of info","messageBody":"","fileTypesAndContributionMap":{"docs":{"insertions":1,"deletions":1}}},{"hash":"44d122a0b538dac313f7723dc27038ee9d515b83","messageTitle":"Edited small bug","messageBody":"","fileTypesAndContributionMap":{"functional-code":{"insertions":1,"deletions":1}}},{"hash":"cc3d15c516f292c8be36f37e0b0a1c3baf35bc78","messageTitle":"Added the expire command","messageBody":"","fileTypesAndContributionMap":{"functional-code":{"insertions":64,"deletions":3}}},{"hash":"f65ee596efa8168d9a66c827dbae7202e51d7455","messageTitle":"Added documentation for expire command","messageBody":"","fileTypesAndContributionMap":{"docs":{"insertions":8,"deletions":3}}},{"hash":"b081564a6c25dde2181fa4b29393a2afb19ffddb","messageTitle":"Created incomplete classes for alerts","messageBody":"","fileTypesAndContributionMap":{"functional-code":{"insertions":58,"deletions":0}}}]},{"date":"2021-10-20","commitResults":[{"hash":"3b032421536cdf63eae4c10f683f9c29c133da28","messageTitle":"Renamed the expire at startup command","messageBody":"","fileTypesAndContributionMap":{"functional-code":{"insertions":27,"deletions":61}}},{"hash":"732a403c2e6674f8c1bc31f0df11a709c608c274","messageTitle":"Changed to abstract class","messageBody":"","fileTypesAndContributionMap":{"functional-code":{"insertions":16,"deletions":2}}},{"hash":"2cedebe651ba582538ad193e7fc767f6c9111309","messageTitle":"Changed all to extend syntax","messageBody":"","fileTypesAndContributionMap":{"functional-code":{"insertions":6,"deletions":6}}},{"hash":"25c95bdf090ceddeeb5e2cb948ed25b8d847fcb5","messageTitle":"Created setter and edited run to implement expire command","messageBody":"","fileTypesAndContributionMap":{"functional-code":{"insertions":9,"deletions":26}}},{"hash":"1c760faa10ad270e2c54c35838dfed356fcf4e0e","messageTitle":"Edited Expire Command","messageBody":"","fileTypesAndContributionMap":{"functional-code":{"insertions":18,"deletions":14}}},{"hash":"2e57ddf3837d767fd8557a0aabc53e9a1091515b","messageTitle":"Fixed Style Issues","messageBody":"","fileTypesAndContributionMap":{"functional-code":{"insertions":3,"deletions":3}}},{"hash":"b869b2a859783cb9ddaaf0b43e12a17077144cd1","messageTitle":"Added parse methods for alerts and set commands","messageBody":"","fileTypesAndContributionMap":{"functional-code":{"insertions":45,"deletions":5}}},{"hash":"58e8eb633dade9caa3205fc1cfbe35d2294d9ea3","messageTitle":"Updated Alert Commands","messageBody":"","fileTypesAndContributionMap":{"functional-code":{"insertions":41,"deletions":18}}},{"hash":"2430468019c477a036c90f46998d2d6371c4ec0f","messageTitle":"Edited imports","messageBody":"","fileTypesAndContributionMap":{"functional-code":{"insertions":1,"deletions":1}}},{"hash":"5ab97546d93dca2f004e3e1bb6c96b6b0767f35a","messageTitle":"Updated for alerts and set","messageBody":"","fileTypesAndContributionMap":{"docs":{"insertions":29,"deletions":9}}},{"hash":"1102188e0894b83cd593493bc8194f2fa064ce29","messageTitle":"Removed Alerts Class","messageBody":"","fileTypesAndContributionMap":{"functional-code":{"insertions":6,"deletions":21}}},{"hash":"ad08345af96ec43fc04fb90c7d919e2d9e3abd06","messageTitle":"Updated DG Architecture","messageBody":"","fileTypesAndContributionMap":{"other":{"insertions":19,"deletions":19},"docs":{"insertions":43,"deletions":4}}},{"hash":"596c9fd7f56f4211109fd0dcf7e9dd5331f03564","messageTitle":"Optimize imports","messageBody":"","fileTypesAndContributionMap":{"functional-code":{"insertions":6,"deletions":8}}},{"hash":"99b5ff33dc162c92c96a908249d5a87203e740b4","messageTitle":"Renamed Package","messageBody":"","fileTypesAndContributionMap":{"functional-code":{"insertions":59,"deletions":67},"test-code":{"insertions":8,"deletions":28}}},{"hash":"be85f7d335a66ca8230ecaec6e9a1bc9a5e9223a","messageTitle":"Created style reference for puml","messageBody":"","fileTypesAndContributionMap":{"docs":{"insertions":27,"deletions":0}}},{"hash":"1b79de0a8ffe43d3a6590b06139d9f4885598456","messageTitle":"Added Ingredient List package class diagram","messageBody":"","fileTypesAndContributionMap":{"docs":{"insertions":25,"deletions":0}}},{"hash":"fb1f68a9ff08687a4ef63b5d74536e1100dbcf6e","messageTitle":"Added System Architecture Diagram","messageBody":"","fileTypesAndContributionMap":{"docs":{"insertions":37,"deletions":0}}},{"hash":"17d66ce3cd067d1652272fbf590dcae7b7da9d9e","messageTitle":"Changed isExit to public","messageBody":"","fileTypesAndContributionMap":{"functional-code":{"insertions":1,"deletions":1}}}]},{"date":"2021-10-21","commitResults":[{"hash":"a77ac80e0bd882718ca7bbb22cb02eb8c1ed84ae","messageTitle":"Fixed some issues","messageBody":"","fileTypesAndContributionMap":{"test-code":{"insertions":2,"deletions":0}}},{"hash":"55209ae0180b151a13e315e119be38c8c6f0839e","messageTitle":"Added uml diagrams for alerts","messageBody":"","fileTypesAndContributionMap":{"docs":{"insertions":99,"deletions":18}}},{"hash":"305f9130f0e85ca67525c81bba118a24d0f2a752","messageTitle":"Fixed Add and Expire Commands","messageBody":"","fileTypesAndContributionMap":{"functional-code":{"insertions":36,"deletions":36}}},{"hash":"25e25c73191b39a01f8bdaa8ced210e2076ea866","messageTitle":"Fixed Style Issues","messageBody":"","fileTypesAndContributionMap":{"functional-code":{"insertions":3,"deletions":3}}},{"hash":"1c1f555d0b5331f25f3ff28b81614ed818154de0","messageTitle":"Fixed Stock Alerts","messageBody":"","fileTypesAndContributionMap":{"functional-code":{"insertions":18,"deletions":8}}},{"hash":"b5d97d33fbd0c603113611231d008057cceeb4c0","messageTitle":"Edited test cases","messageBody":"","fileTypesAndContributionMap":{"test-code":{"insertions":4,"deletions":4}}},{"hash":"608cc5eb0ab51935d20a58531c6acb1185785c2b","messageTitle":"Added umls for Alerts","messageBody":"","fileTypesAndContributionMap":{"docs":{"insertions":92,"deletions":19}}},{"hash":"dac490efbe07aac26f296bb87598fa424df72349","messageTitle":"Removed 1 extra line","messageBody":"","fileTypesAndContributionMap":{"docs":{"insertions":0,"deletions":2}}}]},{"date":"2021-10-22","commitResults":[{"hash":"050aebb078939223cfc8b23f4626309f57b9b12f","messageTitle":"Removed unecessary classes","messageBody":"","fileTypesAndContributionMap":{"functional-code":{"insertions":0,"deletions":61},"other":{"insertions":0,"deletions":0}}},{"hash":"9cb64f6468c4f35eddf71756f45a57b42c31f8b7","messageTitle":"Changed DukeException to SitusException","messageBody":"","fileTypesAndContributionMap":{"functional-code":{"insertions":82,"deletions":93},"test-code":{"insertions":12,"deletions":36}}},{"hash":"633318b2c0db6840cf669fc2ae7777d50f1c8493","messageTitle":"Fixed Expiry Formatting","messageBody":"","fileTypesAndContributionMap":{"functional-code":{"insertions":4,"deletions":2}}},{"hash":"8cdb440c9ff61576d5ff7ef91acd6d2f0032f03a","messageTitle":"Added documentation for alerts and set commands","messageBody":"","fileTypesAndContributionMap":{"functional-code":{"insertions":27,"deletions":10}}},{"hash":"7ddb97182f5dddd8c913c699f1dbd1f9a28ae223","messageTitle":"Fixed Formatting","messageBody":"","fileTypesAndContributionMap":{"functional-code":{"insertions":5,"deletions":3}}},{"hash":"4703537b3782d47894b89bfc798be8b053f36bbf","messageTitle":"Made some changes to add","messageBody":"","fileTypesAndContributionMap":{"docs":{"insertions":59,"deletions":50}}}]},{"date":"2021-10-24","commitResults":[{"hash":"79402cf8d698d360dfd8d98b7f49743ce2998e0b","messageTitle":"Fixed a bug in set command","messageBody":"","fileTypesAndContributionMap":{"functional-code":{"insertions":7,"deletions":3}}},{"hash":"7012ed92519ad9b8a884b7797d0f0b597259ac7f","messageTitle":"Fixed style errors","messageBody":"","fileTypesAndContributionMap":{"functional-code":{"insertions":3,"deletions":1}}},{"hash":"9715dd6952341081d4a067b2b6eb5f35f6b37f93","messageTitle":"Fixed Style errors","messageBody":"","fileTypesAndContributionMap":{"functional-code":{"insertions":1,"deletions":1}}},{"hash":"00eacea513901a6d3f7102d4cf07f3a93591a7e3","messageTitle":"Edited to save threshold data in data file","messageBody":"","fileTypesAndContributionMap":{"functional-code":{"insertions":127,"deletions":9}}}]},{"date":"2021-10-25","commitResults":[{"hash":"1f564831a74d03ed78205d2941d24871f8d0e183","messageTitle":"Fixed bug where Set will replace entire data file","messageBody":"","fileTypesAndContributionMap":{"functional-code":{"insertions":9,"deletions":4}}},{"hash":"4b6583fa3b3252009d92c2e4d8174027a7a38c2b","messageTitle":"Changed output formatting of AlertCommand","messageBody":"","fileTypesAndContributionMap":{"functional-code":{"insertions":1,"deletions":1}}},{"hash":"7890407706dc5f2b9993a2faf247eac2104067fb","messageTitle":"Minor user guide updates","messageBody":"","fileTypesAndContributionMap":{"docs":{"insertions":7,"deletions":2}}},{"hash":"1647f8bf399607ebf2a8247ad0783f3dcca2ee6c","messageTitle":"Edited class diagrams to fit class notation standard","messageBody":"","fileTypesAndContributionMap":{"docs":{"insertions":6,"deletions":2}}}]},{"date":"2021-10-27","commitResults":[{"hash":"57242619286c30d87768ceb2d2949a6829e81206","messageTitle":"Fixed Ingredient Formatting","messageBody":"","fileTypesAndContributionMap":{"functional-code":{"insertions":2,"deletions":1}}},{"hash":"5b14a153a8571f91a59db62378116d37a87f5c80","messageTitle":"Changed formatting for date DATE","messageBody":"","fileTypesAndContributionMap":{"functional-code":{"insertions":1,"deletions":1}}},{"hash":"edf063cf0452060446888cd0f30320f5f957cef3","messageTitle":"Updated link to latest release","messageBody":"","fileTypesAndContributionMap":{"docs":{"insertions":1,"deletions":1}}},{"hash":"94889da18bbd8410ef6627f4c4488bcb89f54b69","messageTitle":"Updated help command","messageBody":"","fileTypesAndContributionMap":{"docs":{"insertions":1,"deletions":1}}}]},{"date":"2021-10-28","commitResults":[{"hash":"24da79ba1f4ade063404ad46a2994714f4c5d2b1","messageTitle":"Fixed a bug for update where decimal amounts cause an exception","messageBody":"","fileTypesAndContributionMap":{"functional-code":{"insertions":1,"deletions":1}}}]},{"date":"2021-10-31","commitResults":[{"hash":"1a10f88b3644ccf6e09ba0b714cdf439b1816b1c","messageTitle":"Fixed Bugs where thresholds can be less than or equal to 0, causing weird behaviour","messageBody":"","fileTypesAndContributionMap":{"functional-code":{"insertions":13,"deletions":4}}},{"hash":"1ac5de44d9b201b04fd10140db746dbb579b35d1","messageTitle":"Changed error message for invalid threshold types for set","messageBody":"","fileTypesAndContributionMap":{"functional-code":{"insertions":2,"deletions":2}}},{"hash":"a4b0901ca4beee4da084b0c5b72f9e42ede53cfc","messageTitle":"Added Function to check for special characters","messageBody":"","fileTypesAndContributionMap":{"functional-code":{"insertions":17,"deletions":0}}},{"hash":"0b9289784204ceb4333b284fb5958544ce2855fa","messageTitle":"Added check for special characters in find","messageBody":"","fileTypesAndContributionMap":{"functional-code":{"insertions":3,"deletions":0}}},{"hash":"bfd8ea0dd7afe8a1f7ed86a8e8c5869a2dae04d0","messageTitle":"Added Error Message for updating ingredient amount to less than or equal to 0","messageBody":"","fileTypesAndContributionMap":{"functional-code":{"insertions":5,"deletions":0}}},{"hash":"4b7439986afffd5a6a189ea46853000bf29f5606","messageTitle":"Added error messages to catch special characters in name, negative amount and expiry dates in the past for Add","messageBody":"","fileTypesAndContributionMap":{"functional-code":{"insertions":10,"deletions":0}}},{"hash":"984146d10cddfcb13318b7e0f9627d8d361f6094","messageTitle":"Added error if subtracting negative number","messageBody":"","fileTypesAndContributionMap":{"functional-code":{"insertions":4,"deletions":0}}},{"hash":"ed2f83487f4038c06e00a653c5478ab5ea3737ff","messageTitle":"Added imports and Messages","messageBody":"","fileTypesAndContributionMap":{"functional-code":{"insertions":9,"deletions":0}}},{"hash":"7289cd8b16f1a48f55e09c35bc0e72647fd4f9ee","messageTitle":"Moved the error check for add","messageBody":"","fileTypesAndContributionMap":{"functional-code":{"insertions":6,"deletions":3}}},{"hash":"d47488d06794a19ceb25a18ad8be9441d1589d1a","messageTitle":"Changed the command input expiry to 1000 years later to test the correct command","messageBody":"","fileTypesAndContributionMap":{"test-code":{"insertions":1,"deletions":1}}},{"hash":"f9b14c1d180628ee8d018b3d05ab10795c4e1484","messageTitle":"Fixed Date Command error message","messageBody":"","fileTypesAndContributionMap":{"functional-code":{"insertions":1,"deletions":1}}},{"hash":"ed2dee8729adf6e6d8c8f46954ddb3d766ec4b75","messageTitle":"Fixed spaces detected as parameters issue for delete","messageBody":"","fileTypesAndContributionMap":{"functional-code":{"insertions":17,"deletions":9}}},{"hash":"99f64f013c042814a0108c9aabd09a071ba3bc27","messageTitle":"Changed invalidNumberFormatInput to invalidParameterFormatInput as the test case is invalid parameter type","messageBody":"","fileTypesAndContributionMap":{"test-code":{"insertions":2,"deletions":2}}},{"hash":"1e811799e67da4e268534801530ee7eb0bc5d7a1","messageTitle":"Changed code for parseExpiry, parseAlert and parseSet to follow that of parseDelete","messageBody":"","fileTypesAndContributionMap":{"functional-code":{"insertions":17,"deletions":19}}},{"hash":"a68b21f1d5d1cc8b39234c3caf9ef0901d83fc54","messageTitle":"Removed duplicates for Find","messageBody":"","fileTypesAndContributionMap":{"functional-code":{"insertions":9,"deletions":6}}},{"hash":"7984f0fc2a6fd1bb73bcfc253d11b2e473dab778","messageTitle":"Change date formatting to follow that of delete","messageBody":"","fileTypesAndContributionMap":{"functional-code":{"insertions":3,"deletions":5}}},{"hash":"f2f88ab52e3f03657d393b044cd7299ae38be197","messageTitle":"Changed add formatting to follow delete","messageBody":"","fileTypesAndContributionMap":{"functional-code":{"insertions":6,"deletions":3}}},{"hash":"a354a6b67356eca4b74c3e6546e08cd3f561645b","messageTitle":"Changed method call inputs","messageBody":"","fileTypesAndContributionMap":{"functional-code":{"insertions":3,"deletions":3}}},{"hash":"83d1253a694bff3df696f4ce6d48374ccb010200","messageTitle":"Dealt with issue where repeating the word \u0027add\u0027 will not give an error","messageBody":"","fileTypesAndContributionMap":{"functional-code":{"insertions":1,"deletions":1}}},{"hash":"171310d058397b694616e1ac32a75fa21e315cbe","messageTitle":"Changed subtract and update to follow style of other functions","messageBody":"","fileTypesAndContributionMap":{"functional-code":{"insertions":8,"deletions":8}}},{"hash":"1901b82bbd986866c474374fed57c7baab1bc766","messageTitle":"Refixed all of the parser class methods","messageBody":"","fileTypesAndContributionMap":{"functional-code":{"insertions":73,"deletions":54}}},{"hash":"cb574ddeb6344476ea676a0a823745fd894e0227","messageTitle":"Added author tags","messageBody":"","fileTypesAndContributionMap":{"functional-code":{"insertions":38,"deletions":5}}}]},{"date":"2021-11-01","commitResults":[{"hash":"080c087f101e632bef200604eb2bb609fe874678","messageTitle":"Set max expiry and stock thresholds","messageBody":"","fileTypesAndContributionMap":{"functional-code":{"insertions":10,"deletions":0}}},{"hash":"837854af83eabaca379d7cde34574ffe69155473","messageTitle":"Created test cases for alerts, set and expire commands","messageBody":"","fileTypesAndContributionMap":{"test-code":{"insertions":92,"deletions":0}}},{"hash":"f48123ad31f16a29247348a87b54842e04c2f7c3","messageTitle":"Change error assert value","messageBody":"","fileTypesAndContributionMap":{"functional-code":{"insertions":1,"deletions":1}}},{"hash":"be828e0b9606ae281a0a1cc353d535bee5c2f288","messageTitle":"Edits based on TA comments","messageBody":"","fileTypesAndContributionMap":{"functional-code":{"insertions":31,"deletions":19}}},{"hash":"00fe8116d87c473cd9bdc46a34e1589f78ac5373","messageTitle":"Added PPP Draft","messageBody":"","fileTypesAndContributionMap":{"docs":{"insertions":52,"deletions":0}}},{"hash":"c40c72e112870357c1ecb4753e1fdf4525f63643","messageTitle":"Changed check for alphanumeric only inputs to regex","messageBody":"","fileTypesAndContributionMap":{"functional-code":{"insertions":6,"deletions":8}}},{"hash":"9421157592bfc9c2fe527e54939380766d5cab34","messageTitle":"Removed AlertCommandClass","messageBody":"","fileTypesAndContributionMap":{"functional-code":{"insertions":0,"deletions":17}}},{"hash":"3072023a99345f8db2e4a585f8f3df110a9390c5","messageTitle":"Changed section for startup alerts to handle the 2 alert types separately","messageBody":"","fileTypesAndContributionMap":{"functional-code":{"insertions":11,"deletions":5}}},{"hash":"6554ca418ebc3b4bf4073da9e05064b73a146e5d","messageTitle":"Added a method to print without top divider","messageBody":"","fileTypesAndContributionMap":{"functional-code":{"insertions":4,"deletions":0}}},{"hash":"829bfb5d735592679fbe344c25bcaa9a5f325904","messageTitle":"Changed to handle threshold data file attacks","messageBody":"","fileTypesAndContributionMap":{"functional-code":{"insertions":9,"deletions":8}}},{"hash":"25658c320ed0faa6a82e962d3091a3959acd3648","messageTitle":"Changed parseAlerts to remove AlertsCommand","messageBody":"","fileTypesAndContributionMap":{"functional-code":{"insertions":4,"deletions":2}}},{"hash":"755ba610a954d0219fe27afc56fadf1c6dcf6c3b","messageTitle":"Added error catching for failed read/writes of threshold data","messageBody":"","fileTypesAndContributionMap":{"functional-code":{"insertions":50,"deletions":19}}},{"hash":"e170170d04772498a93444e92eea38b2689f6662","messageTitle":"Fixed checkstyle Error","messageBody":"","fileTypesAndContributionMap":{"functional-code":{"insertions":2,"deletions":2}}}]},{"date":"2021-11-03","commitResults":[{"hash":"d06d5d972ea7cddd1aa9938fe56593c72f6d76f8","messageTitle":"Some edits to diagram based on DG peer review","messageBody":"","fileTypesAndContributionMap":{"docs":{"insertions":16,"deletions":8}}},{"hash":"80fcab43865326492e26b012edb8f75152e1b6ad","messageTitle":"Additions to DG TOC","messageBody":"","fileTypesAndContributionMap":{"docs":{"insertions":9,"deletions":4}}}]}],"AayushMathur7":[{"date":"2021-09-30","commitResults":[{"hash":"76648ebeac87effbff1e58cb86be8bf36322b9d1","messageTitle":"Updates About Us","messageBody":"","fileTypesAndContributionMap":{"docs":{"insertions":1,"deletions":1}}}]},{"date":"2021-10-11","commitResults":[{"hash":"c871dbe5eb1c3f15dc2a12b2a01ebbe6b634d264","messageTitle":"Started to implement Update","messageBody":"","fileTypesAndContributionMap":{"functional-code":{"insertions":23,"deletions":3}}},{"hash":"b9cd83a40fe0d5143241e6b5eae068bfc7364b62","messageTitle":"Updated updated functionality","messageBody":"","fileTypesAndContributionMap":{"functional-code":{"insertions":53,"deletions":3}}},{"hash":"9e006049dea2ba4b7d56b8cae5720ab15d70f65f","messageTitle":"minor updates to update function","messageBody":"","fileTypesAndContributionMap":{"functional-code":{"insertions":0,"deletions":10}}}]},{"date":"2021-10-12","commitResults":[{"hash":"75f8d950a7ff634a2cc86612c87667d687ad2078","messageTitle":"Minor updates to update function","messageBody":"","fileTypesAndContributionMap":{"functional-code":{"insertions":12,"deletions":8}}},{"hash":"837afcbfe666a5e11b2d1e4a3e438e9a1a34b615","messageTitle":"v1.0 Update Implemented","messageBody":"","fileTypesAndContributionMap":{"functional-code":{"insertions":49,"deletions":23},"test-code":{"insertions":30,"deletions":0}}},{"hash":"c1a25bb0c15c28199818f1250888b057643ac757","messageTitle":"Minor adjustments to update","messageBody":"","fileTypesAndContributionMap":{"functional-code":{"insertions":9,"deletions":8}}}]},{"date":"2021-10-21","commitResults":[{"hash":"dd96d33a1adcd565e63f5369ef58175ba1dafdfe","messageTitle":"minor updates","messageBody":"","fileTypesAndContributionMap":{"functional-code":{"insertions":17,"deletions":5},"docs":{"insertions":3,"deletions":0}}}]},{"date":"2021-10-22","commitResults":[{"hash":"2cf3e0a02def482a6637f5c21d8adced10c7436e","messageTitle":"minot additions to update","messageBody":"","fileTypesAndContributionMap":{"functional-code":{"insertions":0,"deletions":56}}}]},{"date":"2021-10-25","commitResults":[{"hash":"bc536b96163a8bb0e1487266fa69d4d2e6ee8a81","messageTitle":"implemented subtract","messageBody":"","fileTypesAndContributionMap":{"functional-code":{"insertions":121,"deletions":16}}},{"hash":"dd1cfabaea9a1f3f7caa3f690dd355430d0d7d97","messageTitle":"Edited subtractCommand","messageBody":"","fileTypesAndContributionMap":{"functional-code":{"insertions":15,"deletions":7}}},{"hash":"7af0eb45e39471b1faa7e7c92dec1aba56f3eb5d","messageTitle":"minor updates","messageBody":"","fileTypesAndContributionMap":{"functional-code":{"insertions":2,"deletions":2}}}]},{"date":"2021-10-27","commitResults":[{"hash":"78cbdfae4e0255137ed363b869f961e2c69a63be","messageTitle":"subtract command added to UG  and minor edits to SubtractCommand Class","messageBody":"","fileTypesAndContributionMap":{"functional-code":{"insertions":21,"deletions":8},"docs":{"insertions":38,"deletions":31}}}]}],"datn02":[{"date":"2021-09-30","commitResults":[{"hash":"5d976f9c21a6aa060e9b6a8958a3d2876d2b3ef8","messageTitle":"Add about us","messageBody":"","fileTypesAndContributionMap":{"docs":{"insertions":1,"deletions":1}}}]},{"date":"2021-10-06","commitResults":[{"hash":"005131c4ffa1d757ca8ae340ed77cca06761a0b5","messageTitle":"Add delete and list command","messageBody":"","fileTypesAndContributionMap":{"functional-code":{"insertions":40,"deletions":14}}}]},{"date":"2021-10-07","commitResults":[{"hash":"5b4ab343630ff3c7fc2cae7416772056256f7202","messageTitle":"Add new helper functions to access inventory array","messageBody":"","fileTypesAndContributionMap":{"functional-code":{"insertions":27,"deletions":0}}},{"hash":"763e4c8fc002ede07331bbd8128471d4ab5eee3c","messageTitle":"Add new exception class to handle universal exceptions","messageBody":"","fileTypesAndContributionMap":{"functional-code":{"insertions":7,"deletions":0}}},{"hash":"eb5342e1b2722d2d051ec996c1f7f3598a88302f","messageTitle":"Cleanup code in main class","messageBody":"","fileTypesAndContributionMap":{"functional-code":{"insertions":35,"deletions":58}}},{"hash":"27fb00426c76b8060ec948ea86f10817e450522d","messageTitle":"Add parser class","messageBody":"","fileTypesAndContributionMap":{"functional-code":{"insertions":92,"deletions":0}}},{"hash":"29080c9fddecea4c2da1760d43a5b5fd981a7f38","messageTitle":"Fix documentation style","messageBody":"","fileTypesAndContributionMap":{"functional-code":{"insertions":14,"deletions":2}}},{"hash":"8c742b55ea7803866b6647211f1ba4b1a83bf8e7","messageTitle":"Remove unused code","messageBody":"","fileTypesAndContributionMap":{"functional-code":{"insertions":0,"deletions":60}}},{"hash":"53b7b9c76f96e8320df0d24f4029238bf1adb4cf","messageTitle":"Add basic Junit tests","messageBody":"","fileTypesAndContributionMap":{"test-code":{"insertions":41,"deletions":0}}},{"hash":"54319e2ac9bfbedb4e59d12c7a192f2b6c7061a2","messageTitle":"Fix coding style","messageBody":"","fileTypesAndContributionMap":{"test-code":{"insertions":15,"deletions":8}}},{"hash":"0b27e1aba4d9833ffbd06f7609c12e4eaece84c1","messageTitle":"Fix coding style","messageBody":"","fileTypesAndContributionMap":{"test-code":{"insertions":2,"deletions":2}}}]},{"date":"2021-10-10","commitResults":[{"hash":"8738a53259e4ac244e3fde5782915c9c5156af8f","messageTitle":"Add invalid ingredient number test","messageBody":"","fileTypesAndContributionMap":{"test-code":{"insertions":10,"deletions":0}}},{"hash":"f212fdea83c500fd956149c5190169a8df7b578f","messageTitle":"Implements the add and delete command classes","messageBody":"","fileTypesAndContributionMap":{"functional-code":{"insertions":6,"deletions":21}}},{"hash":"cf33fd6e8ea4affe2be6ebd2f3302134f7fcd447","messageTitle":"Add command classes","messageBody":"","fileTypesAndContributionMap":{"functional-code":{"insertions":99,"deletions":0}}},{"hash":"2c97902a63b468400455a145897ab9234b7c9a8f","messageTitle":"Implements adding ingredients to the list","messageBody":"","fileTypesAndContributionMap":{"functional-code":{"insertions":4,"deletions":0}}},{"hash":"84497788b49887a07c8fed0983c3314b188eef5a","messageTitle":"Add Junit tests for command classes","messageBody":"","fileTypesAndContributionMap":{"test-code":{"insertions":41,"deletions":0}}},{"hash":"50817fa533ba7b722d6fdc18ab605f2d56f090aa","messageTitle":"Fix coding style","messageBody":"","fileTypesAndContributionMap":{"functional-code":{"insertions":1,"deletions":0}}}]},{"date":"2021-10-12","commitResults":[{"hash":"8f3b36889c75d2407f7e499a1e6bfff7f5af4f57","messageTitle":"Enable assertions in build.gradle file","messageBody":"","fileTypesAndContributionMap":{"other":{"insertions":1,"deletions":0}}},{"hash":"27be4850caff5ab0713e09579f10670f2a490a96","messageTitle":"Add loggers and assertions","messageBody":"","fileTypesAndContributionMap":{"functional-code":{"insertions":5,"deletions":0}}}]},{"date":"2021-10-13","commitResults":[{"hash":"69805080d8573ae2d167b020a6667fdd06cd5090","messageTitle":"Fix bug of update command","messageBody":"","fileTypesAndContributionMap":{"functional-code":{"insertions":12,"deletions":1}}},{"hash":"26451ba85c0628ac3a567b7d4fe98e3c99c02b83","messageTitle":"Add Junit tests for update command parser","messageBody":"","fileTypesAndContributionMap":{"test-code":{"insertions":20,"deletions":0}}},{"hash":"727505a570e42097a9a7e3df5c2c4e26864d30e0","messageTitle":"Fix coding style","messageBody":"","fileTypesAndContributionMap":{"functional-code":{"insertions":2,"deletions":4}}},{"hash":"a760edc458f1572edd6781faaf7b349d38d5f316","messageTitle":"Fix parser bug","messageBody":"","fileTypesAndContributionMap":{"functional-code":{"insertions":45,"deletions":33}}},{"hash":"2f5eabdfca134ed388861db1ef701bffa27b30fd","messageTitle":"Fix coding style","messageBody":"","fileTypesAndContributionMap":{"functional-code":{"insertions":2,"deletions":1}}}]},{"date":"2021-10-14","commitResults":[{"hash":"12ac41b3ac228400d9e5daf84a6851b3bf400f7c","messageTitle":"Added showing date at startup to inform user","messageBody":"","fileTypesAndContributionMap":{"functional-code":{"insertions":3,"deletions":0}}},{"hash":"846676350ab597278dabc5057f0f3034b5a724d9","messageTitle":"Add date command","messageBody":"","fileTypesAndContributionMap":{"functional-code":{"insertions":18,"deletions":1}}},{"hash":"b3cbdfac63caec3dc078477ccad696db6a7e8a5a","messageTitle":"Add printing of current date to inform the user","messageBody":"","fileTypesAndContributionMap":{"functional-code":{"insertions":2,"deletions":0}}},{"hash":"8786abbd2ce6409afd7c2f5574cad4741d0c8fb6","messageTitle":"Add date command to edit the current date and view the current date","messageBody":"","fileTypesAndContributionMap":{"functional-code":{"insertions":44,"deletions":0}}},{"hash":"14974cb50a8a37ecd5f9ca0ce887633f64a4eb0f","messageTitle":"Add global class of date to help calculating expiration period","messageBody":"","fileTypesAndContributionMap":{"functional-code":{"insertions":56,"deletions":0}}},{"hash":"3b3c2bd45e11e44e986b46a8e64700886797a975","messageTitle":"Remove date notification","messageBody":"","fileTypesAndContributionMap":{"functional-code":{"insertions":0,"deletions":1}}},{"hash":"bba7c3baa28e918de02d82f8be30374e3f526364","messageTitle":"Update contents in user guide","messageBody":"","fileTypesAndContributionMap":{"docs":{"insertions":67,"deletions":21}}}]},{"date":"2021-10-17","commitResults":[{"hash":"8be79cc0b3b4b10c1e2b93bbac3a41c70921d2ed","messageTitle":"Adjust storage class to store ingredients","messageBody":"","fileTypesAndContributionMap":{"functional-code":{"insertions":44,"deletions":36}}},{"hash":"88e23b23878ab8b90d7bf3ed985524241adf066c","messageTitle":"Edit main class to save data in IngredientList class","messageBody":"","fileTypesAndContributionMap":{"functional-code":{"insertions":1,"deletions":2}}},{"hash":"2e38315a99bd39b3db58be6b8b2e2836e65ff629","messageTitle":"Add storage to command classes","messageBody":"","fileTypesAndContributionMap":{"functional-code":{"insertions":47,"deletions":23},"test-code":{"insertions":5,"deletions":3}}},{"hash":"29690517002568dc9800c62f5bf4a525c4fd5d47","messageTitle":"Fix coding style","messageBody":"","fileTypesAndContributionMap":{"functional-code":{"insertions":1,"deletions":1}}}]},{"date":"2021-10-19","commitResults":[{"hash":"add0229459763dd7a419469341f9a305afa07268","messageTitle":"Added date time parse exception when reading from storage","messageBody":"","fileTypesAndContributionMap":{"functional-code":{"insertions":5,"deletions":2}}},{"hash":"4c661e54cb9779c78aaec5a67fa8b07be9efccbe","messageTitle":"Add command class to show alert at the start","messageBody":"","fileTypesAndContributionMap":{"functional-code":{"insertions":41,"deletions":0}}},{"hash":"2772ec6271fe7dc7e12fb274fef82c51743c70e2","messageTitle":"Add alert class to show alert message","messageBody":"","fileTypesAndContributionMap":{"functional-code":{"insertions":25,"deletions":0}}},{"hash":"2fb2cffc786b6ff408ba24b6b1ea71bf17bd9561","messageTitle":"Remove unused import","messageBody":"","fileTypesAndContributionMap":{"functional-code":{"insertions":0,"deletions":1}}},{"hash":"ba41cfe1b28f914afc9d7c4b5e1b3e2cf0565acf","messageTitle":"Add code to show alerts at startup","messageBody":"","fileTypesAndContributionMap":{"functional-code":{"insertions":7,"deletions":0}}},{"hash":"599896ca0272bc1796fe3f8a460fe44847df124c","messageTitle":"Fix output styling","messageBody":"","fileTypesAndContributionMap":{"functional-code":{"insertions":1,"deletions":1}}},{"hash":"14690a37e7e11c0c78a7fe5b62281f203f3d23de","messageTitle":"Add some more contents to DG","messageBody":"","fileTypesAndContributionMap":{"docs":{"insertions":40,"deletions":12}}}]},{"date":"2021-10-20","commitResults":[{"hash":"ec0d06e1160b4898b589893ebe4e188faa36add9","messageTitle":"Added some test cases","messageBody":"","fileTypesAndContributionMap":{"test-code":{"insertions":76,"deletions":12}}},{"hash":"db966604e8994983efa5e4eaeaed906e4e425186","messageTitle":"Refractor some code","messageBody":"","fileTypesAndContributionMap":{"functional-code":{"insertions":28,"deletions":26}}},{"hash":"6a25401fa418529d64968d1cb1b1a1be790af296","messageTitle":"Fix coding style","messageBody":"","fileTypesAndContributionMap":{"test-code":{"insertions":3,"deletions":3}}}]},{"date":"2021-10-21","commitResults":[{"hash":"cb3d4205e58f6737c5d6a829870e10ad2c2c81c4","messageTitle":"Update UG and DG","messageBody":"","fileTypesAndContributionMap":{"docs":{"insertions":41,"deletions":3}}},{"hash":"dbbad29b278b8b0a14b3d359aedd6525a803c003","messageTitle":"Added new implementation to store ingredients","messageBody":"","fileTypesAndContributionMap":{"functional-code":{"insertions":23,"deletions":6}}},{"hash":"5aa545440005370d8d5a260609dc2011468e9b3c","messageTitle":"Fix storage to work with new format","messageBody":"","fileTypesAndContributionMap":{"functional-code":{"insertions":44,"deletions":29},"test-code":{"insertions":1,"deletions":1}}},{"hash":"8de041676f0aeac1cddd8b918c9403823d12dbad","messageTitle":"Fix coding style","messageBody":"","fileTypesAndContributionMap":{"functional-code":{"insertions":7,"deletions":7}}}]},{"date":"2021-10-22","commitResults":[{"hash":"7516a2a195b1c710bfe1ae40ccb60266829e3273","messageTitle":"Fix date command to accept correct input format","messageBody":"","fileTypesAndContributionMap":{"functional-code":{"insertions":4,"deletions":4}}},{"hash":"1b31771006e4626fd07a9fe58a7ba3b2b9be8f43","messageTitle":"Adjust the delete command","messageBody":"","fileTypesAndContributionMap":{"functional-code":{"insertions":27,"deletions":13}}},{"hash":"5d9e30388ab9a746bb415263bd25c82d0ab23b63","messageTitle":"Add new method to find ingredient by expiry date","messageBody":"","fileTypesAndContributionMap":{"functional-code":{"insertions":16,"deletions":0}}},{"hash":"6eac68410fe7682a548e08e6053257a076cfe061","messageTitle":"Add a method to remove ingredient by name and expiry date","messageBody":"","fileTypesAndContributionMap":{"functional-code":{"insertions":36,"deletions":3}}},{"hash":"a6148fdf7f8d69e64ceb48aac1f8f32ea4a6b147","messageTitle":"Fix delete command format","messageBody":"","fileTypesAndContributionMap":{"functional-code":{"insertions":11,"deletions":11},"test-code":{"insertions":1,"deletions":1}}}]},{"date":"2021-10-24","commitResults":[{"hash":"66b64755a028b0d2d03385c9f8f6fa16a4171c94","messageTitle":"Add sequence diagram of delete command","messageBody":"","fileTypesAndContributionMap":{"docs":{"insertions":83,"deletions":6}}},{"hash":"7274b55f887f2af1bce738cab0a47dc755733f05","messageTitle":"Fix user guide command format","messageBody":"","fileTypesAndContributionMap":{"docs":{"insertions":24,"deletions":21}}},{"hash":"b4263e850f0b7bbaa340095ab8fdd6d97c3734db","messageTitle":"Remove unused code","messageBody":"","fileTypesAndContributionMap":{"functional-code":{"insertions":0,"deletions":12}}},{"hash":"f726d4ebffd7712cb75cb3bf6c35728f1f87411e","messageTitle":"Fix minor bugs in delete command","messageBody":"","fileTypesAndContributionMap":{"functional-code":{"insertions":9,"deletions":0}}},{"hash":"08333dc33902a7a9c73a50fc3c3eb2276bca6df3","messageTitle":"Edit CLI output format","messageBody":"","fileTypesAndContributionMap":{"docs":{"insertions":23,"deletions":23}}}]},{"date":"2021-10-25","commitResults":[{"hash":"45669dd87ea84b72de2611c61596871298d6c68a","messageTitle":"Add sorting after add and set method","messageBody":"","fileTypesAndContributionMap":{"functional-code":{"insertions":5,"deletions":3}}}]},{"date":"2021-10-26","commitResults":[{"hash":"c11212f13e2650505566332dc2879a0e4cb511e8","messageTitle":"Fix minor bugs in update and subtract commands","messageBody":"","fileTypesAndContributionMap":{"functional-code":{"insertions":42,"deletions":24}}},{"hash":"35cb7b35ea872a6055098ae610e2e71f3b823860","messageTitle":"Update parser test","messageBody":"","fileTypesAndContributionMap":{"test-code":{"insertions":9,"deletions":5}}},{"hash":"809f0b095fe5ea49fd9b8636190443769bcb4b35","messageTitle":"Add exception to handle file error and fix coding format","messageBody":"","fileTypesAndContributionMap":{"functional-code":{"insertions":7,"deletions":2}}},{"hash":"034ff6e47202c834e0d555b7242d24e2488bbb54","messageTitle":"Remove wildcard imports","messageBody":"","fileTypesAndContributionMap":{"functional-code":{"insertions":13,"deletions":6}}},{"hash":"84339a6c0df1b51891377b77ebc7bf8d67715d1d","messageTitle":"Fix documentation style","messageBody":"","fileTypesAndContributionMap":{"functional-code":{"insertions":1,"deletions":2}}},{"hash":"05531d34a54e0e304d42f45f752fa22b51973cc1","messageTitle":"Fix double number format to only show 1 digit accuracy behind decimal point","messageBody":"","fileTypesAndContributionMap":{"functional-code":{"insertions":3,"deletions":2}}},{"hash":"670b0d4b2878e6ba57ecd30755cab78f40f4bd81","messageTitle":"Fix minor error in DG","messageBody":"","fileTypesAndContributionMap":{"docs":{"insertions":2,"deletions":6}}}]},{"date":"2021-10-27","commitResults":[{"hash":"8c0c056943330144d79d0d09031242c164113820","messageTitle":"Added exception for update and delete command","messageBody":"","fileTypesAndContributionMap":{"functional-code":{"insertions":17,"deletions":11}}}]},{"date":"2021-11-01","commitResults":[{"hash":"d24caf1d4cab5669774040f9399984a8594ff82c","messageTitle":"Fixes #117","messageBody":"","fileTypesAndContributionMap":{"functional-code":{"insertions":10,"deletions":4}}},{"hash":"356657fccae6a269c0122c3579950e594b9896d5","messageTitle":"Fix update not accepting floating point number","messageBody":"","fileTypesAndContributionMap":{"functional-code":{"insertions":6,"deletions":2}}},{"hash":"7ad6d2187ae91ab01741a21bdc652577497f147d","messageTitle":"Fix test code format to comply with new changes","messageBody":"","fileTypesAndContributionMap":{"test-code":{"insertions":5,"deletions":4}}},{"hash":"9cea86019368cbb9f68156b705ff6d697d01a6d6","messageTitle":"Fix update command splitting","messageBody":"","fileTypesAndContributionMap":{"functional-code":{"insertions":5,"deletions":5}}},{"hash":"995ba8cc1e3a83d1f110dd3b4593db39dcbe12f6","messageTitle":"Added exception handling","messageBody":"","fileTypesAndContributionMap":{"functional-code":{"insertions":3,"deletions":0}}},{"hash":"21e38848220ee182f40f1b3447d84933a968214a","messageTitle":"Fixes #122","messageBody":"","fileTypesAndContributionMap":{"functional-code":{"insertions":40,"deletions":49}}},{"hash":"81cde4c3bd14433abd606cc0b86b983697dde8e7","messageTitle":"Fix coding style","messageBody":"","fileTypesAndContributionMap":{"functional-code":{"insertions":1,"deletions":1}}},{"hash":"5a3fd155ddd5c4566a21ea716dcf4b6d0f3bfcbb","messageTitle":"Add some defensive method to prevent crashing when read with wrong ingredient format","messageBody":"","fileTypesAndContributionMap":{"functional-code":{"insertions":10,"deletions":2}}},{"hash":"0230aa50d3d25cb2c56cad7e84f6abcd9b696d0f","messageTitle":"Fixes #163","messageBody":"","fileTypesAndContributionMap":{"docs":{"insertions":1,"deletions":1}}},{"hash":"9c357b28b9e0cf041ffccd53257f96f95e977c21","messageTitle":"Fixes #136, #164","messageBody":"","fileTypesAndContributionMap":{"docs":{"insertions":5,"deletions":5}}},{"hash":"774d9ec952dba1c2f1b6e3823a068a6841c195a1","messageTitle":"Fixes #146 Add defensive method to ignore lines in memory file with incorrect format","messageBody":"","fileTypesAndContributionMap":{"functional-code":{"insertions":43,"deletions":1}}}]},{"date":"2021-11-03","commitResults":[{"hash":"a50f5a32b36f8b69ad782cc0b3b89289bbadf5b3","messageTitle":"Add limit to add command","messageBody":"","fileTypesAndContributionMap":{"functional-code":{"insertions":7,"deletions":0}}},{"hash":"6839b2a4eed1eb863de56db88abb8064e1c5f10a","messageTitle":"Fix a bug where it will display as 0 kg but not removing itself","messageBody":"","fileTypesAndContributionMap":{"functional-code":{"insertions":1,"deletions":4}}},{"hash":"6ae024cafa5cb57fb64d013c90aa267abd84e701","messageTitle":"Add amount check for update command to be uniform with add command","messageBody":"","fileTypesAndContributionMap":{"functional-code":{"insertions":7,"deletions":1}}},{"hash":"b2970ad3cfbba8685b2cf730421c1fd8a8fd0a99","messageTitle":"Fix coding style Add max ingredient threshold inside the update parser also","messageBody":"","fileTypesAndContributionMap":{"functional-code":{"insertions":10,"deletions":12}}}]},{"date":"2021-11-05","commitResults":[{"hash":"f9da62350a57f02dbcd142307aa91d35f8533c02","messageTitle":"Added PPP draft","messageBody":"","fileTypesAndContributionMap":{"docs":{"insertions":52,"deletions":0}}},{"hash":"f8eff0344048c50a72dd33e9c7da73d746d63361","messageTitle":"Add printing message to indicate which line is invalid in ingredients.txt","messageBody":"","fileTypesAndContributionMap":{"functional-code":{"insertions":5,"deletions":1}}},{"hash":"3656cd0ea7adbd11a702e4b93f4bef9dfd19599c","messageTitle":"Fix coding style","messageBody":"","fileTypesAndContributionMap":{"functional-code":{"insertions":1,"deletions":1}}}]}],"nishantrai-nus":[{"date":"2021-09-30","commitResults":[{"hash":"4777bfccf19c344cd2afd4606fd5a6eaec496a9a","messageTitle":"update aboutus.md","messageBody":"","fileTypesAndContributionMap":{"docs":{"insertions":1,"deletions":1}}}]},{"date":"2021-10-07","commitResults":[{"hash":"81338abe700974410c965aa41c3dc725887444ec","messageTitle":"add Ui class, format certain outputs correctly","messageBody":"","fileTypesAndContributionMap":{"functional-code":{"insertions":25,"deletions":7}}},{"hash":"b829930848ff330cab9a51e8fda8a70c00ad781d","messageTitle":"\"declare output messages as constants\"","messageBody":"","fileTypesAndContributionMap":{"functional-code":{"insertions":9,"deletions":5}}},{"hash":"8c6d8d57f2b11a91d9e61d6440edb2a5abc1b67f","messageTitle":"fix style violations","messageBody":"","fileTypesAndContributionMap":{"functional-code":{"insertions":10,"deletions":10}}},{"hash":"de01aa28f6dfe7b650c6624cc23fdc84b35f9828","messageTitle":"remove ascii art","messageBody":"","fileTypesAndContributionMap":{"functional-code":{"insertions":1,"deletions":7}}}]},{"date":"2021-10-11","commitResults":[{"hash":"67052d4fd0258c47186d5eccdd274df7faf05bb2","messageTitle":"refactor messages as variables, add junit test","messageBody":"","fileTypesAndContributionMap":{"functional-code":{"insertions":23,"deletions":18},"test-code":{"insertions":8,"deletions":1}}},{"hash":"84de58a091fea438a6c1c4958ffcb151dfff6ca8","messageTitle":"fix test cases","messageBody":"","fileTypesAndContributionMap":{"test-code":{"insertions":2,"deletions":2}}}]},{"date":"2021-10-12","commitResults":[{"hash":"a76b7d5c504978e6e4ad745f0548e72043d582ff","messageTitle":"debug list command","messageBody":"","fileTypesAndContributionMap":{"functional-code":{"insertions":5,"deletions":10}}},{"hash":"1993b40a6a2dea200f237d0407eaa07cdf64a3ad","messageTitle":"format output messages","messageBody":"","fileTypesAndContributionMap":{"functional-code":{"insertions":8,"deletions":4}}},{"hash":"77b4a3bdf32226e9002f0be1271d6ae11f8b2d7f","messageTitle":"declare i in for loop","messageBody":"","fileTypesAndContributionMap":{"functional-code":{"insertions":1,"deletions":2}}}]},{"date":"2021-10-14","commitResults":[{"hash":"e9183a7180f8a0f0bccef3f2559446891c2c3c61","messageTitle":"add content page with hyperlinks","messageBody":"","fileTypesAndContributionMap":{"docs":{"insertions":26,"deletions":9}}},{"hash":"b4efabae14f776835b49e59b8c42d6340c92283b","messageTitle":"add help command","messageBody":"","fileTypesAndContributionMap":{"functional-code":{"insertions":34,"deletions":6}}},{"hash":"ace2f88d29182add590cf8b86cdf8344fce59068","messageTitle":"fix style errors","messageBody":"","fileTypesAndContributionMap":{"functional-code":{"insertions":0,"deletions":1}}}]},{"date":"2021-10-20","commitResults":[{"hash":"aa9820437f7c80cadecc34d5bf59e4cfd659ddc8","messageTitle":"add find function","messageBody":"","fileTypesAndContributionMap":{"functional-code":{"insertions":82,"deletions":13}}},{"hash":"1e828f65e05b1f9004a724424910680415634738","messageTitle":"fix merge conflicts","messageBody":"","fileTypesAndContributionMap":{"functional-code":{"insertions":8,"deletions":2}}},{"hash":"b59311f3f3f268919620bd101277521d4dae47fa","messageTitle":"refactor find command","messageBody":"","fileTypesAndContributionMap":{"functional-code":{"insertions":15,"deletions":16}}},{"hash":"7befdd45c0c163041bf5f5c39569e1288f782128","messageTitle":"add new features to UG","messageBody":"","fileTypesAndContributionMap":{"docs":{"insertions":77,"deletions":32}}},{"hash":"051a30bef631708aee9e6bdc03ec01175e2a212c","messageTitle":"fix formatting errors","messageBody":"","fileTypesAndContributionMap":{"docs":{"insertions":13,"deletions":15}}},{"hash":"44c205dc35641b78318e83f7a24a1bdede92639d","messageTitle":"Update UserGuide.md","messageBody":"","fileTypesAndContributionMap":{"docs":{"insertions":1,"deletions":1}}},{"hash":"e72d8b2db23bcb45374c2462bfc168df87b981f9","messageTitle":"add junit tests for find command","messageBody":"","fileTypesAndContributionMap":{"test-code":{"insertions":35,"deletions":0}}}]},{"date":"2021-10-21","commitResults":[{"hash":"86921acfeff374a0a935f0a5a737d8cecf0985d2","messageTitle":"add interaction sequence diagram and minor details to DG","messageBody":"","fileTypesAndContributionMap":{"docs":{"insertions":53,"deletions":6}}},{"hash":"af7c1c4534732b7de8a336a7186809711ebdd8b1","messageTitle":"add user stories","messageBody":"","fileTypesAndContributionMap":{"docs":{"insertions":8,"deletions":1}}},{"hash":"be9dae8b8dded86e49a58163b83a22ee0e4c5e14","messageTitle":"add find command for new implementation with tests","messageBody":"","fileTypesAndContributionMap":{"functional-code":{"insertions":7,"deletions":6},"test-code":{"insertions":15,"deletions":5}}},{"hash":"dbceb1c017d3e37d8b9a848f460490d338ec2643","messageTitle":"fix style violations","messageBody":"","fileTypesAndContributionMap":{"functional-code":{"insertions":2,"deletions":1}}},{"hash":"338dc7b10ae83a92317b1fe07496d46f1543ba17","messageTitle":"finish remaining dg sections","messageBody":"","fileTypesAndContributionMap":{"docs":{"insertions":77,"deletions":27}}}]},{"date":"2021-10-27","commitResults":[{"hash":"4e37e684d2cdff34cc9a48c34e8f9c4c3155c579","messageTitle":"add section for subtract, edit ug based on feedback","messageBody":"","fileTypesAndContributionMap":{"docs":{"insertions":103,"deletions":64}}},{"hash":"1b79eaebb219757364c969d38b4845a6d074331b","messageTitle":"update help message with new commands","messageBody":"","fileTypesAndContributionMap":{"functional-code":{"insertions":10,"deletions":6}}},{"hash":"24938e4358707a7ec2b7a639b7b5ca99d64c81fa","messageTitle":"update help message in ug","messageBody":"","fileTypesAndContributionMap":{"docs":{"insertions":11,"deletions":6}}},{"hash":"9a63774f38aeeda4d13d3c0d939f4d1a4b4e3105","messageTitle":"print list with subindexes within ingredient groups","messageBody":"","fileTypesAndContributionMap":{"functional-code":{"insertions":3,"deletions":1}}},{"hash":"710796cc36193ea48bf8e4bb6f8ac3baa0989296","messageTitle":"allow deletion of ingredients by index","messageBody":"","fileTypesAndContributionMap":{"functional-code":{"insertions":20,"deletions":34}}},{"hash":"73122b5d5d025de8b3c50f4b5f789434ee5c22ff","messageTitle":"fix bugs in delete","messageBody":"","fileTypesAndContributionMap":{"functional-code":{"insertions":1,"deletions":1}}},{"hash":"a9b5e275892247988fc59f007448bdd5f8565930","messageTitle":"cleanup code for delete","messageBody":"","fileTypesAndContributionMap":{"functional-code":{"insertions":5,"deletions":5}}},{"hash":"da87696445c7f46307289d0f01d70d708f0773a7","messageTitle":"allow update by index","messageBody":"","fileTypesAndContributionMap":{"functional-code":{"insertions":34,"deletions":43}}},{"hash":"c4908d27b0bd0e44c5b3bc2c6b174ddefc5ab582","messageTitle":"add junit tests for delete","messageBody":"","fileTypesAndContributionMap":{"test-code":{"insertions":13,"deletions":9}}},{"hash":"d888fc273ea484a37ddcbbbd274dc55d370556ff","messageTitle":"allow subtract by index","messageBody":"","fileTypesAndContributionMap":{"functional-code":{"insertions":30,"deletions":29}}},{"hash":"79d46aaa41fec0e94e41fa29d7ec389bb5bdbc89","messageTitle":"update junit tests, fix documentation errors","messageBody":"","fileTypesAndContributionMap":{"functional-code":{"insertions":9,"deletions":3},"test-code":{"insertions":3,"deletions":3}}},{"hash":"4a3e8b1f4995842424e2bce2b3beab1ce4611eb2","messageTitle":"update help message","messageBody":"","fileTypesAndContributionMap":{"functional-code":{"insertions":3,"deletions":3}}},{"hash":"27d9829daf61f0e2ef41efbcfbbe66822f05ed5d","messageTitle":"update user guide","messageBody":"","fileTypesAndContributionMap":{"docs":{"insertions":88,"deletions":82}}}]},{"date":"2021-11-01","commitResults":[{"hash":"25f45429972b0332f3767ebc35dc25136b6cbd38","messageTitle":"edit code based on TA feedback","messageBody":"","fileTypesAndContributionMap":{"functional-code":{"insertions":26,"deletions":24}}},{"hash":"bbc7647e40b0c33d85f52f5a6f4035cbd83c5d7b","messageTitle":"add error message for incorrect index inputs","messageBody":"","fileTypesAndContributionMap":{"functional-code":{"insertions":6,"deletions":1}}},{"hash":"8208a6fb958b615950d6e8b725cd40b36e815667","messageTitle":"all amounts stored to 3 decimal places, fix subtraction bugs","messageBody":"","fileTypesAndContributionMap":{"functional-code":{"insertions":264,"deletions":260}}},{"hash":"4794fe039c815ce6c3358640040dfeb9f771a04e","messageTitle":"minor ui bug fixes","messageBody":"","fileTypesAndContributionMap":{"functional-code":{"insertions":2,"deletions":3}}},{"hash":"9fd256ee211d6baa35fa72671f61dcf28c8196af","messageTitle":"fix error when checking for proper index format","messageBody":"","fileTypesAndContributionMap":{"functional-code":{"insertions":5,"deletions":5}}},{"hash":"903093d81729b12c65a82b144772495b8ed56cf5","messageTitle":"fix mainClassName field","messageBody":"","fileTypesAndContributionMap":{"other":{"insertions":1,"deletions":1}}},{"hash":"86776b72196d23b5be63c52ce78b9fd614cd5653","messageTitle":"fix merge conflicts","messageBody":"","fileTypesAndContributionMap":{"functional-code":{"insertions":3,"deletions":3}}},{"hash":"b174c048b702dfdcc5d80c326c83ded0aac72e12","messageTitle":"update junit test for find","messageBody":"","fileTypesAndContributionMap":{"test-code":{"insertions":2,"deletions":2}}},{"hash":"f95ab596b0c32f6e667dc5f829eb77ea5dfc0fab","messageTitle":"fix subtraction bugs past 1 decimal place","messageBody":"","fileTypesAndContributionMap":{"functional-code":{"insertions":7,"deletions":13}}},{"hash":"2dbc7aac19a56a75af9ff2a45dc42de5304c1217","messageTitle":"fix bug in last commit","messageBody":"","fileTypesAndContributionMap":{"functional-code":{"insertions":10,"deletions":0}}}]}]},"authorFileTypeContributionMap":{"ngoivanessa":{"docs":134,"functional-code":354,"test-code":38},"mudkip8":{"docs":423,"functional-code":600,"test-code":132,"other":1},"AayushMathur7":{"docs":24,"functional-code":280,"test-code":13},"datn02":{"docs":241,"functional-code":664,"test-code":160,"other":1},"nishantrai-nus":{"docs":297,"functional-code":166,"test-code":60,"other":1}},"authorContributionVariance":{"ngoivanessa":7337.6055,"mudkip8":24236.432,"AayushMathur7":1425.0237,"datn02":7366.767,"nishantrai-nus":20280.666},"authorDisplayNameMap":{"ngoivanessa":"CS2113T-T09-3 NGOI..ESSA","mudkip8":"CS2113T-T09-3 MAH ..LVIN","AayushMathur7":"CS2113T-T09-3 MATH..YUSH","datn02":"CS2113T-T09-3 TRAN.. ANH","nishantrai-nus":"CS2113T-T09-3 NISH.. RAI"}}
