{"authorDailyContributionsMap":{"ngoivanessa":[{"date":"2021-09-30","commitResults":[{"hash":"105478ae8ce0ba6ad4fefb2d0590c5b2407d0de0","messageTitle":"Add name","messageBody":"","fileTypesAndContributionMap":{"docs":{"insertions":1,"deletions":1}}}]}],"mudkip8":[{"date":"2021-09-30","commitResults":[{"hash":"aab68883c7573fa287248941455034b06c38a007","messageTitle":"Updated Name and Github Profile to AboutUs","messageBody":"","fileTypesAndContributionMap":{"docs":{"insertions":2,"deletions":2}}}]}],"AayushMathur7":[{"date":"2021-09-30","commitResults":[{"hash":"76648ebeac87effbff1e58cb86be8bf36322b9d1","messageTitle":"Updates About Us","messageBody":"","fileTypesAndContributionMap":{"docs":{"insertions":1,"deletions":1}}}]}],"datn02":[{"date":"2021-09-30","commitResults":[{"hash":"5d976f9c21a6aa060e9b6a8958a3d2876d2b3ef8","messageTitle":"Add about us","messageBody":"","fileTypesAndContributionMap":{"docs":{"insertions":1,"deletions":1}}}]}],"nishantrai-nus":[{"date":"2021-09-30","commitResults":[{"hash":"4777bfccf19c344cd2afd4606fd5a6eaec496a9a","messageTitle":"update aboutus.md","messageBody":"","fileTypesAndContributionMap":{"docs":{"insertions":1,"deletions":1}}}]}]},"authorFileTypeContributionMap":{"ngoivanessa":{"docs":1,"functional-code":0,"test-code":0},"mudkip8":{"docs":1,"functional-code":0,"test-code":0},"AayushMathur7":{"docs":1,"functional-code":0,"test-code":0},"datn02":{"docs":1,"functional-code":0,"test-code":0},"nishantrai-nus":{"docs":1,"functional-code":0,"test-code":0}},"authorContributionVariance":{"ngoivanessa":0.5555555,"mudkip8":2.222222,"AayushMathur7":0.5555555,"datn02":0.5555555,"nishantrai-nus":0.5555555},"authorDisplayNameMap":{"ngoivanessa":"CS2113T-T09-3 NGOI..ESSA","mudkip8":"CS2113T-T09-3 MAH ..LVIN","AayushMathur7":"CS2113T-T09-3 MATH..YUSH","datn02":"CS2113T-T09-3 TRAN.. ANH","nishantrai-nus":"CS2113T-T09-3 NISH.. RAI"}}
