{"authorDailyContributionsMap":{"Yuxinn-J":[{"date":"2021-09-30","commitResults":[{"hash":"063c474e52173759c4e1c97a9429dd9eeac163c4","messageTitle":"update personal file","messageBody":"","fileTypesAndContributionMap":{"docs":{"insertions":1,"deletions":1}}},{"hash":"60e948b5d91384a2e4473aa169bf6c5cbcc0a291","messageTitle":"fix conflicts","messageBody":"","fileTypesAndContributionMap":{"docs":{"insertions":2,"deletions":2}}}]},{"date":"2021-10-07","commitResults":[{"hash":"1ad1262ba1921b12e885e90ad467baa3439ccc68","messageTitle":"Delete CardManagerTest.java","messageBody":"","fileTypesAndContributionMap":{"other":{"insertions":0,"deletions":7}}},{"hash":"e853d00a299e6b6eee91640c1c1285dd6bc19db5","messageTitle":"Delete CardTest.java","messageBody":"","fileTypesAndContributionMap":{"other":{"insertions":0,"deletions":12}}},{"hash":"e075993cd1ebc6335f4b459fb0fd9a70eccd19d4","messageTitle":"Delete GameMainMenuTest.java","messageBody":"","fileTypesAndContributionMap":{"other":{"insertions":0,"deletions":7}}},{"hash":"6656b6242c277789c17189638b8b2770b7481f69","messageTitle":"Delete MessageTest.java","messageBody":"","fileTypesAndContributionMap":{"other":{"insertions":0,"deletions":7}}},{"hash":"1ca274b81e4f7d892a7f7861e4d00a76045b1054","messageTitle":"HangMan Game","messageBody":"","fileTypesAndContributionMap":{"functional-code":{"insertions":163,"deletions":16}}},{"hash":"1f7aa7d493bc8b2a31d1ac69846b4415923b69b5","messageTitle":"Delete HangMan.java","messageBody":"","fileTypesAndContributionMap":{"functional-code":{"insertions":0,"deletions":17}}},{"hash":"777fac1f0cf363d51aaef06afe606c14a6778711","messageTitle":"fix few nits","messageBody":"","fileTypesAndContributionMap":{"functional-code":{"insertions":1,"deletions":1}}},{"hash":"a1aa22f4dd604acde9b42655a53e746f973b177a","messageTitle":"fix few nits","messageBody":"","fileTypesAndContributionMap":{"functional-code":{"insertions":1,"deletions":1}}},{"hash":"c5b4235d8648fceb26a4edc12a8e5a92429a1a3d","messageTitle":"Update Game.java","messageBody":"","fileTypesAndContributionMap":{"functional-code":{"insertions":1,"deletions":1}}},{"hash":"387c7b7397aa8843a684b0f35acb669ecab58f99","messageTitle":"fix few nits","messageBody":"","fileTypesAndContributionMap":{"other":{"insertions":1,"deletions":1}}},{"hash":"7c6ae08cec6b3336b9b6d35de15bc8c7c91a86db","messageTitle":"Update and rename src/main/java/UI/GameMainMenu.java to src/main/java/ui/GameMainMenu.java","messageBody":"","fileTypesAndContributionMap":{"other":{"insertions":1,"deletions":1}}},{"hash":"cab5b061fd8f5a6dad075906517d3612a6e26155","messageTitle":"Rename src/main/java/Game/Game.java to src/main/java/game/Game.java","messageBody":"","fileTypesAndContributionMap":{"other":{"insertions":0,"deletions":0}}},{"hash":"f2e626bde52be358003c991c0534f814b9555b11","messageTitle":"Rename src/main/java/Game/HangmanGame.java to src/main/java/game/HangmanGame.java","messageBody":"","fileTypesAndContributionMap":{"other":{"insertions":0,"deletions":0}}},{"hash":"633598ae58ed83057bfe41ffc7ba51c7013a3fff","messageTitle":"Update and rename src/main/java/Storage/Storage.java to src/main/java/storage/Storage.java","messageBody":"","fileTypesAndContributionMap":{"other":{"insertions":2,"deletions":2}}},{"hash":"c2b57dda00d604bc285ddbda405e55856b0f48bf","messageTitle":"Rename src/main/java/Card/Card.java to src/main/java/card/Card.java","messageBody":"","fileTypesAndContributionMap":{"other":{"insertions":0,"deletions":0}}},{"hash":"e4f5ae3312b879d2e2626178afdf7643e7a28170","messageTitle":"Rename src/main/java/Card/CardManager.java to src/main/java/card/CardManager.java","messageBody":"","fileTypesAndContributionMap":{"other":{"insertions":0,"deletions":0}}}]},{"date":"2021-10-08","commitResults":[{"hash":"8e658dc0602a1607977b0e681ee33c9f148f56f7","messageTitle":"fix switch fall through","messageBody":"","fileTypesAndContributionMap":{"functional-code":{"insertions":19,"deletions":11}}},{"hash":"076826afcb16b9ad54c8bb6ba7491fc5f14f0180","messageTitle":"add space after if","messageBody":"","fileTypesAndContributionMap":{"functional-code":{"insertions":4,"deletions":4}}},{"hash":"d96210dce50a7c0f645c25a38abd6ed93b07c6a4","messageTitle":"fix javadoc problem","messageBody":"","fileTypesAndContributionMap":{"functional-code":{"insertions":1,"deletions":1}}}]},{"date":"2021-10-12","commitResults":[{"hash":"19f5637b6d512ae896a175faffb0fb0aea891dac","messageTitle":"add GameMenu v1.0","messageBody":"","fileTypesAndContributionMap":{"functional-code":{"insertions":238,"deletions":5}}},{"hash":"1dbf77482b7d6da3620470cd6e96a2bf439e1ac8","messageTitle":"add CardMenu UI v0.9","messageBody":"","fileTypesAndContributionMap":{"functional-code":{"insertions":290,"deletions":11}}},{"hash":"458e16d565f078484547a7375948b911d218e7fb","messageTitle":"add CardUi and GameUi","messageBody":"","fileTypesAndContributionMap":{"functional-code":{"insertions":520,"deletions":8}}},{"hash":"b6cc4dc5c89d936583af229e9bfbad8d1a26783f","messageTitle":"fix checkstyle problem","messageBody":"","fileTypesAndContributionMap":{"functional-code":{"insertions":1,"deletions":1}}},{"hash":"e7383d43990763e1069a24c3db1fca811b121802","messageTitle":"minor fix","messageBody":"","fileTypesAndContributionMap":{"functional-code":{"insertions":1,"deletions":1}}},{"hash":"920c97781027022428fbd488240e600454fe4036","messageTitle":"add UiTest","messageBody":"","fileTypesAndContributionMap":{"test-code":{"insertions":24,"deletions":0}}},{"hash":"b6ff8743205a896f64402b42ff1817c097d85b3b","messageTitle":"fix menu error","messageBody":"","fileTypesAndContributionMap":{"functional-code":{"insertions":131,"deletions":106}}},{"hash":"33e9f33bc886b5635fecae11796e398cfb0b7d5d","messageTitle":"add EasyMenu ui v0.5","messageBody":"","fileTypesAndContributionMap":{"functional-code":{"insertions":59,"deletions":1}}},{"hash":"7fa686424d4b47f9f844a2760994f50ed36b9f8b","messageTitle":"combine guessing number game","messageBody":"","fileTypesAndContributionMap":{"functional-code":{"insertions":7,"deletions":0}}},{"hash":"26b25767ea8b31107c06c021c5d5a830ec23a13a","messageTitle":"fix javadoc problem","messageBody":"","fileTypesAndContributionMap":{"functional-code":{"insertions":1,"deletions":1}}}]},{"date":"2021-10-14","commitResults":[{"hash":"7aadf7c2d7b2d4ac2c61e2c73cdc7e3cba1f9fe8","messageTitle":"update easy menue and fix few nits","messageBody":"","fileTypesAndContributionMap":{"functional-code":{"insertions":32,"deletions":23}}},{"hash":"1508a6c76ab838b9c11c28f061ad64d7592a79d4","messageTitle":"minor fix","messageBody":"","fileTypesAndContributionMap":{"functional-code":{"insertions":1,"deletions":1}}},{"hash":"d5d0997855a008460129fa298a82090e9c7cbcba","messageTitle":"fix checkstyle error","messageBody":"","fileTypesAndContributionMap":{"functional-code":{"insertions":4,"deletions":3}}},{"hash":"a2a6a9bde6ffdde3a98506310e7d6aa76ef3fc24","messageTitle":"checkstyle fix2.0","messageBody":"","fileTypesAndContributionMap":{"functional-code":{"insertions":4,"deletions":4}}},{"hash":"88257514e6582c599f3c28ffbc4ee9e3744d999f","messageTitle":"add wincard in easymenu","messageBody":"","fileTypesAndContributionMap":{"functional-code":{"insertions":17,"deletions":5}}},{"hash":"1b8f1fe9342858b51fad82ca2a6c393b62ee553a","messageTitle":"fix hangman logic error","messageBody":"","fileTypesAndContributionMap":{"functional-code":{"insertions":2,"deletions":1}}},{"hash":"81e4ad0242018ea0c0cf655b1c39892fd80ac003","messageTitle":"refine card message","messageBody":"","fileTypesAndContributionMap":{"functional-code":{"insertions":4,"deletions":2}}},{"hash":"8e3f881fba2b5b94bb56d512a508d3942d732774","messageTitle":"fix a nit","messageBody":"","fileTypesAndContributionMap":{"functional-code":{"insertions":2,"deletions":2}}},{"hash":"a2d17a00a9a386c8572926772b6f8746d9b786b6","messageTitle":"minor change","messageBody":"","fileTypesAndContributionMap":{"functional-code":{"insertions":4,"deletions":4}}},{"hash":"0ecf081bb53635a7509b59a466cb3f511d263948","messageTitle":"change to pass test","messageBody":"","fileTypesAndContributionMap":{"functional-code":{"insertions":5,"deletions":2}}},{"hash":"f25d66a3537c86f9e8f12d3eebfba5860bce0e19","messageTitle":"solve gdk encoding problem","messageBody":"","fileTypesAndContributionMap":{"functional-code":{"insertions":11,"deletions":16}}}]},{"date":"2021-10-24","commitResults":[{"hash":"4b26e070276337083867ee777a40952c6f783936","messageTitle":"add DifficultUi structure","messageBody":"","fileTypesAndContributionMap":{"functional-code":{"insertions":27,"deletions":1}}},{"hash":"53d35a4478721b297a7d18c57f20f155707588b6","messageTitle":"typo errors","messageBody":"","fileTypesAndContributionMap":{"functional-code":{"insertions":4,"deletions":4}}}]},{"date":"2021-10-26","commitResults":[{"hash":"4fc0badb7d9616db5b55f53b85929bfc28a19e2e","messageTitle":"minor change","messageBody":"","fileTypesAndContributionMap":{"functional-code":{"insertions":15,"deletions":5}}},{"hash":"c69c41fe7007605d32e0e16b280f43b3c932aaab","messageTitle":"update UG","messageBody":"","fileTypesAndContributionMap":{"functional-code":{"insertions":37,"deletions":5},"docs":{"insertions":11,"deletions":4}}},{"hash":"09cb3f3af7a37297fccd07e0a705f4ea618f7a59","messageTitle":"upate DG","messageBody":"","fileTypesAndContributionMap":{"docs":{"insertions":10,"deletions":10}}}]},{"date":"2021-11-04","commitResults":[{"hash":"1a50ea8b0ec5c2c4a04df525d1ebecd2e11ed376","messageTitle":"fix help command problem in gamemenu","messageBody":"","fileTypesAndContributionMap":{"functional-code":{"insertions":16,"deletions":4}}},{"hash":"9b3843fe2bfc20f920c6ab65fce43a46723154ed","messageTitle":"add ppp","messageBody":"","fileTypesAndContributionMap":{"functional-code":{"insertions":5,"deletions":3},"docs":{"insertions":10,"deletions":0}}},{"hash":"240c103160e171747558128b21c8ccf3a954435c","messageTitle":"fix repeated code","messageBody":"","fileTypesAndContributionMap":{"functional-code":{"insertions":3,"deletions":44}}},{"hash":"d64ee8eb8c469449f6b241fbc0fd75dbca579f24","messageTitle":"fix check NullPointer bug","messageBody":"","fileTypesAndContributionMap":{"functional-code":{"insertions":29,"deletions":7}}},{"hash":"82fec543ead0905045a63513f960351765c8e27f","messageTitle":"minor fix","messageBody":"","fileTypesAndContributionMap":{"functional-code":{"insertions":1,"deletions":1}}},{"hash":"abb2a7c7c95009b14ae3f9f287744f2ff79dd530","messageTitle":"revert change","messageBody":"","fileTypesAndContributionMap":{"functional-code":{"insertions":1,"deletions":1}}},{"hash":"309e3b386fa65c4371ee016e90b06bb465182e58","messageTitle":"fix conflits","messageBody":"","fileTypesAndContributionMap":{"functional-code":{"insertions":257,"deletions":136},"docs":{"insertions":48,"deletions":3}}},{"hash":"7ce431f2d795b3a14185d759f09fc78bfe1be438","messageTitle":"fix conflix 2.0","messageBody":"","fileTypesAndContributionMap":{"functional-code":{"insertions":4,"deletions":4}}},{"hash":"163072ec174f1f6adad3c0d76abfe8e8ae6ff843","messageTitle":"highlight rule","messageBody":"","fileTypesAndContributionMap":{"functional-code":{"insertions":1,"deletions":1}}},{"hash":"42aa453712388e75601aa5e917b52aec3227257b","messageTitle":"able to run","messageBody":"","fileTypesAndContributionMap":{"functional-code":{"insertions":24,"deletions":22}}},{"hash":"72740dd73fb235380970662be9c5d107cd430230","messageTitle":"fix checkstyle identation","messageBody":"","fileTypesAndContributionMap":{"functional-code":{"insertions":35,"deletions":35}}},{"hash":"a5055bfc092352b3bb9d19a5de627c6c3fff3a09","messageTitle":"simplify hangman code","messageBody":"","fileTypesAndContributionMap":{"functional-code":{"insertions":4,"deletions":51}}},{"hash":"cbb2c6e917fd28659925697714ec27e351d8911e","messageTitle":"add game setting features","messageBody":"","fileTypesAndContributionMap":{"functional-code":{"insertions":246,"deletions":45}}},{"hash":"a92e2e4f29b39359405eebecfe8e28a2bbd8101d","messageTitle":"update difficult level","messageBody":"","fileTypesAndContributionMap":{"functional-code":{"insertions":23,"deletions":5}}},{"hash":"f15e07f949e7572f9564bf174ee101879ff081b0","messageTitle":"add game exit feature","messageBody":"","fileTypesAndContributionMap":{"functional-code":{"insertions":69,"deletions":114}}},{"hash":"59d9d75b4ffece51ecc7bca642c2a8e02797e76f","messageTitle":"fix checkstyle bug","messageBody":"","fileTypesAndContributionMap":{"functional-code":{"insertions":4,"deletions":4}}},{"hash":"1e01313946baf09dc756b63f35c4b817fa30998d","messageTitle":"fix hangman input exception","messageBody":"","fileTypesAndContributionMap":{"functional-code":{"insertions":5,"deletions":0}}},{"hash":"85abc45ce01f6b7c98341f2aca3bcd54b111c850","messageTitle":"improve user interation","messageBody":"","fileTypesAndContributionMap":{"functional-code":{"insertions":9,"deletions":4}}},{"hash":"78f63b98ed8575ddd277298533df96fb64ad91e4","messageTitle":"fix checkstyle","messageBody":"","fileTypesAndContributionMap":{"functional-code":{"insertions":2,"deletions":2}}}]},{"date":"2021-11-05","commitResults":[{"hash":"47444fe688d81628377e6430438fcda06d189bc0","messageTitle":"DG template","messageBody":"","fileTypesAndContributionMap":{"docs":{"insertions":404,"deletions":6}}},{"hash":"042a08f36c1ac8146d67bc44513cf449c57e79a8","messageTitle":"update DG","messageBody":"","fileTypesAndContributionMap":{"docs":{"insertions":178,"deletions":151}}},{"hash":"da6f330abb95771bf2ddde68506c4495ae1be24b","messageTitle":"load game feature","messageBody":"","fileTypesAndContributionMap":{"functional-code":{"insertions":96,"deletions":62}}},{"hash":"81a24e73369d892f78ff70597d0c2fe5c203a3e5","messageTitle":"stupid fall through checktylegit add .!","messageBody":"","fileTypesAndContributionMap":{"functional-code":{"insertions":22,"deletions":26}}},{"hash":"1526cbc04143d63641342245a90e00ace54bff17","messageTitle":"stupid checkstylegit add .git add .","messageBody":"","fileTypesAndContributionMap":{"functional-code":{"insertions":68,"deletions":20}}},{"hash":"bd00f52135d0f1691d7c78e69a6bddc492a96b4e","messageTitle":"update card ui","messageBody":"","fileTypesAndContributionMap":{"functional-code":{"insertions":59,"deletions":18}}},{"hash":"8ec7ac8a5fa4a4957096e9bcbae9edb3910cfb11","messageTitle":"update card ui","messageBody":"","fileTypesAndContributionMap":{"functional-code":{"insertions":4,"deletions":6}}},{"hash":"4875b25b86fadb623e1f27798e1749d9d6c1d64b","messageTitle":"fix checkstyle error","messageBody":"","fileTypesAndContributionMap":{"functional-code":{"insertions":2,"deletions":1}}}]},{"date":"2021-11-06","commitResults":[{"hash":"75105ff3b6c06b508416d2abd5cc781fe5ad75f8","messageTitle":"update DG","messageBody":"","fileTypesAndContributionMap":{"docs":{"insertions":105,"deletions":177}}},{"hash":"0cfe45ca69066fd650a8b17a76ba258cbababc55","messageTitle":"improve difficult menu run flow","messageBody":"","fileTypesAndContributionMap":{"functional-code":{"insertions":75,"deletions":29}}},{"hash":"5d8c496fcc7e60cc39c6607933ca32804447a401","messageTitle":"fix checkstyle error","messageBody":"","fileTypesAndContributionMap":{"functional-code":{"insertions":1,"deletions":1}}},{"hash":"baa5f76f0ab6aba1a7bc1baa85a07e7a9b7ddd62","messageTitle":"minor change","messageBody":"","fileTypesAndContributionMap":{"functional-code":{"insertions":4,"deletions":4}}}]},{"date":"2021-11-07","commitResults":[{"hash":"307911b837542bbb1ee95883699f62b7627415b1","messageTitle":"update DG","messageBody":"","fileTypesAndContributionMap":{"functional-code":{"insertions":0,"deletions":1},"docs":{"insertions":261,"deletions":85}}},{"hash":"7bbf25a03d021699a806e4513956eb5b487a90fd","messageTitle":"PPP","messageBody":"","fileTypesAndContributionMap":{"docs":{"insertions":5,"deletions":1}}}]}],"oneScotch":[{"date":"2021-09-30","commitResults":[{"hash":"abc1ae51140111f7086bf9c8bb8a318cad0545a2","messageTitle":"update AboutUs(Wang Ruisi","messageBody":"","fileTypesAndContributionMap":{"docs":{"insertions":1,"deletions":1}}}]},{"date":"2021-10-07","commitResults":[{"hash":"e8d1361f0a914cd2514fe5eea862b2d91a4b14e9","messageTitle":"greet","messageBody":"","fileTypesAndContributionMap":{"functional-code":{"insertions":29,"deletions":0}}},{"hash":"0b532ced6dac263a46eaa8d3807d86477712daee","messageTitle":"add a Junit Test","messageBody":"","fileTypesAndContributionMap":{"other":{"insertions":1,"deletions":1}}},{"hash":"74b78a952015b23838dc5c7caf59574fd8d318ae","messageTitle":"a junit test","messageBody":"","fileTypesAndContributionMap":{"functional-code":{"insertions":39,"deletions":3},"test-code":{"insertions":6,"deletions":0}}},{"hash":"3bf4535b872652292f3f77c1cc8acf7daae253ef","messageTitle":"add several tests","messageBody":"","fileTypesAndContributionMap":{"functional-code":{"insertions":2,"deletions":2},"docs":{"insertions":1,"deletions":1},"test-code":{"insertions":39,"deletions":0}}}]},{"date":"2021-10-08","commitResults":[{"hash":"358887d69e67e35350d0c020805b529493cbe4f5","messageTitle":"add a test","messageBody":"","fileTypesAndContributionMap":{"test-code":{"insertions":2,"deletions":0}}},{"hash":"772aed2d90c173c6b536727b7444c589810ae056","messageTitle":"no message","messageBody":"","fileTypesAndContributionMap":{"functional-code":{"insertions":4,"deletions":0},"test-code":{"insertions":14,"deletions":5}}},{"hash":"42d59ca6b2eb89d9e1ba021b8a30a5dfa9ec5d60","messageTitle":"Delete GuessNumber.java","messageBody":"","fileTypesAndContributionMap":{"functional-code":{"insertions":0,"deletions":4}}}]},{"date":"2021-10-10","commitResults":[{"hash":"b1a2733a3941520ee90fa236785af1d743f4bd44","messageTitle":"basic structure","messageBody":"","fileTypesAndContributionMap":{"functional-code":{"insertions":266,"deletions":18},"other":{"insertions":0,"deletions":0}}},{"hash":"cf08fd3b931afa840a337b4c2e8b67fe1c147190","messageTitle":"basic structure","messageBody":"","fileTypesAndContributionMap":{"functional-code":{"insertions":549,"deletions":46},"test-code":{"insertions":1,"deletions":3}}},{"hash":"5799c0784b22ccf754c25718754d12edccd56522","messageTitle":"minor change","messageBody":"","fileTypesAndContributionMap":{"test-code":{"insertions":4,"deletions":0}}},{"hash":"02f2e82ff041f046fabb5eebbaa4cefcccb23a12","messageTitle":"minor change","messageBody":"","fileTypesAndContributionMap":{"functional-code":{"insertions":29,"deletions":28}}},{"hash":"8b9800ac6ff526b524ef65c7af04f36b70b6db78","messageTitle":"minor change","messageBody":"","fileTypesAndContributionMap":{"functional-code":{"insertions":8,"deletions":10}}},{"hash":"d99e856da43828e6496af4d3aced94fea4631ee2","messageTitle":"minor change","messageBody":"","fileTypesAndContributionMap":{"functional-code":{"insertions":2,"deletions":4}}}]},{"date":"2021-10-11","commitResults":[{"hash":"255abfd4adc8f14168cb25081f086a9d5d3a0627","messageTitle":"add assersion,logging,storage feature","messageBody":"","fileTypesAndContributionMap":{"functional-code":{"insertions":266,"deletions":31}}},{"hash":"556c688aba2e5e867db18b0dc063cc459a80f44b","messageTitle":"minor format change","messageBody":"","fileTypesAndContributionMap":{"functional-code":{"insertions":25,"deletions":24}}}]},{"date":"2021-10-12","commitResults":[{"hash":"da88e84885dfcf4eac38a1719493ecf6ac4bdf2e","messageTitle":"Revert \"Add GameMenu and CardMenu\"","messageBody":"","fileTypesAndContributionMap":{"functional-code":{"insertions":8,"deletions":520}}}]},{"date":"2021-10-20","commitResults":[{"hash":"4588e868ed92837552fc6e4c8cf1050069559cfc","messageTitle":"enable assertion","messageBody":"","fileTypesAndContributionMap":{"other":{"insertions":1,"deletions":0}}},{"hash":"0fa065a635507d7da8ea8e933f015bf19f920024","messageTitle":"improvement","messageBody":"","fileTypesAndContributionMap":{"functional-code":{"insertions":48,"deletions":19},"other":{"insertions":2,"deletions":0}}},{"hash":"4b3ae13c86e7fd609f5f4d59a7c2947b073c269e","messageTitle":"DG","messageBody":"","fileTypesAndContributionMap":{"docs":{"insertions":36,"deletions":1}}}]},{"date":"2021-10-27","commitResults":[{"hash":"193c31d2b6254c89dde43ccf386f887a8da45559","messageTitle":"Revert \"add get tip method in guessing number game\"","messageBody":"","fileTypesAndContributionMap":{"functional-code":{"insertions":4,"deletions":20},"docs":{"insertions":1,"deletions":1}}},{"hash":"7fa8b8a890a6556ec01f03bc4028287f08e27102","messageTitle":"user guide","messageBody":"","fileTypesAndContributionMap":{"functional-code":{"insertions":1,"deletions":1},"docs":{"insertions":29,"deletions":13}}}]},{"date":"2021-11-04","commitResults":[{"hash":"65ec342e4145d05439a9d80e05b51299623d4b01","messageTitle":"minor format change","messageBody":"","fileTypesAndContributionMap":{"functional-code":{"insertions":15,"deletions":18}}},{"hash":"ac4f3648ab4917abe0660935f9714c4999a864bd","messageTitle":"ppp","messageBody":"","fileTypesAndContributionMap":{"docs":{"insertions":16,"deletions":1}}}]},{"date":"2021-11-05","commitResults":[{"hash":"369ab4d5f436b5877bacc079c14fa7de04e1a963","messageTitle":"change in ppp","messageBody":"","fileTypesAndContributionMap":{"docs":{"insertions":7,"deletions":7}}},{"hash":"27bc8dfbbd143a7bf77a446f14edf4bbf1e9bbf6","messageTitle":"change in format","messageBody":"","fileTypesAndContributionMap":{"functional-code":{"insertions":2,"deletions":0}}},{"hash":"76ba8f46ace3eaa9bc369eca770e1979b87bcac7","messageTitle":"storage function","messageBody":"","fileTypesAndContributionMap":{"functional-code":{"insertions":108,"deletions":111},"other":{"insertions":1,"deletions":1},"docs":{"insertions":1,"deletions":1}}},{"hash":"1ef810f6f1e32ac898fe7dc4dc1e08d520b8ccb6","messageTitle":"delete unused funtions","messageBody":"","fileTypesAndContributionMap":{"functional-code":{"insertions":5,"deletions":112}}}]},{"date":"2021-11-06","commitResults":[{"hash":"3d084983bc1c5af8b2a192e3e1f3fe997bf4ecbd","messageTitle":"seperate storage from data base player","messageBody":"","fileTypesAndContributionMap":{"functional-code":{"insertions":388,"deletions":315}}},{"hash":"5493c4fd3332dc37270fc83e93bdd17ee0e1f598","messageTitle":"Revert \"update card operations\"","messageBody":"","fileTypesAndContributionMap":{"functional-code":{"insertions":0,"deletions":19}}},{"hash":"eb7fecc0136db08d4aaeb09502cde7329240ba9d","messageTitle":"update in PPP","messageBody":"","fileTypesAndContributionMap":{"docs":{"insertions":9,"deletions":1}}}]}],"Mist0919":[{"date":"2021-09-30","commitResults":[{"hash":"a5cd6c818958d35d869d42743d9b1687bcbf560d","messageTitle":"About Us","messageBody":"","fileTypesAndContributionMap":{"docs":{"insertions":2,"deletions":2}}},{"hash":"c04e1c5875fce72e12904e49aaae02025a2affde","messageTitle":"Update about us","messageBody":"","fileTypesAndContributionMap":{"docs":{"insertions":1,"deletions":1}}},{"hash":"3774e9ba26c233f1bf6da2befb22aeaa6fdb7e37","messageTitle":"Update AboutUs","messageBody":"","fileTypesAndContributionMap":{"docs":{"insertions":0,"deletions":4}}}]},{"date":"2021-10-07","commitResults":[{"hash":"f97a4dc4514cc19d9a7733eb704898a441dbb6fd","messageTitle":"Add Game classes and Storage class","messageBody":"","fileTypesAndContributionMap":{"functional-code":{"insertions":82,"deletions":0}}},{"hash":"7da7c547baca482fead9adc7418a60d80647b4b3","messageTitle":"Update game package and storage package","messageBody":"","fileTypesAndContributionMap":{"functional-code":{"insertions":23,"deletions":11}}},{"hash":"58d70101e426401eef0db4c68de7b5a7e261303e","messageTitle":"Make some correction for HangmanGame class","messageBody":"","fileTypesAndContributionMap":{"functional-code":{"insertions":6,"deletions":0}}}]},{"date":"2021-10-08","commitResults":[{"hash":"65bc27f3247214f93033fdda180b0ba3d1134a50","messageTitle":"Improve code quality and add test for GameList","messageBody":"","fileTypesAndContributionMap":{"functional-code":{"insertions":54,"deletions":48},"test-code":{"insertions":11,"deletions":0}}},{"hash":"bf1ee209abc1b669fa9d8bcb6609aaf4c61fb4ec","messageTitle":"Update code quality","messageBody":"","fileTypesAndContributionMap":{"functional-code":{"insertions":0,"deletions":5}}},{"hash":"965c26a523135f427583751a891954fedce59aa8","messageTitle":"Update test","messageBody":"","fileTypesAndContributionMap":{"test-code":{"insertions":0,"deletions":4}}}]},{"date":"2021-10-12","commitResults":[{"hash":"118828aded4da7635d898ab610c548fc42681d54","messageTitle":"Add guessing number game and treasure hunt game","messageBody":"","fileTypesAndContributionMap":{"functional-code":{"insertions":255,"deletions":0}}},{"hash":"92d3a4c60403192ef087bab358c8ba51f6f60253","messageTitle":"add guessing number game and treasure hunt game (style editted)","messageBody":"","fileTypesAndContributionMap":{"functional-code":{"insertions":7,"deletions":6}}}]},{"date":"2021-10-14","commitResults":[{"hash":"c351dbd59c3c4d1543dec38718945949df368604","messageTitle":"add assertion","messageBody":"","fileTypesAndContributionMap":{"functional-code":{"insertions":16,"deletions":12}}}]},{"date":"2021-10-21","commitResults":[{"hash":"c3f2b1a15c12be9f6b8ba02f124a9b0f55332921","messageTitle":"add javaDoc and edit games","messageBody":"","fileTypesAndContributionMap":{"functional-code":{"insertions":132,"deletions":12}}},{"hash":"111700b7dbe6fbd1cb46d33bbfed236a3ffc39bd","messageTitle":"error correction for javaDoc and edit games","messageBody":"","fileTypesAndContributionMap":{"functional-code":{"insertions":36,"deletions":28}}}]},{"date":"2021-10-22","commitResults":[{"hash":"3b6f61886467e58023f6b841b9af8742692f4b4a","messageTitle":"edit style","messageBody":"","fileTypesAndContributionMap":{"functional-code":{"insertions":3,"deletions":3}}},{"hash":"9045247035d38f15e7a80686ccab9091ba367336","messageTitle":"edit Developer Guide","messageBody":"","fileTypesAndContributionMap":{"docs":{"insertions":7,"deletions":4}}},{"hash":"6cc46c91434b63c59745c0caadb95bc575e6dee5","messageTitle":"add treasure hunt map","messageBody":"","fileTypesAndContributionMap":{"functional-code":{"insertions":3,"deletions":1}}}]},{"date":"2021-10-26","commitResults":[{"hash":"074e50430cea0ea0bded1438a8b2c013a6f70637","messageTitle":"add treasure hunt map and edit GameRecord","messageBody":"","fileTypesAndContributionMap":{"functional-code":{"insertions":25,"deletions":2}}},{"hash":"90fa64c109c4acc747d5c19ab9a8a8daef3fdf2e","messageTitle":"add getTip method in Guessing Number Game","messageBody":"","fileTypesAndContributionMap":{"functional-code":{"insertions":16,"deletions":0}}}]},{"date":"2021-10-27","commitResults":[{"hash":"a81a00ebe3cae612fe13f6af6f8b10b3d5d70447","messageTitle":"Add class diagram in DG and edit UG","messageBody":"","fileTypesAndContributionMap":{"docs":{"insertions":108,"deletions":2}}},{"hash":"e8653b84479911612adcd8a5b4f23f324edd21c9","messageTitle":"edit class diagram","messageBody":"","fileTypesAndContributionMap":{"docs":{"insertions":8,"deletions":7}}},{"hash":"1fd1eb097acaa1b1551581ddd9e751b0410bb8ca","messageTitle":"solve conflicts","messageBody":"","fileTypesAndContributionMap":{"docs":{"insertions":2,"deletions":5}}},{"hash":"a1d842378342182ec1377fb8f8772f48a083481c","messageTitle":"solve conflict","messageBody":"","fileTypesAndContributionMap":{"functional-code":{"insertions":0,"deletions":16}}},{"hash":"399c7c69fa7924fce26a23f096de6834e932032b","messageTitle":"add get tip method in guessing number game","messageBody":"","fileTypesAndContributionMap":{"functional-code":{"insertions":20,"deletions":4},"docs":{"insertions":1,"deletions":1}}},{"hash":"8e10629337540f8a9f92a2136feca81db5d5d1b7","messageTitle":"test display of diagram in DG","messageBody":"","fileTypesAndContributionMap":{"docs":{"insertions":1,"deletions":1}}},{"hash":"868ed66c483eb6f05b8c24f51d4153d110d8df0b","messageTitle":"add get tip method in Guessing Number Game","messageBody":"","fileTypesAndContributionMap":{"functional-code":{"insertions":16,"deletions":0}}},{"hash":"ea7fc4b3d1fd385a609767e6651cb57180041ff1","messageTitle":"Update UG","messageBody":"","fileTypesAndContributionMap":{"docs":{"insertions":9,"deletions":4}}},{"hash":"1b05df38dfc4a0e9749f502e68b3a2a8535065a4","messageTitle":"Update UG","messageBody":"","fileTypesAndContributionMap":{"docs":{"insertions":12,"deletions":1}}}]},{"date":"2021-11-05","commitResults":[{"hash":"40db5762f959516ca14c3e213a1b91ef2a3c4197","messageTitle":"Fix bugs in Guessing Number Game and Treasure Hunt Game \u0026 add difficult level","messageBody":"","fileTypesAndContributionMap":{"functional-code":{"insertions":56,"deletions":50},"docs":{"insertions":22,"deletions":0}}},{"hash":"1af45069f9594be1c8c682e0def8a9b3b1746273","messageTitle":"Correct minor typo","messageBody":"","fileTypesAndContributionMap":{"functional-code":{"insertions":1,"deletions":1}}},{"hash":"93a8b5cc81266c87a91ffb3fbb3ec22fdb1b90b1","messageTitle":"Fix error in Guessing Number Game and Treasure Hunt Game \u0026 add Treasure Hunt Map","messageBody":"","fileTypesAndContributionMap":{"functional-code":{"insertions":30,"deletions":22}}},{"hash":"c6d4f988a95671c7d8366a81967aadd79792b45b","messageTitle":"fix style","messageBody":"","fileTypesAndContributionMap":{"functional-code":{"insertions":4,"deletions":11}}},{"hash":"c696104e31ed2e5f7501264f340ff379ab3aab62","messageTitle":"fix style","messageBody":"","fileTypesAndContributionMap":{"functional-code":{"insertions":1,"deletions":0}}},{"hash":"fe27482ed8151dc245fd0ef4e457529651f07307","messageTitle":"Modify storage \u0026 game records and update Guessing Number Game","messageBody":"","fileTypesAndContributionMap":{"functional-code":{"insertions":130,"deletions":129}}}]},{"date":"2021-11-06","commitResults":[{"hash":"5073ab082143fa362a4558f0af220165a8dc42fa","messageTitle":"minor modifications","messageBody":"","fileTypesAndContributionMap":{"functional-code":{"insertions":26,"deletions":23}}},{"hash":"c9559f2bf976921bdf7721d7c685e96a2defe76a","messageTitle":"minor modifications","messageBody":"","fileTypesAndContributionMap":{"functional-code":{"insertions":4,"deletions":12}}},{"hash":"ea0bcf334032a33366dd0f61c54d59805b9bb486","messageTitle":"minor modification","messageBody":"","fileTypesAndContributionMap":{"functional-code":{"insertions":12,"deletions":5}}},{"hash":"a11bd2c40c2d7011a0a56026a835d4afca8e6872","messageTitle":"fix style","messageBody":"","fileTypesAndContributionMap":{"functional-code":{"insertions":1,"deletions":1}}},{"hash":"eab82c2855120d957046aa064b4043495cc38e41","messageTitle":"test","messageBody":"","fileTypesAndContributionMap":{"functional-code":{"insertions":1,"deletions":0}}}]}],"Vincent6896":[{"date":"2021-09-30","commitResults":[{"hash":"0c8fe93159eff20ba7ca218163feea80ca241768","messageTitle":"Update the name in AboutUS","messageBody":"","fileTypesAndContributionMap":{"docs":{"insertions":1,"deletions":1}}}]},{"date":"2021-10-07","commitResults":[{"hash":"52086ed69dff8cacb3901e1bc8b5c48e47c6fe38","messageTitle":"update main","messageBody":"","fileTypesAndContributionMap":{"functional-code":{"insertions":26,"deletions":13}}},{"hash":"b4b76029fcac249b1182c13f30f1d4168ce5f044","messageTitle":"update","messageBody":"","fileTypesAndContributionMap":{"functional-code":{"insertions":3,"deletions":15}}},{"hash":"70a87a51c2c44af089fbaf481e42715bc7fd7d5f","messageTitle":"update","messageBody":"","fileTypesAndContributionMap":{"functional-code":{"insertions":0,"deletions":149},"other":{"insertions":32,"deletions":0},"test-code":{"insertions":12,"deletions":0}}},{"hash":"8d65f49788ccfb0f688742d31efd8c6342684e13","messageTitle":"update","messageBody":"","fileTypesAndContributionMap":{"other":{"insertions":0,"deletions":32},"test-code":{"insertions":0,"deletions":30}}},{"hash":"76240eb248e99db8b23f93882cb83bf0ddf042ee","messageTitle":"update the code style","messageBody":"","fileTypesAndContributionMap":{"functional-code":{"insertions":19,"deletions":3}}},{"hash":"914e3259a51d0ac2294199a97fbf905e44c6c157","messageTitle":"update","messageBody":"","fileTypesAndContributionMap":{"functional-code":{"insertions":260,"deletions":0},"test-code":{"insertions":18,"deletions":0}}},{"hash":"501656af593ab4a31e037be70375a48ac0118a30","messageTitle":"update the structure of project and the wrong names","messageBody":"","fileTypesAndContributionMap":{"functional-code":{"insertions":170,"deletions":24}}},{"hash":"1b87525c414e8f4c6f28ff7bdf1ceec5b3b36c72","messageTitle":"debug some errors","messageBody":"","fileTypesAndContributionMap":{"functional-code":{"insertions":7,"deletions":2}}},{"hash":"200ca16286c98fbb948e6154a5cd5c2d425f8233","messageTitle":"add several Junit test","messageBody":"","fileTypesAndContributionMap":{"functional-code":{"insertions":0,"deletions":5},"test-code":{"insertions":39,"deletions":0}}},{"hash":"570be1d18d56b343f3e2df2230e2912ac8418b6c","messageTitle":"update the java files","messageBody":"","fileTypesAndContributionMap":{"functional-code":{"insertions":8,"deletions":13},"test-code":{"insertions":13,"deletions":2}}},{"hash":"ac3393a391eae9745d2733f90f1c77478efb3545","messageTitle":"update","messageBody":"","fileTypesAndContributionMap":{"functional-code":{"insertions":0,"deletions":401},"test-code":{"insertions":0,"deletions":68}}},{"hash":"af80532159c26f4dd7bde4c59bfc2a455eaf724d","messageTitle":"update","messageBody":"","fileTypesAndContributionMap":{"functional-code":{"insertions":401,"deletions":0},"test-code":{"insertions":68,"deletions":0}}}]},{"date":"2021-10-08","commitResults":[{"hash":"1e87003b27636e2e3a5c5a125992f41f945b4018","messageTitle":"update","messageBody":"","fileTypesAndContributionMap":{"functional-code":{"insertions":59,"deletions":55},"test-code":{"insertions":8,"deletions":20}}},{"hash":"647bf45d544a476f555ce68c300e883f6f822ebe","messageTitle":"add getName() for hangMan game","messageBody":"","fileTypesAndContributionMap":{"functional-code":{"insertions":5,"deletions":0}}},{"hash":"29ac2d3f758f10d05c07dc653b88b7d3bebd523a","messageTitle":"update","messageBody":"","fileTypesAndContributionMap":{"functional-code":{"insertions":0,"deletions":5}}},{"hash":"ddc712baf7af3020143f3470e8f47b266ee2d24e","messageTitle":"update the errors in hangman","messageBody":"","fileTypesAndContributionMap":{"functional-code":{"insertions":5,"deletions":0}}},{"hash":"da49b3ad698bae5d95e722188a9e5af19aba0d7d","messageTitle":"check merge","messageBody":"","fileTypesAndContributionMap":{"functional-code":{"insertions":1,"deletions":2}}}]},{"date":"2021-10-10","commitResults":[{"hash":"7d9a0515d044c1c36433fb3ab9408bb740a03965","messageTitle":"update","messageBody":"","fileTypesAndContributionMap":{"functional-code":{"insertions":1,"deletions":1}}}]},{"date":"2021-10-12","commitResults":[{"hash":"d00f40799877c0421b62d35593e3d2364e9bba36","messageTitle":"Add the Quiz game class","messageBody":"","fileTypesAndContributionMap":{"functional-code":{"insertions":107,"deletions":0}}},{"hash":"63c0c530e6a2f97e854ce39fb9177c81fbb8ea03","messageTitle":"update CI","messageBody":"","fileTypesAndContributionMap":{"functional-code":{"insertions":2,"deletions":2}}},{"hash":"b41584ec150aa1cc43eaa772d3f1108ba7fdf391","messageTitle":"update CI","messageBody":"","fileTypesAndContributionMap":{"functional-code":{"insertions":5,"deletions":5}}},{"hash":"282f72bbd6d4b049deb305d4a04ef4369c1cfea0","messageTitle":"make the code clean","messageBody":"","fileTypesAndContributionMap":{"functional-code":{"insertions":32,"deletions":29}}},{"hash":"5a2752ddb14bd0e3049c87905fdec27070b1a2a7","messageTitle":"change intention level","messageBody":"","fileTypesAndContributionMap":{"functional-code":{"insertions":2,"deletions":2}}},{"hash":"077d1c520665788986e794ba71d4cef89deea522","messageTitle":"update quizGame","messageBody":"","fileTypesAndContributionMap":{"functional-code":{"insertions":5,"deletions":0}}}]},{"date":"2021-10-14","commitResults":[{"hash":"e10dd4eb75d84fc45511b3253addf3cebedcca29","messageTitle":"test quizGame in game.java","messageBody":"","fileTypesAndContributionMap":{"functional-code":{"insertions":6,"deletions":6}}},{"hash":"2d3cc9fdb721f33ace0a0edaf95d46828e658068","messageTitle":"update","messageBody":"","fileTypesAndContributionMap":{"functional-code":{"insertions":13,"deletions":83}}},{"hash":"bae887067c518b727946b7291fa900992b9eadf0","messageTitle":"update","messageBody":"","fileTypesAndContributionMap":{"functional-code":{"insertions":82,"deletions":12}}},{"hash":"94885d8bace1b11aecd70aea8119daf67046c728","messageTitle":"update","messageBody":"","fileTypesAndContributionMap":{"functional-code":{"insertions":1,"deletions":1}}},{"hash":"447b90517f924bf5ae03e2d319a7aff91fcce977","messageTitle":"update","messageBody":"","fileTypesAndContributionMap":{"functional-code":{"insertions":11,"deletions":11}}}]},{"date":"2021-10-22","commitResults":[{"hash":"2f7fa720c2375ad74e360fbb8bb9160700280cd5","messageTitle":"update DG","messageBody":"","fileTypesAndContributionMap":{"docs":{"insertions":4,"deletions":1}}},{"hash":"0890f009f28439233d130be4fed2c1a6c03da200","messageTitle":"solve conflicts","messageBody":"","fileTypesAndContributionMap":{"functional-code":{"insertions":22,"deletions":22}}},{"hash":"8bc828485efae62be855d35f5a3dc0322099c0ca","messageTitle":"solve conflicts","messageBody":"","fileTypesAndContributionMap":{"functional-code":{"insertions":26,"deletions":26}}}]},{"date":"2021-10-26","commitResults":[{"hash":"6c6ff7ca83609df88c2cf830b9fa6abad7eed79b","messageTitle":"update the difficult level and add card and solve conflicts","messageBody":"","fileTypesAndContributionMap":{"functional-code":{"insertions":56,"deletions":12}}}]},{"date":"2021-10-29","commitResults":[{"hash":"71e60ac4391f858774047cce7ce74c16a55f14d6","messageTitle":"Update UG","messageBody":"","fileTypesAndContributionMap":{"other":{"insertions":32,"deletions":0},"docs":{"insertions":17,"deletions":7}}}]},{"date":"2021-11-03","commitResults":[{"hash":"65e57888a46d202837dd3eb9a6b79b1259ff8de2","messageTitle":"update ppp","messageBody":"","fileTypesAndContributionMap":{"docs":{"insertions":6,"deletions":2}}}]},{"date":"2021-11-04","commitResults":[{"hash":"8156b27cf11c9a9963230bf036903c0be5ece2c6","messageTitle":"update ppp and solve issues","messageBody":"","fileTypesAndContributionMap":{"functional-code":{"insertions":10,"deletions":3},"docs":{"insertions":15,"deletions":0}}},{"hash":"7b21f232e4866dba673d754415c5fde13cdda264","messageTitle":"update hangMan and quizGame in two levels","messageBody":"","fileTypesAndContributionMap":{"functional-code":{"insertions":141,"deletions":49}}},{"hash":"859a900bcd0b06bc457c9754a4477c1ce1b91834","messageTitle":"PPP","messageBody":"","fileTypesAndContributionMap":{"docs":{"insertions":0,"deletions":0}}}]},{"date":"2021-11-05","commitResults":[{"hash":"9a25b0c194151f4d305d7ab4b07cec1c6399c16e","messageTitle":"PPP","messageBody":"","fileTypesAndContributionMap":{"docs":{"insertions":0,"deletions":0}}},{"hash":"6104281adce67ba7696a0293926a285466e1a01e","messageTitle":"update","messageBody":"","fileTypesAndContributionMap":{"functional-code":{"insertions":1,"deletions":5}}},{"hash":"00b1b2a5d0f0115dd5bf5ef060142dba36b36c3e","messageTitle":"update","messageBody":"","fileTypesAndContributionMap":{"functional-code":{"insertions":14,"deletions":12}}}]}],"LilyDaytoy":[{"date":"2021-09-30","commitResults":[{"hash":"fd5891bc2e2d7cc3a4d05f24c95e0443e67ea591","messageTitle":"add my name in AboutUs","messageBody":"","fileTypesAndContributionMap":{"docs":{"insertions":1,"deletions":1}}}]},{"date":"2021-10-07","commitResults":[{"hash":"cc1d8d28cef2b7c9ea60220740fb9c074cbe8bb9","messageTitle":"add Card package","messageBody":"","fileTypesAndContributionMap":{"functional-code":{"insertions":59,"deletions":0}}},{"hash":"60a5d5245e42e978d7145a3f8c86113158ddcfe2","messageTitle":"add test","messageBody":"","fileTypesAndContributionMap":{"functional-code":{"insertions":5,"deletions":0},"other":{"insertions":33,"deletions":0}}},{"hash":"8e5ce18b316aead4e0b0ff68caeaefa6b0ecde03","messageTitle":"update","messageBody":"","fileTypesAndContributionMap":{"functional-code":{"insertions":1,"deletions":1},"test-code":{"insertions":1,"deletions":1}}}]},{"date":"2021-10-10","commitResults":[{"hash":"dce572e8548227d4cfa8ad744e4bb989f08e14b3","messageTitle":"update card-related methods","messageBody":"","fileTypesAndContributionMap":{"functional-code":{"insertions":80,"deletions":24},"test-code":{"insertions":1,"deletions":1}}},{"hash":"bbf8ff2df7b964caa35ab1d6863094abd5bb3b4a","messageTitle":"resolve conflicts","messageBody":"","fileTypesAndContributionMap":{"functional-code":{"insertions":0,"deletions":4}}},{"hash":"b33af98783fb80a844786aa9ab24a842b49a2547","messageTitle":"solve conflicts","messageBody":"","fileTypesAndContributionMap":{"functional-code":{"insertions":0,"deletions":4}}},{"hash":"448ffbdbe8d3c56da9f2f2b6aa377941496b7cc2","messageTitle":"checkstyle update","messageBody":"","fileTypesAndContributionMap":{"functional-code":{"insertions":6,"deletions":9}}},{"hash":"239546ada057e411537b34add240f03b5be47ae1","messageTitle":"solve error","messageBody":"","fileTypesAndContributionMap":{"functional-code":{"insertions":1,"deletions":1}}},{"hash":"d3539f8c136e43d1d2c547f7a0cba7fbc4471d31","messageTitle":"solve error","messageBody":"","fileTypesAndContributionMap":{"functional-code":{"insertions":0,"deletions":50}}},{"hash":"ae0b21c188e751c7327c5f425af49298bf5f05fa","messageTitle":"merge player class","messageBody":"","fileTypesAndContributionMap":{"functional-code":{"insertions":21,"deletions":5}}},{"hash":"8edac077c0933945dfa84f01158ccd23dbcc5ddd","messageTitle":"delet player package","messageBody":"","fileTypesAndContributionMap":{"functional-code":{"insertions":0,"deletions":21}}}]},{"date":"2021-10-11","commitResults":[{"hash":"55dd68d9130291fe186baaf91651fad9f916f5c8","messageTitle":"player update","messageBody":"","fileTypesAndContributionMap":{"functional-code":{"insertions":7,"deletions":8}}}]},{"date":"2021-10-12","commitResults":[{"hash":"5b7e76cf6e757df9dcf4b90bf9a5b8790fd8707d","messageTitle":"update card test","messageBody":"","fileTypesAndContributionMap":{"test-code":{"insertions":33,"deletions":0}}},{"hash":"d75746cef6bb3c5261b6444e035c00c3b8196bf5","messageTitle":"Update QuizGame.java","messageBody":"add a white space","fileTypesAndContributionMap":{"functional-code":{"insertions":1,"deletions":1}}},{"hash":"d122969dcc6e67c19f25befb97183ee6b2bf5233","messageTitle":"Update CardManagerTest.java","messageBody":"minor change","fileTypesAndContributionMap":{"test-code":{"insertions":1,"deletions":2}}},{"hash":"fc88df7b5786754130f7792b45a09d61d73b8242","messageTitle":"Update CardManagerTest.java","messageBody":"minor change","fileTypesAndContributionMap":{"test-code":{"insertions":1,"deletions":1}}},{"hash":"b45de0e1e48756119f134d6e9c9d2ff0f0480dc1","messageTitle":"Update CardManagerTest.java","messageBody":"minor change","fileTypesAndContributionMap":{"test-code":{"insertions":7,"deletions":6}}},{"hash":"a019a4ee3a1a5ebb93dc1c324f72c623e473256e","messageTitle":"Update CardManagerTest.java","messageBody":"minor change","fileTypesAndContributionMap":{"test-code":{"insertions":3,"deletions":3}}},{"hash":"220530a1ba03dde88e67ceeedd4e3591aa52c560","messageTitle":"minor change","messageBody":"","fileTypesAndContributionMap":{"test-code":{"insertions":9,"deletions":9}}},{"hash":"12d27b8e1d00962088a97cb6c66f17d6c1b14f2c","messageTitle":"minoe change","messageBody":"","fileTypesAndContributionMap":{"test-code":{"insertions":1,"deletions":2}}},{"hash":"3dde7dab09410857f591ea6d7f2877a6924d41e5","messageTitle":"Update CardTest.java","messageBody":"minor change","fileTypesAndContributionMap":{"test-code":{"insertions":2,"deletions":2}}},{"hash":"9090b978e75e719c9051c91c3f98245f024b8762","messageTitle":"Update CardManagerTest.java","messageBody":"minor change","fileTypesAndContributionMap":{"test-code":{"insertions":2,"deletions":2}}},{"hash":"9a1c94e6d3e01266ae4facbb86c866640f5ef349","messageTitle":"minor change","messageBody":"","fileTypesAndContributionMap":{"test-code":{"insertions":1,"deletions":1}}},{"hash":"a5c5fde1fc046ab682c51e16939668ba7df3a124","messageTitle":"add asserttion","messageBody":"","fileTypesAndContributionMap":{"functional-code":{"insertions":9,"deletions":2}}},{"hash":"e9ab660928ac8ce330c60989e23fa8483d4ac200","messageTitle":"change return for execute and play, add startID for each game","messageBody":"","fileTypesAndContributionMap":{"functional-code":{"insertions":134,"deletions":19},"test-code":{"insertions":5,"deletions":5}}},{"hash":"ec6cf655c696c0fe43f7933ea955248c82854ce3","messageTitle":"change winCard, getCardPosition transferTo","messageBody":"","fileTypesAndContributionMap":{"functional-code":{"insertions":51,"deletions":9}}},{"hash":"d58ac0dba66c4a7e13667256ba9679b835251123","messageTitle":"minor change","messageBody":"","fileTypesAndContributionMap":{"functional-code":{"insertions":6,"deletions":6}}}]},{"date":"2021-10-14","commitResults":[{"hash":"398b7e7113d1b839012d88e566e073525142ce64","messageTitle":"add card content","messageBody":"","fileTypesAndContributionMap":{"functional-code":{"insertions":20,"deletions":10}}},{"hash":"42abb5eece211c271c4f2033115b52a2534f5971","messageTitle":"print win card message","messageBody":"","fileTypesAndContributionMap":{"functional-code":{"insertions":12,"deletions":4}}},{"hash":"dfc69b75b35921a0030bf6a207506b2a14a7ee09","messageTitle":"minor change","messageBody":"","fileTypesAndContributionMap":{"functional-code":{"insertions":18,"deletions":18}}},{"hash":"f8d2629cf03b06e88bff13a532b95a7a4d978471","messageTitle":"minor change","messageBody":"","fileTypesAndContributionMap":{"functional-code":{"insertions":2,"deletions":3}}},{"hash":"f006a4d63ef24fd97a175f2ae59d1bf3e2133a8e","messageTitle":"minor change","messageBody":"","fileTypesAndContributionMap":{"functional-code":{"insertions":2,"deletions":1}}},{"hash":"5bd653ec5031ff445cb3850e4bb60d9a2f6ae4d6","messageTitle":"minor change","messageBody":"","fileTypesAndContributionMap":{"functional-code":{"insertions":2,"deletions":2}}},{"hash":"f59bf88dc57065e9ce592ff24c1c113e72445008","messageTitle":"minor change","messageBody":"","fileTypesAndContributionMap":{"functional-code":{"insertions":1,"deletions":0}}}]},{"date":"2021-10-21","commitResults":[{"hash":"32cd258d261d931a955d47eb5f4298d5da1a8e8e","messageTitle":"update DG","messageBody":"","fileTypesAndContributionMap":{"functional-code":{"insertions":0,"deletions":2},"docs":{"insertions":2,"deletions":1}}},{"hash":"64a85703a74317dfac46d0ff3b13ad5c011d5b23","messageTitle":"add card storage","messageBody":"","fileTypesAndContributionMap":{"functional-code":{"insertions":61,"deletions":9}}},{"hash":"baf93c80bc7e13542a2d82e50a72c5f3b10ae07c","messageTitle":"minor changes","messageBody":"","fileTypesAndContributionMap":{"functional-code":{"insertions":11,"deletions":5}}}]},{"date":"2021-10-27","commitResults":[{"hash":"eabb8b004d661bf217d4fd1e7af720bd35ce5055","messageTitle":"update UG","messageBody":"","fileTypesAndContributionMap":{"docs":{"insertions":8,"deletions":2}}}]},{"date":"2021-11-04","commitResults":[{"hash":"2d84d417a43dc80532a39099706dd67864708dd9","messageTitle":"update PPP","messageBody":"","fileTypesAndContributionMap":{"docs":{"insertions":15,"deletions":0}}},{"hash":"c9dc0cdd6e1616802520ff9a2c392b1eaa6d3acf","messageTitle":"add card content","messageBody":"","fileTypesAndContributionMap":{"functional-code":{"insertions":54,"deletions":29}}},{"hash":"2605f852fc493429c14ea17e518ba9171adecfa2","messageTitle":"minor change","messageBody":"","fileTypesAndContributionMap":{"functional-code":{"insertions":2,"deletions":1}}},{"hash":"d1af0cc751c50bd71b4fc785a38e77dc6d1d70c5","messageTitle":"fix bug","messageBody":"","fileTypesAndContributionMap":{"functional-code":{"insertions":2,"deletions":3}}},{"hash":"ed244b13b137e6041e85a5503d30682a6a8ea16c","messageTitle":"rename ppp","messageBody":"","fileTypesAndContributionMap":{"docs":{"insertions":0,"deletions":0}}}]},{"date":"2021-11-05","commitResults":[{"hash":"326b6da0c4dd1330fb83400e51ce72bb1b3cd266","messageTitle":"add difficult level","messageBody":"","fileTypesAndContributionMap":{"functional-code":{"insertions":215,"deletions":52}}},{"hash":"e20fc2b3ed0c2622c6acda0b68abaa184f7f50d0","messageTitle":"update test","messageBody":"","fileTypesAndContributionMap":{"test-code":{"insertions":5,"deletions":5}}},{"hash":"d5a57a107b56567e740252b5305efd90d9a69801","messageTitle":"minor chaneg","messageBody":"","fileTypesAndContributionMap":{"functional-code":{"insertions":5,"deletions":5}}}]},{"date":"2021-11-06","commitResults":[{"hash":"cc47bd986d77f85f82f830868e22e602f0d73bd1","messageTitle":"update card","messageBody":"","fileTypesAndContributionMap":{"functional-code":{"insertions":201,"deletions":0}}},{"hash":"0ff5ce5d520c074f7dd81150c0ec2d1d703af85c","messageTitle":"update UG","messageBody":"","fileTypesAndContributionMap":{"docs":{"insertions":0,"deletions":92}}},{"hash":"1b06cc3396c6afb61645b4877ee3ed298f71d901","messageTitle":"update UG","messageBody":"","fileTypesAndContributionMap":{"docs":{"insertions":92,"deletions":0}}},{"hash":"6876aa7ffa93dec5fb25a167b02fb783448b28ec","messageTitle":"fix conflicts","messageBody":"","fileTypesAndContributionMap":{"functional-code":{"insertions":0,"deletions":331},"docs":{"insertions":0,"deletions":92},"test-code":{"insertions":0,"deletions":6}}},{"hash":"289f9bea64c83c12411bee862fa909951cf985b0","messageTitle":"add lost content","messageBody":"","fileTypesAndContributionMap":{"functional-code":{"insertions":331,"deletions":0},"test-code":{"insertions":6,"deletions":0}}},{"hash":"e47759f82a74d58b41dc6219fdca4df17d3a3a9d","messageTitle":"update UG","messageBody":"","fileTypesAndContributionMap":{"docs":{"insertions":158,"deletions":0}}},{"hash":"4ce5ad839cdef32b37734de8cbee5d2b0216f8ae","messageTitle":"update UG","messageBody":"","fileTypesAndContributionMap":{"functional-code":{"insertions":0,"deletions":2},"docs":{"insertions":117,"deletions":11}}},{"hash":"f243a95b01c915f733f10df0c8f8e9a40b27bff6","messageTitle":"add UG links","messageBody":"","fileTypesAndContributionMap":{"docs":{"insertions":14,"deletions":14}}},{"hash":"6c39ea38a57ff98e18bd7e411f0469912a7b7f7b","messageTitle":"Update Player.java","messageBody":"minor change","fileTypesAndContributionMap":{"functional-code":{"insertions":1,"deletions":0}}},{"hash":"ef1b176dfac50e1d655042c56cb10b19308af797","messageTitle":"update card operations","messageBody":"","fileTypesAndContributionMap":{"functional-code":{"insertions":19,"deletions":0}}},{"hash":"7c568a2eee84363b15bca0232666a922f245a96d","messageTitle":"minor change","messageBody":"","fileTypesAndContributionMap":{"functional-code":{"insertions":1,"deletions":1}}}]}]},"authorFileTypeContributionMap":{"Yuxinn-J":{"docs":645,"functional-code":1121,"test-code":24},"oneScotch":{"docs":30,"functional-code":971,"test-code":23,"other":1},"Mist0919":{"docs":99,"functional-code":431,"test-code":4},"Vincent6896":{"docs":6,"functional-code":532,"test-code":29,"other":32},"LilyDaytoy":{"docs":256,"functional-code":531,"test-code":40}},"authorContributionVariance":{"Yuxinn-J":105867.27,"oneScotch":40542.07,"Mist0919":8062.453,"Vincent6896":76111.03,"LilyDaytoy":52961.69},"authorDisplayNameMap":{"Yuxinn-J":"CS2113-T13-3 JIAN..UXIN","oneScotch":"CS2113-T13-3 WANG..UISI","Mist0919":"CS2113-T13-3 XUE ..SHAN","Vincent6896":"CS2113-T13-3 WANG..UHAN","LilyDaytoy":"CS2113-T13-3 PENG..XUAN"}}
