{"authorDailyContributionsMap":{"Yuxinn-J":[{"date":"2021-09-30","commitResults":[{"hash":"063c474e52173759c4e1c97a9429dd9eeac163c4","messageTitle":"update personal file","messageBody":"","fileTypesAndContributionMap":{"docs":{"insertions":1,"deletions":1}}},{"hash":"60e948b5d91384a2e4473aa169bf6c5cbcc0a291","messageTitle":"fix conflicts","messageBody":"","fileTypesAndContributionMap":{"docs":{"insertions":2,"deletions":2}}}]},{"date":"2021-10-07","commitResults":[{"hash":"1ad1262ba1921b12e885e90ad467baa3439ccc68","messageTitle":"Delete CardManagerTest.java","messageBody":"","fileTypesAndContributionMap":{"other":{"insertions":0,"deletions":7}}},{"hash":"e853d00a299e6b6eee91640c1c1285dd6bc19db5","messageTitle":"Delete CardTest.java","messageBody":"","fileTypesAndContributionMap":{"other":{"insertions":0,"deletions":12}}},{"hash":"e075993cd1ebc6335f4b459fb0fd9a70eccd19d4","messageTitle":"Delete GameMainMenuTest.java","messageBody":"","fileTypesAndContributionMap":{"other":{"insertions":0,"deletions":7}}},{"hash":"6656b6242c277789c17189638b8b2770b7481f69","messageTitle":"Delete MessageTest.java","messageBody":"","fileTypesAndContributionMap":{"other":{"insertions":0,"deletions":7}}},{"hash":"1ca274b81e4f7d892a7f7861e4d00a76045b1054","messageTitle":"HangMan Game","messageBody":"","fileTypesAndContributionMap":{"functional-code":{"insertions":163,"deletions":16}}},{"hash":"1f7aa7d493bc8b2a31d1ac69846b4415923b69b5","messageTitle":"Delete HangMan.java","messageBody":"","fileTypesAndContributionMap":{"functional-code":{"insertions":0,"deletions":17}}},{"hash":"777fac1f0cf363d51aaef06afe606c14a6778711","messageTitle":"fix few nits","messageBody":"","fileTypesAndContributionMap":{"functional-code":{"insertions":1,"deletions":1}}},{"hash":"a1aa22f4dd604acde9b42655a53e746f973b177a","messageTitle":"fix few nits","messageBody":"","fileTypesAndContributionMap":{"functional-code":{"insertions":1,"deletions":1}}},{"hash":"c5b4235d8648fceb26a4edc12a8e5a92429a1a3d","messageTitle":"Update Game.java","messageBody":"","fileTypesAndContributionMap":{"functional-code":{"insertions":1,"deletions":1}}},{"hash":"387c7b7397aa8843a684b0f35acb669ecab58f99","messageTitle":"fix few nits","messageBody":"","fileTypesAndContributionMap":{"other":{"insertions":1,"deletions":1}}},{"hash":"7c6ae08cec6b3336b9b6d35de15bc8c7c91a86db","messageTitle":"Update and rename src/main/java/UI/GameMainMenu.java to src/main/java/ui/GameMainMenu.java","messageBody":"","fileTypesAndContributionMap":{"other":{"insertions":1,"deletions":1}}},{"hash":"cab5b061fd8f5a6dad075906517d3612a6e26155","messageTitle":"Rename src/main/java/Game/Game.java to src/main/java/game/Game.java","messageBody":"","fileTypesAndContributionMap":{"other":{"insertions":0,"deletions":0}}},{"hash":"f2e626bde52be358003c991c0534f814b9555b11","messageTitle":"Rename src/main/java/Game/HangmanGame.java to src/main/java/game/HangmanGame.java","messageBody":"","fileTypesAndContributionMap":{"other":{"insertions":0,"deletions":0}}},{"hash":"633598ae58ed83057bfe41ffc7ba51c7013a3fff","messageTitle":"Update and rename src/main/java/Storage/Storage.java to src/main/java/storage/Storage.java","messageBody":"","fileTypesAndContributionMap":{"other":{"insertions":2,"deletions":2}}},{"hash":"c2b57dda00d604bc285ddbda405e55856b0f48bf","messageTitle":"Rename src/main/java/Card/Card.java to src/main/java/card/Card.java","messageBody":"","fileTypesAndContributionMap":{"other":{"insertions":0,"deletions":0}}},{"hash":"e4f5ae3312b879d2e2626178afdf7643e7a28170","messageTitle":"Rename src/main/java/Card/CardManager.java to src/main/java/card/CardManager.java","messageBody":"","fileTypesAndContributionMap":{"other":{"insertions":0,"deletions":0}}}]},{"date":"2021-10-08","commitResults":[{"hash":"8e658dc0602a1607977b0e681ee33c9f148f56f7","messageTitle":"fix switch fall through","messageBody":"","fileTypesAndContributionMap":{"functional-code":{"insertions":19,"deletions":11}}},{"hash":"076826afcb16b9ad54c8bb6ba7491fc5f14f0180","messageTitle":"add space after if","messageBody":"","fileTypesAndContributionMap":{"functional-code":{"insertions":4,"deletions":4}}},{"hash":"d96210dce50a7c0f645c25a38abd6ed93b07c6a4","messageTitle":"fix javadoc problem","messageBody":"","fileTypesAndContributionMap":{"functional-code":{"insertions":1,"deletions":1}}}]}],"oneScotch":[{"date":"2021-09-30","commitResults":[{"hash":"abc1ae51140111f7086bf9c8bb8a318cad0545a2","messageTitle":"update AboutUs(Wang Ruisi","messageBody":"","fileTypesAndContributionMap":{"docs":{"insertions":1,"deletions":1}}}]},{"date":"2021-10-07","commitResults":[{"hash":"e8d1361f0a914cd2514fe5eea862b2d91a4b14e9","messageTitle":"greet","messageBody":"","fileTypesAndContributionMap":{"functional-code":{"insertions":29,"deletions":0}}},{"hash":"0b532ced6dac263a46eaa8d3807d86477712daee","messageTitle":"add a Junit Test","messageBody":"","fileTypesAndContributionMap":{"other":{"insertions":1,"deletions":1}}},{"hash":"74b78a952015b23838dc5c7caf59574fd8d318ae","messageTitle":"a junit test","messageBody":"","fileTypesAndContributionMap":{"functional-code":{"insertions":39,"deletions":3},"test-code":{"insertions":6,"deletions":0}}},{"hash":"3bf4535b872652292f3f77c1cc8acf7daae253ef","messageTitle":"add several tests","messageBody":"","fileTypesAndContributionMap":{"functional-code":{"insertions":2,"deletions":2},"docs":{"insertions":1,"deletions":1},"test-code":{"insertions":39,"deletions":0}}}]},{"date":"2021-10-08","commitResults":[{"hash":"358887d69e67e35350d0c020805b529493cbe4f5","messageTitle":"add a test","messageBody":"","fileTypesAndContributionMap":{"test-code":{"insertions":2,"deletions":0}}},{"hash":"772aed2d90c173c6b536727b7444c589810ae056","messageTitle":"no message","messageBody":"","fileTypesAndContributionMap":{"functional-code":{"insertions":4,"deletions":0},"test-code":{"insertions":14,"deletions":5}}},{"hash":"42d59ca6b2eb89d9e1ba021b8a30a5dfa9ec5d60","messageTitle":"Delete GuessNumber.java","messageBody":"","fileTypesAndContributionMap":{"functional-code":{"insertions":0,"deletions":4}}}]},{"date":"2021-10-10","commitResults":[{"hash":"b1a2733a3941520ee90fa236785af1d743f4bd44","messageTitle":"basic structure","messageBody":"","fileTypesAndContributionMap":{"functional-code":{"insertions":266,"deletions":18},"other":{"insertions":0,"deletions":0}}},{"hash":"cf08fd3b931afa840a337b4c2e8b67fe1c147190","messageTitle":"basic structure","messageBody":"","fileTypesAndContributionMap":{"functional-code":{"insertions":549,"deletions":46},"test-code":{"insertions":1,"deletions":3}}},{"hash":"5799c0784b22ccf754c25718754d12edccd56522","messageTitle":"minor change","messageBody":"","fileTypesAndContributionMap":{"test-code":{"insertions":4,"deletions":0}}},{"hash":"02f2e82ff041f046fabb5eebbaa4cefcccb23a12","messageTitle":"minor change","messageBody":"","fileTypesAndContributionMap":{"functional-code":{"insertions":29,"deletions":28}}},{"hash":"8b9800ac6ff526b524ef65c7af04f36b70b6db78","messageTitle":"minor change","messageBody":"","fileTypesAndContributionMap":{"functional-code":{"insertions":8,"deletions":10}}},{"hash":"d99e856da43828e6496af4d3aced94fea4631ee2","messageTitle":"minor change","messageBody":"","fileTypesAndContributionMap":{"functional-code":{"insertions":2,"deletions":4}}}]}],"Mist0919":[{"date":"2021-09-30","commitResults":[{"hash":"a5cd6c818958d35d869d42743d9b1687bcbf560d","messageTitle":"About Us","messageBody":"","fileTypesAndContributionMap":{"docs":{"insertions":2,"deletions":2}}},{"hash":"c04e1c5875fce72e12904e49aaae02025a2affde","messageTitle":"Update about us","messageBody":"","fileTypesAndContributionMap":{"docs":{"insertions":1,"deletions":1}}},{"hash":"3774e9ba26c233f1bf6da2befb22aeaa6fdb7e37","messageTitle":"Update AboutUs","messageBody":"","fileTypesAndContributionMap":{"docs":{"insertions":0,"deletions":4}}}]},{"date":"2021-10-07","commitResults":[{"hash":"f97a4dc4514cc19d9a7733eb704898a441dbb6fd","messageTitle":"Add Game classes and Storage class","messageBody":"","fileTypesAndContributionMap":{"functional-code":{"insertions":82,"deletions":0}}},{"hash":"7da7c547baca482fead9adc7418a60d80647b4b3","messageTitle":"Update game package and storage package","messageBody":"","fileTypesAndContributionMap":{"functional-code":{"insertions":23,"deletions":11}}},{"hash":"58d70101e426401eef0db4c68de7b5a7e261303e","messageTitle":"Make some correction for HangmanGame class","messageBody":"","fileTypesAndContributionMap":{"functional-code":{"insertions":6,"deletions":0}}}]},{"date":"2021-10-08","commitResults":[{"hash":"65bc27f3247214f93033fdda180b0ba3d1134a50","messageTitle":"Improve code quality and add test for GameList","messageBody":"","fileTypesAndContributionMap":{"functional-code":{"insertions":54,"deletions":48},"test-code":{"insertions":11,"deletions":0}}},{"hash":"bf1ee209abc1b669fa9d8bcb6609aaf4c61fb4ec","messageTitle":"Update code quality","messageBody":"","fileTypesAndContributionMap":{"functional-code":{"insertions":0,"deletions":5}}},{"hash":"965c26a523135f427583751a891954fedce59aa8","messageTitle":"Update test","messageBody":"","fileTypesAndContributionMap":{"test-code":{"insertions":0,"deletions":4}}}]}],"Vincent6896":[{"date":"2021-09-30","commitResults":[{"hash":"0c8fe93159eff20ba7ca218163feea80ca241768","messageTitle":"Update the name in AboutUS","messageBody":"","fileTypesAndContributionMap":{"docs":{"insertions":1,"deletions":1}}}]},{"date":"2021-10-07","commitResults":[{"hash":"52086ed69dff8cacb3901e1bc8b5c48e47c6fe38","messageTitle":"update main","messageBody":"","fileTypesAndContributionMap":{"functional-code":{"insertions":26,"deletions":13}}},{"hash":"b4b76029fcac249b1182c13f30f1d4168ce5f044","messageTitle":"update","messageBody":"","fileTypesAndContributionMap":{"functional-code":{"insertions":3,"deletions":15}}},{"hash":"70a87a51c2c44af089fbaf481e42715bc7fd7d5f","messageTitle":"update","messageBody":"","fileTypesAndContributionMap":{"functional-code":{"insertions":0,"deletions":149},"other":{"insertions":32,"deletions":0},"test-code":{"insertions":12,"deletions":0}}},{"hash":"8d65f49788ccfb0f688742d31efd8c6342684e13","messageTitle":"update","messageBody":"","fileTypesAndContributionMap":{"other":{"insertions":0,"deletions":32},"test-code":{"insertions":0,"deletions":30}}},{"hash":"76240eb248e99db8b23f93882cb83bf0ddf042ee","messageTitle":"update the code style","messageBody":"","fileTypesAndContributionMap":{"functional-code":{"insertions":19,"deletions":3}}},{"hash":"914e3259a51d0ac2294199a97fbf905e44c6c157","messageTitle":"update","messageBody":"","fileTypesAndContributionMap":{"functional-code":{"insertions":260,"deletions":0},"test-code":{"insertions":18,"deletions":0}}},{"hash":"501656af593ab4a31e037be70375a48ac0118a30","messageTitle":"update the structure of project and the wrong names","messageBody":"","fileTypesAndContributionMap":{"functional-code":{"insertions":170,"deletions":24}}},{"hash":"1b87525c414e8f4c6f28ff7bdf1ceec5b3b36c72","messageTitle":"debug some errors","messageBody":"","fileTypesAndContributionMap":{"functional-code":{"insertions":7,"deletions":2}}},{"hash":"200ca16286c98fbb948e6154a5cd5c2d425f8233","messageTitle":"add several Junit test","messageBody":"","fileTypesAndContributionMap":{"functional-code":{"insertions":0,"deletions":5},"test-code":{"insertions":39,"deletions":0}}},{"hash":"570be1d18d56b343f3e2df2230e2912ac8418b6c","messageTitle":"update the java files","messageBody":"","fileTypesAndContributionMap":{"functional-code":{"insertions":8,"deletions":13},"test-code":{"insertions":13,"deletions":2}}},{"hash":"ac3393a391eae9745d2733f90f1c77478efb3545","messageTitle":"update","messageBody":"","fileTypesAndContributionMap":{"functional-code":{"insertions":0,"deletions":401},"test-code":{"insertions":0,"deletions":68}}},{"hash":"af80532159c26f4dd7bde4c59bfc2a455eaf724d","messageTitle":"update","messageBody":"","fileTypesAndContributionMap":{"functional-code":{"insertions":401,"deletions":0},"test-code":{"insertions":68,"deletions":0}}}]},{"date":"2021-10-08","commitResults":[{"hash":"1e87003b27636e2e3a5c5a125992f41f945b4018","messageTitle":"update","messageBody":"","fileTypesAndContributionMap":{"functional-code":{"insertions":59,"deletions":55},"test-code":{"insertions":8,"deletions":20}}},{"hash":"647bf45d544a476f555ce68c300e883f6f822ebe","messageTitle":"add getName() for hangMan game","messageBody":"","fileTypesAndContributionMap":{"functional-code":{"insertions":5,"deletions":0}}},{"hash":"29ac2d3f758f10d05c07dc653b88b7d3bebd523a","messageTitle":"update","messageBody":"","fileTypesAndContributionMap":{"functional-code":{"insertions":0,"deletions":5}}},{"hash":"ddc712baf7af3020143f3470e8f47b266ee2d24e","messageTitle":"update the errors in hangman","messageBody":"","fileTypesAndContributionMap":{"functional-code":{"insertions":5,"deletions":0}}},{"hash":"da49b3ad698bae5d95e722188a9e5af19aba0d7d","messageTitle":"check merge","messageBody":"","fileTypesAndContributionMap":{"functional-code":{"insertions":1,"deletions":2}}}]},{"date":"2021-10-10","commitResults":[{"hash":"7d9a0515d044c1c36433fb3ab9408bb740a03965","messageTitle":"update","messageBody":"","fileTypesAndContributionMap":{"functional-code":{"insertions":1,"deletions":1}}}]}],"LilyDaytoy":[{"date":"2021-09-30","commitResults":[{"hash":"fd5891bc2e2d7cc3a4d05f24c95e0443e67ea591","messageTitle":"add my name in AboutUs","messageBody":"","fileTypesAndContributionMap":{"docs":{"insertions":1,"deletions":1}}}]},{"date":"2021-10-07","commitResults":[{"hash":"cc1d8d28cef2b7c9ea60220740fb9c074cbe8bb9","messageTitle":"add Card package","messageBody":"","fileTypesAndContributionMap":{"functional-code":{"insertions":59,"deletions":0}}},{"hash":"60a5d5245e42e978d7145a3f8c86113158ddcfe2","messageTitle":"add test","messageBody":"","fileTypesAndContributionMap":{"functional-code":{"insertions":5,"deletions":0},"other":{"insertions":33,"deletions":0}}}]}]},"authorFileTypeContributionMap":{"Yuxinn-J":{"docs":1,"functional-code":20,"test-code":0},"oneScotch":{"docs":2,"functional-code":802,"test-code":20},"Mist0919":{"docs":1,"functional-code":84,"test-code":4},"Vincent6896":{"docs":1,"functional-code":250,"test-code":41},"LilyDaytoy":{"docs":1,"functional-code":0,"test-code":0}},"authorContributionVariance":{"Yuxinn-J":3466.5586,"oneScotch":54651.527,"Mist0919":1614.7344,"Vincent6896":196015.42,"LilyDaytoy":550.02734},"authorDisplayNameMap":{"Yuxinn-J":"CS2113-T13-3 JIAN..UXIN","oneScotch":"CS2113-T13-3 WANG..UISI","Mist0919":"CS2113-T13-3 XUE ..SHAN","Vincent6896":"CS2113-T13-3 WANG..UHAN","LilyDaytoy":"CS2113-T13-3 PENG..XUAN"}}
