{"authorDailyContributionsMap":{"DuckWillow":[{"date":"2021-10-06","commitResults":[{"hash":"29ab203069c6863624e0e9458a42532a04b46b6c","messageTitle":"About Zhansen","messageBody":"","fileTypesAndContributionMap":{"docs":{"insertions":7,"deletions":2}}}]},{"date":"2021-10-08","commitResults":[{"hash":"6ceb4165b36d1166c8972e01bf41069dd4545bea","messageTitle":"Created StringParser class with a JUnit test","messageBody":"To test out the dashboard tag detecting function\n","fileTypesAndContributionMap":{"functional-code":{"insertions":53,"deletions":0},"test-code":{"insertions":37,"deletions":0}}},{"hash":"4e67ef8e92af8205f5e9efa9b5b62cb709607b09","messageTitle":"checkstyle Debug","messageBody":"","fileTypesAndContributionMap":{"functional-code":{"insertions":1,"deletions":1}}},{"hash":"81a609fbfd0e8210d71ca7c7c37394ae81646af7","messageTitle":"checkstyle debug 2","messageBody":"","fileTypesAndContributionMap":{"test-code":{"insertions":1,"deletions":1}}},{"hash":"2bd9a22730b21c905eab2842060d04254af0a835","messageTitle":"checkstyle debug 3","messageBody":"","fileTypesAndContributionMap":{"test-code":{"insertions":1,"deletions":2}}}]},{"date":"2021-10-14","commitResults":[{"hash":"bfaa79a4c707c07964df38f0de79aedc2c695e22","messageTitle":"Reverting importing Wiki part","messageBody":"","fileTypesAndContributionMap":{"functional-code":{"insertions":3,"deletions":17},"other":{"insertions":1,"deletions":1},"test-code":{"insertions":0,"deletions":34}}},{"hash":"695a8c87fd5e28050d927d8ee2b327e1a10778bc","messageTitle":"Added a simple typing game","messageBody":"","fileTypesAndContributionMap":{"functional-code":{"insertions":214,"deletions":19}}},{"hash":"dd3e1d1728f62db46ba9534e4a72d52778b578ed","messageTitle":"Fix bug missing NoSuchElementException","messageBody":"","fileTypesAndContributionMap":{"functional-code":{"insertions":3,"deletions":0}}},{"hash":"c385a6a277812b753ecc472fa080701d3dd602d6","messageTitle":"Ui improve for printProgress()","messageBody":"","fileTypesAndContributionMap":{"functional-code":{"insertions":4,"deletions":6}}},{"hash":"04426943ff5dd0b30617e20c8a8e67fb0fe66277","messageTitle":"Debug the gradle \u0027clean\u0027","messageBody":"","fileTypesAndContributionMap":{"functional-code":{"insertions":1,"deletions":0}}}]},{"date":"2021-10-19","commitResults":[{"hash":"2ac23b7e5ec60bf950491e5a79ee2e4db730274d","messageTitle":"Finished word-limited game mode","messageBody":"- Add function to limit word\n- Now it display 5 words each time\n- Add some assert\n-Update the User Guide\n","fileTypesAndContributionMap":{"functional-code":{"insertions":152,"deletions":83},"docs":{"insertions":27,"deletions":10},"test-code":{"insertions":18,"deletions":0}}}]},{"date":"2021-10-26","commitResults":[{"hash":"6c910862fca103a8c2360f2b987d54298a816cdc","messageTitle":"Some DG update","messageBody":"","fileTypesAndContributionMap":{"docs":{"insertions":95,"deletions":0}}}]}],"Isabella-L":[{"date":"2021-10-05","commitResults":[{"hash":"8f70bab74a590b6fccc7f2b5544a44c66c0279dc","messageTitle":"update about us","messageBody":"Updated my section in AboutUs.md.\nCreated my md page in docs\n","fileTypesAndContributionMap":{"functional-code":{"insertions":1,"deletions":1},"other":{"insertions":1,"deletions":0},"docs":{"insertions":1,"deletions":1}}},{"hash":"86003c4f82dbfac50c62462d902714700fe2ddcf","messageTitle":"Initialise Personal page","messageBody":"","fileTypesAndContributionMap":{"docs":{"insertions":6,"deletions":0}}},{"hash":"323bc6a1e6c9454693a54b89eb5e922e9feb5a9d","messageTitle":"Update profile image","messageBody":"","fileTypesAndContributionMap":{"docs":{"insertions":1,"deletions":1}}},{"hash":"bac86b5817765ec55d73877e85cb2904b6a21f71","messageTitle":"Update AboutUs.md","messageBody":"","fileTypesAndContributionMap":{"docs":{"insertions":1,"deletions":1}}},{"hash":"85b2c4af46282372fb31926d9e147e89c15dedfe","messageTitle":"Update AboutUs.md","messageBody":"","fileTypesAndContributionMap":{"docs":{"insertions":1,"deletions":1}}},{"hash":"87d0061a2806247511a8235cb0812e5f9d86b0d9","messageTitle":"Update AboutUs.md","messageBody":"","fileTypesAndContributionMap":{"docs":{"insertions":1,"deletions":1}}}]},{"date":"2021-10-06","commitResults":[{"hash":"cf9717b8f54c91f68e7e8319603c050d579fbfc0","messageTitle":"Update Duke.java","messageBody":"","fileTypesAndContributionMap":{"functional-code":{"insertions":1,"deletions":1}}},{"hash":"f5a84406c462b7dbd88833a78551485b26ada00a","messageTitle":"Update build.gradle","messageBody":"","fileTypesAndContributionMap":{"other":{"insertions":0,"deletions":1}}}]},{"date":"2021-10-08","commitResults":[{"hash":"b74078a17cc218ea370fb69975a717bfef4a2118","messageTitle":"project skeleton","messageBody":"","fileTypesAndContributionMap":{"functional-code":{"insertions":251,"deletions":0},"other":{"insertions":3,"deletions":3}}},{"hash":"f2475cb975faf8673da0c4ca50ad5537ab74c847","messageTitle":"improve skeleton","messageBody":"To pass CI test\n","fileTypesAndContributionMap":{"functional-code":{"insertions":0,"deletions":170}}},{"hash":"3057445c8fbb4babf635f64d868bb404b8fbec18","messageTitle":"improve skeleton","messageBody":"To pass CI test, improved code quality\n","fileTypesAndContributionMap":{"other":{"insertions":11,"deletions":11}}},{"hash":"ca714a4c078831befc8eaf87689819d8c07f5858","messageTitle":"Update Utils.java","messageBody":"","fileTypesAndContributionMap":{"functional-code":{"insertions":1,"deletions":5}}},{"hash":"3c41984a9f24a6921d82bc442de0a7228442903d","messageTitle":"update input","messageBody":"","fileTypesAndContributionMap":{"other":{"insertions":2,"deletions":2}}}]},{"date":"2021-10-11","commitResults":[{"hash":"82983567674b82c24718835dee82c247e82d022a","messageTitle":"Create start page","messageBody":"Create landing page for typist.\n","fileTypesAndContributionMap":{"functional-code":{"insertions":83,"deletions":21},"test-code":{"insertions":1,"deletions":0}}},{"hash":"693e16d71de5c1524862cfb11f40b82388af120b","messageTitle":"Update code with Checkstyle","messageBody":"modify code to fix Checkstyle bugs\n","fileTypesAndContributionMap":{"functional-code":{"insertions":32,"deletions":26}}},{"hash":"55c4d572dd45d3af59137bd1be4c1e211c9033c9","messageTitle":"timer mode tryout","messageBody":"","fileTypesAndContributionMap":{"functional-code":{"insertions":200,"deletions":0}}},{"hash":"5484e8d2eae71794958416ce4a228c74ee1967da","messageTitle":"modify code to pass runTest","messageBody":"","fileTypesAndContributionMap":{"functional-code":{"insertions":7,"deletions":5}}}]},{"date":"2021-10-14","commitResults":[{"hash":"2a7cecc58f1b1cf1f972c8d03cdcafb4cd716835","messageTitle":"create timermode game","messageBody":"","fileTypesAndContributionMap":{"functional-code":{"insertions":107,"deletions":86}}},{"hash":"f408969b4b32ccf932a0b93b8b126c4968444117","messageTitle":"minor cleanups","messageBody":"","fileTypesAndContributionMap":{"functional-code":{"insertions":8,"deletions":17}}}]},{"date":"2021-10-15","commitResults":[{"hash":"cd7d184c3072ad11a4fdb4de8a0c7ab95ffcef18","messageTitle":"working version","messageBody":"","fileTypesAndContributionMap":{"functional-code":{"insertions":151,"deletions":87}}},{"hash":"05d97d55eda80298c1ffdf721bd9832021e12742","messageTitle":"Format display","messageBody":"","fileTypesAndContributionMap":{"functional-code":{"insertions":26,"deletions":18}}},{"hash":"6197445ef27cea1319023f20fa5b4fcf19a07680","messageTitle":"Better ui","messageBody":"","fileTypesAndContributionMap":{"functional-code":{"insertions":2,"deletions":2}}},{"hash":"7d7d5e5fb3745b789ffcff14b5106f142224cd71","messageTitle":"Create manual","messageBody":"","fileTypesAndContributionMap":{"functional-code":{"insertions":14,"deletions":15}}},{"hash":"5d7cee1d2abec2c0a0136a149dc025977a99b482","messageTitle":"add parser","messageBody":"","fileTypesAndContributionMap":{"functional-code":{"insertions":17,"deletions":7}}},{"hash":"1591905bc8efddd223ca283c5df82fe5af7cf5cd","messageTitle":"update test result","messageBody":"","fileTypesAndContributionMap":{"functional-code":{"insertions":5,"deletions":5}}},{"hash":"3509de13b9356ba0eaee8450eba4a857eaa46fb7","messageTitle":"Code quality modification","messageBody":"","fileTypesAndContributionMap":{"functional-code":{"insertions":39,"deletions":39}}}]},{"date":"2021-10-18","commitResults":[{"hash":"9759d6fcc271d05e132af7850f88c7ae7bd2322d","messageTitle":"add UtilsTest","messageBody":"","fileTypesAndContributionMap":{"functional-code":{"insertions":11,"deletions":25},"test-code":{"insertions":68,"deletions":0}}}]},{"date":"2021-10-20","commitResults":[{"hash":"4b671e38f61ef562687cf6a3b80ef100e0c316b8","messageTitle":"add logging and assertion","messageBody":"add some logging\nadd some assertions\ncreate a method in dataprocessor that gets the list of wrong words user typed\n","fileTypesAndContributionMap":{"functional-code":{"insertions":37,"deletions":23}}}]},{"date":"2021-10-23","commitResults":[{"hash":"7e51f10848c3fabf22846c3bfe7b820ba095007c","messageTitle":"test table of content","messageBody":"","fileTypesAndContributionMap":{"docs":{"insertions":2,"deletions":0}}}]},{"date":"2021-10-24","commitResults":[{"hash":"8a2af8650fd12f5efc9f589297dad547da1e382a","messageTitle":"add class for OOP","messageBody":"","fileTypesAndContributionMap":{"functional-code":{"insertions":87,"deletions":37},"test-code":{"insertions":1,"deletions":1}}}]},{"date":"2021-10-25","commitResults":[{"hash":"3823e247fc9dfca90646fdd283455b76fb2a62c6","messageTitle":"add commandfactory","messageBody":"","fileTypesAndContributionMap":{"functional-code":{"insertions":145,"deletions":191}}},{"hash":"974a5df538083d2bdcdb7eab6ca96aa339c15ee1","messageTitle":"Update Main.java","messageBody":"","fileTypesAndContributionMap":{"functional-code":{"insertions":0,"deletions":2}}},{"hash":"145054fb1b7422cec976046850bd1aaa76e25c71","messageTitle":"update to pass test","messageBody":"","fileTypesAndContributionMap":{"functional-code":{"insertions":20,"deletions":12}}},{"hash":"d86212fcf4e0dee3880fbbec2fa601615a1409fa","messageTitle":"add exitcommand","messageBody":"","fileTypesAndContributionMap":{"functional-code":{"insertions":18,"deletions":6}}},{"hash":"8bcb483ad4d7bd09b04e0ebb75e451509f16661c","messageTitle":"modifications and printout userInput","messageBody":"prints out the userInput for timeModeGame as per request by JiaJing\n","fileTypesAndContributionMap":{"functional-code":{"insertions":39,"deletions":22}}},{"hash":"5c976b8986b3991d3be313cd78ed30af83bb4487","messageTitle":"checkstyle update","messageBody":"","fileTypesAndContributionMap":{"functional-code":{"insertions":4,"deletions":1}}},{"hash":"1f78765fdcbb4157d75d77f0978991abc10cc177","messageTitle":"more OOP for game class","messageBody":"","fileTypesAndContributionMap":{"functional-code":{"insertions":35,"deletions":7}}}]},{"date":"2021-10-26","commitResults":[{"hash":"668b8a7e461d11706ebfa526e380a0f668a23e5c","messageTitle":"fix bug","messageBody":"","fileTypesAndContributionMap":{"functional-code":{"insertions":0,"deletions":21}}},{"hash":"3f128925db074c33d2b924fd3a3e547bce3aebe8","messageTitle":"minor","messageBody":"","fileTypesAndContributionMap":{"functional-code":{"insertions":0,"deletions":2}}}]}],"maxwireddevs":[{"date":"2021-10-07","commitResults":[{"hash":"3be87d52675906fcab5af65a1697183b4228fe8e","messageTitle":"Update AboutUs.md","messageBody":"","fileTypesAndContributionMap":{"docs":{"insertions":1,"deletions":1}}},{"hash":"a53aa6288c33c2294d7eb2a584f9f496a701a9cd","messageTitle":"Create AboutUs.md","messageBody":"","fileTypesAndContributionMap":{"docs":{"insertions":1,"deletions":1}}}]},{"date":"2021-10-12","commitResults":[{"hash":"8bc0b6b4c2ed3ef138ea77e56d5d87e9d50b1d91","messageTitle":"Content and random string generator","messageBody":"","fileTypesAndContributionMap":{"functional-code":{"insertions":42,"deletions":0}}},{"hash":"5410fa9fc69bdf91ebc4c5dc5086ce5fd4e7d579","messageTitle":"Content and random string generator","messageBody":"","fileTypesAndContributionMap":{"functional-code":{"insertions":3,"deletions":4}}},{"hash":"b8a2990896b8b0cee5c1244298272cdb4d5399eb","messageTitle":"Wiki import","messageBody":"","fileTypesAndContributionMap":{"functional-code":{"insertions":19,"deletions":6},"other":{"insertions":1,"deletions":0}}},{"hash":"169f62afc9b332a624553159f50cd526b030d763","messageTitle":"Wiki import and test","messageBody":"","fileTypesAndContributionMap":{"functional-code":{"insertions":19,"deletions":2},"test-code":{"insertions":34,"deletions":0}}},{"hash":"84bfb8f5dac0f2bc846a579da575cbd4dfdc0709","messageTitle":"Wiki import and test","messageBody":"","fileTypesAndContributionMap":{"functional-code":{"insertions":2,"deletions":0},"test-code":{"insertions":2,"deletions":2}}},{"hash":"fe3e2d29402aec43640a3b8ab0b8ef8ede91c245","messageTitle":"Wiki import and test","messageBody":"","fileTypesAndContributionMap":{"test-code":{"insertions":1,"deletions":1}}},{"hash":"9e3d8a5f7fa7e1b5c8b8a64cde3dcabad544be6f","messageTitle":"Wiki import and test","messageBody":"","fileTypesAndContributionMap":{"test-code":{"insertions":2,"deletions":2}}},{"hash":"3e56416390cba8c750f788ade9236b1c613005f9","messageTitle":"Wiki import and test","messageBody":"","fileTypesAndContributionMap":{"functional-code":{"insertions":0,"deletions":2}}}]},{"date":"2021-10-14","commitResults":[{"hash":"be51740390b36654437f259b777ea8fa982ad794","messageTitle":"Error","messageBody":"","fileTypesAndContributionMap":{"functional-code":{"insertions":22,"deletions":9}}},{"hash":"3baec0c43cdf6506aca7ba7d57f4a685dc004fbd","messageTitle":"Error + some books","messageBody":"","fileTypesAndContributionMap":{"functional-code":{"insertions":65,"deletions":0}}},{"hash":"48f2feed9014c16b3f4ef652726ec9df59f9a440","messageTitle":"Some more books","messageBody":"","fileTypesAndContributionMap":{"functional-code":{"insertions":142,"deletions":5}}},{"hash":"c4dfb4d50f71dcf65882f9187f7f5f5d229334e8","messageTitle":"Some more books","messageBody":"","fileTypesAndContributionMap":{"functional-code":{"insertions":62,"deletions":0}}}]},{"date":"2021-10-15","commitResults":[{"hash":"0b4e36deb527c4301eb50e71efbb7b8406fc1b1f","messageTitle":"wiki","messageBody":"","fileTypesAndContributionMap":{"functional-code":{"insertions":17,"deletions":0},"test-code":{"insertions":29,"deletions":0}}}]},{"date":"2021-10-16","commitResults":[{"hash":"d535560b5a76b3b527eec92ee81ec62dcb2c74c9","messageTitle":"Content selection, basic error game (not finished)","messageBody":"","fileTypesAndContributionMap":{"functional-code":{"insertions":496,"deletions":291},"other":{"insertions":1,"deletions":0}}},{"hash":"5287008c15c94b22808f5b6ed3dafe10b5486430","messageTitle":"Content selection, basic error game (not finished)","messageBody":"","fileTypesAndContributionMap":{"functional-code":{"insertions":2,"deletions":0}}},{"hash":"b113ebb8baad08b73e8b76b2a1ca1b5ee2375363","messageTitle":"Content selection, basic error game (not finished)","messageBody":"","fileTypesAndContributionMap":{"functional-code":{"insertions":242,"deletions":242}}},{"hash":"4da66928f8303f53cc8d6503f12beba477781157","messageTitle":"Content selection, basic error game (not finished)","messageBody":"","fileTypesAndContributionMap":{"functional-code":{"insertions":1,"deletions":1}}},{"hash":"099b254fd35b6f3dbf7ad8e2ff0fb25becf66181","messageTitle":"Content selection, basic error game (not finished)","messageBody":"","fileTypesAndContributionMap":{"test-code":{"insertions":4,"deletions":4}}},{"hash":"c31dcbcfe4bd9e473c72b0bae4f6762cedae00ba","messageTitle":"Some ascii art","messageBody":"","fileTypesAndContributionMap":{"functional-code":{"insertions":63,"deletions":4}}},{"hash":"0a48ba697a096e790c1e31b128c59e7be1a07fdb","messageTitle":"Some ascii art","messageBody":"","fileTypesAndContributionMap":{"functional-code":{"insertions":7,"deletions":1}}},{"hash":"148ad596dc5d3160d13b53e706fe769b84d5aaab","messageTitle":"Some ascii art","messageBody":"","fileTypesAndContributionMap":{"test-code":{"insertions":2,"deletions":1}}},{"hash":"a29a5c3e0ddb1ce78d14431bc47ef5d354fd3d98","messageTitle":"Some ascii art","messageBody":"","fileTypesAndContributionMap":{"other":{"insertions":1,"deletions":1}}},{"hash":"b63520200ca07b5ab90c613024434371fee3d054","messageTitle":"Revert \"Some ascii art\"","messageBody":"This reverts commit a29a5c3e0ddb1ce78d14431bc47ef5d354fd3d98.\n","fileTypesAndContributionMap":{"other":{"insertions":1,"deletions":1}}},{"hash":"408c586c56e86a3b9ef342f2c4633466a3978109","messageTitle":"Minor changes","messageBody":"","fileTypesAndContributionMap":{"functional-code":{"insertions":5,"deletions":6}}},{"hash":"490fe8fe6d339f172bd74ebb8f8d1802d6ad82c9","messageTitle":"Minor changes","messageBody":"","fileTypesAndContributionMap":{"functional-code":{"insertions":1,"deletions":0}}}]},{"date":"2021-10-20","commitResults":[{"hash":"a37d484df8b786d366ec2fcc4dae215afa7d1eb2","messageTitle":"Some animation","messageBody":"","fileTypesAndContributionMap":{"functional-code":{"insertions":131,"deletions":13}}},{"hash":"efe3247837384cded47239d25467227f97a6254e","messageTitle":"Some animation","messageBody":"","fileTypesAndContributionMap":{"functional-code":{"insertions":33,"deletions":33}}},{"hash":"7516aa51e4b72d73ed9b4b2e5be9ab4870f93749","messageTitle":"Some animation","messageBody":"","fileTypesAndContributionMap":{"functional-code":{"insertions":19,"deletions":18}}}]},{"date":"2021-10-21","commitResults":[{"hash":"4af09ada0230f45a70eedc6e63291c7ebe96078c","messageTitle":"Incorporate animation and error, some fixes","messageBody":"","fileTypesAndContributionMap":{"functional-code":{"insertions":111,"deletions":107}}},{"hash":"106d9d9cbfe52bf5154705d2dfdb69ea8248a657","messageTitle":"Incorporate animation and error, some fixes","messageBody":"","fileTypesAndContributionMap":{"functional-code":{"insertions":4,"deletions":1}}},{"hash":"832c7f290f29544eca7eaa90d1403f0ec481aee4","messageTitle":"Incorporate animation and error, some fixes","messageBody":"","fileTypesAndContributionMap":{"functional-code":{"insertions":1,"deletions":8}}},{"hash":"8d881a68a939c91942f91273a6a038f93e465f16","messageTitle":"UI fixes","messageBody":"","fileTypesAndContributionMap":{"functional-code":{"insertions":19,"deletions":19}}},{"hash":"40ce359073ca582b6545e418a3b8afd328f8d593","messageTitle":"Update TextUi.java","messageBody":"","fileTypesAndContributionMap":{"functional-code":{"insertions":1,"deletions":1}}},{"hash":"f17c918a38114f3f9716289f76e9a9eee720750d","messageTitle":"dhrtrth","messageBody":"","fileTypesAndContributionMap":{"functional-code":{"insertions":28,"deletions":99},"docs":{"insertions":1,"deletions":18},"test-code":{"insertions":3,"deletions":46}}},{"hash":"f0f8e084b40f3a1984510934bccc1873a628f77c","messageTitle":"Revert \"dhrtrth\"","messageBody":"This reverts commit f17c918a38114f3f9716289f76e9a9eee720750d.\n","fileTypesAndContributionMap":{"functional-code":{"insertions":99,"deletions":28},"docs":{"insertions":18,"deletions":1},"test-code":{"insertions":46,"deletions":3}}},{"hash":"1922aa6ea837f9aea915e59364bc4e305056d458","messageTitle":"Revert \"Update TextUi.java\"","messageBody":"This reverts commit 40ce359073ca582b6545e418a3b8afd328f8d593.\n","fileTypesAndContributionMap":{"functional-code":{"insertions":1,"deletions":1}}},{"hash":"11db19fcbd213748473ef7089a398fc47e55f799","messageTitle":"Revert \"Merge branch \u0027master\u0027 into master\"","messageBody":"This reverts commit b1b0854b9b8a876890155e4059465157f2934316, reversing\nchanges made to 8d881a68a939c91942f91273a6a038f93e465f16.\n","fileTypesAndContributionMap":{"functional-code":{"insertions":28,"deletions":99},"docs":{"insertions":1,"deletions":18},"test-code":{"insertions":3,"deletions":46}}},{"hash":"eac532af7cd1300a61147424b469a95498e73a8c","messageTitle":"Fix conflicts","messageBody":"","fileTypesAndContributionMap":{"functional-code":{"insertions":101,"deletions":20},"docs":{"insertions":18,"deletions":1},"test-code":{"insertions":46,"deletions":3}}},{"hash":"9ce253dec84be11b3fc663b2730efd42c4903015","messageTitle":"Fix conflicts","messageBody":"","fileTypesAndContributionMap":{"functional-code":{"insertions":2,"deletions":1}}}]}],"LimJiaJing":[{"date":"2021-10-03","commitResults":[{"hash":"7b71ae0604965c9e5b98360de9e0a3ba1eef31ad","messageTitle":"Add Lim Jia Jing details in AboutUs.md. Remove fifth row in AboutUs.md.","messageBody":"","fileTypesAndContributionMap":{"docs":{"insertions":1,"deletions":2}}}]},{"date":"2021-10-17","commitResults":[{"hash":"8f85ff76c620676ad92d02efbd9146920b507071","messageTitle":"Update limjiajing-AboutUs","messageBody":"","fileTypesAndContributionMap":{"docs":{"insertions":7,"deletions":1}}},{"hash":"951559378adb40f84adf1ad02ab325a27e048c6a","messageTitle":"Change image in AboutUs","messageBody":"","fileTypesAndContributionMap":{"docs":{"insertions":1,"deletions":1}}},{"hash":"4e6b1e93a616efbb7fcdc30a60e08f92bd3a7eb4","messageTitle":"Improve show summary method.","messageBody":"","fileTypesAndContributionMap":{"functional-code":{"insertions":17,"deletions":3},"test-code":{"insertions":4,"deletions":0}}},{"hash":"82bf2e2f0e6d798818c25743cb015552e21374da","messageTitle":"Debug and add JUnit test for showSummary method in package seedu.typists.ui.TextUi","messageBody":"","fileTypesAndContributionMap":{"functional-code":{"insertions":5,"deletions":5},"test-code":{"insertions":37,"deletions":2}}},{"hash":"cc5cf634175aea7e7e236c2d1d6b904f9786e521","messageTitle":"Edit layout to abid by coding conventions","messageBody":"","fileTypesAndContributionMap":{"functional-code":{"insertions":7,"deletions":5},"test-code":{"insertions":4,"deletions":3}}},{"hash":"be562ff482cc266521b66b8688534683ae89ec86","messageTitle":"Edit layout to abide by coding conventions","messageBody":"","fileTypesAndContributionMap":{"functional-code":{"insertions":31,"deletions":25},"test-code":{"insertions":5,"deletions":5}}}]},{"date":"2021-10-21","commitResults":[{"hash":"faa9ac569cccd37769d9a035de0c16f808b847df","messageTitle":"Update UG and DG","messageBody":"Update user guide for feature \u0027Showing summary of a game\u0027, update format of UG.\nUpdate \u0027acknowledgements\u0027 section in DG with link referenced.\nFixes #50\n","fileTypesAndContributionMap":{"docs":{"insertions":18,"deletions":1}}},{"hash":"37230d64b505ae574a8b19b799ad79e0a5b24903","messageTitle":"Enhance summary feature to show print error words","messageBody":"Add functional code and the Junit tests for the enhancement.\nAdd logger to TextUi.\nAdd assertions to printErrorWords and ShowSummary.\nAdd setUpLog method in TextUi.\n","fileTypesAndContributionMap":{"functional-code":{"insertions":59,"deletions":3},"test-code":{"insertions":46,"deletions":3}}},{"hash":"8d0a95c146c5b1db08e6797a27c0ddc2ab6f0e48","messageTitle":"Format code","messageBody":"","fileTypesAndContributionMap":{"functional-code":{"insertions":3,"deletions":3}}},{"hash":"1ad2a138c09128d71f897ff736e8a42f64569c7b","messageTitle":"Format code","messageBody":"","fileTypesAndContributionMap":{"functional-code":{"insertions":6,"deletions":1}}}]},{"date":"2021-10-25","commitResults":[{"hash":"6bdde74e9ec47c7dc1e4234c75ba6e5066d15d20","messageTitle":"Initial change for revamp for summary feature","messageBody":"","fileTypesAndContributionMap":{"functional-code":{"insertions":225,"deletions":47},"other":{"insertions":9,"deletions":10}}},{"hash":"abdca6417e31ce7ae3bdef7d269c78e4962fc89d","messageTitle":"Change signature of some methods in SummaryManager and SummaryUI.","messageBody":"","fileTypesAndContributionMap":{"functional-code":{"insertions":72,"deletions":52},"test-code":{"insertions":2,"deletions":2}}}]},{"date":"2021-10-26","commitResults":[{"hash":"29e07fda8b1899f45c662962e22dd80c44f7f099","messageTitle":"Debug summary feature, Link summary feature to game, create some classes for future use.","messageBody":"Create GameRecordManager and GameRecord for storage feature.\n","fileTypesAndContributionMap":{"functional-code":{"insertions":176,"deletions":46}}},{"hash":"d5f493c4b6c660046df565190fc7edb5ae7d7fb6","messageTitle":"Redo logic of calculating error words, error word counts, and correct word counts in SummaryManager","messageBody":"","fileTypesAndContributionMap":{"functional-code":{"insertions":59,"deletions":63},"other":{"insertions":17,"deletions":7}}},{"hash":"78f1cf1af436af1b1d7939f46d3fac0379a5fb78","messageTitle":"Add test code for SummaryUi and SummaryManager","messageBody":"","fileTypesAndContributionMap":{"functional-code":{"insertions":13,"deletions":12},"test-code":{"insertions":235,"deletions":0}}},{"hash":"c64423444dd26eb384e4d80f07e4c59fa851d0f8","messageTitle":"Reformat code to abide by coding standard","messageBody":"","fileTypesAndContributionMap":{"functional-code":{"insertions":2,"deletions":2},"test-code":{"insertions":9,"deletions":4}}},{"hash":"3701657e8b24f7589bf9cddfbdebc065993f04b2","messageTitle":"First commit of storage feature (untested)","messageBody":"","fileTypesAndContributionMap":{"functional-code":{"insertions":240,"deletions":13}}},{"hash":"9ef90fd4ff1897b2ab56ec5f013f1b8e4e0461de","messageTitle":"Edit Command interface to accept command arguments. Add ViewCommand.","messageBody":"Make required changes to pass CLI checks\n","fileTypesAndContributionMap":{"functional-code":{"insertions":31,"deletions":7}}},{"hash":"38a9ffb2f84b532efb20f1dae3749f6a17a48db5","messageTitle":"Convert methods in Storage to static. Associate Storage to GameRecordsManager.","messageBody":"","fileTypesAndContributionMap":{"functional-code":{"insertions":14,"deletions":10}}},{"hash":"32b8eb0534534aea324b4bbd77f39b1225727467","messageTitle":"Add automatic store and read game records feature","messageBody":"Fixes #41\nFixes #40\n","fileTypesAndContributionMap":{"functional-code":{"insertions":32,"deletions":7}}}]},{"date":"2021-10-27","commitResults":[{"hash":"c92eca1fd5f2c6e4d331cf3d345e42d5de3e97f5","messageTitle":"Edit exit logic","messageBody":"","fileTypesAndContributionMap":{"functional-code":{"insertions":0,"deletions":1}}}]}]},"authorFileTypeContributionMap":{"DuckWillow":{"docs":128,"functional-code":192,"test-code":54,"other":1},"Isabella-L":{"docs":9,"functional-code":556,"test-code":70,"other":2},"maxwireddevs":{"docs":15,"functional-code":788,"test-code":30,"other":1},"LimJiaJing":{"docs":8,"functional-code":711,"test-code":323}},"authorContributionVariance":{"DuckWillow":5312.722,"Isabella-L":21258.67,"maxwireddevs":87118.586,"LimJiaJing":34279.887},"authorDisplayNameMap":{"DuckWillow":"CS2113-T13-4 SHI ..NSEN","Isabella-L":"CS2113-T13-4 LU S..HENG","maxwireddevs":"CS2113-T13-4 WILL..YUDI","LimJiaJing":"CS2113-T13-4 LIM ..JING"}}
