{"authorDailyContributionsMap":{"alvynben":[{"date":"2021-09-29","commitResults":[{"hash":"0a496d4cbf3613d6ac975eefea9d649d763c4c7d","messageTitle":"Add portfolio for Alvin","messageBody":"","fileTypesAndContributionMap":{"docs":{"insertions":9,"deletions":6}}},{"hash":"c411b74d5715414a1c6cabe5a7ea527f3cf55559","messageTitle":"Add Alvin\u0027s portfolio to About Us","messageBody":"","fileTypesAndContributionMap":{"docs":{"insertions":1,"deletions":1}}}]},{"date":"2021-10-04","commitResults":[{"hash":"d9a6fc630ca76f504651c2bdb7dfdd4c93f6cca9","messageTitle":"Rename files named Duke to Fridget","messageBody":"","fileTypesAndContributionMap":{"other":{"insertions":7,"deletions":7}}},{"hash":"43f747099b72f2e7e8da42259b99e25930c22e59","messageTitle":"Change logo in Fridget and comment in Ui from Duke to Fridget","messageBody":"","fileTypesAndContributionMap":{"functional-code":{"insertions":14,"deletions":7}}},{"hash":"3dd8149b8ba276197df1d2cb0183b5e17eddec42","messageTitle":"Change Fridget Logo layout to meet coding standards","messageBody":"","fileTypesAndContributionMap":{"functional-code":{"insertions":11,"deletions":11}}},{"hash":"de299dec00cbc9a1c1609f907f70d66877400d72","messageTitle":"Changes references to Duke to Fridget in build.gradle","messageBody":"","fileTypesAndContributionMap":{"other":{"insertions":2,"deletions":2}}},{"hash":"a9ec96209a9df75e8d5930b8dc074ca51d5eed8a","messageTitle":"Enable Fridget to add Ingredient to IngredientsList - Initialise parser and ingredientList in Fridget - Allow Fridget.run() to execute the \"add\" command - Create AddCommand class to handle execution of \"add\" command - Change Command execute method to be abstract - Enable parser to parseCommand - Enable parser to parseIngredientForAdding - Remove redundant argument from IngredientList constructor - Create method to addIngredient to IngredientList - Add toString method to Ingredient - Change Ingredient expiryDate type to LocalDate from Date - Enable Ui to store current user input for later access - Add printSeparatorLine method to Ui - Add printReactionToAddingIngredient to Ui","messageBody":"","fileTypesAndContributionMap":{"functional-code":{"insertions":120,"deletions":16}}},{"hash":"2e6f91b62f93c63dd74c83dc45766ead1f9a28ca","messageTitle":"Add comments for methods in IngredientList and Ui","messageBody":"","fileTypesAndContributionMap":{"functional-code":{"insertions":12,"deletions":0}}},{"hash":"e73642bfcbb8186df3d5d0201d08a234d7d028d3","messageTitle":"Update Classes to meet Java Coding Standard","messageBody":"","fileTypesAndContributionMap":{"functional-code":{"insertions":3,"deletions":3}}},{"hash":"8a46f9288b291148df1b935f5476268465611053","messageTitle":"Change SEPARATOR_LINE variable in Ui to be static","messageBody":"","fileTypesAndContributionMap":{"functional-code":{"insertions":1,"deletions":1}}}]},{"date":"2021-10-05","commitResults":[{"hash":"2fd7303ee43e90c7d5b1f9802314147cda34c2f7","messageTitle":"Clean up Command classes - Remove unnecessary javadoc comment in abstract Command class - Remove whitespace in AddCommand class","messageBody":"","fileTypesAndContributionMap":{"functional-code":{"insertions":0,"deletions":4}}},{"hash":"42615683f30598d88fb5e11457e2c74ffda229ef","messageTitle":"Refactor string to represent indentation as a constant","messageBody":"","fileTypesAndContributionMap":{"functional-code":{"insertions":2,"deletions":1}}},{"hash":"dbc250132ba8f0016ae0ec378af0c588fbd692a7","messageTitle":"Add spaces after commas to increase readability in code","messageBody":"","fileTypesAndContributionMap":{"functional-code":{"insertions":2,"deletions":2}}}]},{"date":"2021-10-06","commitResults":[{"hash":"c6426b6887a9f6d527200d4be29f39ef8ab05552","messageTitle":"Add a getter for Ingredient class to retrieve the ingredient\u0027s name","messageBody":"","fileTypesAndContributionMap":{"functional-code":{"insertions":8,"deletions":0}}},{"hash":"c2a4b7be7fa14fa40b30272a1f40d2ebb503c473","messageTitle":"Add method to return matching Ingredients based on search term","messageBody":"","fileTypesAndContributionMap":{"functional-code":{"insertions":14,"deletions":0}}},{"hash":"8240af3f71bad16014c530af23ff00d67647954f","messageTitle":"Add methods to printListOf(Ingredients/MatchingIngredients)","messageBody":"","fileTypesAndContributionMap":{"functional-code":{"insertions":30,"deletions":2}}},{"hash":"d39b76b418ce9a64e0dde53974fbdbb2a4b9af11","messageTitle":"Implement \"find\" command to find ingredients matching search term","messageBody":"","fileTypesAndContributionMap":{"functional-code":{"insertions":41,"deletions":4}}},{"hash":"08d78d0713868731023baffa31fd3eb44edc5d2d","messageTitle":"Change seedu.command import from wildcard to single import","messageBody":"","fileTypesAndContributionMap":{"functional-code":{"insertions":5,"deletions":1}}},{"hash":"67ea2a227ae48ff62211feefbfe8aa6337262ddf","messageTitle":"Update IO tests - Update strings in Ui and Parser to prevent regression - Update input.txt to check the find command","messageBody":"","fileTypesAndContributionMap":{"functional-code":{"insertions":2,"deletions":2}}},{"hash":"e5faaef0f08e329ffa97ec2a655ba84c02d4deaa","messageTitle":"Remove redundant whitespace","messageBody":"","fileTypesAndContributionMap":{"functional-code":{"insertions":0,"deletions":1}}}]},{"date":"2021-10-07","commitResults":[{"hash":"798dd06ca7f4f03624ef694982ca5e9ba5ae15e6","messageTitle":"Edit list printing functions for better readability - Allow the list to be printed with or without index - Remove unnecessary variable isListEmpty","messageBody":"","fileTypesAndContributionMap":{"functional-code":{"insertions":8,"deletions":8}}},{"hash":"64d71f7adbc4ad3c1d36a8af59ed84dabc006ba9","messageTitle":"Update User Guide for Fridget - Add info about \"add\" command - Update Intro and Quick Start","messageBody":"","fileTypesAndContributionMap":{"docs":{"insertions":42,"deletions":28}}}]},{"date":"2021-10-09","commitResults":[{"hash":"15ae42f031fb9220260af4b5a4f1b47f1c0ed23a","messageTitle":"Enable ingredientList to remove an ingredient","messageBody":"","fileTypesAndContributionMap":{"functional-code":{"insertions":4,"deletions":0}}},{"hash":"f5cf26d6fd00810e40cd46cbeb95d882f94dd196","messageTitle":"Enable users to remove items from Fridget - Create RemoveCommand - Rename parseSearchTermForFinding to parseSearchTerm in parser - Add methods in Ui to react or get input when removing ingredient - Reflect change in name of parseSearchTerm in FindCommand","messageBody":"","fileTypesAndContributionMap":{"functional-code":{"insertions":61,"deletions":3}}},{"hash":"03d4a9b42961e4be21ed702f74594099f9b44eb9","messageTitle":"Throw error if user inputs a wrong index when removing items","messageBody":"","fileTypesAndContributionMap":{"functional-code":{"insertions":26,"deletions":9}}},{"hash":"5bc065bcda8aea25eb38acd308b0614e2091b29d","messageTitle":"Edit RemoveCommand to meet Java Coding Standard","messageBody":"","fileTypesAndContributionMap":{"functional-code":{"insertions":2,"deletions":1}}},{"hash":"dde5137067e377ac3ccace2243ad76706777f449","messageTitle":"Add comments and edit strings for Remove Command and Ui methods","messageBody":"","fileTypesAndContributionMap":{"functional-code":{"insertions":31,"deletions":8}}},{"hash":"6100b8e11a9a7cb9a1e8fe37874eafa1d24fc734","messageTitle":"Add JUnit Tests for Parser","messageBody":"","fileTypesAndContributionMap":{"test-code":{"insertions":41,"deletions":0}}},{"hash":"b8d5eaa9f8efdf64c621f5b28ce3372a2eb9ccbb","messageTitle":"Change wildcard import to single import in ParserTest","messageBody":"","fileTypesAndContributionMap":{"test-code":{"insertions":3,"deletions":1}}}]},{"date":"2021-10-10","commitResults":[{"hash":"7ce4833edee451a4511f765a52836fad4b3a9df5","messageTitle":"Remove comments from ParserTest","messageBody":"","fileTypesAndContributionMap":{"test-code":{"insertions":4,"deletions":17}}}]}],"BryanElmer":[{"date":"2021-09-29","commitResults":[{"hash":"eb9a81a66ac3e3227909d4d33a03dc03344ddb3d","messageTitle":"Add Bryan Elmer\u0027s about us and portfolio","messageBody":"","fileTypesAndContributionMap":{"docs":{"insertions":2,"deletions":2}}}]},{"date":"2021-10-05","commitResults":[{"hash":"1985a87fcc14683bee4e896cb95fe47f3bbae4b8","messageTitle":"Add instance of storage in Fridget.java","messageBody":"","fileTypesAndContributionMap":{"functional-code":{"insertions":5,"deletions":2}}},{"hash":"f7224a47d853bd5505a1f033c933725545a8cbd0","messageTitle":"Add function to initialise storage file","messageBody":"","fileTypesAndContributionMap":{"functional-code":{"insertions":43,"deletions":4}}},{"hash":"01af2c964e13dbe387d027c90e5f9a2d109446a9","messageTitle":"Fix list and log file names","messageBody":"","fileTypesAndContributionMap":{"functional-code":{"insertions":1,"deletions":1}}},{"hash":"83bb22388c46f6a73001ba04789542e1bdeba020","messageTitle":"Add function to load existing ingredients from text file to ingredients list","messageBody":"Fixes #40\n","fileTypesAndContributionMap":{"functional-code":{"insertions":13,"deletions":0}}}]},{"date":"2021-10-06","commitResults":[{"hash":"e59fd440ce65555ced5b27fe8eeae36dce246175","messageTitle":"Add function call to update storage text files","messageBody":"","fileTypesAndContributionMap":{"functional-code":{"insertions":1,"deletions":1}}},{"hash":"9b9864228c107ad0d2700ca65da91fb600702383","messageTitle":"Add function to get ingredient list","messageBody":"","fileTypesAndContributionMap":{"functional-code":{"insertions":8,"deletions":0}}},{"hash":"50ede2816fbdbaceef41181dacbc83aef2edd1aa","messageTitle":"Add function to update text files","messageBody":"Fixes #56\n","fileTypesAndContributionMap":{"functional-code":{"insertions":38,"deletions":0}}},{"hash":"15c39a1c4a3782e828fe4a938ffc5bb38aa37f53","messageTitle":"Fix fileComponents placement","messageBody":"","fileTypesAndContributionMap":{"functional-code":{"insertions":1,"deletions":2}}},{"hash":"891809dfe153437f6dd49c5e0b3842d1281c1a41","messageTitle":"Refactor file paths as constants","messageBody":"","fileTypesAndContributionMap":{"functional-code":{"insertions":5,"deletions":1}}},{"hash":"9b831ea91c6460a0968d8e84f398d79f192c3a83","messageTitle":"Fix logs file path","messageBody":"","fileTypesAndContributionMap":{"functional-code":{"insertions":1,"deletions":1}}},{"hash":"da343e607788af70db9ee430eccc9033754d7191","messageTitle":"Fix minor spacing issues","messageBody":"","fileTypesAndContributionMap":{"functional-code":{"insertions":1,"deletions":2}}}]},{"date":"2021-10-08","commitResults":[{"hash":"2f2fed55789413247af985ee677cc8ab5037cba2","messageTitle":"Add ResetCommand class","messageBody":"","fileTypesAndContributionMap":{"functional-code":{"insertions":24,"deletions":0}}},{"hash":"b3c5e593705eee90d7bd275b143600591555f6c3","messageTitle":"Add command case for reset","messageBody":"","fileTypesAndContributionMap":{"functional-code":{"insertions":3,"deletions":0}}},{"hash":"52d9dfa90df3aa5af8239d98adcb9f2ccafeeee9","messageTitle":"Add function to remove all items in ingredientList","messageBody":"","fileTypesAndContributionMap":{"functional-code":{"insertions":7,"deletions":0}}},{"hash":"df3001d073928a372d3bb900b767e849f707a7d2","messageTitle":"Add reconfirm reset and reset message functions","messageBody":"","fileTypesAndContributionMap":{"functional-code":{"insertions":25,"deletions":0}}},{"hash":"3467b8301a73704ca673f5da2b90ceda48bdc052","messageTitle":"Fix reset command in ingredientList","messageBody":"","fileTypesAndContributionMap":{"functional-code":{"insertions":1,"deletions":1}}},{"hash":"8182fcd31e1ab8c7cee9a986e226926dc06fb532","messageTitle":"Remove unused imports","messageBody":"","fileTypesAndContributionMap":{"functional-code":{"insertions":0,"deletions":3}}},{"hash":"ce52e74e868be7d1758f50e8bbe55310b0a5d5c8","messageTitle":"Change print function style","messageBody":"","fileTypesAndContributionMap":{"functional-code":{"insertions":6,"deletions":6}}}]},{"date":"2021-10-10","commitResults":[{"hash":"236251de513bf6da0bffb9558cd9b125cdec79ad","messageTitle":"Delete empty image in quick start","messageBody":"","fileTypesAndContributionMap":{"docs":{"insertions":9,"deletions":6}}},{"hash":"cee6678452a65702740c4cdde010c77f453ba06f","messageTitle":"Add quantity variable to Ingredient class","messageBody":"","fileTypesAndContributionMap":{"functional-code":{"insertions":4,"deletions":2}}},{"hash":"69f467987caff437421df921e4f68c3edbb94f43","messageTitle":"Add function to add quantity","messageBody":"","fileTypesAndContributionMap":{"functional-code":{"insertions":8,"deletions":0}}},{"hash":"1c40dd637902f641083d830500e1728cd4223e97","messageTitle":"Re-implement addIngredient function","messageBody":"Add feature to add to quantity if added item has the same name and expiry date as an existing item\n","fileTypesAndContributionMap":{"functional-code":{"insertions":8,"deletions":0}}},{"hash":"a05cb2f7d0e0ca6220db5d2a525ad0e5333bdec5","messageTitle":"Add function to get coloured expiry date","messageBody":"","fileTypesAndContributionMap":{"functional-code":{"insertions":31,"deletions":3}}},{"hash":"6a218242c7768b699fd9b355752fdb6297582bc6","messageTitle":"Re-implement the function to remove ingredient","messageBody":"Added functions to add and remove quantity in Ingredient class\n","fileTypesAndContributionMap":{"functional-code":{"insertions":10,"deletions":2}}},{"hash":"d03c4cb190a5f6627f44c96a4ec588994103dd5d","messageTitle":"Add function to handle multiple quantity removal","messageBody":"Re-implement handleRemovalOfItem\n","fileTypesAndContributionMap":{"functional-code":{"insertions":18,"deletions":4}}},{"hash":"8e8700fe7d5ebc54bdf6cc8788009a3ae93b7a1a","messageTitle":"Add function getRemoveQuantity in Ui class","messageBody":"","fileTypesAndContributionMap":{"functional-code":{"insertions":38,"deletions":2}}},{"hash":"6bd17f29eeb85afdf066d8a39af5ef29ee0552e6","messageTitle":"Renamed getRemoveQuantity to getQuantityToBeRemoved","messageBody":"","fileTypesAndContributionMap":{"functional-code":{"insertions":2,"deletions":2}}},{"hash":"e377dc850be2a7df785ebd1ad8157eec3a482be5","messageTitle":"Fix Java Coding Standard","messageBody":"","fileTypesAndContributionMap":{"functional-code":{"insertions":2,"deletions":2}}},{"hash":"c03c70acbb4ae51a4b3a84387172b9d2911fa570","messageTitle":"Fix bug in getItemToBeRemoved function","messageBody":"","fileTypesAndContributionMap":{"functional-code":{"insertions":1,"deletions":1}}},{"hash":"7c1d81e8326be3cb153324f178313e85168d82e0","messageTitle":"Add reset command to user guide","messageBody":"","fileTypesAndContributionMap":{"docs":{"insertions":29,"deletions":1}}}]}],"uosjapuelks":[{"date":"2021-09-29","commitResults":[{"hash":"bfe3f5e45dd453e78a2cabaefae850f51ed847eb","messageTitle":"tutorial wk7","messageBody":"","fileTypesAndContributionMap":{"docs":{"insertions":7,"deletions":7}}}]},{"date":"2021-10-05","commitResults":[{"hash":"9564103dd88d2482fbf4fd387858c2dc969d9724","messageTitle":"Added ExitCommand. Added Boolean isExit to Command to determine whether to close. While loops added to run().","messageBody":"","fileTypesAndContributionMap":{"functional-code":{"insertions":86,"deletions":20}}}]},{"date":"2021-10-06","commitResults":[{"hash":"814c65f84adddac7b7453ff6a3aad599b2192f92","messageTitle":"Update Fridget.java","messageBody":"changed `.status` to `exitNotRequired`.\r\nchanged `c` to `command`.","fileTypesAndContributionMap":{"functional-code":{"insertions":4,"deletions":4}}},{"hash":"bf37fcbfa2452b5be118a0969a9b21659aa940a7","messageTitle":"Update Command.java","messageBody":"changed `status()` to `exitNotRequired()`.","fileTypesAndContributionMap":{"functional-code":{"insertions":1,"deletions":1}}},{"hash":"bb40624f53eb2f70248e0ed90afa59b502bd108e","messageTitle":"Update Ui.java","messageBody":"removed \"\\n\" from end of string messages and renamed toPrint to respective names such as introMessage.","fileTypesAndContributionMap":{"functional-code":{"insertions":11,"deletions":11}}},{"hash":"0a1903ecfc2defe57ccfbf2f78f7022bdafe5890","messageTitle":"Update Ingredient.java","messageBody":"removed \u003c+ \"\\n\"\u003e from toString().","fileTypesAndContributionMap":{"functional-code":{"insertions":1,"deletions":1}}},{"hash":"4e4b7e0f53e91df5012b6ecdc9360d3db6eb9fea","messageTitle":"fixed post merger bugs","messageBody":"","fileTypesAndContributionMap":{"functional-code":{"insertions":15,"deletions":22}}}]},{"date":"2021-10-08","commitResults":[{"hash":"d7106915416846f0d26a9744cb576b036ac7b5b2","messageTitle":"Added ListCommand to print whole list.","messageBody":"","fileTypesAndContributionMap":{"functional-code":{"insertions":38,"deletions":0}}},{"hash":"3daa9980a904018dd8e61bc4bc09ec203cb13b2a","messageTitle":"Update Ui.java","messageBody":"Corrected typo","fileTypesAndContributionMap":{"functional-code":{"insertions":1,"deletions":1}}},{"hash":"56cf83866b82d5cb9610d8b0bb72d0470ed93f0a","messageTitle":"Update ListCommand.java","messageBody":"ArrayList to be more explicit as ArrayList\u003cIngredient\u003e.","fileTypesAndContributionMap":{"functional-code":{"insertions":1,"deletions":1}}},{"hash":"d1b91cf5e0fe4204250398fcb5992594865402b4","messageTitle":"Added methods processInput, trimContent, splitUserInput, extractItemDesc, and extractExpiry into parser.","messageBody":"","fileTypesAndContributionMap":{"functional-code":{"insertions":85,"deletions":10}}},{"hash":"782481cb102134bade3b086e6c783a34eb096560","messageTitle":"Added comparator into Ingredient to compare by name or by expiryDate.","messageBody":"","fileTypesAndContributionMap":{"functional-code":{"insertions":35,"deletions":0}}},{"hash":"bbcb7145c6fb0b354ecb87cc9bff033513619738","messageTitle":"Added collections into IngredientList to sort ArrayList\u003cIngredient\u003e byDate or by name.","messageBody":"","fileTypesAndContributionMap":{"functional-code":{"insertions":12,"deletions":0}}},{"hash":"7c611660a72311cce3155764c41c190b210b1753","messageTitle":"Added variable sortType. Modified ui.printList messages to change according to sortType and the order of printing according the the sortType.","messageBody":"Added Comparators to Ingredient and IngredientList\n","fileTypesAndContributionMap":{"functional-code":{"insertions":64,"deletions":18}}}]},{"date":"2021-10-09","commitResults":[{"hash":"67272328ccc13b158caa27347309f6a51459855e","messageTitle":"Update Ingredient.java","messageBody":"","fileTypesAndContributionMap":{"functional-code":{"insertions":6,"deletions":6}}},{"hash":"869e7b2fcf10ca4d9af7b4100f1c857f691cff38","messageTitle":"Update Ui.java","messageBody":"","fileTypesAndContributionMap":{"functional-code":{"insertions":1,"deletions":1}}},{"hash":"6f9f9ae41d0790f38b6e0f793fa31de7118919f8","messageTitle":"Renamed extractExpiry and extractDescription. Corrected Expected.txt.","messageBody":"","fileTypesAndContributionMap":{"functional-code":{"insertions":5,"deletions":5}}}]},{"date":"2021-10-10","commitResults":[{"hash":"4b9a18c7b0135b477d8478f260408c97f987097a","messageTitle":"Added isExpiring() method. Modified toString()","messageBody":"","fileTypesAndContributionMap":{"functional-code":{"insertions":29,"deletions":2}}},{"hash":"edc0f2b6a0b37d361898d4ecb2be6b00fd4dd10a","messageTitle":"Added ExpiryCommand class. Modified Ingredient toString() to include color.","messageBody":"","fileTypesAndContributionMap":{"functional-code":{"insertions":90,"deletions":8}}},{"hash":"7cf59cf5aa4161ea7b145d5453963981572eec06","messageTitle":"Ui correction: list -r returns List by oldest addition first.","messageBody":"","fileTypesAndContributionMap":{"functional-code":{"insertions":1,"deletions":1}}},{"hash":"36691a3eb85073378246ea809ec88d0688f7d8cb","messageTitle":"Throw exception when \"list\" command is used with unrecognisable sortType","messageBody":"","fileTypesAndContributionMap":{"functional-code":{"insertions":9,"deletions":5}}},{"hash":"3ba4263714264a12816136234b3959bd876112ba","messageTitle":"Handle Exception for missing date input in add.","messageBody":"","fileTypesAndContributionMap":{"functional-code":{"insertions":22,"deletions":2}}},{"hash":"0b92b76ec27f704e9233b1b897ac95b43b6ca59f","messageTitle":"Remove Parser from Storage class","messageBody":"","fileTypesAndContributionMap":{"functional-code":{"insertions":11,"deletions":9}}},{"hash":"c21ea02db8a67e5c16df4a1d116446c00ed5c1ae","messageTitle":"Capture AddCommand exceptions","messageBody":"","fileTypesAndContributionMap":{"functional-code":{"insertions":28,"deletions":4}}},{"hash":"d2bde65877bf5fa4ebcb5ccf5c703d46ebf79b54","messageTitle":"update User Guide to include `list`, `list` by sorting, `expiring` and `exit`.","messageBody":"","fileTypesAndContributionMap":{"docs":{"insertions":71,"deletions":2}}},{"hash":"9ddd3cf7b7c224d82fc6825721843aa3dd3128fb","messageTitle":"update date format in add in UG","messageBody":"","fileTypesAndContributionMap":{"docs":{"insertions":1,"deletions":1}}}]}],"zonglun99":[{"date":"2021-09-29","commitResults":[{"hash":"3ca7ae365f8ad40c936f20fb3b5394f83dffd559","messageTitle":"Update personal information","messageBody":"","fileTypesAndContributionMap":{"docs":{"insertions":2,"deletions":2}}}]},{"date":"2021-10-03","commitResults":[{"hash":"0caf00b1b1b0dc388d12ece27ee9c97ea66cc62b","messageTitle":"Created all basic classes and packages.","messageBody":"Command, Parser, Ui, Data(Exception, Ingredient) , IngredientList, Storage\n","fileTypesAndContributionMap":{"functional-code":{"insertions":91,"deletions":0}}}]},{"date":"2021-10-04","commitResults":[{"hash":"40fd5c87b20dd32996ce1c8807a4a4e773964987","messageTitle":"Created necessary packages and classes","messageBody":"","fileTypesAndContributionMap":{"functional-code":{"insertions":5,"deletions":5},"other":{"insertions":11,"deletions":10}}},{"hash":"8b15975a6e0487a4f24d9abe61f01206988d7ae1","messageTitle":"Minor updates to the necessary classes created,","messageBody":"","fileTypesAndContributionMap":{"functional-code":{"insertions":53,"deletions":12}}}]},{"date":"2021-10-05","commitResults":[{"hash":"43928a1441f1f7979df7cb4055279eddeb4178cd","messageTitle":"Previous updates","messageBody":"","fileTypesAndContributionMap":{"functional-code":{"insertions":112,"deletions":0},"other":{"insertions":2,"deletions":2},"docs":{"insertions":31,"deletions":5},"test-code":{"insertions":12,"deletions":0}}},{"hash":"d6cdc8bbc80845a00f54f2b11d96e1a7b1333506","messageTitle":"Previous updates","messageBody":"","fileTypesAndContributionMap":{"functional-code":{"insertions":42,"deletions":0}}},{"hash":"e9ac19c0882fb3266921ebac8984489eebe17914","messageTitle":"Previous updates","messageBody":"","fileTypesAndContributionMap":{"functional-code":{"insertions":120,"deletions":0}}},{"hash":"713d577e97033de69a57e47f445a93ea71640529","messageTitle":"Added help command to print out available commands.","messageBody":"","fileTypesAndContributionMap":{"functional-code":{"insertions":35,"deletions":0}}},{"hash":"f5002e70b91f68a7609d1fc805f279fc57f09631","messageTitle":"Minor code updates","messageBody":"","fileTypesAndContributionMap":{"functional-code":{"insertions":1,"deletions":1}}}]},{"date":"2021-10-06","commitResults":[{"hash":"c3bb876074cbd820549861958b0ac1983b64ff8b","messageTitle":"Fixed and prevent the program from crashing when unknown command is called.","messageBody":"Tidy up some code printing format.\n","fileTypesAndContributionMap":{"functional-code":{"insertions":8,"deletions":13}}},{"hash":"cb992c03be9f62b5a9462dc7d06efd3d7fc0611d","messageTitle":"Minor update to printing error message.","messageBody":"","fileTypesAndContributionMap":{"functional-code":{"insertions":2,"deletions":1}}}]},{"date":"2021-10-08","commitResults":[{"hash":"03cf5931073928e800d79cbe86d9a8d411f22693","messageTitle":"Added documentation of help command into UG","messageBody":"","fileTypesAndContributionMap":{"docs":{"insertions":31,"deletions":0}}}]},{"date":"2021-10-09","commitResults":[{"hash":"81ce791feb82119824c3bdabc2e1bde69d2fdfb8","messageTitle":"Added JUnit testing for Parser class.","messageBody":"","fileTypesAndContributionMap":{"test-code":{"insertions":75,"deletions":0}}},{"hash":"d08b3fa3e43b112d06ba0060a2839f49687fa203","messageTitle":"Update JUnit testing","messageBody":"","fileTypesAndContributionMap":{"test-code":{"insertions":0,"deletions":8}}},{"hash":"e82cbddce3615bdb40b7fdfe4c8d20c076319b71","messageTitle":"Updated ParserTest to match checkstyle guideline.","messageBody":"","fileTypesAndContributionMap":{"test-code":{"insertions":10,"deletions":4}}}]},{"date":"2021-10-10","commitResults":[{"hash":"df948b232c8c08c809ec7a2234704ed9c2b2e245","messageTitle":"Added notification printed when Fridget is ran and after exiting.","messageBody":"","fileTypesAndContributionMap":{"functional-code":{"insertions":23,"deletions":0}}}]}]},"authorFileTypeContributionMap":{"alvynben":{"docs":38,"functional-code":295,"test-code":32,"other":2},"BryanElmer":{"docs":33,"functional-code":274,"test-code":0},"uosjapuelks":{"docs":77,"functional-code":442,"test-code":0},"zonglun99":{"docs":33,"functional-code":198,"test-code":63}},"authorContributionVariance":{"alvynben":4810.4375,"BryanElmer":2426.3125,"uosjapuelks":8605.496,"zonglun99":7971.37},"authorDisplayNameMap":{"alvynben":"CS2113T-W12-4 ALVI..AHAM","BryanElmer":"CS2113T-W12-4 BRYA..JONO","uosjapuelks":"CS2113T-W12-4 ANDE..HENG","zonglun99":"CS2113T-W12-4 CHAI.. LUN"}}
