[{"path":"docs/AboutUs.md","fileType":"docs","lines":[{"lineNumber":1,"author":{"gitId":"-"},"content":"# About us","lastModifiedDate":"2020-05-24"},{"lineNumber":2,"author":{"gitId":"-"},"content":"","lastModifiedDate":"2020-05-24"},{"lineNumber":3,"author":{"gitId":"-"},"content":"Display | Name | Github Profile | Portfolio ","lastModifiedDate":"2020-05-24"},{"lineNumber":4,"author":{"gitId":"-"},"content":"--------|:----:|:--------------:|:---------:","lastModifiedDate":"2020-05-24"},{"lineNumber":5,"author":{"gitId":"SuibianP"},"content":"![](https://avatars.githubusercontent.com/SuibianP?s\u003d100) | Hu Jialun | [Github](https://github.com/SuibianP) | [Portfolio](https://www.comp.nus.edu.sg/~hujialun/)","lastModifiedDate":"2021-09-29"},{"lineNumber":6,"author":{"gitId":"APZH"},"content":"![](https://avatars.githubusercontent.com/APZH) | Peh Zhenhao, Amos | [Github](https://github.com/APZH) | [Portfolio](https://sg.linkedin.com/in/amos-peh-136342132)","lastModifiedDate":"2021-10-05"},{"lineNumber":7,"author":{"gitId":"SeanRobertDH"},"content":"![](https://via.placeholder.com/100.png?text\u003dPhoto) | Sean den Hartog | [Github](https://github.com/SeanRobertDH) | [Portfolio](docs/team/SeanRobertDH.md)","lastModifiedDate":"2021-09-29"},{"lineNumber":8,"author":{"gitId":"Xuefei2001"},"content":"![](https://via.placeholder.com/100.png?text\u003dPhoto) | Hu Xuefei | [Github](https://github.com/Xuefei2001) | [Portfolio](docs/team/Xuefei.md)","lastModifiedDate":"2021-09-29"}],"authorContributionMap":{"APZH":1,"SuibianP":1,"SeanRobertDH":1,"-":4,"Xuefei2001":1}}]
