{"authorDailyContributionsMap":{"bernardboey":[{"date":"2021-09-30","commitResults":[{"hash":"02c93e7fd68acc0cdbcd9fe07108ec9368c86ce1","messageTitle":"Add bernardboey.md","messageBody":"","fileTypesAndContributionMap":{"docs":{"insertions":6,"deletions":0}}},{"hash":"6346716fbdb91f38329aedb32bb5f374fa8082b7","messageTitle":"Edit AboutUs.md","messageBody":"","fileTypesAndContributionMap":{"docs":{"insertions":1,"deletions":1}}}]},{"date":"2021-10-03","commitResults":[{"hash":"f0522fc653bb92c3b0379b9bd070c764566e087c","messageTitle":"Rename main package and class","messageBody":"Rename seedu.duke package to expiryeliminator\nRename Duke class to ExpiryEliminator\n","fileTypesAndContributionMap":{"other":{"insertions":5,"deletions":5}}},{"hash":"7e3ee41672331503c7819c2581e868776bba6b0b","messageTitle":"Modify README to reflect updated package and class names","messageBody":"","fileTypesAndContributionMap":{"docs":{"insertions":4,"deletions":4}}},{"hash":"f33ed900a82e6a6cfb82609fc58cc59feeaf51fe","messageTitle":"Implement Ui class","messageBody":"","fileTypesAndContributionMap":{"functional-code":{"insertions":96,"deletions":11}}},{"hash":"2b49fda66396bdd2945113d5a3278c9e01b84558","messageTitle":"Implement Command class","messageBody":"","fileTypesAndContributionMap":{"functional-code":{"insertions":27,"deletions":0}}},{"hash":"3692c21712e3b4e7b9a713267fb4014558f523ba","messageTitle":"Implement IncorrectCommand","messageBody":"","fileTypesAndContributionMap":{"functional-code":{"insertions":25,"deletions":0}}},{"hash":"2d6d22176409463a8a3d18e71af00930f446252e","messageTitle":"Implement ByeCommand","messageBody":"","fileTypesAndContributionMap":{"functional-code":{"insertions":26,"deletions":0}}},{"hash":"6c33dc1c5b1650470f900f0e6a39ed8113787d04","messageTitle":"Implement basic parser","messageBody":"","fileTypesAndContributionMap":{"functional-code":{"insertions":49,"deletions":0}}},{"hash":"6496a0c4d6078c1cb234e3749dc44ad012de6f5e","messageTitle":"Integrate parser in ExpiryEliminator","messageBody":"","fileTypesAndContributionMap":{"functional-code":{"insertions":14,"deletions":4}}},{"hash":"44c16e6243ead448c8c1a252c62a0f053574903e","messageTitle":"Modify greeting","messageBody":"","fileTypesAndContributionMap":{"functional-code":{"insertions":3,"deletions":7}}},{"hash":"26031e2e0031d6abe9ef29d131bcf01e7320d95b","messageTitle":"Add JavaDoc comments and clean up code","messageBody":"","fileTypesAndContributionMap":{"functional-code":{"insertions":14,"deletions":4}}},{"hash":"e984253aace090f05374f8853922836f554bfbbb","messageTitle":"Implement Ingredient class","messageBody":"","fileTypesAndContributionMap":{"functional-code":{"insertions":30,"deletions":0}}},{"hash":"85818975c3286c2014eec8bf1b10d56101625f5f","messageTitle":"Implement IngredientList class and DuplicateDataException","messageBody":"","fileTypesAndContributionMap":{"functional-code":{"insertions":61,"deletions":0}}},{"hash":"1bd60c63966733f954157cd7029a549b3a5d94b4","messageTitle":"Update commands to use IngredientList","messageBody":"","fileTypesAndContributionMap":{"functional-code":{"insertions":14,"deletions":4}}},{"hash":"72e71f6499d72c932e20208b2d705c90c4fa3728","messageTitle":"Implement AddIngredientCommand","messageBody":"","fileTypesAndContributionMap":{"functional-code":{"insertions":34,"deletions":0}}},{"hash":"55549004f078db908fee57f2bf63248200eca231","messageTitle":"Modify Parser to parse arguments for adding of ingredient","messageBody":"","fileTypesAndContributionMap":{"functional-code":{"insertions":54,"deletions":2}}},{"hash":"8a303293e9ce61a1520d04c3f9676d53cef30b75","messageTitle":"Clean up code and add comments","messageBody":"","fileTypesAndContributionMap":{"functional-code":{"insertions":42,"deletions":15}}}]}],"KairuiHu":[{"date":"2021-09-30","commitResults":[{"hash":"106197349cbc4a814ea269f45de35c3dac9b7026","messageTitle":"Chnage last row","messageBody":"","fileTypesAndContributionMap":{"docs":{"insertions":1,"deletions":1}}}]}],"vincentlauhl":[{"date":"2021-09-30","commitResults":[{"hash":"24ac69feafcc97961d060825b60098c629db70dd","messageTitle":"Update AboutUs","messageBody":"","fileTypesAndContributionMap":{"docs":{"insertions":1,"deletions":1}}}]}],"JoshHDs":[{"date":"2021-09-30","commitResults":[{"hash":"bf15e6fbdab917057b519cf7cc231e5e127ca705","messageTitle":"Add Joshua Profile","messageBody":"","fileTypesAndContributionMap":{"docs":{"insertions":1,"deletions":1}}}]}]},"authorFileTypeContributionMap":{"bernardboey":{"docs":11,"functional-code":230,"test-code":2,"other":1},"KairuiHu":{"docs":3,"functional-code":0,"test-code":0},"vincentlauhl":{"docs":1,"functional-code":0,"test-code":0},"JoshHDs":{"docs":1,"functional-code":0,"test-code":0}},"authorContributionVariance":{"bernardboey":30209.58,"KairuiHu":0.39506173,"vincentlauhl":0.39506173,"JoshHDs":0.39506173},"authorDisplayNameMap":{"bernardboey":"CS2113-T16-3 BERN..CHEN","KairuiHu":"CS2113-T16-3 HU K..IRUI","vincentlauhl":"CS2113-T16-3 VINC..EONG","JoshHDs":"CS2113-T16-3 JOSH..DASS"}}
