{"authorDailyContributionsMap":{"alvintan01":[{"date":"2021-09-30","commitResults":[{"hash":"abae2d88da9e142af3359c3b50a21838e06e078b","messageTitle":"Updated name.","messageBody":"","fileTypesAndContributionMap":{"docs":{"insertions":1,"deletions":1}}}]},{"date":"2021-10-01","commitResults":[{"hash":"424c8c1dcaa108e3d61be1cd6b49d9d6257501fd","messageTitle":"Created the object with their attributes.","messageBody":"","fileTypesAndContributionMap":{"functional-code":{"insertions":201,"deletions":0}}}]},{"date":"2021-10-02","commitResults":[{"hash":"7ff05c9c54ae286132970adb54aeeeb835a7b14d","messageTitle":"Completed skeleton code.","messageBody":"","fileTypesAndContributionMap":{"functional-code":{"insertions":87,"deletions":1}}},{"hash":"3969448bb7513289c49ad24cf78ecbb7129a35a6","messageTitle":"Added missing skeleton files.","messageBody":"","fileTypesAndContributionMap":{"functional-code":{"insertions":420,"deletions":0}}},{"hash":"3f17252bcbfcf0ddcda91c608992e594d6d12bce","messageTitle":"Fixed missing imports.","messageBody":"","fileTypesAndContributionMap":{"functional-code":{"insertions":0,"deletions":4}}},{"hash":"a13f483a0f473ccca5c9f03ae4672248546c7cfd","messageTitle":"Refactored code to adhere to coding standards.","messageBody":"","fileTypesAndContributionMap":{"functional-code":{"insertions":17,"deletions":17},"test-code":{"insertions":23,"deletions":0}}},{"hash":"c89877227989f506895bb7dd2b5855b781c59ab0","messageTitle":"Fixed errors in indentation levels.","messageBody":"","fileTypesAndContributionMap":{"functional-code":{"insertions":23,"deletions":7}}},{"hash":"5ccbe81192860dff36ecfac1cd2db9c25baca506","messageTitle":"Fixed invalid contant name.","messageBody":"","fileTypesAndContributionMap":{"functional-code":{"insertions":1,"deletions":1}}},{"hash":"d490a8a843c453e5dd9e78d50264adba9f389bf1","messageTitle":"Fixed coding violation for test cases.","messageBody":"","fileTypesAndContributionMap":{"test-code":{"insertions":2,"deletions":2}}},{"hash":"c31d551d90c04a183d3188001990bbe7c41b025f","messageTitle":"Added purge feature.","messageBody":"","fileTypesAndContributionMap":{"functional-code":{"insertions":28,"deletions":0}}},{"hash":"c10a0b5e541fc31a12f426edbd89a7ea241ac3b2","messageTitle":"Implemented list feature.","messageBody":"","fileTypesAndContributionMap":{"functional-code":{"insertions":279,"deletions":0}}}]},{"date":"2021-10-03","commitResults":[{"hash":"b6aa8d44226e3475ad23b432c247256ed89e184b","messageTitle":"Update CommandSyntax to adhere to coding standards","messageBody":"","fileTypesAndContributionMap":{"functional-code":{"insertions":5,"deletions":5}}},{"hash":"98421d038e2812a921393ee4bf9bfe4b50d049c8","messageTitle":"Fix bug in required parameters check","messageBody":"","fileTypesAndContributionMap":{"functional-code":{"insertions":52,"deletions":40}}}]},{"date":"2021-10-04","commitResults":[{"hash":"c156c9e77e0dbe560bc520a5ed0bb4e5e99a9f1d","messageTitle":"Refactor Medicine to Stock","messageBody":"","fileTypesAndContributionMap":{"functional-code":{"insertions":242,"deletions":223},"other":{"insertions":10,"deletions":10}}}]},{"date":"2021-10-07","commitResults":[{"hash":"552c12db434bbbd8968c49f5e15f057cb6fea527","messageTitle":"Add sort by column parameter.","messageBody":"","fileTypesAndContributionMap":{"functional-code":{"insertions":98,"deletions":22}}},{"hash":"9345de035fe6c11649f45f4fb28bcbd6f1f18ead","messageTitle":"Add help table and refactored printMedicines","messageBody":"","fileTypesAndContributionMap":{"functional-code":{"insertions":100,"deletions":30}}},{"hash":"ccfebe28ffb958eca67b65aedba9ec30418fe4e3","messageTitle":"Add search by quantity and max quantity","messageBody":"","fileTypesAndContributionMap":{"functional-code":{"insertions":6,"deletions":2}}},{"hash":"cce0efc510c8284365813d39ac4adee06395633b","messageTitle":"Fix indentation issues and change order of help command","messageBody":"","fileTypesAndContributionMap":{"functional-code":{"insertions":6,"deletions":8}}},{"hash":"44550768bc9227aa2326def289e00ebea588d754","messageTitle":"Reorder help command","messageBody":"","fileTypesAndContributionMap":{"functional-code":{"insertions":2,"deletions":2}}}]},{"date":"2021-10-08","commitResults":[{"hash":"140507e6a52dcd927cc8029a6b7b84b8207f9b95","messageTitle":"Implement JUnit test for expiry date","messageBody":"","fileTypesAndContributionMap":{"test-code":{"insertions":12,"deletions":7}}}]},{"date":"2021-10-09","commitResults":[{"hash":"644d0a02d16f4cbc71748c8a8e69075db4c9aaaa","messageTitle":"Add data for order and dispense","messageBody":"","fileTypesAndContributionMap":{"functional-code":{"insertions":27,"deletions":1}}},{"hash":"666b24c8f5b6b0980523c4554f44b5ae834b094f","messageTitle":"Update bug where list required parameters","messageBody":"","fileTypesAndContributionMap":{"functional-code":{"insertions":8,"deletions":10}}},{"hash":"953becc729e90b7b38df01e394894183e5f0de80","messageTitle":"Update Dispense and Order objects","messageBody":"","fileTypesAndContributionMap":{"functional-code":{"insertions":50,"deletions":5}}},{"hash":"b1909696e7a549c2a08645a9782839aa639d4b82","messageTitle":"Add assert to check command parsing","messageBody":"","fileTypesAndContributionMap":{"functional-code":{"insertions":3,"deletions":1}}},{"hash":"ecf597c273c610aa55e4579e63d1add14dcfe209","messageTitle":"Update Stock object","messageBody":"","fileTypesAndContributionMap":{"functional-code":{"insertions":4,"deletions":1}}},{"hash":"706ede9f49d3687b92c275a39bd136403093a5d3","messageTitle":"Add print order and dispense in table with mutiline support for description","messageBody":"","fileTypesAndContributionMap":{"functional-code":{"insertions":198,"deletions":24}}}]},{"date":"2021-10-12","commitResults":[{"hash":"8d8c3ea77fac0f1c14bf793d3d133f70bcc10ccb","messageTitle":"Add JUnit test for parser","messageBody":"","fileTypesAndContributionMap":{"test-code":{"insertions":40,"deletions":2}}},{"hash":"b74e0454cd3a8ec730d37b1e85b68d0e89c77e25","messageTitle":"Align command syntax to left for help table","messageBody":"","fileTypesAndContributionMap":{"functional-code":{"insertions":1,"deletions":2}}},{"hash":"0cee7c4e9149398ef852d93528fb62c866a25c87","messageTitle":"Update UG and refactor command paramters to lowercase","messageBody":"","fileTypesAndContributionMap":{"functional-code":{"insertions":79,"deletions":43},"docs":{"insertions":50,"deletions":7}}},{"hash":"feaa03540a4621bcd700f14ba74f3148dcbdb0c6","messageTitle":"Fix whitespace issue","messageBody":"","fileTypesAndContributionMap":{"functional-code":{"insertions":1,"deletions":1}}},{"hash":"cf455f59f1a93f20cd759f5065da56233693688c","messageTitle":"Fix test exception","messageBody":"","fileTypesAndContributionMap":{"test-code":{"insertions":2,"deletions":2}}},{"hash":"ae0e6822db3b14100df5401fac591a3bce569ef3","messageTitle":"Fix bug in sort","messageBody":"","fileTypesAndContributionMap":{"functional-code":{"insertions":22,"deletions":15}}},{"hash":"b142fc6a940f81086f5fd99fbd8572dafb49d107","messageTitle":"Shortened description width","messageBody":"","fileTypesAndContributionMap":{"functional-code":{"insertions":1,"deletions":1}}},{"hash":"a501f6fd2d79e6f4ada977d8c8b690ff721bb909","messageTitle":"Remove redundant code","messageBody":"","fileTypesAndContributionMap":{"functional-code":{"insertions":0,"deletions":3}}},{"hash":"1acdebfa0d9653484a1344e5a525130b2db15eb6","messageTitle":"Add default case","messageBody":"","fileTypesAndContributionMap":{"functional-code":{"insertions":2,"deletions":0}}},{"hash":"d34824ae8bdcb106f9659c2d2704bc2e2f759b0a","messageTitle":"Fix parser bug","messageBody":"","fileTypesAndContributionMap":{"functional-code":{"insertions":4,"deletions":1}}},{"hash":"f758e9f7d87239c4290dccb9b38ff9e63445f0a9","messageTitle":"Fix missing space","messageBody":"","fileTypesAndContributionMap":{"functional-code":{"insertions":3,"deletions":3}}},{"hash":"c7c64644b2d0d4dd9445de5cfdc15c93d2123732","messageTitle":"Fix missing space","messageBody":"","fileTypesAndContributionMap":{"functional-code":{"insertions":1,"deletions":1}}}]},{"date":"2021-10-13","commitResults":[{"hash":"dcdee567ff9248b74f1c65569194a07c6c54f066","messageTitle":"Add v1.0 tag","messageBody":"","tags":["v1.0"],"fileTypesAndContributionMap":{"functional-code":{"insertions":0,"deletions":1}}},{"hash":"3bcff60ac20af67280eac208dfbc573a34941e99","messageTitle":"Add ordered quantity in table","messageBody":"","fileTypesAndContributionMap":{"functional-code":{"insertions":40,"deletions":3}}}]},{"date":"2021-10-14","commitResults":[{"hash":"371b4c787d9891612196d2129d06d13bfea7a5af","messageTitle":"Refactor commands","messageBody":"","fileTypesAndContributionMap":{"functional-code":{"insertions":102,"deletions":86}}},{"hash":"8a140669e059adffa613d58e4f5d1dacdb86fe02","messageTitle":"Update StockComparator","messageBody":"","fileTypesAndContributionMap":{"functional-code":{"insertions":6,"deletions":10}}},{"hash":"2ec830fffca07e5b9c0424160c5a563b7db30ce4","messageTitle":"Comment out comparator","messageBody":"","fileTypesAndContributionMap":{"functional-code":{"insertions":2,"deletions":3}}}]},{"date":"2021-10-15","commitResults":[{"hash":"677ac0ba3b503afec334ce778cecc3478fb9d82e","messageTitle":"Add listdispense","messageBody":"","fileTypesAndContributionMap":{"functional-code":{"insertions":273,"deletions":22}}},{"hash":"127e6a85af79dff0fa47d163a5bea42be0cdec91","messageTitle":"Add sort parameters","messageBody":"","fileTypesAndContributionMap":{"functional-code":{"insertions":1,"deletions":1}}},{"hash":"301a536db028337e936e13e08df8953580b672ee","messageTitle":"Add mode feature and refactor to LinkedHashMap","messageBody":"","fileTypesAndContributionMap":{"functional-code":{"insertions":142,"deletions":83},"other":{"insertions":72,"deletions":25}}},{"hash":"36bb8d3e0cd1911f436d0e4a22329bacfadb1e96","messageTitle":"Fix missing whitespace","messageBody":"","fileTypesAndContributionMap":{"test-code":{"insertions":2,"deletions":2}}}]},{"date":"2021-10-17","commitResults":[{"hash":"4422fb41d83ce8bcf5f4f5a1ac27a0d0020c12e2","messageTitle":"Refactor Command Objects","messageBody":"","fileTypesAndContributionMap":{"functional-code":{"insertions":62,"deletions":72}}},{"hash":"28c616cc79fabdb7c0ee26eb01d64e5f3fcaf827","messageTitle":"Update JUnit tests","messageBody":"","fileTypesAndContributionMap":{"functional-code":{"insertions":5,"deletions":5},"test-code":{"insertions":8,"deletions":10}}},{"hash":"0572f541e02f8912c85cba3818020dfe7026416c","messageTitle":"Rename JUnit methods","messageBody":"","fileTypesAndContributionMap":{"test-code":{"insertions":2,"deletions":2}}}]},{"date":"2021-10-18","commitResults":[{"hash":"2caa55e2a70d7fe39f55d23a9c74ed57df986654","messageTitle":"Fix array initialisation error.","messageBody":"","fileTypesAndContributionMap":{"functional-code":{"insertions":13,"deletions":9},"other":{"insertions":1,"deletions":1}}}]},{"date":"2021-10-19","commitResults":[{"hash":"e0fc9b45c46721793a4ab2e69dcdad009df5738a","messageTitle":"Refactor command classes","messageBody":"","fileTypesAndContributionMap":{"functional-code":{"insertions":244,"deletions":154},"other":{"insertions":10,"deletions":4},"docs":{"insertions":64,"deletions":0},"test-code":{"insertions":3,"deletions":24}}},{"hash":"949a0d9fa0df28bb28d859bbe070ec681368dd86","messageTitle":"Add sort for list order","messageBody":"","fileTypesAndContributionMap":{"functional-code":{"insertions":92,"deletions":9}}},{"hash":"d1c87aac861c06bda2ad3253e24e7c1a3328e7dd","messageTitle":"Refactor javadocs","messageBody":"","fileTypesAndContributionMap":{"functional-code":{"insertions":34,"deletions":27},"docs":{"insertions":12,"deletions":1}}},{"hash":"738786a24e21a02f7865aab54162a21c79bad62f","messageTitle":"Add sequence diagram for list and main application logic","messageBody":"","fileTypesAndContributionMap":{"functional-code":{"insertions":7,"deletions":5},"docs":{"insertions":110,"deletions":23}}},{"hash":"e00291bb8a48a4184e4f84404cf65f7ce7c1ee4c","messageTitle":"Update UG and DG","messageBody":"","fileTypesAndContributionMap":{"functional-code":{"insertions":13,"deletions":7},"docs":{"insertions":198,"deletions":60}}}]},{"date":"2021-10-20","commitResults":[{"hash":"fc3f2c2951a41887485c961c0fc3f0ef60f458b4","messageTitle":"Update sequence diagram for list command","messageBody":"","fileTypesAndContributionMap":{"docs":{"insertions":45,"deletions":22}}},{"hash":"89c5c44f8d56c34cfbf554033ccf164df5da1079","messageTitle":"Refactor list dispense and update UG","messageBody":"","fileTypesAndContributionMap":{"functional-code":{"insertions":20,"deletions":20},"docs":{"insertions":39,"deletions":34}}}]},{"date":"2021-10-21","commitResults":[{"hash":"fe6f04b5acb216f094f74e4d8833f87f8f0a694c","messageTitle":"Update sequence diagram","messageBody":"","fileTypesAndContributionMap":{"functional-code":{"insertions":0,"deletions":3},"docs":{"insertions":30,"deletions":23}}},{"hash":"0379e718f87261d5252b3aeaa733204b59c9ebc3","messageTitle":"Remove colon","messageBody":"","fileTypesAndContributionMap":{"docs":{"insertions":1,"deletions":1}}},{"hash":"265fed42beae998e568d0d1100c6a6b9e822abae","messageTitle":"Refactor code for validator class","messageBody":"","fileTypesAndContributionMap":{"functional-code":{"insertions":229,"deletions":192},"test-code":{"insertions":30,"deletions":26}}},{"hash":"e5a917985b206a908ed398d7c1e106969a5bf82b","messageTitle":"Refactor CommandParser","messageBody":"","fileTypesAndContributionMap":{"functional-code":{"insertions":10,"deletions":7},"test-code":{"insertions":7,"deletions":6}}},{"hash":"171cb943d2306f41af6ac5ab263176f7a3e78cf6","messageTitle":"Update sequence diagram","messageBody":"","fileTypesAndContributionMap":{"docs":{"insertions":14,"deletions":5}}}]},{"date":"2021-10-23","commitResults":[{"hash":"9148b8a85f824d254e4eed972e7e55f25abf16a6","messageTitle":"Add view expiring and low quantity","messageBody":"","fileTypesAndContributionMap":{"functional-code":{"insertions":81,"deletions":49}}},{"hash":"f8b957f29b165158647ff09f0ce105fef0a2a2d6","messageTitle":"Update UI to support multirow command syntax","messageBody":"","fileTypesAndContributionMap":{"functional-code":{"insertions":25,"deletions":9}}},{"hash":"e1d55f022b6ff877e6025ad7ae5b33ab16ca646e","messageTitle":"Add validator and inventory class diagram","messageBody":"","fileTypesAndContributionMap":{"docs":{"insertions":180,"deletions":49}}}]}],"RemusTeo":[{"date":"2021-09-30","commitResults":[{"hash":"bdbc21de039fd2333290545ac4ece0e8af510d02","messageTitle":"Update AboutUs","messageBody":"","fileTypesAndContributionMap":{"docs":{"insertions":1,"deletions":1}}}]},{"date":"2021-10-03","commitResults":[{"hash":"7d780e9b563308217396002ad7a0200df291e1fd","messageTitle":"Add delete feature","messageBody":"Updated MedicineValidator.isValidStockId as well to handle more edge cases\n","fileTypesAndContributionMap":{"functional-code":{"insertions":69,"deletions":5}}},{"hash":"4feb0f68f034b3216bdeaac1ccf7c00886299c01","messageTitle":"Update DeleteCommand.java","messageBody":"Changes to adhere to Java Coding Standard","fileTypesAndContributionMap":{"functional-code":{"insertions":3,"deletions":1}}},{"hash":"ca76a8cc10c0d77c5afb069677ab8e793ad50b20","messageTitle":"Update MedicineValidator.java","messageBody":"Changes to adhere to Java Coding Standard","fileTypesAndContributionMap":{"functional-code":{"insertions":1,"deletions":1}}},{"hash":"c25641462b72a892cd7fc9b257890d75dfda67ea","messageTitle":"Adhere to Java Coding Standard","messageBody":"","fileTypesAndContributionMap":{"functional-code":{"insertions":5,"deletions":5}}}]},{"date":"2021-10-04","commitResults":[{"hash":"3d750fc7f22603ec35c5e41b577675a9a92ffbd2","messageTitle":"Add help command","messageBody":"","fileTypesAndContributionMap":{"functional-code":{"insertions":49,"deletions":12}}},{"hash":"49afbcef49226a397b1fcf6e34f3f0cfac8342a9","messageTitle":"Update help command source code location","messageBody":"","fileTypesAndContributionMap":{"functional-code":{"insertions":1,"deletions":0},"other":{"insertions":1,"deletions":3}}},{"hash":"0d3150477be4bdd2674766d46107475d9f82a265","messageTitle":"Adhere to java coding standard","messageBody":"","fileTypesAndContributionMap":{"functional-code":{"insertions":4,"deletions":1}}},{"hash":"4eea6eecb9cdaa2bd1a8a17aa04be8e04f3d4efa","messageTitle":"Comply with gradle checks","messageBody":"","fileTypesAndContributionMap":{"functional-code":{"insertions":3,"deletions":2}}},{"hash":"bd3293d0dfdcdc1eb2b963dbdeba97c4b5858fea","messageTitle":"Comply with gradle checks","messageBody":"","fileTypesAndContributionMap":{"functional-code":{"insertions":3,"deletions":4}}}]},{"date":"2021-10-08","commitResults":[{"hash":"67a1a926fcc1cfaf410d862282276de483a35d9d","messageTitle":"Implement JUnit test for checkValidStockId","messageBody":"","fileTypesAndContributionMap":{"test-code":{"insertions":20,"deletions":0}}}]},{"date":"2021-10-10","commitResults":[{"hash":"93a3b23e68a8d21c315108c012d8779e418ee523","messageTitle":"Improve defensiveness of delete command through assertions and logging","messageBody":"","fileTypesAndContributionMap":{"functional-code":{"insertions":16,"deletions":1},"other":{"insertions":1,"deletions":0}}}]},{"date":"2021-10-11","commitResults":[{"hash":"d4ce75b3f9f79c10df4a57b0e13b843c9dafc95e","messageTitle":"Implement JUnit testing for functions in dateParser class","messageBody":"","fileTypesAndContributionMap":{"test-code":{"insertions":46,"deletions":0}}},{"hash":"563fcea78fcf8cff1ad88889d799bf2bbd1a87e5","messageTitle":"Improve comment","messageBody":"","fileTypesAndContributionMap":{"test-code":{"insertions":2,"deletions":2}}}]},{"date":"2021-10-12","commitResults":[{"hash":"e383e2a7aaeca1ffa1d62319ef71ab7e7a9ebb73","messageTitle":"Use assertThrows instead","messageBody":"","fileTypesAndContributionMap":{"test-code":{"insertions":2,"deletions":7}}},{"hash":"b4d9abc2621fd463cc92020339c33f1d307b8e91","messageTitle":"Add delete feature into user guide","messageBody":"","fileTypesAndContributionMap":{"docs":{"insertions":6,"deletions":2}}},{"hash":"76eba637dd5965dc053503a585ec848d0b417b9d","messageTitle":"Add in missing fullstop","messageBody":"","fileTypesAndContributionMap":{"docs":{"insertions":1,"deletions":1}}}]},{"date":"2021-10-13","commitResults":[{"hash":"3a28b3392871f3865308936aad9580d2353c9286","messageTitle":"Rename to DeleteStock","messageBody":"","fileTypesAndContributionMap":{"functional-code":{"insertions":2,"deletions":2},"other":{"insertions":3,"deletions":3}}}]},{"date":"2021-10-14","commitResults":[{"hash":"15a2c57aa0524b9541759d931b8bae3e8d67faca","messageTitle":"Implement ListOrder command","messageBody":"","fileTypesAndContributionMap":{"functional-code":{"insertions":6,"deletions":8}}},{"hash":"3b4fd0e913627b8ad89fc42fdaad02c6763a6ccf","messageTitle":"Commit missing file","messageBody":"","fileTypesAndContributionMap":{"functional-code":{"insertions":53,"deletions":0}}}]},{"date":"2021-10-16","commitResults":[{"hash":"ea75fa18d9f2e6539f93775efd18d55ffe721574","messageTitle":"Phase out depreciated Date constructor","messageBody":"","fileTypesAndContributionMap":{"test-code":{"insertions":3,"deletions":8}}},{"hash":"fed7c99c98496bf245221b9ca14bfbe819d61822","messageTitle":"Adhere to Java Coding Standard","messageBody":"","fileTypesAndContributionMap":{"test-code":{"insertions":2,"deletions":2}}}]},{"date":"2021-10-17","commitResults":[{"hash":"8fc5a2351a53dbcb434034a0262898112375159b","messageTitle":"Add persistent storage for Stock","messageBody":"","fileTypesAndContributionMap":{"functional-code":{"insertions":261,"deletions":30},"other":{"insertions":1,"deletions":1},"test-code":{"insertions":4,"deletions":2}}},{"hash":"f2ab3f8f717c6a70d04e22faf46da38517d3f66a","messageTitle":"Adhere to Java Coding Standards","messageBody":"","fileTypesAndContributionMap":{"functional-code":{"insertions":52,"deletions":35}}},{"hash":"abad2bf25dd8735ce4f75545d69f31bfefaeaf59","messageTitle":"Adhere to gradle checks","messageBody":"","fileTypesAndContributionMap":{"other":{"insertions":1,"deletions":1}}},{"hash":"0268138f16dd21d4c2a0b1b99fe0a7aa15283621","messageTitle":"Add optional parameter feature for ListOrder","messageBody":"","fileTypesAndContributionMap":{"functional-code":{"insertions":97,"deletions":17}}},{"hash":"97d9ad78ee556057e7917557034b5fcc4262bac1","messageTitle":"Fix indentation","messageBody":"","fileTypesAndContributionMap":{"functional-code":{"insertions":5,"deletions":5}}}]},{"date":"2021-10-18","commitResults":[{"hash":"583785556c9e5b4a45361358affea727e10ecf87","messageTitle":"Fix indentation of JavaDoc","messageBody":"","fileTypesAndContributionMap":{"functional-code":{"insertions":7,"deletions":7}}},{"hash":"47417d34dd94d637a3a5f547c7d91836ebf71a56","messageTitle":"Refactor command","messageBody":"","fileTypesAndContributionMap":{"functional-code":{"insertions":4,"deletions":7},"other":{"insertions":4,"deletions":4}}},{"hash":"7b0289ab746ae67f1a5263494a190b9d7bb1979c","messageTitle":"Adhere to gradle","messageBody":"","fileTypesAndContributionMap":{"functional-code":{"insertions":7,"deletions":4}}}]},{"date":"2021-10-19","commitResults":[{"hash":"f3f3825de1149bae0f09dca8b594cbc30bbaf9ee","messageTitle":"Modify status parameter and list order by date","messageBody":"","fileTypesAndContributionMap":{"functional-code":{"insertions":6,"deletions":8}}},{"hash":"c330fe219ae097b06a865f0267a8dd3981388696","messageTitle":"Improve user readibility of successful deletion of stock message","messageBody":"","fileTypesAndContributionMap":{"functional-code":{"insertions":1,"deletions":1}}},{"hash":"227400ccba91a6ca12f87a7f582d32f80481a57f","messageTitle":"Modify date storage and shifted file parsing methods to separate file","messageBody":"","fileTypesAndContributionMap":{"functional-code":{"insertions":86,"deletions":56}}},{"hash":"e63c3c1f7248276dc95a0a6d4b555da1f0eff97c","messageTitle":"Modified to remove magic literals","messageBody":"","fileTypesAndContributionMap":{"functional-code":{"insertions":3,"deletions":1}}}]},{"date":"2021-10-20","commitResults":[{"hash":"61916b5244feeeed0432508ebed258440d97ec0b","messageTitle":"Refactor DeleteStockCommand and add into DG","messageBody":"","fileTypesAndContributionMap":{"functional-code":{"insertions":50,"deletions":40},"docs":{"insertions":154,"deletions":0}}},{"hash":"c94d632ba6897938e664f242cbe53dc5619c5ba0","messageTitle":"Update UG for deletestock, listorder, datastorage","messageBody":"","fileTypesAndContributionMap":{"docs":{"insertions":92,"deletions":5}}},{"hash":"941a4f27de4d71231895b9fa9881607964d8a7f0","messageTitle":"Missing fullstop","messageBody":"","fileTypesAndContributionMap":{"docs":{"insertions":1,"deletions":1}}},{"hash":"7ad70482255ea237274ef6303cc8204cfed89528","messageTitle":"Abstract out filterorder","messageBody":"","fileTypesAndContributionMap":{"functional-code":{"insertions":60,"deletions":45}}},{"hash":"2762b2b625efdc522da1598b18a733b44cef590c","messageTitle":"Refactor storage for singleton usage and refactor stock storage for isDeleted","messageBody":"","fileTypesAndContributionMap":{"functional-code":{"insertions":56,"deletions":7}}},{"hash":"04fca50682409e7a6fc0ae7bcbedc1bc732d9389","messageTitle":"Fix typo","messageBody":"","fileTypesAndContributionMap":{"functional-code":{"insertions":2,"deletions":2}}},{"hash":"217453b20782215913f42e30ea83819e97a3d805","messageTitle":"Fix variable naming","messageBody":"","fileTypesAndContributionMap":{"functional-code":{"insertions":17,"deletions":17}}}]},{"date":"2021-10-21","commitResults":[{"hash":"e0c7a5f5d3e278b57a6407735712a071871d26bc","messageTitle":"Implmenet data storage for order and dispense","messageBody":"","fileTypesAndContributionMap":{"functional-code":{"insertions":283,"deletions":93}}},{"hash":"ad3f6ba4476b1d9d07a1ca0371ab39cb6919af8c","messageTitle":"Remove unnecessary code","messageBody":"","fileTypesAndContributionMap":{"functional-code":{"insertions":0,"deletions":70}}},{"hash":"b61469f202864a1a929ecd447a460e502edd31ec","messageTitle":"Fix spacing","messageBody":"","fileTypesAndContributionMap":{"functional-code":{"insertions":1,"deletions":2}}},{"hash":"24e7e20902aba2f6b24f32386ebe14b5c5d74619","messageTitle":"Fix line length","messageBody":"","fileTypesAndContributionMap":{"functional-code":{"insertions":2,"deletions":1}}}]},{"date":"2021-10-22","commitResults":[{"hash":"662f8e34c3ffa02209042c794c7755fbf15f7791","messageTitle":"Implement archive order","messageBody":"","fileTypesAndContributionMap":{"functional-code":{"insertions":172,"deletions":9}}},{"hash":"81d0a7ef08750f26169ff08b20c14f40d5d46e9b","messageTitle":"Implement archive dispense","messageBody":"","fileTypesAndContributionMap":{"functional-code":{"insertions":101,"deletions":4}}},{"hash":"5a20f2823bde52739e388cf734bcd7f9779e2157","messageTitle":"Adhere to Java Coding Standards","messageBody":"","fileTypesAndContributionMap":{"functional-code":{"insertions":5,"deletions":5}}}]}],"deonchung":[{"date":"2021-09-30","commitResults":[{"hash":"1eab06677d0f156c2e497a1278284cb8ba6ef6ba","messageTitle":"Add aboutus","messageBody":"","fileTypesAndContributionMap":{"docs":{"insertions":1,"deletions":1}}}]},{"date":"2021-10-03","commitResults":[{"hash":"9b754edd47a1791d156a2c588e782658990d8356","messageTitle":"Implement add medication feature","messageBody":"","fileTypesAndContributionMap":{"functional-code":{"insertions":101,"deletions":24}}}]},{"date":"2021-10-05","commitResults":[{"hash":"6b755191136712778f523ce044fb4e2d8802b8b0","messageTitle":"Improve logic for add medication","messageBody":"","fileTypesAndContributionMap":{"functional-code":{"insertions":30,"deletions":8}}},{"hash":"773d6df61993126d06a8e58581c2816333276882","messageTitle":"Improve code quality","messageBody":"","fileTypesAndContributionMap":{"functional-code":{"insertions":3,"deletions":1}}},{"hash":"cc1a7228f9c37c907c69c984089071268ce7bcff","messageTitle":"improve code quality","messageBody":"","fileTypesAndContributionMap":{"functional-code":{"insertions":0,"deletions":2}}},{"hash":"c795d4630f4eda175deab3f4a86184ed1f0434be","messageTitle":"Improve code","messageBody":"","fileTypesAndContributionMap":{"functional-code":{"insertions":17,"deletions":21}}}]},{"date":"2021-10-06","commitResults":[{"hash":"2eaba5eaf767a6846503e5f76ba665fe50666482","messageTitle":"Add limit number of medication to add","messageBody":"","fileTypesAndContributionMap":{"functional-code":{"insertions":17,"deletions":2}}}]},{"date":"2021-10-07","commitResults":[{"hash":"cf153b33e110df63c57dc32c8d222e65f3b531e5","messageTitle":"Use containsInvalidParameterValues instead. Improve code","messageBody":"","fileTypesAndContributionMap":{"functional-code":{"insertions":23,"deletions":56}}}]},{"date":"2021-10-08","commitResults":[{"hash":"114ad0b06567488bf209a2c84cd1458780124797","messageTitle":"Implement JUnit test for isValidName and improve code for add command","messageBody":"","fileTypesAndContributionMap":{"functional-code":{"insertions":45,"deletions":31},"test-code":{"insertions":19,"deletions":0}}},{"hash":"c5da78db3098a8b1672888e7296366115c4a32f3","messageTitle":"Improve code and Modify containsInvalidParameters","messageBody":"","fileTypesAndContributionMap":{"functional-code":{"insertions":40,"deletions":28}}}]},{"date":"2021-10-09","commitResults":[{"hash":"37c00a451b5ef429460facf34314cb62037a07b1","messageTitle":"Improve code","messageBody":"","fileTypesAndContributionMap":{"functional-code":{"insertions":2,"deletions":2}}}]},{"date":"2021-10-10","commitResults":[{"hash":"db875cd675c54a4a2113e29ba8af036cf1d7c3ee","messageTitle":"Implememt dispense medication","messageBody":"","fileTypesAndContributionMap":{"functional-code":{"insertions":162,"deletions":0}}},{"hash":"1ed694ea92c0791edd1d21ab7fdb0bc6a99fcda6","messageTitle":"Fix javadoc for dispense","messageBody":"","fileTypesAndContributionMap":{"functional-code":{"insertions":2,"deletions":2}}}]},{"date":"2021-10-11","commitResults":[{"hash":"e18616970f0c7f78583346f4cd7a4d57f214ba0a","messageTitle":"Improve code","messageBody":"","fileTypesAndContributionMap":{"functional-code":{"insertions":46,"deletions":36}}},{"hash":"914ca0efa758c2f260c9f85b5a35dc9931406357","messageTitle":"Add assertion and logging to add command Fix bug in add command","messageBody":"","fileTypesAndContributionMap":{"functional-code":{"insertions":67,"deletions":40}}},{"hash":"749c8005e325a56e5dd7a46a669a7e97b47b95cd","messageTitle":"Improve code","messageBody":"","fileTypesAndContributionMap":{"functional-code":{"insertions":92,"deletions":57}}},{"hash":"15e7803a03b9166010cffdf82f8ec66241bf7f0f","messageTitle":"Fix bug for add medication","messageBody":"","fileTypesAndContributionMap":{"functional-code":{"insertions":56,"deletions":60}}},{"hash":"35f53b29c6400863216761982d14b2dbe02c22fc","messageTitle":"Refactor Validator","messageBody":"","fileTypesAndContributionMap":{"functional-code":{"insertions":56,"deletions":46},"other":{"insertions":12,"deletions":11},"test-code":{"insertions":2,"deletions":2}}},{"hash":"d3887e60383dabee4692d7e4cc9c1ee4c282e559","messageTitle":"Add Junit test for DispenseValidator","messageBody":"","fileTypesAndContributionMap":{"test-code":{"insertions":40,"deletions":0}}}]},{"date":"2021-10-12","commitResults":[{"hash":"e51f63f105f017587219b877d56e99f1bde75753","messageTitle":"Add user guide for add command","messageBody":"","fileTypesAndContributionMap":{"docs":{"insertions":24,"deletions":3}}}]},{"date":"2021-10-13","commitResults":[{"hash":"6158662f464742f334db4c393a805bed5e371534","messageTitle":"Refactor dispense command and create constructor for stockId in dispense","messageBody":"","fileTypesAndContributionMap":{"functional-code":{"insertions":34,"deletions":22},"other":{"insertions":4,"deletions":3}}},{"hash":"5826762815f59ef681d337e04d681ae23996e11d","messageTitle":"improve code","messageBody":"","fileTypesAndContributionMap":{"functional-code":{"insertions":2,"deletions":1}}}]},{"date":"2021-10-14","commitResults":[{"hash":"a84c91dd9ba03091c188db3d652c3c0d391cdbce","messageTitle":"Refactor and improve addstock command","messageBody":"","fileTypesAndContributionMap":{"functional-code":{"insertions":5,"deletions":7},"other":{"insertions":2,"deletions":1}}},{"hash":"975501fcb2983008dbd5f5b7e138b6631452cb84","messageTitle":"Improve code","messageBody":"","fileTypesAndContributionMap":{"functional-code":{"insertions":29,"deletions":31}}},{"hash":"de7b5bac8bbbbb2b28758af02244db45da1e8b88","messageTitle":"Improve dispense command","messageBody":"","fileTypesAndContributionMap":{"functional-code":{"insertions":28,"deletions":29}}}]},{"date":"2021-10-15","commitResults":[{"hash":"96662a32b70159aa14148ffb2e4ff6b6b557029c","messageTitle":"Implement Delete Order","messageBody":"","fileTypesAndContributionMap":{"functional-code":{"insertions":119,"deletions":0}}},{"hash":"af9cb93b55733abd76c5ae49908ad43a32e210ab","messageTitle":"Improve Delete order","messageBody":"","fileTypesAndContributionMap":{"functional-code":{"insertions":6,"deletions":6}}}]},{"date":"2021-10-17","commitResults":[{"hash":"93e10081ea1a33e1a6401e954eb9dbc80264fd7e","messageTitle":"Improve dispense and addstock command","messageBody":"","fileTypesAndContributionMap":{"functional-code":{"insertions":102,"deletions":55}}}]},{"date":"2021-10-18","commitResults":[{"hash":"c1412e6424fbd788479d76bb9774253270f917df","messageTitle":"Refactor dispense, addStock and DeleteOrder. Implement JUnit test for orderValidatorTest","messageBody":"","fileTypesAndContributionMap":{"functional-code":{"insertions":6,"deletions":6},"other":{"insertions":4,"deletions":4},"test-code":{"insertions":43,"deletions":2}}},{"hash":"6b4abae9f35e32c246a9ca460b74dfe98b9adb15","messageTitle":"Modify orderId parameter","messageBody":"","fileTypesAndContributionMap":{"functional-code":{"insertions":3,"deletions":3},"test-code":{"insertions":2,"deletions":2}}},{"hash":"acfd8edd0899e5b684a00caba1a6b5440f1df411","messageTitle":"Improve code","messageBody":"","fileTypesAndContributionMap":{"functional-code":{"insertions":0,"deletions":1}}},{"hash":"c40a3f8da1e83993919a1765568cc46c9e46034c","messageTitle":"Improve code","messageBody":"","fileTypesAndContributionMap":{"functional-code":{"insertions":2,"deletions":2}}},{"hash":"09dfe798bf50658e9bd92d9a92c23d4421d5600d","messageTitle":"Improve code","messageBody":"","fileTypesAndContributionMap":{"functional-code":{"insertions":1,"deletions":1}}}]},{"date":"2021-10-19","commitResults":[{"hash":"963774a5e1825c73abd2e881131c6de7a5c91681","messageTitle":"Improve addstock Implement delete dispense","messageBody":"","fileTypesAndContributionMap":{"functional-code":{"insertions":115,"deletions":2}}},{"hash":"d8f24243c7e9b539d1f917b3b8d6a50bc99fba1e","messageTitle":"Implement delete dispense","messageBody":"","fileTypesAndContributionMap":{"functional-code":{"insertions":2,"deletions":1}}},{"hash":"091a589137329fc6e7f00a08bf51d98bb09c682c","messageTitle":"Improve delete dispense code","messageBody":"","fileTypesAndContributionMap":{"functional-code":{"insertions":4,"deletions":4}}}]},{"date":"2021-10-20","commitResults":[{"hash":"6bac30da545bf5562c5814c2368366707a12e504","messageTitle":"Add sequence diagram to DG, modify UG and solve bug for deletedispense","messageBody":"","fileTypesAndContributionMap":{"functional-code":{"insertions":36,"deletions":28},"docs":{"insertions":310,"deletions":24}}},{"hash":"9aac3a5da90cb81cabed6a0ce55b340db363c105","messageTitle":"Fix indentation","messageBody":"","fileTypesAndContributionMap":{"functional-code":{"insertions":6,"deletions":5},"docs":{"insertions":1,"deletions":1}}},{"hash":"5a0dae41a2c7f087119443091c9bd6fce93db406","messageTitle":"Modify deletedispense","messageBody":"","fileTypesAndContributionMap":{"functional-code":{"insertions":3,"deletions":0}}}]},{"date":"2021-10-22","commitResults":[{"hash":"e7ee4c7872a17b46843c748b01623572acc220e1","messageTitle":"update sequence diagram and DG","messageBody":"","fileTypesAndContributionMap":{"docs":{"insertions":121,"deletions":14}}}]}],"jiangweichen835":[{"date":"2021-09-30","commitResults":[{"hash":"0019e2bbfab3fc5d67f429415197453cc48e7498","messageTitle":"Add aboutUs","messageBody":"","tags":["Add-aboutUs"],"fileTypesAndContributionMap":{"docs":{"insertions":1,"deletions":1}}},{"hash":"c5691e2b4290634bba2697077f92db84fe417186","messageTitle":"Update AboutUs","messageBody":"","fileTypesAndContributionMap":{"docs":{"insertions":2,"deletions":9}}}]},{"date":"2021-10-03","commitResults":[{"hash":"5a012da1bed1e21842ccf52668903243c8e10706","messageTitle":"Add search command","messageBody":"","fileTypesAndContributionMap":{"functional-code":{"insertions":5,"deletions":0}}},{"hash":"559e17b5b5cb4482a2e2ee8bac125500f96f6ae2","messageTitle":"Update search by name and description of medicine","messageBody":"","fileTypesAndContributionMap":{"functional-code":{"insertions":8,"deletions":3}}}]},{"date":"2021-10-08","commitResults":[{"hash":"f39a4b3d41f0657e746752a849a59c9d1ba753a1","messageTitle":"Add JUnit test","messageBody":"","fileTypesAndContributionMap":{"test-code":{"insertions":7,"deletions":1}}}]},{"date":"2021-10-10","commitResults":[{"hash":"573727f2c19b29115796da4a43c921b2cc402f40","messageTitle":"Modify list command by name and description","messageBody":"","fileTypesAndContributionMap":{"functional-code":{"insertions":4,"deletions":3}}},{"hash":"6916566b45cfa9036e95d61b589be92516b2fdfc","messageTitle":"Remove unused imports","messageBody":"","fileTypesAndContributionMap":{"functional-code":{"insertions":0,"deletions":1}}}]},{"date":"2021-10-11","commitResults":[{"hash":"35b882b1772da5c41f8f22b3b77014337b5d85a1","messageTitle":"Add assertion and logging","messageBody":"","fileTypesAndContributionMap":{"functional-code":{"insertions":13,"deletions":0}}},{"hash":"5dd5a9ea039eb8993958397f4bcc1e8bc38209f4","messageTitle":"Improve code","messageBody":"","fileTypesAndContributionMap":{"functional-code":{"insertions":1,"deletions":1}}},{"hash":"7ccd38f25ebaef93ca4788cb9ab87bc28a72678d","messageTitle":"Improve code","messageBody":"","fileTypesAndContributionMap":{"functional-code":{"insertions":1,"deletions":1}}}]},{"date":"2021-10-12","commitResults":[{"hash":"52277daed48bef56791756648521c8aba1e06bd2","messageTitle":"Add JUnit tests for StockValidatorTest and MedicineValidatorTest","messageBody":"","fileTypesAndContributionMap":{"test-code":{"insertions":160,"deletions":12}}},{"hash":"1dfd09220407e52a0c9e481dbc6c6088d11aefda","messageTitle":"Improve code","messageBody":"","fileTypesAndContributionMap":{"test-code":{"insertions":4,"deletions":4}}},{"hash":"e3258e2eae7f762190449f74c19684ea1fbd48a9","messageTitle":"Improve assertion","messageBody":"","fileTypesAndContributionMap":{"functional-code":{"insertions":1,"deletions":1}}},{"hash":"3d4deb6763a969ce934c2ea330c84ba3888175fc","messageTitle":"Improve assertion","messageBody":"","fileTypesAndContributionMap":{"functional-code":{"insertions":1,"deletions":1}}},{"hash":"c9fae2703347cf2ce1e7fe7c09b8d145f77c4c77","messageTitle":"Improve JUnit tests","messageBody":"","fileTypesAndContributionMap":{"test-code":{"insertions":1,"deletions":0}}},{"hash":"580a112af4f43d858f04a4d3912e874e4735d4e1","messageTitle":"Add user guide for list command","messageBody":"","fileTypesAndContributionMap":{"docs":{"insertions":14,"deletions":3}}},{"hash":"d0dfbd4cbdad32bb3ca037fce4db0a4516cb345a","messageTitle":"Improve UG","messageBody":"","fileTypesAndContributionMap":{"docs":{"insertions":28,"deletions":3}}},{"hash":"0feaa60526f32f6d6033222d0e56fbbe36ed1bb6","messageTitle":"Change user parameters to caps","messageBody":"","fileTypesAndContributionMap":{"docs":{"insertions":1,"deletions":1}}}]},{"date":"2021-10-13","commitResults":[{"hash":"6ce5f50ac7bb079ee71e0a6c8ebb52e9c1e277e7","messageTitle":"Modify list command to list stocks","messageBody":"","fileTypesAndContributionMap":{"functional-code":{"insertions":2,"deletions":2},"other":{"insertions":19,"deletions":19}}},{"hash":"36e2b025d1f97f2ca7023d3229d910b7914b034c","messageTitle":"Modify code","messageBody":"","fileTypesAndContributionMap":{"functional-code":{"insertions":44,"deletions":81}}},{"hash":"90ed88ba3ebc961e76b496eddf6add003fc99e7f","messageTitle":"change statements \u003c120 characters","messageBody":"","fileTypesAndContributionMap":{"functional-code":{"insertions":24,"deletions":10}}},{"hash":"f20a87daa2579b915adbd77c58fe47cc76b4fda0","messageTitle":"Resolving identation errors","messageBody":"","fileTypesAndContributionMap":{"functional-code":{"insertions":14,"deletions":15}}},{"hash":"fed06f5da5deee611507c96b5f1b5428b43a238e","messageTitle":"Refactor to ListStock","messageBody":"","fileTypesAndContributionMap":{"functional-code":{"insertions":2,"deletions":2},"other":{"insertions":1,"deletions":1}}}]},{"date":"2021-10-18","commitResults":[{"hash":"0226cd75d06729302f1cff35aa78dbe83d9ec12e","messageTitle":"Implement add order","messageBody":"","fileTypesAndContributionMap":{"functional-code":{"insertions":97,"deletions":22}}},{"hash":"792cabe2575448c0958713aa90aaf21d8dfb6c80","messageTitle":"Improve code","messageBody":"","fileTypesAndContributionMap":{"functional-code":{"insertions":4,"deletions":5}}},{"hash":"a226557b7845cd291539f83b2d40f6d67b5c7c3b","messageTitle":"Resolve errors","messageBody":"","fileTypesAndContributionMap":{"functional-code":{"insertions":22,"deletions":6}}},{"hash":"b65fa5a04a83f8016e85cbd0fb36d344a2dbb288","messageTitle":"Refactor ListStock and AddOrder","messageBody":"","fileTypesAndContributionMap":{"functional-code":{"insertions":4,"deletions":4},"other":{"insertions":2,"deletions":2}}},{"hash":"77dd2542a0bafc2b74a64163318ce96b31d9667c","messageTitle":"Improve JavaDocs","messageBody":"","fileTypesAndContributionMap":{"functional-code":{"insertions":1,"deletions":0}}}]},{"date":"2021-10-20","commitResults":[{"hash":"28334362ab80b3cc478490d435ac4154b225e902","messageTitle":"Modify add order command","messageBody":"","fileTypesAndContributionMap":{"functional-code":{"insertions":29,"deletions":11}}},{"hash":"812f633dd638676131685f536068484d9227e4ff","messageTitle":"Check order quantity against existing pending orders with same medicine name","messageBody":"","fileTypesAndContributionMap":{"functional-code":{"insertions":49,"deletions":16}}},{"hash":"a3e42528cbf1794ef11f51c40621c5f41c5e3031","messageTitle":"Resolve checkstyle errors","messageBody":"","fileTypesAndContributionMap":{"functional-code":{"insertions":5,"deletions":6}}},{"hash":"129b068f16d562923ebaa230759d658878a7adbc","messageTitle":"modify addorder command","messageBody":"","fileTypesAndContributionMap":{"functional-code":{"insertions":6,"deletions":6}}},{"hash":"928a007e8bf2d163db0dc678ca721dc03ee26b8f","messageTitle":"Add sequence diagram for addOrderCommand","messageBody":"","fileTypesAndContributionMap":{"functional-code":{"insertions":2,"deletions":1},"docs":{"insertions":59,"deletions":0}}}]},{"date":"2021-10-21","commitResults":[{"hash":"af38c0d5580bd4f76c819bdac69017d594f2f3a3","messageTitle":"Modify AddOrderCommand to set maxQuantity to infinity and update DG","messageBody":"","fileTypesAndContributionMap":{"functional-code":{"insertions":46,"deletions":42},"docs":{"insertions":29,"deletions":15}}},{"hash":"f2e4ebc0daa418756034bf5f60e0de895aaf82ba","messageTitle":"Resolve checkstyle errors","messageBody":"","fileTypesAndContributionMap":{"functional-code":{"insertions":6,"deletions":3}}},{"hash":"69aeb6b95b186b8350bc48d13e9b332f410804b4","messageTitle":"Edit DG and UG for addOrder","messageBody":"","fileTypesAndContributionMap":{"docs":{"insertions":36,"deletions":5}}},{"hash":"4278d531f9b5eb7285a20ed6118e64df031a3c1d","messageTitle":"Fix minor error","messageBody":"","fileTypesAndContributionMap":{"docs":{"insertions":1,"deletions":1}}}]}],"a-tph":[{"date":"2021-09-30","commitResults":[{"hash":"f9d48276167f5f66afdcb15a802cf08bb0faf0a9","messageTitle":"Modify aboutus page","messageBody":"","fileTypesAndContributionMap":{"docs":{"insertions":1,"deletions":1}}},{"hash":"87f055c467148d36c78dd6c359501285632c8bd5","messageTitle":"Modify more aboutus information","messageBody":"","fileTypesAndContributionMap":{"docs":{"insertions":1,"deletions":1}}}]},{"date":"2021-10-03","commitResults":[{"hash":"c9aa84e227b51ad377313be4da27eb26ff20db41","messageTitle":"Implement update command","messageBody":"","fileTypesAndContributionMap":{"functional-code":{"insertions":198,"deletions":0}}},{"hash":"f1dc265049394fd580def6081081071528fb7fcf","messageTitle":"Modify update command to use a different method for processing","messageBody":"","fileTypesAndContributionMap":{"functional-code":{"insertions":2,"deletions":1}}},{"hash":"fac3482996344d239226d1b73651645d506af295","messageTitle":"Remove curly braces since commands are compulsory","messageBody":"","fileTypesAndContributionMap":{"functional-code":{"insertions":2,"deletions":2}}},{"hash":"0db38a396ea0521a146fe60a3efce8114e090ffe","messageTitle":"Edit Javadoc comments for containsInvalidParameters method","messageBody":"","fileTypesAndContributionMap":{"functional-code":{"insertions":3,"deletions":1}}},{"hash":"472167315d6714702995b07567afb30d64553b8d","messageTitle":"Move validOptionalParameterChecker method to CommandSyntax.java for public use","messageBody":"","fileTypesAndContributionMap":{"functional-code":{"insertions":62,"deletions":45}}},{"hash":"65a22cb0a89449b8a4ef567543aca3ebd90cabd6","messageTitle":"Adhere to checkStyleMain","messageBody":"","fileTypesAndContributionMap":{"functional-code":{"insertions":5,"deletions":5}}}]},{"date":"2021-10-04","commitResults":[{"hash":"92821177e43bd9b6aa06e1c07e3df9c67eec48a6","messageTitle":"Modify variable names and javadoc comments","messageBody":"","fileTypesAndContributionMap":{"functional-code":{"insertions":7,"deletions":7}}}]},{"date":"2021-10-06","commitResults":[{"hash":"9a426914ac1f1b8160fe91a526ffe0e82d5b15d4","messageTitle":"Modify containsInvalidParameters method to check for both required and optional parameters","messageBody":"","fileTypesAndContributionMap":{"functional-code":{"insertions":49,"deletions":9}}},{"hash":"8fc98c35df209f122f55e6a3d929ed5e39a94d6e","messageTitle":"Modify function to check validity for all parameter values","messageBody":"","fileTypesAndContributionMap":{"functional-code":{"insertions":11,"deletions":18}}},{"hash":"9112b0b6f881dbdad630e59d309703b48cf756a5","messageTitle":"Implement validity checker to compare total quantity against maximum quantity","messageBody":"","fileTypesAndContributionMap":{"functional-code":{"insertions":18,"deletions":0}}},{"hash":"bd374152a4c27660093a0285b7a78638f17d877a","messageTitle":"Add MedicineManager class for medicine method calls","messageBody":"","fileTypesAndContributionMap":{"functional-code":{"insertions":71,"deletions":0}}},{"hash":"acc14bfebb6684eb3abf2499ce6be068ecdf6cbd","messageTitle":"Add new row to simulate same medicine with different expiry date","messageBody":"","fileTypesAndContributionMap":{"functional-code":{"insertions":2,"deletions":0}}},{"hash":"8ab2593d6762578a3c02e0856db19e567e927b03","messageTitle":"Implement date validator checker to check if date exists for the same medicine","messageBody":"","fileTypesAndContributionMap":{"functional-code":{"insertions":26,"deletions":0}}},{"hash":"bab4978ec7f8a5e9d2b5c675b69489b76e0abb15","messageTitle":"Modify update command to use newly added or modifed method","messageBody":"","fileTypesAndContributionMap":{"functional-code":{"insertions":60,"deletions":54}}},{"hash":"a075331092fb96fe5a6ca321059bba12b076c879","messageTitle":"Modify update command to update all affect rows","messageBody":"","fileTypesAndContributionMap":{"functional-code":{"insertions":22,"deletions":4}}}]},{"date":"2021-10-08","commitResults":[{"hash":"4d0ad7d14bfd77cf861b09d495f4d17c1b9b0ce9","messageTitle":"Add JUnit test for price validity","messageBody":"","fileTypesAndContributionMap":{"test-code":{"insertions":7,"deletions":0}}}]},{"date":"2021-10-10","commitResults":[{"hash":"72da0ec582f47b08876193ef20978a00dfd7c875","messageTitle":"Modify MedicineManager class methods to maximise readability","messageBody":"","fileTypesAndContributionMap":{"functional-code":{"insertions":13,"deletions":11}}},{"hash":"f0fe942bfa82fc1d615cea28e7ed47865b5616a8","messageTitle":"Modify update command to use n/ instead of u/ for updating new medication","messageBody":"","fileTypesAndContributionMap":{"functional-code":{"insertions":3,"deletions":5}}},{"hash":"6b86bb41e4b7f5157f55892ee0d001da194995ac","messageTitle":"Modify update command output","messageBody":"","fileTypesAndContributionMap":{"functional-code":{"insertions":43,"deletions":15}}},{"hash":"579f91817312b17fa4f8637663eaeb2aa64e2ca0","messageTitle":"Add logging for UpdateCommand","messageBody":"","fileTypesAndContributionMap":{"functional-code":{"insertions":4,"deletions":0}}},{"hash":"a5a701bbd63f30d45736d079d989d8902de4f343","messageTitle":"Add assertion to MedicineManager","messageBody":"","fileTypesAndContributionMap":{"functional-code":{"insertions":1,"deletions":0}}}]},{"date":"2021-10-12","commitResults":[{"hash":"ad03163fe9d87a912146ea676e86f474ea0efaac","messageTitle":"Add assertion to MedicineManager","messageBody":"","fileTypesAndContributionMap":{"functional-code":{"insertions":1,"deletions":0}}},{"hash":"18358ee8392a728441fcb77cedca881475ee9dad","messageTitle":"Add more JUnit tests for MedicineManager","messageBody":"","fileTypesAndContributionMap":{"test-code":{"insertions":110,"deletions":0}}},{"hash":"b1713052399fe1739a096e09389a582b847b693f","messageTitle":"Modify JUnit test indentation","messageBody":"","fileTypesAndContributionMap":{"test-code":{"insertions":3,"deletions":6}}},{"hash":"0a6277128b432a67f99c80138187f7009c760480","messageTitle":"Modify main method to temporarily disable logging messages","messageBody":"","fileTypesAndContributionMap":{"functional-code":{"insertions":2,"deletions":0}}},{"hash":"2321dc9d426db6c97c612d2dc2110c81fd4ad4ab","messageTitle":"Create skeleton file for user guide","messageBody":"","fileTypesAndContributionMap":{"docs":{"insertions":93,"deletions":17}}},{"hash":"2cc3c4c6f1c81ced1206156978964f8167849bf0","messageTitle":"Add missing close square bracket to user guide","messageBody":"","fileTypesAndContributionMap":{"docs":{"insertions":1,"deletions":1}}},{"hash":"ceb446524f96ce65da0b2c648e0251a4ff850dc0","messageTitle":"Modify default README file","messageBody":"","fileTypesAndContributionMap":{"docs":{"insertions":6,"deletions":2}}},{"hash":"0df99ce07c797b9d13469fb02b60be7189fccc55","messageTitle":"Correct typo in user guide","messageBody":"","fileTypesAndContributionMap":{"docs":{"insertions":1,"deletions":1}}},{"hash":"9e09fa608fc59dfbe44fd0733e834d2aee4864ba","messageTitle":"Fix minor bug when presence of invalid parameters did not print any error message","messageBody":"","fileTypesAndContributionMap":{"functional-code":{"insertions":18,"deletions":13}}}]},{"date":"2021-10-13","commitResults":[{"hash":"76d56fbed4d69b2820c14cb4543329b79e0ba0fe","messageTitle":"Include content page for user guide","messageBody":"","fileTypesAndContributionMap":{"docs":{"insertions":11,"deletions":1}}},{"hash":"dd5fcce8e18726c64ca03a024c164cbbad6f149b","messageTitle":"Add link to the latest release of MediVault","messageBody":"","fileTypesAndContributionMap":{"docs":{"insertions":1,"deletions":1}}},{"hash":"4a9d9f41ed2a74cce82bfb4a1cc22308dbd54709","messageTitle":"Modify minor information on user guide","messageBody":"","fileTypesAndContributionMap":{"docs":{"insertions":2,"deletions":2}}},{"hash":"0e3ee9158c475e79a6274b3789e01978a27569b2","messageTitle":"Modify description in user guide","messageBody":"","fileTypesAndContributionMap":{"docs":{"insertions":1,"deletions":1}}},{"hash":"c2577a9bf344ef06bb6407aba6c532e0c6899831","messageTitle":"Refractor UpdateCommand to UpdateStock","messageBody":"","fileTypesAndContributionMap":{"functional-code":{"insertions":2,"deletions":2},"other":{"insertions":17,"deletions":17}}}]},{"date":"2021-10-15","commitResults":[{"hash":"814d80576e0bd493fb60b088add172f133858a23","messageTitle":"Add more default rows for orders","messageBody":"","fileTypesAndContributionMap":{"functional-code":{"insertions":2,"deletions":0}}},{"hash":"552e99baec70bf23fb7ec5b8c249d50812ada86c","messageTitle":"Implement UpdateOrder command","messageBody":"","fileTypesAndContributionMap":{"functional-code":{"insertions":108,"deletions":0}}},{"hash":"f69855b7446ff99c52cf2f43b7bade5fd3933835","messageTitle":"Add new method to print a single order","messageBody":"","fileTypesAndContributionMap":{"functional-code":{"insertions":11,"deletions":0}}},{"hash":"9376269814fa3cbde43de43fe14caca95c41fd51","messageTitle":"Add OrderManager class for order","messageBody":"","fileTypesAndContributionMap":{"functional-code":{"insertions":31,"deletions":0}}},{"hash":"f82bdb9a6ee2fc8d4f056554d10c14b3fc3e7c6e","messageTitle":"Modify id to orderId","messageBody":"","fileTypesAndContributionMap":{"functional-code":{"insertions":1,"deletions":1}}},{"hash":"a8dd857c3cc21ae174c58949ac2247c3c94cc0ce","messageTitle":"Separate common parameter value checker for different classes","messageBody":"","fileTypesAndContributionMap":{"functional-code":{"insertions":181,"deletions":94}}}]},{"date":"2021-10-16","commitResults":[{"hash":"d1e8c7958df0f3269278c738a30d80fdb8d2c5f9","messageTitle":"Modify update command logic to share the same print command","messageBody":"","fileTypesAndContributionMap":{"functional-code":{"insertions":21,"deletions":18}}},{"hash":"af6a2c063452ef19aa7d16571031fded95bba847","messageTitle":"Fix minor bug to check for Id","messageBody":"","fileTypesAndContributionMap":{"functional-code":{"insertions":2,"deletions":1}}},{"hash":"92698696d655a3dfb07b04a6ec39eac1197f8b81","messageTitle":"Remove unused print commands","messageBody":"","fileTypesAndContributionMap":{"functional-code":{"insertions":0,"deletions":23}}},{"hash":"170fbd4afd63dfa26618bde631820a3380adfa73","messageTitle":"Add more logging message","messageBody":"","fileTypesAndContributionMap":{"functional-code":{"insertions":11,"deletions":5}}},{"hash":"53e340305dfb3e34069ba8b3a7a64e59961a7ceb","messageTitle":"Modify method name to be more accurate","messageBody":"","fileTypesAndContributionMap":{"functional-code":{"insertions":3,"deletions":2}}},{"hash":"3a085c5038823824f18a587ab3dd4b7c9bab974d","messageTitle":"Fix check for gradle","messageBody":"","fileTypesAndContributionMap":{"functional-code":{"insertions":1,"deletions":2}}}]},{"date":"2021-10-18","commitResults":[{"hash":"2581004277a5ba0bf76eee2daeaaef17180acc55","messageTitle":"Implement delete expired medication stock","messageBody":"","fileTypesAndContributionMap":{"functional-code":{"insertions":87,"deletions":18}}},{"hash":"789a3dcba704e9a92ab667642c4b384be36d8693","messageTitle":"Add missing fullstop in Javadoc","messageBody":"","fileTypesAndContributionMap":{"functional-code":{"insertions":1,"deletions":1}}},{"hash":"602bb87c4789910e8cf2f23f1a415b5e2638922b","messageTitle":"Update command syntax for delete stock","messageBody":"","fileTypesAndContributionMap":{"functional-code":{"insertions":1,"deletions":1}}},{"hash":"dbf7779c2288a81b8a0684d889fcb6a2e386a305","messageTitle":"Modify invalid command syntax message for delete stock","messageBody":"","fileTypesAndContributionMap":{"functional-code":{"insertions":1,"deletions":1}}},{"hash":"a0d09a46857b43ad4a1ad509e8de59366ec81cae","messageTitle":"Refractor files to appropriate location","messageBody":"","fileTypesAndContributionMap":{"functional-code":{"insertions":92,"deletions":74},"other":{"insertions":12,"deletions":12}}},{"hash":"6804832566539dc8c1b3b2e5b499a335d6e1bfd4","messageTitle":"Refractor JUnit test","messageBody":"","fileTypesAndContributionMap":{"other":{"insertions":9,"deletions":9}}}]},{"date":"2021-10-19","commitResults":[{"hash":"8eba48f050d5fb41dbad710a3bcfbec5e920b733","messageTitle":"Include UpdateStockSequenceDiagram and generated image of the sequence diagram","messageBody":"","fileTypesAndContributionMap":{"docs":{"insertions":55,"deletions":0}}},{"hash":"6b99f2c85179d38580ae4a513895fabca96e6471","messageTitle":"Modify style to enhance visualisation","messageBody":"","fileTypesAndContributionMap":{"docs":{"insertions":16,"deletions":15}}},{"hash":"465abffaf0265a9088f0aa6a4102f14975bc47a0","messageTitle":"Include UpdateStock implementation in DG","messageBody":"","fileTypesAndContributionMap":{"docs":{"insertions":42,"deletions":4}}},{"hash":"016abf914c36d1fb84d7000265b72fe4893c5d91","messageTitle":"Refractor ui, comparator, storage and parser to utilities folder","messageBody":"","fileTypesAndContributionMap":{"functional-code":{"insertions":41,"deletions":41},"other":{"insertions":65,"deletions":66}}},{"hash":"5c715c5b5a7525b0976e30e12629d36d81b6fbfb","messageTitle":"Modify puml style","messageBody":"","fileTypesAndContributionMap":{"docs":{"insertions":12,"deletions":12}}},{"hash":"0b6e00fa258330263419bdc6372e7ec7ef33ce3c","messageTitle":"Modify updatestock sequence diagram","messageBody":"","fileTypesAndContributionMap":{"docs":{"insertions":35,"deletions":35}}},{"hash":"a3e9fca4823c8d6fe124c2902a01ca7fe30bad12","messageTitle":"Modify deletestock to hide instead of deleting","messageBody":"","fileTypesAndContributionMap":{"functional-code":{"insertions":11,"deletions":15}}},{"hash":"ecf65cbde872f94b25f6ac79d418d485f9df039c","messageTitle":"Modify StockValidator to check if row is deleted","messageBody":"","fileTypesAndContributionMap":{"functional-code":{"insertions":7,"deletions":5}}},{"hash":"199b373788d64a2162603e53332333d9e86eea85","messageTitle":"Add new getFilteredStockByName method to StockManager","messageBody":"","fileTypesAndContributionMap":{"functional-code":{"insertions":21,"deletions":0}}},{"hash":"c0237b3fc27f42e8bc9cf7a94558b813f784758c","messageTitle":"Modify UpdateStockCommand to a new update logic","messageBody":"","fileTypesAndContributionMap":{"functional-code":{"insertions":75,"deletions":5}}}]},{"date":"2021-10-20","commitResults":[{"hash":"774850241779c758bf47148d9be27c95e8f89702","messageTitle":"Modify methods in stockmanager to check for deleted row","messageBody":"","fileTypesAndContributionMap":{"functional-code":{"insertions":11,"deletions":7}}},{"hash":"4bd3e94d3c7dd0aef793ede7031a810b47310466","messageTitle":"Implement updateorder logic prevent overordering for orders with existing stock","messageBody":"","fileTypesAndContributionMap":{"functional-code":{"insertions":19,"deletions":0}}},{"hash":"ce0e850ac2e9b008a7e245b1065c476d56a73826","messageTitle":"Modify DG and updatestock sequence diagram","messageBody":"","fileTypesAndContributionMap":{"docs":{"insertions":27,"deletions":6}}}]},{"date":"2021-10-21","commitResults":[{"hash":"5e5326d98fea3b1b80d2c11063f4c6b4baa13407","messageTitle":"Add updatedispense command syntax","messageBody":"","fileTypesAndContributionMap":{"functional-code":{"insertions":2,"deletions":0}}},{"hash":"420f9dd3dbe6f603771117ef4ae6c94179ef3aec","messageTitle":"Add updatedispense command to parser","messageBody":"","fileTypesAndContributionMap":{"functional-code":{"insertions":4,"deletions":2}}},{"hash":"2f56c4f58dd91827adcac91a1e6fb9cd1a12a762","messageTitle":"Add overloaded method extractStockObect to check for both name and id","messageBody":"","fileTypesAndContributionMap":{"functional-code":{"insertions":23,"deletions":0}}},{"hash":"7a8b673852a4f694ede54353fa9113f3987acf84","messageTitle":"Implement updatedispense command","messageBody":"","fileTypesAndContributionMap":{"functional-code":{"insertions":350,"deletions":0}}},{"hash":"f37f31cbe90799aa9101289c4150a430c8407c35","messageTitle":"Add new DispenseManager class to manage dispense commands","messageBody":"","fileTypesAndContributionMap":{"functional-code":{"insertions":102,"deletions":0}}},{"hash":"2f6144f35daf8a58dacf68153273a7ee81c1d68c","messageTitle":"Adhere to gradle checkstyle","messageBody":"","fileTypesAndContributionMap":{"functional-code":{"insertions":9,"deletions":7}}},{"hash":"2f78f665ba2420b8d966ad38fc55e458b519f02a","messageTitle":"Add updateorder and updatedispense to UG.","messageBody":"","fileTypesAndContributionMap":{"docs":{"insertions":63,"deletions":18}}},{"hash":"ec2d96fe4959c46403daf026412ed56c37ae2451","messageTitle":"Fix bug for dateValidityChecker in StockValidator","messageBody":"","fileTypesAndContributionMap":{"functional-code":{"insertions":8,"deletions":4}}},{"hash":"f650764a8d2d83fe3d057ca9c787898156397194","messageTitle":"Edit UG to be more specific","messageBody":"","fileTypesAndContributionMap":{"docs":{"insertions":1,"deletions":1}}},{"hash":"73733ce17dd58293b3dad29dfcc154801ecb3a70","messageTitle":"Add new command class diagram","messageBody":"","fileTypesAndContributionMap":{"docs":{"insertions":153,"deletions":0}}},{"hash":"abacc312f301f3f8e8a57626a598fb65066ba6be","messageTitle":"Modify update stock sequence diagram","messageBody":"","fileTypesAndContributionMap":{"docs":{"insertions":10,"deletions":8}}},{"hash":"268396535fc71888a2d77b8da074f1e41067c74f","messageTitle":"Add update order sequence diagram","messageBody":"","fileTypesAndContributionMap":{"docs":{"insertions":65,"deletions":0}}},{"hash":"3921f3dd6e9115c02f819b0c9f8ad40a4e06e30c","messageTitle":"Add update dispense sequence diagram","messageBody":"","fileTypesAndContributionMap":{"docs":{"insertions":67,"deletions":0}}},{"hash":"c946f6d02b9aefb4498db28e7373358f8a29d47b","messageTitle":"Rearrange singleton calls in command classes","messageBody":"","fileTypesAndContributionMap":{"functional-code":{"insertions":5,"deletions":4}}},{"hash":"301581066c0b3ab59d9b7735b152efedadcbec30","messageTitle":"Include command class diagram to DG","messageBody":"","fileTypesAndContributionMap":{"docs":{"insertions":19,"deletions":0}}},{"hash":"0f09c82ec758bb44b273ad5eb90c2d720acf2e61","messageTitle":"Modify updatestockcommand explanation in DG","messageBody":"","fileTypesAndContributionMap":{"docs":{"insertions":1,"deletions":1}}},{"hash":"e02a0d7a5e8fed7bd216fab53572d40417d91018","messageTitle":"Modify more explanation for updatestockcommand in DG","messageBody":"","fileTypesAndContributionMap":{"docs":{"insertions":3,"deletions":2}}},{"hash":"1b10d8e2a89c87b6af8ef74e10fe99a7f5141b8e","messageTitle":"Include updatedispensecommand in DG","messageBody":"","fileTypesAndContributionMap":{"docs":{"insertions":19,"deletions":0}}},{"hash":"8eafb5d90b08a1456c5ae80d08bcc84e3ebac603","messageTitle":"Include updateordercommand in DG","messageBody":"","fileTypesAndContributionMap":{"docs":{"insertions":13,"deletions":0}}}]},{"date":"2021-10-23","commitResults":[{"hash":"249ad3e3b199c5b3ff36f3979fb117ca8d9db3f3","messageTitle":"Modify sequence diagrams","messageBody":"","fileTypesAndContributionMap":{"docs":{"insertions":177,"deletions":198}}},{"hash":"9e0b3c69b34e406916222f349ec4ef116022702a","messageTitle":"Modify delete stock command to use another flag for delete expiring stocks","messageBody":"","fileTypesAndContributionMap":{"functional-code":{"insertions":4,"deletions":4}}}]}]},"authorFileTypeContributionMap":{"alvintan01":{"docs":578,"functional-code":2285,"test-code":100,"other":1},"RemusTeo":{"docs":248,"functional-code":915,"test-code":52,"other":1},"deonchung":{"docs":417,"functional-code":610,"test-code":80},"jiangweichen835":{"docs":114,"functional-code":183,"test-code":145},"a-tph":{"docs":544,"functional-code":1317,"test-code":101}},"authorContributionVariance":{"alvintan01":81800.555,"RemusTeo":24490.79,"deonchung":18161.346,"jiangweichen835":5874.368,"a-tph":51110.305},"authorDisplayNameMap":{"alvintan01":"CS2113T-T10-1 ALVI.. HAO","RemusTeo":"CS2113T-T10-1 TEO ..EMUS","deonchung":"CS2113T-T10-1 DEON.. HUI","jiangweichen835":"CS2113T-T10-1 JIAN..CHEN","a-tph":"CS2113T-T10-1 TEO ..ERON"}}
