{"authorDailyContributionsMap":{"ChrisLangton":[{"date":"2021-09-29","commitResults":[{"hash":"cd791a7237cc1d83e9c576212fbab850cd6fffb5","messageTitle":"add my AboutUs","messageBody":"","fileTypesAndContributionMap":{"docs":{"insertions":1,"deletions":1}}}]},{"date":"2021-10-03","commitResults":[{"hash":"1385c1157f4eb7f985681797715dcdf321d5526f","messageTitle":"update AboutUs image","messageBody":"","fileTypesAndContributionMap":{"functional-code":{"insertions":2,"deletions":2},"docs":{"insertions":1,"deletions":1}}},{"hash":"422a6d37e85fc043ac8d3a2ee8d9eb0a9e8feb28","messageTitle":"add commands \"add\" and \"list\"","messageBody":"","fileTypesAndContributionMap":{"functional-code":{"insertions":49,"deletions":14}}},{"hash":"08bdb33f343dc98c81260daaa791db6c15187e80","messageTitle":"place all prints in Ui Class","messageBody":"","fileTypesAndContributionMap":{"functional-code":{"insertions":24,"deletions":46}}}]},{"date":"2021-10-08","commitResults":[{"hash":"a19d02e1b76febb157856e2b2fb57fc1f6042323","messageTitle":"add documentation, some minor bug fixes and some enhancement of balance sheet","messageBody":"","fileTypesAndContributionMap":{"functional-code":{"insertions":37,"deletions":4}}}]},{"date":"2021-10-09","commitResults":[{"hash":"dd859fcc81fae1aa74d2a5f47d05df68166b1d98","messageTitle":"add spaces for + operator in printBalanceSheet","messageBody":"","fileTypesAndContributionMap":{"functional-code":{"insertions":2,"deletions":2}}},{"hash":"4215617ada8328d60538e1680c392384943da865","messageTitle":"add some FinanceManager JUnit testing","messageBody":"","fileTypesAndContributionMap":{"test-code":{"insertions":52,"deletions":0}}}]},{"date":"2021-10-11","commitResults":[{"hash":"829ebbf3ee718dcf94216a5feba538dd71db1662","messageTitle":"add check for SignInDetails in FinanceManager\u0027s \u0027add\u0027 and \u0027list\u0027 features, and some bug fixes in Storage","messageBody":"","fileTypesAndContributionMap":{"functional-code":{"insertions":56,"deletions":7}}},{"hash":"4401fe7ed844ffd07fcba0acc84dead9c5b36a29","messageTitle":"fix checkstyle errors","messageBody":"","fileTypesAndContributionMap":{"functional-code":{"insertions":10,"deletions":8}}}]},{"date":"2021-10-12","commitResults":[{"hash":"a3eca1cda45c0b25646bcc2c0fb51eaf7770ff89","messageTitle":"fix checkstyle errors again. latest fix","messageBody":"","fileTypesAndContributionMap":{"functional-code":{"insertions":11,"deletions":7}}},{"hash":"909e7d9425e75615edecc43fc8cd17272072c1be","messageTitle":"fix checkstyle a third time. latest try.","messageBody":"","fileTypesAndContributionMap":{"functional-code":{"insertions":2,"deletions":4}}},{"hash":"0ddfded56d1f73fbc8d26da31ba5f62466afbbaf","messageTitle":"add logging and assertions for FinanceManager","messageBody":"","fileTypesAndContributionMap":{"functional-code":{"insertions":9,"deletions":0}}},{"hash":"ba697ccc574d7f85e58749573bacd3710aa8b064","messageTitle":"fix error with FinanceManager test","messageBody":"","fileTypesAndContributionMap":{"functional-code":{"insertions":1,"deletions":1}}}]},{"date":"2021-10-22","commitResults":[{"hash":"de697c2cdb13c028c3690a963597c1bf709523bb","messageTitle":"add working BalanceSheey and CashFlow classes with accompanying cf and bs command classes and accompanying storage classes","messageBody":"","fileTypesAndContributionMap":{"functional-code":{"insertions":12,"deletions":0}}},{"hash":"82c5e09af938550ef33379244d3915d93c7c3470","messageTitle":"add working BalanceSheet and CashFlow classes with accompanying cf and bs command classes and storage classes","messageBody":"","fileTypesAndContributionMap":{"functional-code":{"insertions":242,"deletions":35}}}]},{"date":"2021-10-24","commitResults":[{"hash":"984ce4c092a0c00fbdadfaac5c0311a4742a5199","messageTitle":"add cf and bs commands, and working Cash Flow Statement generating","messageBody":"","fileTypesAndContributionMap":{"functional-code":{"insertions":156,"deletions":27}}},{"hash":"57cc6c53ca5723a3eea1138e180f1b1ec1cd198e","messageTitle":"fix checkstyle errors","messageBody":"","fileTypesAndContributionMap":{"functional-code":{"insertions":15,"deletions":16}}}]},{"date":"2021-10-25","commitResults":[{"hash":"d374e28680a8b80373f2b96412e9278eb8893ecf","messageTitle":"Add working Balance Sheet functionality and some bug fixes to the Cash Flow Statement functionality","messageBody":"","fileTypesAndContributionMap":{"functional-code":{"insertions":135,"deletions":32},"test-code":{"insertions":4,"deletions":2}}}]},{"date":"2021-10-26","commitResults":[{"hash":"ee7e9b26090ce22b4cf1cc2c90c8b23fc333000e","messageTitle":"Add final changes","messageBody":"","fileTypesAndContributionMap":{"functional-code":{"insertions":185,"deletions":20},"docs":{"insertions":1,"deletions":1}}}]},{"date":"2021-10-27","commitResults":[{"hash":"88539957cdbe013c05b82b801b2584232b5321f6","messageTitle":"Add Product Scope, User Stories, Non-Functional Requirements and Glossary","messageBody":"","fileTypesAndContributionMap":{"docs":{"insertions":28,"deletions":7}}}]},{"date":"2021-10-28","commitResults":[{"hash":"52d2e80e1d2d68034f8e453a462a236b4b88f3a3","messageTitle":"updated \u0027cf\u0027 ,\u0027bs\u0027 and \u0027add in UG","messageBody":"","fileTypesAndContributionMap":{"docs":{"insertions":47,"deletions":8}}},{"hash":"8373861b259cce43bf9d2eedf87aa4b013a6e3ad","messageTitle":"update \u0027proj\u0027 section in UG and some minor fixes in FinanceUi","messageBody":"","fileTypesAndContributionMap":{"functional-code":{"insertions":1,"deletions":1},"docs":{"insertions":46,"deletions":2}}}]},{"date":"2021-11-02","commitResults":[{"hash":"3039587c8915d086d62cf3472f92ae2b1e7a27eb","messageTitle":"added exception for invalid projections, resolved inconsistent projections bug","messageBody":"","fileTypesAndContributionMap":{"functional-code":{"insertions":24,"deletions":6}}},{"hash":"4502e899509f54755d98ed8586e89e55253d05c5","messageTitle":"Handle overflow for Balance Sheet and Cash Flow Statement","messageBody":"","fileTypesAndContributionMap":{"functional-code":{"insertions":157,"deletions":35}}},{"hash":"daa8529cb2afea86e00414f25271a9b885db911b","messageTitle":"fix checkstyle error...........","messageBody":"","fileTypesAndContributionMap":{"functional-code":{"insertions":2,"deletions":1}}},{"hash":"aa0a17db834b9f84b551b3f317cc0431ce37ed49","messageTitle":"final fix of checkstyle :/","messageBody":"","fileTypesAndContributionMap":{"functional-code":{"insertions":7,"deletions":8}}},{"hash":"208d619d9d31f8fdfe4391bf6b0652cc89a94121","messageTitle":"final final checkstyle......","messageBody":"","fileTypesAndContributionMap":{"functional-code":{"insertions":17,"deletions":3}}},{"hash":"ef8db4a4e135e324bfacb890a0588f7207a1cd95","messageTitle":"fix issue #171 handling of negative add","messageBody":"","fileTypesAndContributionMap":{"functional-code":{"insertions":25,"deletions":29},"other":{"insertions":4,"deletions":4}}},{"hash":"e590bddecdd0e8a082a5d706bd81d77f6d0a60f9","messageTitle":"fixes issue #177","messageBody":"","fileTypesAndContributionMap":{"functional-code":{"insertions":1,"deletions":2}}}]},{"date":"2021-11-03","commitResults":[{"hash":"2625b2e64b28d8781340d53cd9d6fa827541ca5c","messageTitle":"Fixes #176 UG updated","messageBody":"","fileTypesAndContributionMap":{"functional-code":{"insertions":2,"deletions":2},"docs":{"insertions":1,"deletions":1}}},{"hash":"da4cd8b0ea5481fb264f3badb0636ac385ceccdf","messageTitle":"fix #175 assets must be positive, liabilities negative","messageBody":"","fileTypesAndContributionMap":{"functional-code":{"insertions":53,"deletions":10}}},{"hash":"b27c8fecad92dbe1e3fa4e8213b05d1d9ef64e46","messageTitle":"fixes #178, #161, updated UG to specify integer for add command","messageBody":"","fileTypesAndContributionMap":{"docs":{"insertions":2,"deletions":2}}},{"hash":"385ebe17fbeabd4cc12efd84e394c332961bbee9","messageTitle":"fix checkstyle","messageBody":"","fileTypesAndContributionMap":{"functional-code":{"insertions":33,"deletions":5}}}]},{"date":"2021-11-05","commitResults":[{"hash":"c4bd72f05f593d9e7000fba191df87646a1eb42b","messageTitle":"update UG with new finance constraints","messageBody":"","fileTypesAndContributionMap":{"functional-code":{"insertions":63,"deletions":63},"docs":{"insertions":12,"deletions":9}}}]},{"date":"2021-11-06","commitResults":[{"hash":"d0d8e85bf58aba60c9221c86318bfa33e875759b","messageTitle":"add Finance implementation to DG","messageBody":"","fileTypesAndContributionMap":{"docs":{"insertions":21,"deletions":1}}}]},{"date":"2021-11-07","commitResults":[{"hash":"8ff851644b3d3b0a50d787802f21a4966d7e06d9","messageTitle":"add financeSequenceDiagram for \u0027add\u0027 function","messageBody":"","fileTypesAndContributionMap":{"docs":{"insertions":6,"deletions":0}}}]},{"date":"2021-11-08","commitResults":[{"hash":"eb56865f93f3268767c638aadb2781d914a078ae","messageTitle":"rearrange sections of UG/DG and add manual testing for finance","messageBody":"","fileTypesAndContributionMap":{"docs":{"insertions":99,"deletions":84}}},{"hash":"eeb2105fa2f2a06bb6304015e62415276d3a4bc9","messageTitle":"add chris ppp incomplete as of 2pm","messageBody":"","fileTypesAndContributionMap":{"docs":{"insertions":32,"deletions":1}}},{"hash":"aab9e38d61324387552331451d74965519b9ad07","messageTitle":"bug fix in projection","messageBody":"","fileTypesAndContributionMap":{"functional-code":{"insertions":1,"deletions":1}}},{"hash":"33625e2b2963aa66b2c10364e744c5468028927f","messageTitle":"fix grammar in UG","messageBody":"","fileTypesAndContributionMap":{"docs":{"insertions":25,"deletions":25}}},{"hash":"9a4b81740e1a1333ccd210fcca99f05d4e37ad42","messageTitle":"alteration of grammar in UG","messageBody":"","fileTypesAndContributionMap":{"docs":{"insertions":1,"deletions":1}}}]}],"Rrraaaeee":[{"date":"2021-09-29","commitResults":[{"hash":"cd930611a0a6638b3baa74da2804fa14f9c6a350","messageTitle":"updated aboutus.md","messageBody":"","fileTypesAndContributionMap":{"docs":{"insertions":1,"deletions":1}}},{"hash":"92f69d2206cac87fbbe1e7da4355e6532d1c8db1","messageTitle":"trying to add image","messageBody":"","fileTypesAndContributionMap":{"docs":{"insertions":1,"deletions":1}}},{"hash":"2d40558b30380ce7d1be7a846e4c837f2cd296da","messageTitle":"Update AboutUs.md","messageBody":"","fileTypesAndContributionMap":{"docs":{"insertions":1,"deletions":1}}},{"hash":"92b7d0bb4ae8fccf630ba81db3ba3957561bc6ca","messageTitle":"Update AboutUs.md","messageBody":"","fileTypesAndContributionMap":{"docs":{"insertions":1,"deletions":1}}}]},{"date":"2021-10-03","commitResults":[{"hash":"e86c48dfb401e1ef6a809924deec991222a923ec","messageTitle":"Added parser to cooper","messageBody":"","fileTypesAndContributionMap":{"functional-code":{"insertions":653,"deletions":21},"other":{"insertions":3,"deletions":2}}},{"hash":"8f53710010fd836e16b07bc88033350d1f7ac94e","messageTitle":"trying parser","messageBody":"","fileTypesAndContributionMap":{"functional-code":{"insertions":34,"deletions":2}}},{"hash":"fa8a43c4a1737cbd14acc9d012d4359fdc842729","messageTitle":"updated add parser","messageBody":"","fileTypesAndContributionMap":{"functional-code":{"insertions":40,"deletions":2}}}]},{"date":"2021-10-07","commitResults":[{"hash":"ead790f39ea994f9c4a1d1e261fdef7c207a16ef","messageTitle":"Make parser APIs static","messageBody":"","fileTypesAndContributionMap":{"functional-code":{"insertions":157,"deletions":21}}},{"hash":"a149a88016ee3a189369f845b1c1b32af55dd432","messageTitle":"checkstyle fix","messageBody":"","fileTypesAndContributionMap":{"functional-code":{"insertions":2,"deletions":2}}},{"hash":"249fe1379956c424a7fe9bfe88c3408fc86bd5ef","messageTitle":"added storage","messageBody":"","fileTypesAndContributionMap":{"functional-code":{"insertions":49,"deletions":8}}}]},{"date":"2021-10-11","commitResults":[{"hash":"f84440b79126be26ece0246b517bc7f831c6c3cc","messageTitle":"added JUnit for parser","messageBody":"","fileTypesAndContributionMap":{"test-code":{"insertions":47,"deletions":0}}}]},{"date":"2021-10-12","commitResults":[{"hash":"6401a9b8a46b305e9d75ecf0800f7c53e19a39d3","messageTitle":"added some asserts","messageBody":"","fileTypesAndContributionMap":{"functional-code":{"insertions":4,"deletions":0}}},{"hash":"b3dee6625b476628b70539410b91d9aeb267ad47","messageTitle":"pass checkstyle","messageBody":"","fileTypesAndContributionMap":{"functional-code":{"insertions":4,"deletions":4}}}]},{"date":"2021-10-21","commitResults":[{"hash":"b59e49e64b4376034710e83bb518309872319b70","messageTitle":"added developer guide parser and command sections","messageBody":"","fileTypesAndContributionMap":{"docs":{"insertions":52,"deletions":0}}}]},{"date":"2021-10-23","commitResults":[{"hash":"3d5eb4f421c1207a93f9656ddf4098f324946a91","messageTitle":"Use resource manager to handle access to finance manager, meetings manager and forum manager that is going to be implemented in the future","messageBody":"","fileTypesAndContributionMap":{"functional-code":{"insertions":106,"deletions":44}}},{"hash":"f241d3dfe38545d204867a5fa30d141afb3b339d","messageTitle":"clear checkstyle:","messageBody":"","fileTypesAndContributionMap":{"functional-code":{"insertions":2,"deletions":3}}},{"hash":"b2bca588609b3583888ab1a23cee301ec729a0f2","messageTitle":"added forum manager and PostAddCommand","messageBody":"","fileTypesAndContributionMap":{"functional-code":{"insertions":133,"deletions":2}}},{"hash":"56e4f117ac0b9a3b6eb464ecc6c2b6a3d80d8288","messageTitle":"integrated post commands to parser","messageBody":"","fileTypesAndContributionMap":{"functional-code":{"insertions":151,"deletions":8}}}]},{"date":"2021-10-24","commitResults":[{"hash":"e42fb74ccd45ba5f9d710061791a678e8da7f32a","messageTitle":"added comment command","messageBody":"","fileTypesAndContributionMap":{"functional-code":{"insertions":128,"deletions":14}}},{"hash":"7467ef4c72b793e2e9a63a5f6f44d4ed3fe149fa","messageTitle":"added post list command","messageBody":"","fileTypesAndContributionMap":{"functional-code":{"insertions":122,"deletions":1}}},{"hash":"03615baccd9504eeaf064e357141e4a3b59b15c3","messageTitle":"added help prompt message related to post commands","messageBody":"","fileTypesAndContributionMap":{"functional-code":{"insertions":22,"deletions":7}}},{"hash":"ab6288b72afb97e634372ee57948c0321bd64c06","messageTitle":"pass checkstyle","messageBody":"","fileTypesAndContributionMap":{"functional-code":{"insertions":5,"deletions":5}}},{"hash":"4b58a57537fb0af34045e01eae65767fe812fd79","messageTitle":"updated developer guide and added descriptions for forum and resources modules","messageBody":"","fileTypesAndContributionMap":{"docs":{"insertions":92,"deletions":48}}},{"hash":"7f3a0c302a2c42a225d6b8005f4aa575f8b41808","messageTitle":"Update DeveloperGuide.md","messageBody":"","fileTypesAndContributionMap":{"docs":{"insertions":1,"deletions":1}}},{"hash":"4b5031e0fb88710f06fe1e256c8032bdd7f898d6","messageTitle":"Make resources internal to ResourceManager","messageBody":"","fileTypesAndContributionMap":{"functional-code":{"insertions":47,"deletions":58}}}]},{"date":"2021-10-26","commitResults":[{"hash":"c4d08231b3ef973461d366d063cec5ee6916fe69","messageTitle":"added storage class for forum","messageBody":"","fileTypesAndContributionMap":{"functional-code":{"insertions":91,"deletions":4}}}]},{"date":"2021-10-27","commitResults":[{"hash":"fd7d41608c7eeb64ebe4ea695fd7c2df5eebc096","messageTitle":"Fix file nullptr problem","messageBody":"","fileTypesAndContributionMap":{"functional-code":{"insertions":3,"deletions":0}}}]},{"date":"2021-10-29","commitResults":[{"hash":"c7ac43783a64463ad9fe9a98339cf300366b5e81","messageTitle":"updated user guide","messageBody":"","fileTypesAndContributionMap":{"docs":{"insertions":110,"deletions":18}}},{"hash":"9c757beec3b969ce0423041387eb5942be768002","messageTitle":"updated user guide","messageBody":"","fileTypesAndContributionMap":{"docs":{"insertions":5,"deletions":3}}},{"hash":"a1dc38f08abb90b122f31088faf1d11722090d93","messageTitle":"updated user guide","messageBody":"","fileTypesAndContributionMap":{"docs":{"insertions":1,"deletions":1}}},{"hash":"f0158ce330413c61f6c150821c66ddd529f8a073","messageTitle":"entering empty input do not flag out as error","messageBody":"","fileTypesAndContributionMap":{"functional-code":{"insertions":3,"deletions":0}}},{"hash":"7e6d9e1367f34040082a28e484223490fd841c6c","messageTitle":"support empty enter lines to get some space on terminal :","messageBody":"","fileTypesAndContributionMap":{"functional-code":{"insertions":6,"deletions":5}}}]},{"date":"2021-10-30","commitResults":[{"hash":"88440af6e40494e9ae541e22575cc0e6b41e63f8","messageTitle":"separated signin parser schema and command parser schema","messageBody":"","fileTypesAndContributionMap":{"functional-code":{"insertions":14,"deletions":12}}},{"hash":"2df4bc1657dbe7c8e13ce651ad7b47d996af52a0","messageTitle":"removed debugging lines and cleaned up tmp files","messageBody":"","fileTypesAndContributionMap":{"functional-code":{"insertions":0,"deletions":2}}}]},{"date":"2021-10-31","commitResults":[{"hash":"4ad76e57cae0f9878bf3c934863e8ee07772cf15","messageTitle":"Reduced nesting statements in ForumStorage.java","messageBody":"","fileTypesAndContributionMap":{"functional-code":{"insertions":29,"deletions":16}}}]},{"date":"2021-11-02","commitResults":[{"hash":"00fee68b7e8ce8c35b8155c9978ef67f754f6a06","messageTitle":"changed commands of form \u0027cmd ${input} cmd2 ${input2}\u0027 to \u0027cmd ${input} /cmd2 ${input}\u0027, as user can break the previous format by inputing reserved words","messageBody":"","fileTypesAndContributionMap":{"functional-code":{"insertions":8,"deletions":8},"test-code":{"insertions":8,"deletions":8}}},{"hash":"7a95b62add733fc81f2995428bac2111633f5804","messageTitle":"slightly better error message","messageBody":"","fileTypesAndContributionMap":{"functional-code":{"insertions":1,"deletions":1}}},{"hash":"dc3f7868dcc0c52c67cc2e7eb13e355ab1f73aaa","messageTitle":"Slightly better error message","messageBody":"","fileTypesAndContributionMap":{"functional-code":{"insertions":1,"deletions":1}}},{"hash":"d36545832ff43deb8e4f4443ac3e26118a1e8443","messageTitle":"Added cooper state and ui prompt to notify user what moe he/she is currently under","messageBody":"","fileTypesAndContributionMap":{"functional-code":{"insertions":48,"deletions":0}}},{"hash":"3682aa6e68637bac843be6aa8566d5c59d7f9148","messageTitle":"Cleaned up CooperState and when [] prompts should show","messageBody":"","fileTypesAndContributionMap":{"functional-code":{"insertions":50,"deletions":37}}}]},{"date":"2021-11-06","commitResults":[{"hash":"264d16589ecc3e232b31c33657e4c9178b4fc5fa","messageTitle":"Use give-receive pattern to pass private variable from resources to storage class","messageBody":"","fileTypesAndContributionMap":{"functional-code":{"insertions":56,"deletions":20}}},{"hash":"238f04c65401db464f79fa0892b5eb6e136ec92f","messageTitle":"fixed typo in javadoc","messageBody":"","fileTypesAndContributionMap":{"functional-code":{"insertions":2,"deletions":2}}},{"hash":"3aec6dce710020201e8eed16db7933f561708d2b","messageTitle":"DG work in progress","messageBody":"","fileTypesAndContributionMap":{"docs":{"insertions":36,"deletions":11}}},{"hash":"662f8f8ed5adfa366698da3dfb2682382eb68f46","messageTitle":"resolve merge erros","messageBody":"","fileTypesAndContributionMap":{"docs":{"insertions":6,"deletions":2}}},{"hash":"57515d8f232bcdf10f52c4248a0170024f885879","messageTitle":"Added forum sequence diagram under implementation","messageBody":"","fileTypesAndContributionMap":{"docs":{"insertions":44,"deletions":18}}},{"hash":"53ed592015b6146acb97c514fa8fab89e3d8c34e","messageTitle":"only admin can use schedule. Use access control on scheduleCommand only.","messageBody":"","fileTypesAndContributionMap":{"functional-code":{"insertions":26,"deletions":8}}},{"hash":"a21eb1489b01f52dc50b53fc050b69fdc5cbb21c","messageTitle":"added resources sequence diagram and explanations under implementation","messageBody":"","fileTypesAndContributionMap":{"docs":{"insertions":10,"deletions":9}}},{"hash":"d840c6d461958b5b07c15418149fb664f4dd2403","messageTitle":"updated diagrams","messageBody":"","fileTypesAndContributionMap":{"docs":{"insertions":2,"deletions":0}}},{"hash":"62b0cd51bf93b1bf3e5d61d59130e9ea2df78025","messageTitle":"added manual testing","messageBody":"","fileTypesAndContributionMap":{"docs":{"insertions":19,"deletions":5}}},{"hash":"03db596d26bdd17f2c52fce8375088d57bed59b2","messageTitle":"added to jump table","messageBody":"","fileTypesAndContributionMap":{"docs":{"insertions":1,"deletions":0}}},{"hash":"1757c19f492a705c24dafa402a87dcf964b9018f","messageTitle":"fixed minor issues with DG","messageBody":"","fileTypesAndContributionMap":{"docs":{"insertions":6,"deletions":8}}},{"hash":"16c9bb0824e621309801b85bc4e24e4ed4e1332c","messageTitle":"DG fix","messageBody":"","fileTypesAndContributionMap":{"docs":{"insertions":1,"deletions":1}}},{"hash":"00483e984acc0fe6639556106e83bece14b21881","messageTitle":"Updated some commands in userguide(Changes from parser)","messageBody":"","fileTypesAndContributionMap":{"docs":{"insertions":7,"deletions":9}}},{"hash":"b51038193fa75ca4922e0215eabc91bdd7731044","messageTitle":"removed random stuff typora did for me","messageBody":"","fileTypesAndContributionMap":{"docs":{"insertions":3,"deletions":1}}}]},{"date":"2021-11-07","commitResults":[{"hash":"e03160f59cf917749777da35bb397a8d2ae3cf87","messageTitle":"updated readme on main page","messageBody":"","fileTypesAndContributionMap":{"docs":{"insertions":65,"deletions":44}}}]},{"date":"2021-11-08","commitResults":[{"hash":"081ea030ae7952e68654ec2ac213228ac802b04f","messageTitle":"added ppp","messageBody":"","fileTypesAndContributionMap":{"docs":{"insertions":39,"deletions":1}}},{"hash":"f67f642f6b96c9bca6d7591b077db4f847864017","messageTitle":"code refactor","messageBody":"","fileTypesAndContributionMap":{"functional-code":{"insertions":59,"deletions":35}}}]}],"theeugenechong":[{"date":"2021-09-29","commitResults":[{"hash":"66f9b9c0bcf146c83eca195066d3d06a2d332a51","messageTitle":"Add AboutUs section for Eugene","messageBody":"","fileTypesAndContributionMap":{"docs":{"insertions":1,"deletions":1}}},{"hash":"9c26a66454cb6d67e1bd74b45b472a17948afc3a","messageTitle":"Add photo and remove last row from table","messageBody":"","fileTypesAndContributionMap":{"docs":{"insertions":3,"deletions":3}}},{"hash":"9cc3ed6648de9c7c279b5d1fbafa90cb586bbff0","messageTitle":"Revert \"Add photo and remove last row from table\"","messageBody":"This reverts commit 9c26a66454cb6d67e1bd74b45b472a17948afc3a.\n","fileTypesAndContributionMap":{"docs":{"insertions":3,"deletions":3}}},{"hash":"4dbf8578d3a6975705ce8ac121d0b1dcc7487d42","messageTitle":"Revert \"Revert \"Add photo and remove last row from table\"\"","messageBody":"This reverts commit 9cc3ed6648de9c7c279b5d1fbafa90cb586bbff0.\n","fileTypesAndContributionMap":{"docs":{"insertions":3,"deletions":3}}}]},{"date":"2021-10-03","commitResults":[{"hash":"0deb14c894d1e9019589d11f74743170435dc54a","messageTitle":"Add and remove exception classes","messageBody":"","fileTypesAndContributionMap":{"functional-code":{"insertions":5,"deletions":10}}},{"hash":"2f3af04fc1266f9843afaaabf2587228b2d58f2b","messageTitle":"Change Cooper\u0027s output style Make Ui class have all static methods","messageBody":"","fileTypesAndContributionMap":{"functional-code":{"insertions":46,"deletions":56}}},{"hash":"f46544c0f05eee9b57148c31783a728796653c48","messageTitle":"Correct method typo","messageBody":"","fileTypesAndContributionMap":{"functional-code":{"insertions":1,"deletions":1}}},{"hash":"ccc1a5215bace4915cf16d70ddacd07e55f8bb36","messageTitle":"Remove invalid command exception and add UnrecognisedCommand class which has similar function","messageBody":"","fileTypesAndContributionMap":{"functional-code":{"insertions":32,"deletions":21}}},{"hash":"1e253f1a8bca84f0e88abf150f20d89fb15d956d","messageTitle":"Cause execution of exit command to quit the program","messageBody":"","fileTypesAndContributionMap":{"functional-code":{"insertions":5,"deletions":1}}},{"hash":"1ac8e9b38aea97a1874541b56ee01753356ed95c","messageTitle":"Add format for dopsun parser to recognise login and register input","messageBody":"","fileTypesAndContributionMap":{"functional-code":{"insertions":10,"deletions":4}}},{"hash":"43c6cf27d11c57268c3e08a1d71a086f685708fb","messageTitle":"Change other parts of code to work with the deleted exceptions","messageBody":"","fileTypesAndContributionMap":{"functional-code":{"insertions":15,"deletions":30}}},{"hash":"997d16fd246e81f0cc9b811e1dc673ee3827e4f0","messageTitle":"Change UnrecognisedCommand back to an exception","messageBody":"","fileTypesAndContributionMap":{"functional-code":{"insertions":4,"deletions":18}}},{"hash":"57240fc66ffff5a7b2e3a6d25a78fe0bf79a7d23","messageTitle":"Include UnrecognisedCommandException to other classes","messageBody":"","fileTypesAndContributionMap":{"functional-code":{"insertions":12,"deletions":8}}},{"hash":"79e8b1e27e150e72e7a100c5a63d54e99a96e40d","messageTitle":"Add roles classes to identtify users of Cooper","messageBody":"","fileTypesAndContributionMap":{"functional-code":{"insertions":13,"deletions":0}}},{"hash":"01a98204bdead916b11c4457082177a4305a7c88","messageTitle":"Add AccessMethod class which helps determine whether user needs to login or register","messageBody":"","fileTypesAndContributionMap":{"functional-code":{"insertions":76,"deletions":0}}},{"hash":"b5f8ee64d6ea415bde783706c879c45af3c0cd97","messageTitle":"Remove LoginCommand","messageBody":"","fileTypesAndContributionMap":{"functional-code":{"insertions":0,"deletions":16}}},{"hash":"11d5ab15e34c298b60c3b33ca3233487e1d5adb9","messageTitle":"Add Verifier class which helps verify if: 1) user wants to register or login 2) user credentials (username/role) are correct","messageBody":"","fileTypesAndContributionMap":{"functional-code":{"insertions":141,"deletions":4}}},{"hash":"21badebb4feffe2dfbd1283d1261502fd8e7d262","messageTitle":"Implement Verifier in main method","messageBody":"","fileTypesAndContributionMap":{"functional-code":{"insertions":10,"deletions":1}}},{"hash":"55a50718b4d32835fb2eefc5fb4122fb8dc9545a","messageTitle":"Edit UserRole class whitespace","messageBody":"","fileTypesAndContributionMap":{"functional-code":{"insertions":0,"deletions":1}}},{"hash":"51e27f8e84c6ce9c7ee459eafec1cd3541dd70c8","messageTitle":"Remove classes for user roles and replace with enumeration","messageBody":"","fileTypesAndContributionMap":{"functional-code":{"insertions":9,"deletions":24}}},{"hash":"d9d8d2aaf1ef0bc6de727724947422de7c390170","messageTitle":"Print different error messages for different exceptions thrown in verify method","messageBody":"","fileTypesAndContributionMap":{"functional-code":{"insertions":12,"deletions":2}}},{"hash":"0078ae5ced6528d6403587745851c0e00e1f3075","messageTitle":"Rename AccessMethod class to SignIn","messageBody":"","fileTypesAndContributionMap":{"functional-code":{"insertions":15,"deletions":14},"other":{"insertions":2,"deletions":2}}},{"hash":"444f2c37cea2ba71fd238039f6052a059fc0fc36","messageTitle":"Add NoSuchElementException","messageBody":"","fileTypesAndContributionMap":{"functional-code":{"insertions":16,"deletions":15}}},{"hash":"a3bf0f9fc4148647c73e7bc48b797b8d2c4d327a","messageTitle":"Clean extraneous whitespaces from resolving conflicts","messageBody":"","fileTypesAndContributionMap":{"functional-code":{"insertions":0,"deletions":2}}}]},{"date":"2021-10-04","commitResults":[{"hash":"79369fddf04bf93c0d9d6ba8acad2eb02352c519","messageTitle":"Refactor showIntroduction method o be neater and show cleaner output","messageBody":"","fileTypesAndContributionMap":{"functional-code":{"insertions":9,"deletions":0}}},{"hash":"fd07f475ea201d03e01fefb8ab1d3c8666400218","messageTitle":"Add print messages for valid and invalid login/registration","messageBody":"","fileTypesAndContributionMap":{"functional-code":{"insertions":21,"deletions":1}}},{"hash":"1ae235ab905da5bb4b6de1b09a20220d6bc1465e","messageTitle":"Implement new print methods in Login and Registration class","messageBody":"","fileTypesAndContributionMap":{"functional-code":{"insertions":9,"deletions":2}}}]},{"date":"2021-10-05","commitResults":[{"hash":"5ff67fad750ba1b2e5587acdfe6cb15dd963cff2","messageTitle":"Implement verify method to return UserRole which will be passed to commands being executed in main Fixes #26","messageBody":"","fileTypesAndContributionMap":{"functional-code":{"insertions":94,"deletions":78},"other":{"insertions":2,"deletions":2}}},{"hash":"00b9cda6b39ec49c6557f112219631e4d87730d9","messageTitle":"Make FinanceManager and MeetingsManager non-static Fixes #27","messageBody":"","fileTypesAndContributionMap":{"functional-code":{"insertions":57,"deletions":25}}},{"hash":"68e9e24460f0506dc33782843ffe04b96141b18e","messageTitle":"Return SignInDetails instead of UserRole to be received by execute() method","messageBody":"","fileTypesAndContributionMap":{"functional-code":{"insertions":10,"deletions":11}}},{"hash":"a32c78110da9b13d8f51d5c0edd8260f92d0d990","messageTitle":"Merge pull request #29 with stashed changes, resolve merge conflicts at the same time","messageBody":"","fileTypesAndContributionMap":{"functional-code":{"insertions":64,"deletions":22}}}]},{"date":"2021-10-07","commitResults":[{"hash":"d05a8cc88fd7ba62016575e36a335fc3442bbfa7","messageTitle":"Improve coding standard by removing extra whitespaces and new lines to remove warnings","messageBody":"","fileTypesAndContributionMap":{"functional-code":{"insertions":17,"deletions":44}}},{"hash":"d9aca61e74a46abd3c8e36fc2b4353e7378ea95d","messageTitle":"Add NoSuchElement exception for parsing of \u0027available\u0027 command","messageBody":"","fileTypesAndContributionMap":{"functional-code":{"insertions":12,"deletions":8}}},{"hash":"0cb5775447225378fe3379dd4b8687d144d39f20","messageTitle":"Improve coding standard to meet Checkstyle requirements","messageBody":"","fileTypesAndContributionMap":{"functional-code":{"insertions":26,"deletions":20}}}]},{"date":"2021-10-09","commitResults":[{"hash":"bd7a9fd723977bed05eb339bd98c1f52b8285acb","messageTitle":"Add JUnit tests for Verifier class","messageBody":"","fileTypesAndContributionMap":{"functional-code":{"insertions":10,"deletions":0},"other":{"insertions":2,"deletions":2},"test-code":{"insertions":116,"deletions":0}}},{"hash":"f05ea4e9d0898dc925e8341ec9c10d788d230c61","messageTitle":"Improve coding standard throughout the code","messageBody":"","fileTypesAndContributionMap":{"functional-code":{"insertions":7,"deletions":31}}},{"hash":"28aa8024c681609fd4a7867646c778a30cc32d9a","messageTitle":"Add assertions to code","messageBody":"","fileTypesAndContributionMap":{"functional-code":{"insertions":3,"deletions":0}}},{"hash":"13246b34ac29f9b3a15ccd7752971636c33613cb","messageTitle":"Enable assertions when building with Gradle","messageBody":"","fileTypesAndContributionMap":{"other":{"insertions":1,"deletions":0}}},{"hash":"b35c90db42fb750536c73dae3c6f3037db1e0fa0","messageTitle":"Remove warning for a test case method","messageBody":"","fileTypesAndContributionMap":{"test-code":{"insertions":3,"deletions":1}}},{"hash":"fec83e80ec2daab29f3c92369310572a8169f2f3","messageTitle":"Improve coding standard and fix Checkstyle errors","messageBody":"","fileTypesAndContributionMap":{"functional-code":{"insertions":15,"deletions":21}}}]},{"date":"2021-10-12","commitResults":[{"hash":"ea4a360432b7cf4682f22ed321ffad1510bad6a0","messageTitle":"Add JavaDoc for classes in verification package","messageBody":"","fileTypesAndContributionMap":{"functional-code":{"insertions":87,"deletions":1}}},{"hash":"696cc6eb5081fd148dc4783307b4e13d34b7bb9a","messageTitle":"Add code to test for login and registration in ParserTest Fixes #34","messageBody":"","fileTypesAndContributionMap":{"test-code":{"insertions":36,"deletions":26}}},{"hash":"3a38973d5dda9d5da1f4634ab5ce79b92cdd4106","messageTitle":"Remove unused import statements in some classes","messageBody":"","fileTypesAndContributionMap":{"functional-code":{"insertions":0,"deletions":1},"test-code":{"insertions":0,"deletions":12}}},{"hash":"28cc120106f84b86b64c8bd885c9496ad8a91d1c","messageTitle":"Change AddCommand class to use an integer for the amount rather than String, parsing of amount is done in CommandParser","messageBody":"","fileTypesAndContributionMap":{"functional-code":{"insertions":19,"deletions":14}}}]},{"date":"2021-10-13","commitResults":[{"hash":"fe77de3d19eccd9907b0c8121cdd83465321d6e2","messageTitle":"Add logging for Login and Registration classes","messageBody":"","fileTypesAndContributionMap":{"functional-code":{"insertions":7,"deletions":1}}},{"hash":"738b57c9139801f9018591334cb0b270d017615a","messageTitle":"Add quick start section and setup (login/registration) section for cOOPer User Guide","messageBody":"","fileTypesAndContributionMap":{"docs":{"insertions":167,"deletions":13}}}]},{"date":"2021-10-15","commitResults":[{"hash":"e0f07ecb58ed00e7d7322344b7f5ab651f3ffe4c","messageTitle":"Add finance commands to user guide Fixes #70","messageBody":"","fileTypesAndContributionMap":{"docs":{"insertions":71,"deletions":11}}}]},{"date":"2021-10-21","commitResults":[{"hash":"30d9c91937d78b7768e90b19954f33586c4e771c","messageTitle":"Implement sign in to include the use of a pasword Fixes #76","messageBody":"","fileTypesAndContributionMap":{"functional-code":{"insertions":312,"deletions":109},"test-code":{"insertions":10,"deletions":12}}},{"hash":"be75f77e4344fab121afd434dd435fbfc5372812","messageTitle":"Change implementation of storage of cOOPer\u0027s data, stores directly from cOOPer\u0027s data structure, not the input command Refactor some code in main","messageBody":"","fileTypesAndContributionMap":{"functional-code":{"insertions":369,"deletions":146}}},{"hash":"c1990c42bc9613fc3bb6dcf621bfa03869226cfe","messageTitle":"Implement storage for password hash along with password salt Fixes #77","messageBody":"","fileTypesAndContributionMap":{"functional-code":{"insertions":112,"deletions":0}}},{"hash":"f82c711969ad22adaec83cf2d83be66ffea07656","messageTitle":"Update tests to suit the new implementations","messageBody":"","fileTypesAndContributionMap":{"test-code":{"insertions":17,"deletions":21}}},{"hash":"e0cc28ee24b80f3e83c3469e9dfbbdac6b3ad858","messageTitle":"Update ParserTest to pass CI","messageBody":"","fileTypesAndContributionMap":{"test-code":{"insertions":1,"deletions":1}}},{"hash":"5052612ee4592562e763217835fed9364c31a3f5","messageTitle":"Change picture for Eugene in AboutUs","messageBody":"","fileTypesAndContributionMap":{"docs":{"insertions":4,"deletions":4}}}]},{"date":"2021-10-22","commitResults":[{"hash":"8ed2b26558072c926731f16ad08ddbab0deea738","messageTitle":"Add images for UG and DG Add Architecture section for DG along with sequence diagram for sign in","messageBody":"","fileTypesAndContributionMap":{"docs":{"insertions":101,"deletions":21}}},{"hash":"2bcad23842d72435394c1935f580eb9be68503ef","messageTitle":"Edit some print statements in Ui implemented by Storage classes","messageBody":"","fileTypesAndContributionMap":{"functional-code":{"insertions":22,"deletions":34}}},{"hash":"690e08b631203c55f8a196b46548b73677937fc0","messageTitle":"Add another sequence diagram for command execution","messageBody":"","fileTypesAndContributionMap":{"docs":{"insertions":52,"deletions":10}}}]},{"date":"2021-10-24","commitResults":[{"hash":"ddd42c0ea48b8b8bb177081b6eb6583092d81f19","messageTitle":"Fix merge bugs for v2.0","messageBody":"","fileTypesAndContributionMap":{"functional-code":{"insertions":64,"deletions":72}}},{"hash":"f277d9d87e013b60e2f49bbc64bea6843490d6f7","messageTitle":"Add logout command plus small changes","messageBody":"","fileTypesAndContributionMap":{"functional-code":{"insertions":43,"deletions":14},"docs":{"insertions":5,"deletions":5}}},{"hash":"a7f8fbb1beec6b3482ce37ca1835020891dc42b6","messageTitle":"Fix some checkstyle","messageBody":"","fileTypesAndContributionMap":{"functional-code":{"insertions":17,"deletions":28}}},{"hash":"8b3b99d310a69fed1a516dffb25c4f81657ea49d","messageTitle":"Change cashflow and bal sheet to be non static","messageBody":"","fileTypesAndContributionMap":{"functional-code":{"insertions":11,"deletions":8},"test-code":{"insertions":6,"deletions":6}}},{"hash":"1638cb6488e2f0978bbfc8c72f9a06d704bf0337","messageTitle":"Add printing for logout command","messageBody":"","fileTypesAndContributionMap":{"functional-code":{"insertions":22,"deletions":18}}}]},{"date":"2021-10-25","commitResults":[{"hash":"9038dd0d4d14947122376a79f86522754d96383e","messageTitle":"Remove Verifier and StorageManager from ResourcesManager to improve cohesiveness","messageBody":"","fileTypesAndContributionMap":{"functional-code":{"insertions":139,"deletions":89}}},{"hash":"e200f36b39568403d12ad052b5604f6039ab253e","messageTitle":"Add JavaDoc for verification classes","messageBody":"","fileTypesAndContributionMap":{"functional-code":{"insertions":36,"deletions":15},"test-code":{"insertions":26,"deletions":8}}},{"hash":"261b9d5f327e218973ba92cfb8a532fd39d7fec3","messageTitle":"Change constructor of parser to be in parent class","messageBody":"","fileTypesAndContributionMap":{"functional-code":{"insertions":23,"deletions":53}}},{"hash":"321d026d669f7231935536b9c542058b7b60ed5b","messageTitle":"Add util function","messageBody":"","fileTypesAndContributionMap":{"functional-code":{"insertions":10,"deletions":1}}},{"hash":"ecefad55bd30d0e97beb3a4e94f4e8da071ae5ea","messageTitle":"Correct bug in meetings storage","messageBody":"","fileTypesAndContributionMap":{"functional-code":{"insertions":1,"deletions":1}}},{"hash":"07846bf19b3ae2cb5dda32c1b3be19ef32a39971","messageTitle":"Add content for DG","messageBody":"","fileTypesAndContributionMap":{"docs":{"insertions":44,"deletions":33}}},{"hash":"d1e182420be7d2f09c1eb064a5e9a998ff50131e","messageTitle":"Add generate command for pdf generation","messageBody":"","fileTypesAndContributionMap":{"functional-code":{"insertions":236,"deletions":0}}}]},{"date":"2021-10-26","commitResults":[{"hash":"48fec177570b84ea68204a2721ab6a2108cf0baf","messageTitle":"Provide functionality to reset balance sheet/cf statement whenever user re-enters the bf/cs command","messageBody":"","fileTypesAndContributionMap":{"functional-code":{"insertions":34,"deletions":0}}},{"hash":"6464352eb31e726974ff4540951fc3cfd4c4d307","messageTitle":"Add methods and classes for generate command","messageBody":"","fileTypesAndContributionMap":{"functional-code":{"insertions":282,"deletions":70}}},{"hash":"0df467dce8947b59a5f946393137ba6cab233be9","messageTitle":"Fix bug for add command which crashes the program if user calls add more times than required","messageBody":"","fileTypesAndContributionMap":{"functional-code":{"insertions":16,"deletions":8}}},{"hash":"91767016b16356e99744a2874f6026c2e0322085","messageTitle":"Fix bug for bs and cf storage so that the correct net values are loaded also upon starting the program Add functionality so that only the first 12 (8 for cf statement) lines of storage file is read","messageBody":"","fileTypesAndContributionMap":{"functional-code":{"insertions":28,"deletions":3}}},{"hash":"4410c5191ceec4bcfcfbbfd97fdf588dd3b7db5b","messageTitle":"Fix bug for list command by checking if the bs or cf statement is empty before listing","messageBody":"","fileTypesAndContributionMap":{"functional-code":{"insertions":10,"deletions":7}}},{"hash":"f60c8a319af8b351d0ff6f88329439a6e2423d21","messageTitle":"Fix checkstyle error","messageBody":"","fileTypesAndContributionMap":{"functional-code":{"insertions":2,"deletions":1}}},{"hash":"84e313b0de580659a4bfd35d9901d5bbfd5eef30","messageTitle":"Add some changes for proper printing","messageBody":"","fileTypesAndContributionMap":{"functional-code":{"insertions":66,"deletions":16}}},{"hash":"3a876db78127b96d8de9b918b336a024e6ccbd7d","messageTitle":"Fix merge bug","messageBody":"","fileTypesAndContributionMap":{"functional-code":{"insertions":1,"deletions":0}}},{"hash":"530c3a5f214fe2fc5854de09d95db8604008322b","messageTitle":"Add subclasses in Ui for different sections of cOOPer Fixes #9","messageBody":"","fileTypesAndContributionMap":{"functional-code":{"insertions":610,"deletions":562}}},{"hash":"348b6b2cd0e9d9db833f627352bbf9bf89e3ab38","messageTitle":"Fix checkstyle error","messageBody":"","fileTypesAndContributionMap":{"functional-code":{"insertions":2,"deletions":1}}},{"hash":"ff01cd5a69c314de4d06404afcd36cb40bc862e3","messageTitle":"Correct some output format issues","messageBody":"","fileTypesAndContributionMap":{"functional-code":{"insertions":7,"deletions":0}}},{"hash":"a0b14bacdf7b9b8b70c567060db742aec71b5c3b","messageTitle":"Add new print statement for when financeFlag is idle Change the way bs and cf \u0027reset\u0027","messageBody":"","fileTypesAndContributionMap":{"functional-code":{"insertions":9,"deletions":10}}},{"hash":"98bab7eb227eb72f9f90b0d64871abb5fb50f94d","messageTitle":"Change add so that adding to bs and cf will overwrite the current entries Defined an \u0027empty\u0027 financial statement to be one with all zeroes in it","messageBody":"","fileTypesAndContributionMap":{"functional-code":{"insertions":18,"deletions":6}}},{"hash":"cabb3d0dbecf775c4c4d4bb5fa7baf20a5575b20","messageTitle":"Add helper method to check if a financial statement is empty","messageBody":"","fileTypesAndContributionMap":{"functional-code":{"insertions":6,"deletions":0}}},{"hash":"4f0cabf75cba82fe711cd33681a5f2067aa43eb9","messageTitle":"Check each financial statement individually to see if they are empty before proceeding to list/generate","messageBody":"","fileTypesAndContributionMap":{"functional-code":{"insertions":25,"deletions":18}}},{"hash":"5cce4198b53400d10ba69551cd2dc4ace404b81f","messageTitle":"Implement storage to save financial statements before exiting so that user can have old data in case it is accidentally overwritten (has pros and cons)","messageBody":"","fileTypesAndContributionMap":{"functional-code":{"insertions":22,"deletions":0}}},{"hash":"b07184a3bd9283aab3a931198fb516e637f0df2a","messageTitle":"Refactor code","messageBody":"","fileTypesAndContributionMap":{"functional-code":{"insertions":114,"deletions":95}}},{"hash":"0a53a241a53cd14cca28ef77ad03fde83272413a","messageTitle":"Fix checkstyle","messageBody":"","fileTypesAndContributionMap":{"functional-code":{"insertions":9,"deletions":10}}},{"hash":"b06612e1414e472da08c94ff4451a79646c6232a","messageTitle":"Fix file creation bugs","messageBody":"","fileTypesAndContributionMap":{"functional-code":{"insertions":38,"deletions":35}}},{"hash":"9711c4245a4d10d5222e78c02f0e95e0683288fd","messageTitle":"Fix coding standard issues","messageBody":"","fileTypesAndContributionMap":{"functional-code":{"insertions":1,"deletions":5}}},{"hash":"532344797e3510418e332f9f5bff211d2a8b4b84","messageTitle":"Fix some warnings and checkstyle","messageBody":"","fileTypesAndContributionMap":{"functional-code":{"insertions":2,"deletions":6}}},{"hash":"413c6eac2f875acd75a166abb4e3d8f9cca043b6","messageTitle":"Fix minor bug for invalid file data Error message printed for invalid file data now shows the invalid file too","messageBody":"","fileTypesAndContributionMap":{"functional-code":{"insertions":24,"deletions":15}}},{"hash":"43158671e1402a8138a2147058710b7af9413c98","messageTitle":"Fix minor checkstyle","messageBody":"","fileTypesAndContributionMap":{"functional-code":{"insertions":1,"deletions":1}}}]},{"date":"2021-10-27","commitResults":[{"hash":"85478a5f945758f4d9586bf96f50379f73247da7","messageTitle":"Remove some warning in gradle file hehe","messageBody":"","fileTypesAndContributionMap":{"other":{"insertions":2,"deletions":2}}},{"hash":"247acc4a13da513dbda85b9fa7c7aef79e149424","messageTitle":"Removed numbering from User Guide","messageBody":"","fileTypesAndContributionMap":{"docs":{"insertions":46,"deletions":46}}},{"hash":"79c054839129ea6d730181047f19d3168e8d1baf","messageTitle":"Refactor some code","messageBody":"","fileTypesAndContributionMap":{"functional-code":{"insertions":10,"deletions":15}}},{"hash":"2990f600be2d898f5a9ca73d710a8bf21108a34e","messageTitle":"Added some secteions to DG (Parser, Ui, Util)","messageBody":"","fileTypesAndContributionMap":{"docs":{"insertions":71,"deletions":21}}},{"hash":"0bbb73d1c911304ce3c7d8c540a386ddb5b6989d","messageTitle":"Redo some parts for DG Change variable name in Ui class to fit with class diagram","messageBody":"","fileTypesAndContributionMap":{"functional-code":{"insertions":8,"deletions":8},"docs":{"insertions":52,"deletions":37}}},{"hash":"90d6630f6c8173f2e1feb99dd20bf605541743b2","messageTitle":"Add different section headings for User Guide","messageBody":"","fileTypesAndContributionMap":{"docs":{"insertions":80,"deletions":31}}},{"hash":"eb4bdaf4b5a547e4d384ea8f08153df0a0c0a6ac","messageTitle":"Fix some bugs in DG Add table of contents at the start Add acknowledgements","messageBody":"","fileTypesAndContributionMap":{"docs":{"insertions":42,"deletions":17}}},{"hash":"1cd89f968552a1db8ffe2ce0fba81ed6428043d9","messageTitle":"Fix a hyperlink bug at Util Component","messageBody":"","fileTypesAndContributionMap":{"docs":{"insertions":1,"deletions":1}}},{"hash":"1b6486bd586edf2d9937492e07a8214b29b110a9","messageTitle":"Add author tags, fixes #98","messageBody":"","fileTypesAndContributionMap":{"functional-code":{"insertions":150,"deletions":8},"test-code":{"insertions":14,"deletions":6}}}]},{"date":"2021-10-28","commitResults":[{"hash":"12d448dfea177667efa6a46d897d44b8b42df2a7","messageTitle":"Fix index - 1 bug for post list command","messageBody":"","fileTypesAndContributionMap":{"functional-code":{"insertions":15,"deletions":15}}},{"hash":"36772cecdd31319d303b4f81c66baca4a3cbb5f0","messageTitle":"Refactor code","messageBody":"","fileTypesAndContributionMap":{"functional-code":{"insertions":5,"deletions":16}}},{"hash":"4571e5c888bb38f44c992d0df3e148b67b946b7b","messageTitle":"Remove extra whitespace in print message","messageBody":"","fileTypesAndContributionMap":{"functional-code":{"insertions":2,"deletions":2}}},{"hash":"26ce6aed5925ec0789b6c5571d39879d1ac60015","messageTitle":"Add generate command for UG","messageBody":"","fileTypesAndContributionMap":{"docs":{"insertions":93,"deletions":37}}},{"hash":"e737c6961c6f2e0078f1023074b3e10385624496","messageTitle":"Fix some parts in UG, added some tips/warning","messageBody":"","fileTypesAndContributionMap":{"docs":{"insertions":24,"deletions":16}}},{"hash":"aff8e80e1806c89e83f5209aeb736b8140f4dc66","messageTitle":"Reset balance sheet values correctly","messageBody":"","fileTypesAndContributionMap":{"functional-code":{"insertions":10,"deletions":4}}},{"hash":"4d7388e26cf1906fcead0aa1ff005468d15ade70","messageTitle":"Make some changes to when data is saved for forum and add commands","messageBody":"","fileTypesAndContributionMap":{"functional-code":{"insertions":5,"deletions":25}}}]},{"date":"2021-10-29","commitResults":[{"hash":"ca47c1ca15f2bc1e7cf4bb8da52c0713da81b8eb","messageTitle":"Combine mine and Chris\u0027s parts for finance commands","messageBody":"","fileTypesAndContributionMap":{"docs":{"insertions":210,"deletions":39}}},{"hash":"db6c7974a3a5c5f6d7f90b59891f677c518d20ce","messageTitle":"Update UG with logout, new picture for generate and some minor fixes","messageBody":"","fileTypesAndContributionMap":{"docs":{"insertions":103,"deletions":34}}},{"hash":"6787a0e7c899492c5b339ec27ddd17d23bf9a9e8","messageTitle":"Fix more UG bugs","messageBody":"","fileTypesAndContributionMap":{"docs":{"insertions":10,"deletions":7}}},{"hash":"fa106d335a7f7d851887765345656b46c3b9a076","messageTitle":"Add storage section to UG","messageBody":"","fileTypesAndContributionMap":{"docs":{"insertions":75,"deletions":54}}},{"hash":"f597dfb41a4680d30b137f0706c7b58f6766a8ab","messageTitle":"More ug fixes","messageBody":"","fileTypesAndContributionMap":{"docs":{"insertions":5,"deletions":5}}},{"hash":"7b852eb93b58df843bbb23c32fe7f57694ae8e1b","messageTitle":"Fix some errors for UG","messageBody":"","fileTypesAndContributionMap":{"docs":{"insertions":50,"deletions":5}}},{"hash":"f758b32b4aa401d4318ceeb240c9ba771926291f","messageTitle":"Add Rae\u0027s pic Change UG description slightly","messageBody":"","fileTypesAndContributionMap":{"docs":{"insertions":6,"deletions":11}}},{"hash":"1b6385ee0800cf4b764cf966c27569334ba0b178","messageTitle":"More corrections","messageBody":"","fileTypesAndContributionMap":{"docs":{"insertions":3,"deletions":3}}}]},{"date":"2021-10-30","commitResults":[{"hash":"c338c5f8c376fb9cba9831cb1e2bf6541982f79a","messageTitle":"Add Command and Verification sections for DG","messageBody":"","fileTypesAndContributionMap":{"docs":{"insertions":121,"deletions":68}}},{"hash":"e7c9b2e8c8e7f3530ac28a366d4a57def76a4979","messageTitle":"Add a better logout message","messageBody":"","fileTypesAndContributionMap":{"functional-code":{"insertions":10,"deletions":2}}},{"hash":"cf6c5c2b8b1cbfee3ec8d7c344f0e707afc3302a","messageTitle":"Allow exiting of program from sign in layer","messageBody":"","fileTypesAndContributionMap":{"functional-code":{"insertions":12,"deletions":1}}},{"hash":"3cedc1de07ae8a4eea24baf7ee36ea31967eba39","messageTitle":"Minor changes to UG","messageBody":"","fileTypesAndContributionMap":{"docs":{"insertions":2,"deletions":3}}},{"hash":"4db78e21369d6502c88f8f6106a239f5df0c61ef","messageTitle":"Logout message in main","messageBody":"","fileTypesAndContributionMap":{"functional-code":{"insertions":1,"deletions":1}}},{"hash":"73ab6c5e4fba2e9fb82ecc560360cd00ca361349","messageTitle":"Set finance flags correctly if the command entered is unrelated to finance","messageBody":"","fileTypesAndContributionMap":{"functional-code":{"insertions":18,"deletions":8}}},{"hash":"de68b5a04321900e2c1726e7ffcad8d599e71bb1","messageTitle":"Remove projection flag cause projection can be run anytime in the program, dont need flag for it","messageBody":"","fileTypesAndContributionMap":{"functional-code":{"insertions":10,"deletions":17}}},{"hash":"c75842460a24fd7c9e1e2862f614a1368189f235","messageTitle":"Fix bug where list shows wrong net values Add method to recompute the net values everytime list is entered","messageBody":"","fileTypesAndContributionMap":{"functional-code":{"insertions":31,"deletions":11}}},{"hash":"9226016366e4694915833a47b6b55d63cc6f918f","messageTitle":"Fix some image error","messageBody":"","fileTypesAndContributionMap":{"docs":{"insertions":2,"deletions":2}}},{"hash":"4be9dc54f0b1b2b705ca3992e47c131dcfbc1c1a","messageTitle":"Add JavaDocs for Verification segment plus a few other segments Fixes #135, Fixes #136","messageBody":"","fileTypesAndContributionMap":{"functional-code":{"insertions":535,"deletions":136}}},{"hash":"c189c994d156c6b156fb74723c6588eb7964e649","messageTitle":"Correct some DG bug","messageBody":"","fileTypesAndContributionMap":{"docs":{"insertions":1,"deletions":1}}}]},{"date":"2021-10-31","commitResults":[{"hash":"a301aab444b876699a4d775c1c0c87694adaffb1","messageTitle":"Add part in UG describing cOOPer\u0027s commands Fixes #160","messageBody":"","fileTypesAndContributionMap":{"docs":{"insertions":13,"deletions":11}}},{"hash":"a9beed2bc3593eaf78ab67f3687724e2de88c5e9","messageTitle":"Reorder post list and post comment in UG Fixes #144","messageBody":"","fileTypesAndContributionMap":{"docs":{"insertions":32,"deletions":28}}},{"hash":"bdcdc8288c4ff397564eb24415eadb7c92429fc6","messageTitle":"Link meetings to schedule in UG Fixes #170","messageBody":"","fileTypesAndContributionMap":{"docs":{"insertions":2,"deletions":2}}},{"hash":"b3753a1ebe0fe776d745dadd15d1fa92151338b6","messageTitle":"Explain postId fixes #155","messageBody":"","fileTypesAndContributionMap":{"docs":{"insertions":2,"deletions":1}}},{"hash":"fd8d6da4299ad47754346553eefe1d20bfc75210","messageTitle":"Fix post add command format for UG Fixes #143","messageBody":"","fileTypesAndContributionMap":{"docs":{"insertions":2,"deletions":1}}},{"hash":"881bf77afde89a32b609892290ae6b97d972753c","messageTitle":"Add instructions for checking Java version","messageBody":"","fileTypesAndContributionMap":{"docs":{"insertions":10,"deletions":4}}},{"hash":"f64763b4e526deb7b7da8e2079502d5402198dc4","messageTitle":"Made some general UG improvements","messageBody":"","fileTypesAndContributionMap":{"docs":{"insertions":13,"deletions":8}}},{"hash":"223934a3942784ec4ed4aa9eff5de5f8fd9c983a","messageTitle":"Change output messages at the login page to be clearer Fixes #185, Fixes #184","messageBody":"","fileTypesAndContributionMap":{"functional-code":{"insertions":40,"deletions":17},"docs":{"insertions":11,"deletions":7}}},{"hash":"9d8305454d7e81a634f6b498076152c50d21a35e","messageTitle":"Refactor code","messageBody":"","fileTypesAndContributionMap":{"functional-code":{"insertions":100,"deletions":74}}},{"hash":"d26e5fdb5b44342e50c68acfe659ff31e18d623e","messageTitle":"Tmp files idk","messageBody":"","fileTypesAndContributionMap":{"other":{"insertions":31,"deletions":0}}},{"hash":"964d3b0bac86429a8874d428e6be1eb7260c669e","messageTitle":"A bit more refactoring in Parser","messageBody":"","fileTypesAndContributionMap":{"functional-code":{"insertions":14,"deletions":10}}}]},{"date":"2021-11-01","commitResults":[{"hash":"e0a07aa73a1f687b3d3fcce258e27248d7e61690","messageTitle":"Add viewing help section for UG","messageBody":"","fileTypesAndContributionMap":{"functional-code":{"insertions":4,"deletions":4},"docs":{"insertions":30,"deletions":17}}},{"hash":"5a92649e9e204c052fd1bb8f9d3c80b24bfa695c","messageTitle":"allow case insensitivity for \"admin/employee\" when signing in","messageBody":"","fileTypesAndContributionMap":{"functional-code":{"insertions":2,"deletions":2}}},{"hash":"54fea40baf72357a7190533b032dfc08add14dcc","messageTitle":"Add some javadocs in sign in details parser","messageBody":"","fileTypesAndContributionMap":{"functional-code":{"insertions":9,"deletions":2}}},{"hash":"fe8888c56a891d52adda7ae24d0e38af5e19e436","messageTitle":"add new print message for empty sign in details","messageBody":"","fileTypesAndContributionMap":{"functional-code":{"insertions":10,"deletions":1}}}]},{"date":"2021-11-02","commitResults":[{"hash":"3d97cf94e9795489fa9d37249312fb8f9be72aa1","messageTitle":"Change unicode char for forum comment","messageBody":"","fileTypesAndContributionMap":{"functional-code":{"insertions":6,"deletions":6}}},{"hash":"a3f611f05cf16484e062236144e7be01c2e26d2e","messageTitle":"Refactor constants for signindetailsStorage","messageBody":"","fileTypesAndContributionMap":{"functional-code":{"insertions":15,"deletions":9}}},{"hash":"683c0651684f6378f152fe8209aeea07edfa4ef6","messageTitle":"Refactor some constants in verification UI","messageBody":"","fileTypesAndContributionMap":{"functional-code":{"insertions":4,"deletions":3}}},{"hash":"537c75ef394fd96cc3057c1ebfb3f40e5677e588","messageTitle":"Print help commands as a table","messageBody":"","fileTypesAndContributionMap":{"functional-code":{"insertions":21,"deletions":16}}},{"hash":"11a7223ebe0e8237cf816a6dad96e6fef070fbf6","messageTitle":"Update UG with new table formatting","messageBody":"","fileTypesAndContributionMap":{"docs":{"insertions":34,"deletions":34}}},{"hash":"f11f65022360c3a15fd18c0c8075ebc710524cee","messageTitle":"Change place where newline constant is declared, share among subclasses","messageBody":"","fileTypesAndContributionMap":{"functional-code":{"insertions":13,"deletions":8}}},{"hash":"6d546b0845f1f36d18856ea29e81e80d5fbd67d2","messageTitle":"Refactoring a lil bit","messageBody":"","fileTypesAndContributionMap":{"functional-code":{"insertions":1,"deletions":1}}},{"hash":"79dab4fe64027e1c679574ce50dd3bf61a654ffd","messageTitle":"Remove unused finance flag for projection command","messageBody":"","fileTypesAndContributionMap":{"functional-code":{"insertions":2,"deletions":4}}},{"hash":"df1dd4b16fd1c987bfc57f78d577d910f680ac7f","messageTitle":"Tmp files updated with new command format","messageBody":"","fileTypesAndContributionMap":{"other":{"insertions":4,"deletions":4}}},{"hash":"dba4a2d7ecd84181c87010c477d57ebe000c0224","messageTitle":"Delete logout exception","messageBody":"","fileTypesAndContributionMap":{"functional-code":{"insertions":1,"deletions":14}}},{"hash":"8ac2c3a12adf07115bfc7b8afbacdd122fdb7161","messageTitle":"Made some changes to UG","messageBody":"","fileTypesAndContributionMap":{"functional-code":{"insertions":1,"deletions":1},"docs":{"insertions":31,"deletions":30}}}]},{"date":"2021-11-03","commitResults":[{"hash":"154b35ecfb76ebf749bec00766098cb9cf5f46e0","messageTitle":"Add an exception with clearer message for user trying to generate an invalid doc","messageBody":"","fileTypesAndContributionMap":{"functional-code":{"insertions":24,"deletions":7}}},{"hash":"f815073eb31bcee70f688b8122ae7012a29dcfcd","messageTitle":"Add [logged out] prompt label to setup section","messageBody":"","fileTypesAndContributionMap":{"docs":{"insertions":1,"deletions":1}}},{"hash":"b0d6664b54602b0f4a64bee2303ab543e684f203","messageTitle":"Modoify Dg abit (not done yet)","messageBody":"","fileTypesAndContributionMap":{"docs":{"insertions":63,"deletions":38}}},{"hash":"c7d93aae261f04f301c2ab3d49f685739b6b51df","messageTitle":"Refactor some parts in verification Refactor logging messages","messageBody":"","fileTypesAndContributionMap":{"functional-code":{"insertions":25,"deletions":11}}},{"hash":"7456a8ab687daeaa856feb57559c2cbfaf1622ec","messageTitle":"Correct formatting issue in UG","messageBody":"","fileTypesAndContributionMap":{"docs":{"insertions":3,"deletions":2}}},{"hash":"43a20eb8e77a0a7e729227029ec9a33bf5ad5512","messageTitle":"Add help section for manual testing DG","messageBody":"","fileTypesAndContributionMap":{"docs":{"insertions":9,"deletions":3}}},{"hash":"64104e5710c26fb50a0719b1f5aa9c0857f39026","messageTitle":"Add verification part for implementation in DG","messageBody":"","fileTypesAndContributionMap":{"docs":{"insertions":31,"deletions":1}}},{"hash":"07693ca0bb947976404d6eba12682f1a5310158f","messageTitle":"Fix logout bug","messageBody":"","fileTypesAndContributionMap":{"functional-code":{"insertions":7,"deletions":1}}},{"hash":"71cb4a68fa2fe7a6900340b3c57ecf97cce95964","messageTitle":"Add author tags to UG","messageBody":"","fileTypesAndContributionMap":{"docs":{"insertions":18,"deletions":0}}},{"hash":"80bf3c9c66835b4b0b6a819f57e90f487f7990a8","messageTitle":"Correct picture bug","messageBody":"","fileTypesAndContributionMap":{"docs":{"insertions":5,"deletions":6}}},{"hash":"99250892dc9287e5fe99415656a42b6e60cce1e8","messageTitle":"Add generate pdf implementation DG","messageBody":"","fileTypesAndContributionMap":{"docs":{"insertions":38,"deletions":1}}},{"hash":"95bd2556a79979ae747589f208b743f868fb46d9","messageTitle":"Fix some changes","messageBody":"","fileTypesAndContributionMap":{"docs":{"insertions":3,"deletions":3}}},{"hash":"858073d643eb5aa73f03165059d3f77c82ef0918","messageTitle":"Testing the width Fixes #138","messageBody":"","fileTypesAndContributionMap":{"docs":{"insertions":1,"deletions":1}}}]},{"date":"2021-11-04","commitResults":[{"hash":"00ecca1a4ab047705403667a6989c3d877e85658","messageTitle":"Make methods non static in storage","messageBody":"","fileTypesAndContributionMap":{"functional-code":{"insertions":36,"deletions":37}}},{"hash":"2c88bfd6486cc1bb095e804ca05b0d585e2647a9","messageTitle":"Add storage part under design","messageBody":"","fileTypesAndContributionMap":{"docs":{"insertions":22,"deletions":6}}},{"hash":"a69e23b0179198abdfb4eb89d249e4b84d98292a","messageTitle":"Fix some merge error","messageBody":"","fileTypesAndContributionMap":{"functional-code":{"insertions":1,"deletions":1}}},{"hash":"4737026ed4db1fce3d2d9a335b04c027605c48ea","messageTitle":"Standardize the way the role is checked for schedule command","messageBody":"","fileTypesAndContributionMap":{"functional-code":{"insertions":30,"deletions":29}}},{"hash":"0f67636fa015a9df5b3181439be6670d91a49ce1","messageTitle":"Change output message when someone with tries to access a command he does not have access to Previously was print all the commands, but now it just asks them to enter help","messageBody":"","fileTypesAndContributionMap":{"functional-code":{"insertions":36,"deletions":100}}},{"hash":"5149ad3e9f630d7f25c166026a910b359182852a","messageTitle":"Fixed bug where employee can still see the [balance sheet] prompt label","messageBody":"","fileTypesAndContributionMap":{"functional-code":{"insertions":12,"deletions":5}}},{"hash":"d26495d0e9f6e46e43efe666773885cdbc73f20d","messageTitle":"Make error message for list/add more specific","messageBody":"","fileTypesAndContributionMap":{"functional-code":{"insertions":13,"deletions":4}}},{"hash":"53e529e08c3caa048f8aab13b78bd8ebfe97fc37","messageTitle":"Change implementation of verifier to save the details of the user immediately after they register","messageBody":"","fileTypesAndContributionMap":{"functional-code":{"insertions":16,"deletions":9},"test-code":{"insertions":3,"deletions":1}}},{"hash":"53790fac412680a831ddb29b1dd65c9bbe5df608","messageTitle":"Update UG with the new way of storing user details","messageBody":"","fileTypesAndContributionMap":{"docs":{"insertions":4,"deletions":5}}},{"hash":"52e633e8dc4574df713c316281f8c5fda6a968c2","messageTitle":"Make signindetailsparser more friendly by adding trim()","messageBody":"","fileTypesAndContributionMap":{"functional-code":{"insertions":2,"deletions":2}}},{"hash":"b37176228af54910d45a57a3d975b5fb47179f0f","messageTitle":"Add storage implementation part for DG fixes #211","messageBody":"","fileTypesAndContributionMap":{"docs":{"insertions":48,"deletions":17}}},{"hash":"bea7e7f7d8e8df1837e73b5e5998cad2982f0524","messageTitle":"Test push","messageBody":"","fileTypesAndContributionMap":{"docs":{"insertions":1,"deletions":1}}},{"hash":"c6a0add9c8efe5fc0914a99a848a20a8cfb1a11b","messageTitle":"comment out test case","messageBody":"","fileTypesAndContributionMap":{"test-code":{"insertions":2,"deletions":0}}},{"hash":"1f3b16bd8b9a90a942d60f0887db47fe27078fa5","messageTitle":"Fix the verifier test problem","messageBody":"","fileTypesAndContributionMap":{"functional-code":{"insertions":7,"deletions":15},"test-code":{"insertions":1,"deletions":5}}}]},{"date":"2021-11-05","commitResults":[{"hash":"e2d47073c9e4f5c4dd926b5790ad1d7382175e35","messageTitle":"Add prompt labels explanation (not comprehensive) to UG","messageBody":"","fileTypesAndContributionMap":{"docs":{"insertions":7,"deletions":7}}},{"hash":"e82b26a24a70fbb0f14571089489b374e49a51d7","messageTitle":"Refactor code for the Pdf generator package","messageBody":"","fileTypesAndContributionMap":{"functional-code":{"insertions":69,"deletions":37}}},{"hash":"c58960ddd893ac58d412d195682eaf4ff904fab4","messageTitle":"Fix bug where the check value of the bs pdf doesnt change","messageBody":"","fileTypesAndContributionMap":{"functional-code":{"insertions":26,"deletions":4}}},{"hash":"08b2cbe65cbd70e2136c2db0a8d12bfa9569ef7d","messageTitle":"Include FCF section in cash flow pdf","messageBody":"","fileTypesAndContributionMap":{"functional-code":{"insertions":11,"deletions":0}}},{"hash":"02dc4dac4d91f326ddb87274eeb4dfe2300ec77f","messageTitle":"Small change to About Us","messageBody":"","fileTypesAndContributionMap":{"docs":{"insertions":1,"deletions":1}}},{"hash":"144bdbd671ee228dd175074d537536e204348ba5","messageTitle":"Testing out some page breaks for the UG","messageBody":"","fileTypesAndContributionMap":{"docs":{"insertions":38,"deletions":4}}},{"hash":"1efed61e3bf63bb2804f38da2b13b8b79f668015","messageTitle":"Correct error message shown for pdf generation","messageBody":"","fileTypesAndContributionMap":{"functional-code":{"insertions":34,"deletions":7}}},{"hash":"656fd5e9e1cb9f3ec7c774d77cd07719fcd15436","messageTitle":"Add generate part for manual testing","messageBody":"","fileTypesAndContributionMap":{"docs":{"insertions":23,"deletions":1}}},{"hash":"8c5df05555d24b07c1ed4da56935129b1e141f8e","messageTitle":"Touch up the DG, add some parts for glossary as well as add page breaks and \u0027Back to top\u0027","messageBody":"","fileTypesAndContributionMap":{"docs":{"insertions":106,"deletions":46}}},{"hash":"87e9f7670e170a23f42b58237d7e96a30385e9ee","messageTitle":"Rename the md files to follow the convention as mentioned on the module website","messageBody":"","fileTypesAndContributionMap":{"docs":{"insertions":0,"deletions":0}}},{"hash":"91692b3d140aee20b37da6a2be3b0db5858a338a","messageTitle":"Some refactoring","messageBody":"","fileTypesAndContributionMap":{"functional-code":{"insertions":3,"deletions":2},"docs":{"insertions":2,"deletions":3}}},{"hash":"bf069b2659132fc8c0b6f603d21e6199550a1151","messageTitle":"Add JavaDocs","messageBody":"","fileTypesAndContributionMap":{"functional-code":{"insertions":9,"deletions":0}}}]},{"date":"2021-11-06","commitResults":[{"hash":"1179b82c4c5ecb2d82878ebfd05b3cf4c34ba5f3","messageTitle":"Fix minor typo in DG","messageBody":"","fileTypesAndContributionMap":{"docs":{"insertions":1,"deletions":1}}},{"hash":"8697a936bdea1eee53d8d304b1b9eef090287b06","messageTitle":"Add JavaDoc","messageBody":"","fileTypesAndContributionMap":{"functional-code":{"insertions":38,"deletions":6}}},{"hash":"6ad3d0be7989e651ec999a8ac0189f0ba55c4f4f","messageTitle":"Redid the explanation for cooper\u0027s prompt labels","messageBody":"","fileTypesAndContributionMap":{"docs":{"insertions":14,"deletions":5}}},{"hash":"1d605fdf5f972ef8e56e03759b924ab2c6697c4a","messageTitle":"Added explanation about the labels for generate command","messageBody":"","fileTypesAndContributionMap":{"docs":{"insertions":5,"deletions":5}}},{"hash":"b2820dd7d3f8e16044c99c850413b96a5ead5ab6","messageTitle":"Change some formatting for \u0027cooper commands\u0027 section","messageBody":"","fileTypesAndContributionMap":{"docs":{"insertions":10,"deletions":9}}},{"hash":"8a406f2ba6aceb78067c6b039f0f1f0bca80c722","messageTitle":"Fix some formatting bug","messageBody":"","fileTypesAndContributionMap":{"docs":{"insertions":3,"deletions":1}}},{"hash":"41681cbf3753f5a06e4503a2098019a59e24d3c3","messageTitle":"Changed the formatting again","messageBody":"","fileTypesAndContributionMap":{"docs":{"insertions":9,"deletions":10}}},{"hash":"ed86682d58ebd5d63d3afa54140b10e618dfe067","messageTitle":"Change warning for how cooper is to be used section","messageBody":"","fileTypesAndContributionMap":{"docs":{"insertions":1,"deletions":1}}},{"hash":"c1c5329336a03d9bf739a21c18d5f07aaa174b8c","messageTitle":"Remove obvious tip for registration","messageBody":"","fileTypesAndContributionMap":{"docs":{"insertions":1,"deletions":1}}},{"hash":"208da84c764696e24e51071874556e4c400bf21e","messageTitle":"Fix pagebreaks bug for DG","messageBody":"","fileTypesAndContributionMap":{"docs":{"insertions":16,"deletions":16}}},{"hash":"cde15a64c38e546ca4312542fab3c5fbc27477b0","messageTitle":"Fix API link bug where it leads to the package instead of the class","messageBody":"","fileTypesAndContributionMap":{"docs":{"insertions":2,"deletions":2}}},{"hash":"416aa4b2785a16e1f27653859db6e9d5bbeefb89","messageTitle":"Make the acknowledgements more descriptive as required by the module","messageBody":"","fileTypesAndContributionMap":{"docs":{"insertions":5,"deletions":5}}},{"hash":"363f85803c2dbe90c5b4fcb11665330c540fc2e0","messageTitle":"Correct some formatting issues","messageBody":"","fileTypesAndContributionMap":{"docs":{"insertions":11,"deletions":12}}},{"hash":"c8e39f02bcf5d7ba23577ac57a1e4bd1f65b35e5","messageTitle":"Add some terms to glossary section","messageBody":"","fileTypesAndContributionMap":{"docs":{"insertions":2,"deletions":0}}},{"hash":"47dc9165184df588a2b3216ceed32e846c85afc8","messageTitle":"ran some code analysis and removed warnings in the test classes","messageBody":"","fileTypesAndContributionMap":{"functional-code":{"insertions":1,"deletions":3},"test-code":{"insertions":0,"deletions":8}}},{"hash":"fee62ef7aa403a1adea24b409c9ded05bd083aa8","messageTitle":"Remove unused variables after the meeting access change","messageBody":"","fileTypesAndContributionMap":{"functional-code":{"insertions":1,"deletions":3}}},{"hash":"b46b12ad6b6b86804107edb4823c2e6699760f15","messageTitle":"Correct some typos","messageBody":"","fileTypesAndContributionMap":{"docs":{"insertions":3,"deletions":3}}},{"hash":"21847c2d731b2b63eaaad9ee053f35d2b2f6d3fd","messageTitle":"Add some bold formatting to the function of DG","messageBody":"","fileTypesAndContributionMap":{"docs":{"insertions":5,"deletions":5}}},{"hash":"9a0624eceb0ed9ed5eb867d18e30553d2e724257","messageTitle":"Update help command to be similar to the new command formats + some enhancements","messageBody":"","fileTypesAndContributionMap":{"functional-code":{"insertions":9,"deletions":5}}},{"hash":"732a2748cc74b5493a683b297a0faeefc7916217","messageTitle":"Fix small typo in UG","messageBody":"","fileTypesAndContributionMap":{"docs":{"insertions":1,"deletions":1}}}]},{"date":"2021-11-07","commitResults":[{"hash":"d699e1f18579adb0feba7e83e142aa87d344d98e","messageTitle":"Add Eugene\u0027s PPP Fixes #207","messageBody":"","fileTypesAndContributionMap":{"docs":{"insertions":204,"deletions":1}}},{"hash":"56456a2e89f12ad6607692b9dabeae5955ceef2e","messageTitle":"Correct some formatting issues","messageBody":"","fileTypesAndContributionMap":{"docs":{"insertions":3,"deletions":3}}},{"hash":"802254e756700d94c72b224ed60f3037396e45dc","messageTitle":"Added more formatting","messageBody":"","fileTypesAndContributionMap":{"docs":{"insertions":46,"deletions":46}}},{"hash":"eb763a7a6e84003eb7ae7bfa239f42996d53794a","messageTitle":"Add page breaks","messageBody":"","fileTypesAndContributionMap":{"docs":{"insertions":14,"deletions":0}}},{"hash":"957d8a09d89b1208683f689bf3cf98330a06e349","messageTitle":"Remove page breaks at certain parts of the file","messageBody":"","fileTypesAndContributionMap":{"docs":{"insertions":4,"deletions":8}}},{"hash":"3a2e43120c8913334bdbbe3d23a04bd4542e6b44","messageTitle":"Correct some grammar errors in PPP","messageBody":"","fileTypesAndContributionMap":{"docs":{"insertions":5,"deletions":5}}},{"hash":"4bbfadffa3a8b61d29e317b2340a2b0fb871eaff","messageTitle":"Refactor PasswordHasher","messageBody":"","fileTypesAndContributionMap":{"functional-code":{"insertions":9,"deletions":6}}},{"hash":"b0182e6e3babf87d34362f0f0ee94de7f31e0fe4","messageTitle":"Some general enhancements to DG, fixed formatting issues, grammatical errors, and used better language (my parts)","messageBody":"","fileTypesAndContributionMap":{"docs":{"insertions":71,"deletions":52}}},{"hash":"5eb2fb487e01db23a8d964e489dffeb79d1d4b62","messageTitle":"DG formatting issues","messageBody":"","fileTypesAndContributionMap":{"docs":{"insertions":7,"deletions":7}}},{"hash":"650293f9395ce750b2bd3515a0171e33b469e4a4","messageTitle":"Fix some DG grammatical errors","messageBody":"","fileTypesAndContributionMap":{"docs":{"insertions":2,"deletions":2}}},{"hash":"f596e21dd926159734c4be331887a38e4b872303","messageTitle":"Improved language, formatting used in UG","messageBody":"","fileTypesAndContributionMap":{"docs":{"insertions":71,"deletions":57}}},{"hash":"395eb332c1cf912d0ec0cdd1f6939ba2a5ba3c25","messageTitle":"Minor tweaks to PPP","messageBody":"","fileTypesAndContributionMap":{"docs":{"insertions":17,"deletions":16}}},{"hash":"73c4d4597964f5ede235950040e9339eb1e45485","messageTitle":"Correct merge error in DG","messageBody":"","fileTypesAndContributionMap":{"docs":{"insertions":31,"deletions":85}}}]},{"date":"2021-11-08","commitResults":[{"hash":"2667a41b5b53a0893d673d8704fcc09bcf8db15c","messageTitle":"Update the info part for add and list commands","messageBody":"","fileTypesAndContributionMap":{"docs":{"insertions":20,"deletions":17}}},{"hash":"b763bc125d31ef97e428ea5a25a4d06f61ce2145","messageTitle":"Fix minor formatting issue (forgot to bold SE)","messageBody":"","fileTypesAndContributionMap":{"docs":{"insertions":1,"deletions":1}}},{"hash":"704ebd65e733bffd889a9236a660a24002b9ebba","messageTitle":"Minor additions to DG","messageBody":"","fileTypesAndContributionMap":{"docs":{"insertions":41,"deletions":23}}},{"hash":"ec04c60139bc3f5128ab107c0600ef55635beda3","messageTitle":"Change some formatting for setup section Add some headings to impl section","messageBody":"","fileTypesAndContributionMap":{"docs":{"insertions":16,"deletions":15}}},{"hash":"b3b8bb68bc56d863cc30d011195114fa41912623","messageTitle":"Fix UG bugs","messageBody":"","fileTypesAndContributionMap":{"docs":{"insertions":83,"deletions":66}}},{"hash":"1027ca24b21a0c9b779ec7c2d43ad841bb5e1fdb","messageTitle":"Update PPP changes after UG change","messageBody":"","fileTypesAndContributionMap":{"docs":{"insertions":3,"deletions":2}}},{"hash":"ac8c2d5a4466c2bf51c5655a154ee1c939454736","messageTitle":"Changed logout section","messageBody":"","fileTypesAndContributionMap":{"docs":{"insertions":46,"deletions":42}}},{"hash":"96e03b81c66ce4a7274d1de57acbf89f7b7700f7","messageTitle":"Fix hyperlinks in DG","messageBody":"","fileTypesAndContributionMap":{"docs":{"insertions":1,"deletions":1}}},{"hash":"131a2c4d4cf26b419aa3264b819793cb6f7b9caa","messageTitle":"Some rephrasing of words in DG","messageBody":"","fileTypesAndContributionMap":{"docs":{"insertions":10,"deletions":11}}}]}],"fansxx":[{"date":"2021-09-29","commitResults":[{"hash":"77fb5a360639ebd4cdb9ce0888b526e02a6b77f8","messageTitle":"Edit AboutUs","messageBody":"","fileTypesAndContributionMap":{"docs":{"insertions":1,"deletions":1}}},{"hash":"ec1bbcca98eee29e6cccb13157137af5e004d19a","messageTitle":"Update image name in AboutMe.md","messageBody":"","fileTypesAndContributionMap":{"docs":{"insertions":1,"deletions":1}}}]},{"date":"2021-10-04","commitResults":[{"hash":"e205486637b105487316e2ae855f8a5a9ce6179b","messageTitle":"Add MeetingManager class that handles the hashmap of meetings","messageBody":"","fileTypesAndContributionMap":{"functional-code":{"insertions":16,"deletions":0}}},{"hash":"027c2f01e08b9496fff108932ecc113724b89b1e","messageTitle":"Edit CommandParser to handle availability command","messageBody":"","fileTypesAndContributionMap":{"functional-code":{"insertions":9,"deletions":12}}},{"hash":"62bb8bd6b5cd8bdaf951605a0d566d19c25dab96","messageTitle":"Edit AvailableCommand class to execute the command correctly","messageBody":"","fileTypesAndContributionMap":{"functional-code":{"insertions":11,"deletions":2}}},{"hash":"a1ed22a2da321212a5e4f8008879f2366e202499","messageTitle":"Change formatting of availability command in command-data.properties","messageBody":"","fileTypesAndContributionMap":{"functional-code":{"insertions":1,"deletions":1}}},{"hash":"821f67e9f56dcb3043a691a6fcc5c8c3726ce284","messageTitle":"Change Ui output for availability command","messageBody":"","fileTypesAndContributionMap":{"functional-code":{"insertions":9,"deletions":2}}},{"hash":"967dbb6c0f1314049427199fd472dca40ef245b8","messageTitle":"Change the instantiation of meetingManager","messageBody":"","fileTypesAndContributionMap":{"functional-code":{"insertions":4,"deletions":2}}},{"hash":"638cdeeac697a6d9fe4d317cf4e985aabf6f6e41","messageTitle":"Add meetings command","messageBody":"","fileTypesAndContributionMap":{"functional-code":{"insertions":13,"deletions":6}}},{"hash":"63ac25df1047e4f872217a3b512f6928a84bcd87","messageTitle":"Write Ui output for meetings command","messageBody":"","fileTypesAndContributionMap":{"functional-code":{"insertions":7,"deletions":0}}},{"hash":"1e644480dc7070d1e949cc6909ae173ff08abdca","messageTitle":"Fix meetings hashmap to take in values as an arraylist type instead of string","messageBody":"","fileTypesAndContributionMap":{"functional-code":{"insertions":6,"deletions":3}}},{"hash":"37fa3d581d5d25d3c5c9278e3edd6fe3cb934135","messageTitle":"Add exception to catch duplicate usernames in the same timeslot","messageBody":"","fileTypesAndContributionMap":{"functional-code":{"insertions":20,"deletions":4}}},{"hash":"0cae0dbbab6e03f537645f9742050158952524e1","messageTitle":"Update Ui class to include output message for DuplicateUsernameException","messageBody":"","fileTypesAndContributionMap":{"functional-code":{"insertions":6,"deletions":0}}}]},{"date":"2021-10-06","commitResults":[{"hash":"f74825018c5dd38d65d7bfc15f885bb2e7ff99d8","messageTitle":"Rename DuplicateUsernameException","messageBody":"","fileTypesAndContributionMap":{"functional-code":{"insertions":11,"deletions":11}}},{"hash":"c2da351ddb732051eafec8c894340281417ea484","messageTitle":"Change type of time from String to LocalTime Add new exception: InvalidTimeException","messageBody":"","fileTypesAndContributionMap":{"functional-code":{"insertions":40,"deletions":8}}},{"hash":"52079e9a36153cee830205170a5a7156cf882ce0","messageTitle":"Modify Ui output for printing of availabilities Add Ui for exception output","messageBody":"","fileTypesAndContributionMap":{"functional-code":{"insertions":9,"deletions":2}}},{"hash":"7b98ccf0785e4fac1eaac435a6bf3aae14f32c32","messageTitle":"Change meetings output table format in Ui","messageBody":"","fileTypesAndContributionMap":{"functional-code":{"insertions":6,"deletions":6}}},{"hash":"bb63e07d43028821c88e4dfd2cdafc4c62caa72e","messageTitle":"Change meetings from a HashMap to a TreeMap so the timings are sorted","messageBody":"","fileTypesAndContributionMap":{"functional-code":{"insertions":6,"deletions":5}}}]},{"date":"2021-10-11","commitResults":[{"hash":"725e6edd0eeceb8827a5bbfff671ad70737644ec","messageTitle":"Add JUnit test for MeetingManager","messageBody":"","fileTypesAndContributionMap":{"test-code":{"insertions":43,"deletions":0}}},{"hash":"b15fb5297c61c4bee916b98c75057fe4928f81b7","messageTitle":"Edit code to pass checkstyle tests","messageBody":"","fileTypesAndContributionMap":{"test-code":{"insertions":2,"deletions":4}}}]},{"date":"2021-10-12","commitResults":[{"hash":"5119e06c4f8f2c8fae07d08400a702d589dc59af","messageTitle":"Add logger class","messageBody":"","fileTypesAndContributionMap":{"functional-code":{"insertions":23,"deletions":0}}},{"hash":"55b10bf19045506fcd530081dbdb6505a18d00a4","messageTitle":"Log inputs in MeetingManager class","messageBody":"","fileTypesAndContributionMap":{"functional-code":{"insertions":4,"deletions":0}}},{"hash":"17d37b88aadca12a5c4a5113198c7255b723a372","messageTitle":"Add assertions to MeetingManager class","messageBody":"","fileTypesAndContributionMap":{"functional-code":{"insertions":2,"deletions":0}}},{"hash":"ae57533cefa982b0a283f2442cfb4bb2fc9fc94d","messageTitle":"Fix checkstyle","messageBody":"","fileTypesAndContributionMap":{"functional-code":{"insertions":6,"deletions":2}}}]},{"date":"2021-10-14","commitResults":[{"hash":"b770340c19f4b587e5bd04634d305956e7a33506","messageTitle":"Add available and meetings command to userguide","messageBody":"","fileTypesAndContributionMap":{"docs":{"insertions":40,"deletions":9}}},{"hash":"e221b3bfa2fdadb63ab67e7ba2fbd5595c9a2905","messageTitle":"Add available and meetings to command summary Edit notes for available","messageBody":"","fileTypesAndContributionMap":{"docs":{"insertions":5,"deletions":2}}},{"hash":"8833fd305043baed0ccd2aed8bb918e4dcda2374","messageTitle":"Restructure userguide and add new section \u0027features for all users\u0027","messageBody":"","fileTypesAndContributionMap":{"docs":{"insertions":31,"deletions":29}}},{"hash":"6f9783450003e4c17ecd478e37ec6b28a0044a17","messageTitle":"Delete available and meetings commands from admin","messageBody":"","fileTypesAndContributionMap":{"docs":{"insertions":0,"deletions":5}}},{"hash":"03d1df55e421b1b459f9a6b17768fd3aba6d5df7","messageTitle":"Add format","messageBody":"","fileTypesAndContributionMap":{"docs":{"insertions":7,"deletions":0}}}]},{"date":"2021-10-20","commitResults":[{"hash":"aaa4c2bf5ab0c0993ae90786b902a8ea5c452df2","messageTitle":"Rename \u0027meetings\u0027 command to \u0027availability\u0027","messageBody":"","fileTypesAndContributionMap":{"functional-code":{"insertions":28,"deletions":11}}},{"hash":"42067233411c2490cc4435d9f4c0aa9afcf3f98b","messageTitle":"Change available command to auto input user\u0027s username to timeslot","messageBody":"","fileTypesAndContributionMap":{"functional-code":{"insertions":4,"deletions":9}}},{"hash":"b880f2017396cd14d43406adde0adc6f0307506f","messageTitle":"Rename meetings variable to availability in Ui printAvailabilities","messageBody":"","fileTypesAndContributionMap":{"functional-code":{"insertions":3,"deletions":3}}}]},{"date":"2021-10-21","commitResults":[{"hash":"7d48d4c2e410afde118d0af98808ffcb08fe31c4","messageTitle":"Add schedule command (not tested)","messageBody":"","fileTypesAndContributionMap":{"functional-code":{"insertions":131,"deletions":0}}},{"hash":"7093048ee2aba5a9d1d31f9586931a14bf04d62d","messageTitle":"Fixed auto schedule meeting function(with bugs) Renamed previous \u0027meeting\u0027 variables to \u0027availability\u0027","messageBody":"","fileTypesAndContributionMap":{"functional-code":{"insertions":39,"deletions":10}}}]},{"date":"2021-10-22","commitResults":[{"hash":"7569036ab5850013b2deb9f4d158b4beef33ea5b","messageTitle":"Fix bug in autoScheduleMeeting Create MeetingStorage","messageBody":"","fileTypesAndContributionMap":{"functional-code":{"insertions":65,"deletions":45}}},{"hash":"43f3f9e5cd5e1309ac52402559346e68b3401806","messageTitle":"Rename storage classes - availability and meetings","messageBody":"","fileTypesAndContributionMap":{"functional-code":{"insertions":134,"deletions":1}}},{"hash":"48462534a8afeeeb7212824c233ad82093a8ec43","messageTitle":"Add unit testing for manualScheduleMeeting function","messageBody":"","fileTypesAndContributionMap":{"test-code":{"insertions":21,"deletions":0}}},{"hash":"8bbba3bd1f9a22911e254e3ce5f47f3ec0c3bdf8","messageTitle":"Implement manual schedule meeting function Add unit tests for schedule functions in MeetingManager","messageBody":"","fileTypesAndContributionMap":{"functional-code":{"insertions":44,"deletions":12},"test-code":{"insertions":19,"deletions":0}}}]},{"date":"2021-10-23","commitResults":[{"hash":"3eef70b1c4159e868f2b20f8258032a2fd4f5fb1","messageTitle":"Change autoScheduleMeeting such that when a timing is not schedulable, it moves on to check other timings Add schedule and meetings Ui output for help command","messageBody":"","fileTypesAndContributionMap":{"functional-code":{"insertions":16,"deletions":5}}},{"hash":"c171a3e21bc48ffd40ad38e9607f6a9f893b720a","messageTitle":"Make schedule command only accessible to admins","messageBody":"","fileTypesAndContributionMap":{"functional-code":{"insertions":31,"deletions":29}}},{"hash":"6e80b2dda7382c55b36285f45884ef36ff622ade","messageTitle":"Change schedule command to take in a meeting name Fix checkstyle","messageBody":"","fileTypesAndContributionMap":{"functional-code":{"insertions":50,"deletions":22},"test-code":{"insertions":10,"deletions":4}}},{"hash":"46f3112f7d0b671720f40c9e085070208b503dad","messageTitle":"Comment out test cases because it fails the checks...","messageBody":"","fileTypesAndContributionMap":{"test-code":{"insertions":2,"deletions":0}}},{"hash":"6927e0f106dd4d3ba1e423dbecdacd83006ee87a","messageTitle":"Fix checkstyle for comment...","messageBody":"","fileTypesAndContributionMap":{"test-code":{"insertions":2,"deletions":2}}}]},{"date":"2021-10-25","commitResults":[{"hash":"b2ece6907440f5a9f0986ff6bacfdeccd32f6757","messageTitle":"Extract Ui for meeting commands into MeetingsUi class","messageBody":"","fileTypesAndContributionMap":{"functional-code":{"insertions":113,"deletions":88}}},{"hash":"c1d77f5bed93b47053e786077057a0793dd9dfb1","messageTitle":"Implement meetings command to display user-specific meetings","messageBody":"","fileTypesAndContributionMap":{"functional-code":{"insertions":17,"deletions":1}}}]},{"date":"2021-10-26","commitResults":[{"hash":"67b24e872f257f0b03c5e54406b6a93f5745153e","messageTitle":"Change Ui for meetings output Clean up import statements for some classes","messageBody":"","fileTypesAndContributionMap":{"functional-code":{"insertions":53,"deletions":42}}}]},{"date":"2021-10-27","commitResults":[{"hash":"f15c4427b54ebfdbc419b3bc371da07a0fe81353","messageTitle":"Add meetings implementation to developer guide","messageBody":"","fileTypesAndContributionMap":{"docs":{"insertions":22,"deletions":2}}}]},{"date":"2021-10-28","commitResults":[{"hash":"b01c41a2440fd09fb6ed4bca642016289edec880","messageTitle":"Add schedule and meetings command to userguide Fix minor formatting issues","messageBody":"","fileTypesAndContributionMap":{"docs":{"insertions":79,"deletions":36}}},{"hash":"ad793b286f9d8c96c12a1d99a8b202da2f161dd8","messageTitle":"Add a tip for schedule","messageBody":"","fileTypesAndContributionMap":{"docs":{"insertions":2,"deletions":0}}}]},{"date":"2021-10-31","commitResults":[{"hash":"b15b954c29223222666ec1eb6bac6b942e1d1077","messageTitle":"Change logic of schedule command Add javadoc for functions in MeetingManager","messageBody":"","fileTypesAndContributionMap":{"functional-code":{"insertions":86,"deletions":23}}},{"hash":"b65740f1a8b69ea47d1d1c6c29fafe1cb766f48e","messageTitle":"Create exception for time that is not the start of the hour Change Ui table format","messageBody":"","fileTypesAndContributionMap":{"functional-code":{"insertions":58,"deletions":22},"test-code":{"insertions":25,"deletions":9}}},{"hash":"8d0b8f69128ea87ee26ae510bd246b95595611ae","messageTitle":"Refactor code in MeetingManager Introduce constants in MeetingsUi Clear checkstyle","messageBody":"","fileTypesAndContributionMap":{"functional-code":{"insertions":72,"deletions":39}}}]},{"date":"2021-11-02","commitResults":[{"hash":"4ed36f974ff8116bff411f1136c6721b0840b6c1","messageTitle":"Update schedule command to auto input the logged in user\u0027s username to the list of users in the meeting Changed Ui table output","messageBody":"","fileTypesAndContributionMap":{"functional-code":{"insertions":120,"deletions":40}}},{"hash":"31549bc4c716b6cdb0969dfa605889522abb1b3a","messageTitle":"Fix checkstyle","messageBody":"","fileTypesAndContributionMap":{"functional-code":{"insertions":2,"deletions":1}}}]},{"date":"2021-11-03","commitResults":[{"hash":"94172a86a653a86efcff6260053e2bc0f8325045","messageTitle":"Update available and schedule commands to take in date together with time","messageBody":"","fileTypesAndContributionMap":{"functional-code":{"insertions":168,"deletions":114},"other":{"insertions":4,"deletions":4},"test-code":{"insertions":5,"deletions":5}}},{"hash":"b1d7d82031e56e9c1dcf4f59aeadf627226e0768","messageTitle":"Change output for one error message","messageBody":"","fileTypesAndContributionMap":{"functional-code":{"insertions":1,"deletions":1}}},{"hash":"5a3db29ed7209d2f920c3659c33aa610748e4df2","messageTitle":"Update junit test to new commands","messageBody":"","fileTypesAndContributionMap":{"test-code":{"insertions":7,"deletions":7}}}]},{"date":"2021-11-05","commitResults":[{"hash":"ca19eb619d30a70c7246691fbd50c8d3f5814401","messageTitle":"Update userguide for available, availability, schedule, and meetings commands","messageBody":"","fileTypesAndContributionMap":{"docs":{"insertions":47,"deletions":29}}},{"hash":"cb51756a8a69987bf1906e9cb841590712d2fa69","messageTitle":"Add line breaks and change available input and output","messageBody":"","fileTypesAndContributionMap":{"docs":{"insertions":4,"deletions":4}}}]},{"date":"2021-11-07","commitResults":[{"hash":"af4fe586ae32a9210842904d23f9b7506ae7a1e4","messageTitle":"Move meetings component to implementation section Add available command implementation Rename schedule command variables","messageBody":"","fileTypesAndContributionMap":{"functional-code":{"insertions":5,"deletions":5},"docs":{"insertions":86,"deletions":55}}},{"hash":"2f800c2d8510d264a74b4a5faf15b7c878436067","messageTitle":"Add schedule command under implementation","messageBody":"","fileTypesAndContributionMap":{"docs":{"insertions":23,"deletions":10}}},{"hash":"c730577f5eb0184b021d5f3f70626ef1c952a629","messageTitle":"Add manual testing for meetings","messageBody":"","fileTypesAndContributionMap":{"docs":{"insertions":24,"deletions":3}}}]},{"date":"2021-11-08","commitResults":[{"hash":"413f63b8c31a64c50f78518f4767990232306b23","messageTitle":"Add intro to shixi\u0027s PPP Fix minor bugs","messageBody":"","fileTypesAndContributionMap":{"functional-code":{"insertions":80,"deletions":34},"docs":{"insertions":9,"deletions":1},"test-code":{"insertions":2,"deletions":1}}},{"hash":"3119dcbab7be151366e8abbaac8d6cb33d535f94","messageTitle":"Add ppp (incomplete)","messageBody":"","fileTypesAndContributionMap":{"docs":{"insertions":60,"deletions":1}}},{"hash":"6accb2905794ab0cabefd84ef55096d9116571fd","messageTitle":"Finish PPP","messageBody":"","fileTypesAndContributionMap":{"docs":{"insertions":57,"deletions":0}}},{"hash":"033a2ed7436a7f0920595b91625123fd73b0d883","messageTitle":"Add javadoc for meetings","messageBody":"","fileTypesAndContributionMap":{"functional-code":{"insertions":38,"deletions":0}}},{"hash":"1b08250f0e4a27ccefe52c813ebc8357598bb3c8","messageTitle":"Add more junit tests","messageBody":"","fileTypesAndContributionMap":{"test-code":{"insertions":20,"deletions":0}}},{"hash":"0808cb4aa0dbd719bde146a00aa29642a2884de0","messageTitle":"Fix checkstyle","messageBody":"","fileTypesAndContributionMap":{"functional-code":{"insertions":2,"deletions":2}}},{"hash":"105d1c2881b6aa2a6fe86cc34e3d96e2a1331d54","messageTitle":"Test page break","messageBody":"","fileTypesAndContributionMap":{"docs":{"insertions":2,"deletions":0}}}]}]},"authorFileTypeContributionMap":{"ChrisLangton":{"docs":387,"functional-code":1293,"test-code":46,"other":4},"Rrraaaeee":{"docs":301,"functional-code":1377,"test-code":52,"other":2},"theeugenechong":{"docs":1242,"functional-code":2069,"test-code":139,"other":29},"fansxx":{"docs":419,"functional-code":1188,"test-code":117}},"authorContributionVariance":{"ChrisLangton":7687.702,"Rrraaaeee":24664.033,"theeugenechong":166421.58,"fansxx":10586.603},"authorDisplayNameMap":{"ChrisLangton":"CS2113T-W13-4 CHRI..GTON","Rrraaaeee":"CS2113T-W13-4 KANG..XUAN","theeugenechong":"CS2113T-W13-4 EUGE..IANG","fansxx":"CS2113T-W13-4 FAN ..HIXI"}}
