{"authorDailyContributionsMap":{"ChrisLangton":[{"date":"2021-09-29","commitResults":[{"hash":"cd791a7237cc1d83e9c576212fbab850cd6fffb5","messageTitle":"add my AboutUs","messageBody":"","fileTypesAndContributionMap":{"docs":{"insertions":1,"deletions":1}}}]},{"date":"2021-10-03","commitResults":[{"hash":"1385c1157f4eb7f985681797715dcdf321d5526f","messageTitle":"update AboutUs image","messageBody":"","fileTypesAndContributionMap":{"functional-code":{"insertions":2,"deletions":2},"docs":{"insertions":1,"deletions":1}}},{"hash":"422a6d37e85fc043ac8d3a2ee8d9eb0a9e8feb28","messageTitle":"add commands \"add\" and \"list\"","messageBody":"","fileTypesAndContributionMap":{"functional-code":{"insertions":49,"deletions":14}}},{"hash":"08bdb33f343dc98c81260daaa791db6c15187e80","messageTitle":"place all prints in Ui Class","messageBody":"","fileTypesAndContributionMap":{"functional-code":{"insertions":24,"deletions":46}}}]}],"Rrraaaeee":[{"date":"2021-09-29","commitResults":[{"hash":"cd930611a0a6638b3baa74da2804fa14f9c6a350","messageTitle":"updated aboutus.md","messageBody":"","fileTypesAndContributionMap":{"docs":{"insertions":1,"deletions":1}}},{"hash":"92f69d2206cac87fbbe1e7da4355e6532d1c8db1","messageTitle":"trying to add image","messageBody":"","fileTypesAndContributionMap":{"docs":{"insertions":1,"deletions":1}}},{"hash":"2d40558b30380ce7d1be7a846e4c837f2cd296da","messageTitle":"Update AboutUs.md","messageBody":"","fileTypesAndContributionMap":{"docs":{"insertions":1,"deletions":1}}},{"hash":"92b7d0bb4ae8fccf630ba81db3ba3957561bc6ca","messageTitle":"Update AboutUs.md","messageBody":"","fileTypesAndContributionMap":{"docs":{"insertions":1,"deletions":1}}}]},{"date":"2021-10-03","commitResults":[{"hash":"e86c48dfb401e1ef6a809924deec991222a923ec","messageTitle":"Added parser to cooper","messageBody":"","fileTypesAndContributionMap":{"functional-code":{"insertions":653,"deletions":21},"other":{"insertions":3,"deletions":2}}},{"hash":"8f53710010fd836e16b07bc88033350d1f7ac94e","messageTitle":"trying parser","messageBody":"","fileTypesAndContributionMap":{"functional-code":{"insertions":34,"deletions":2}}},{"hash":"fa8a43c4a1737cbd14acc9d012d4359fdc842729","messageTitle":"updated add parser","messageBody":"","fileTypesAndContributionMap":{"functional-code":{"insertions":40,"deletions":2}}}]}],"theeugenechong":[{"date":"2021-09-29","commitResults":[{"hash":"66f9b9c0bcf146c83eca195066d3d06a2d332a51","messageTitle":"Add AboutUs section for Eugene","messageBody":"","fileTypesAndContributionMap":{"docs":{"insertions":1,"deletions":1}}},{"hash":"9c26a66454cb6d67e1bd74b45b472a17948afc3a","messageTitle":"Add photo and remove last row from table","messageBody":"","fileTypesAndContributionMap":{"docs":{"insertions":3,"deletions":3}}},{"hash":"9cc3ed6648de9c7c279b5d1fbafa90cb586bbff0","messageTitle":"Revert \"Add photo and remove last row from table\"","messageBody":"This reverts commit 9c26a66454cb6d67e1bd74b45b472a17948afc3a.\n","fileTypesAndContributionMap":{"docs":{"insertions":3,"deletions":3}}},{"hash":"4dbf8578d3a6975705ce8ac121d0b1dcc7487d42","messageTitle":"Revert \"Revert \"Add photo and remove last row from table\"\"","messageBody":"This reverts commit 9cc3ed6648de9c7c279b5d1fbafa90cb586bbff0.\n","fileTypesAndContributionMap":{"docs":{"insertions":3,"deletions":3}}}]},{"date":"2021-10-03","commitResults":[{"hash":"0deb14c894d1e9019589d11f74743170435dc54a","messageTitle":"Add and remove exception classes","messageBody":"","fileTypesAndContributionMap":{"functional-code":{"insertions":5,"deletions":10}}},{"hash":"2f3af04fc1266f9843afaaabf2587228b2d58f2b","messageTitle":"Change Cooper\u0027s output style Make Ui class have all static methods","messageBody":"","fileTypesAndContributionMap":{"functional-code":{"insertions":46,"deletions":56}}},{"hash":"f46544c0f05eee9b57148c31783a728796653c48","messageTitle":"Correct method typo","messageBody":"","fileTypesAndContributionMap":{"functional-code":{"insertions":1,"deletions":1}}},{"hash":"ccc1a5215bace4915cf16d70ddacd07e55f8bb36","messageTitle":"Remove invalid command exception and add UnrecognisedCommand class which has similar function","messageBody":"","fileTypesAndContributionMap":{"functional-code":{"insertions":32,"deletions":21}}},{"hash":"1e253f1a8bca84f0e88abf150f20d89fb15d956d","messageTitle":"Cause execution of exit command to quit the program","messageBody":"","fileTypesAndContributionMap":{"functional-code":{"insertions":5,"deletions":1}}},{"hash":"1ac8e9b38aea97a1874541b56ee01753356ed95c","messageTitle":"Add format for dopsun parser to recognise login and register input","messageBody":"","fileTypesAndContributionMap":{"functional-code":{"insertions":10,"deletions":4}}},{"hash":"43c6cf27d11c57268c3e08a1d71a086f685708fb","messageTitle":"Change other parts of code to work with the deleted exceptions","messageBody":"","fileTypesAndContributionMap":{"functional-code":{"insertions":15,"deletions":30}}},{"hash":"997d16fd246e81f0cc9b811e1dc673ee3827e4f0","messageTitle":"Change UnrecognisedCommand back to an exception","messageBody":"","fileTypesAndContributionMap":{"functional-code":{"insertions":4,"deletions":18}}},{"hash":"57240fc66ffff5a7b2e3a6d25a78fe0bf79a7d23","messageTitle":"Include UnrecognisedCommandException to other classes","messageBody":"","fileTypesAndContributionMap":{"functional-code":{"insertions":12,"deletions":8}}},{"hash":"79e8b1e27e150e72e7a100c5a63d54e99a96e40d","messageTitle":"Add roles classes to identtify users of Cooper","messageBody":"","fileTypesAndContributionMap":{"functional-code":{"insertions":13,"deletions":0}}},{"hash":"01a98204bdead916b11c4457082177a4305a7c88","messageTitle":"Add AccessMethod class which helps determine whether user needs to login or register","messageBody":"","fileTypesAndContributionMap":{"functional-code":{"insertions":76,"deletions":0}}},{"hash":"b5f8ee64d6ea415bde783706c879c45af3c0cd97","messageTitle":"Remove LoginCommand","messageBody":"","fileTypesAndContributionMap":{"functional-code":{"insertions":0,"deletions":16}}},{"hash":"11d5ab15e34c298b60c3b33ca3233487e1d5adb9","messageTitle":"Add Verifier class which helps verify if: 1) user wants to register or login 2) user credentials (username/role) are correct","messageBody":"","fileTypesAndContributionMap":{"functional-code":{"insertions":141,"deletions":4}}},{"hash":"21badebb4feffe2dfbd1283d1261502fd8e7d262","messageTitle":"Implement Verifier in main method","messageBody":"","fileTypesAndContributionMap":{"functional-code":{"insertions":10,"deletions":1}}},{"hash":"55a50718b4d32835fb2eefc5fb4122fb8dc9545a","messageTitle":"Edit UserRole class whitespace","messageBody":"","fileTypesAndContributionMap":{"functional-code":{"insertions":0,"deletions":1}}},{"hash":"51e27f8e84c6ce9c7ee459eafec1cd3541dd70c8","messageTitle":"Remove classes for user roles and replace with enumeration","messageBody":"","fileTypesAndContributionMap":{"functional-code":{"insertions":9,"deletions":24}}},{"hash":"d9d8d2aaf1ef0bc6de727724947422de7c390170","messageTitle":"Print different error messages for different exceptions thrown in verify method","messageBody":"","fileTypesAndContributionMap":{"functional-code":{"insertions":12,"deletions":2}}},{"hash":"0078ae5ced6528d6403587745851c0e00e1f3075","messageTitle":"Rename AccessMethod class to SignIn","messageBody":"","fileTypesAndContributionMap":{"functional-code":{"insertions":15,"deletions":14},"other":{"insertions":2,"deletions":2}}},{"hash":"444f2c37cea2ba71fd238039f6052a059fc0fc36","messageTitle":"Add NoSuchElementException","messageBody":"","fileTypesAndContributionMap":{"functional-code":{"insertions":16,"deletions":15}}},{"hash":"a3bf0f9fc4148647c73e7bc48b797b8d2c4d327a","messageTitle":"Clean extraneous whitespaces from resolving conflicts","messageBody":"","fileTypesAndContributionMap":{"functional-code":{"insertions":0,"deletions":2}}}]},{"date":"2021-10-04","commitResults":[{"hash":"79369fddf04bf93c0d9d6ba8acad2eb02352c519","messageTitle":"Refactor showIntroduction method o be neater and show cleaner output","messageBody":"","fileTypesAndContributionMap":{"functional-code":{"insertions":9,"deletions":0}}},{"hash":"fd07f475ea201d03e01fefb8ab1d3c8666400218","messageTitle":"Add print messages for valid and invalid login/registration","messageBody":"","fileTypesAndContributionMap":{"functional-code":{"insertions":21,"deletions":1}}},{"hash":"1ae235ab905da5bb4b6de1b09a20220d6bc1465e","messageTitle":"Implement new print methods in Login and Registration class","messageBody":"","fileTypesAndContributionMap":{"functional-code":{"insertions":9,"deletions":2}}}]}],"fansxx":[{"date":"2021-09-29","commitResults":[{"hash":"77fb5a360639ebd4cdb9ce0888b526e02a6b77f8","messageTitle":"Edit AboutUs","messageBody":"","fileTypesAndContributionMap":{"docs":{"insertions":1,"deletions":1}}},{"hash":"ec1bbcca98eee29e6cccb13157137af5e004d19a","messageTitle":"Update image name in AboutMe.md","messageBody":"","fileTypesAndContributionMap":{"docs":{"insertions":1,"deletions":1}}}]},{"date":"2021-10-04","commitResults":[{"hash":"e205486637b105487316e2ae855f8a5a9ce6179b","messageTitle":"Add MeetingManager class that handles the hashmap of meetings","messageBody":"","fileTypesAndContributionMap":{"functional-code":{"insertions":16,"deletions":0}}},{"hash":"027c2f01e08b9496fff108932ecc113724b89b1e","messageTitle":"Edit CommandParser to handle availability command","messageBody":"","fileTypesAndContributionMap":{"functional-code":{"insertions":9,"deletions":12}}},{"hash":"62bb8bd6b5cd8bdaf951605a0d566d19c25dab96","messageTitle":"Edit AvailableCommand class to execute the command correctly","messageBody":"","fileTypesAndContributionMap":{"functional-code":{"insertions":11,"deletions":2}}},{"hash":"a1ed22a2da321212a5e4f8008879f2366e202499","messageTitle":"Change formatting of availability command in command-data.properties","messageBody":"","fileTypesAndContributionMap":{"functional-code":{"insertions":1,"deletions":1}}},{"hash":"821f67e9f56dcb3043a691a6fcc5c8c3726ce284","messageTitle":"Change Ui output for availability command","messageBody":"","fileTypesAndContributionMap":{"functional-code":{"insertions":9,"deletions":2}}},{"hash":"967dbb6c0f1314049427199fd472dca40ef245b8","messageTitle":"Change the instantiation of meetingManager","messageBody":"","fileTypesAndContributionMap":{"functional-code":{"insertions":4,"deletions":2}}},{"hash":"638cdeeac697a6d9fe4d317cf4e985aabf6f6e41","messageTitle":"Add meetings command","messageBody":"","fileTypesAndContributionMap":{"functional-code":{"insertions":13,"deletions":6}}},{"hash":"63ac25df1047e4f872217a3b512f6928a84bcd87","messageTitle":"Write Ui output for meetings command","messageBody":"","fileTypesAndContributionMap":{"functional-code":{"insertions":7,"deletions":0}}}]}]},"authorFileTypeContributionMap":{"ChrisLangton":{"docs":1,"functional-code":46,"test-code":0},"Rrraaaeee":{"docs":1,"functional-code":534,"test-code":0,"other":3},"theeugenechong":{"docs":3,"functional-code":369,"test-code":0},"fansxx":{"docs":0,"functional-code":60,"test-code":0}},"authorContributionVariance":{"ChrisLangton":1733.6901,"Rrraaaeee":51459.05,"theeugenechong":37861.44,"fansxx":806.08997},"authorDisplayNameMap":{"ChrisLangton":"CS2113T-W13-4 CHRI..GTON","Rrraaaeee":"CS2113T-W13-4 KANG..XUAN","theeugenechong":"CS2113T-W13-4 EUGE..IANG","fansxx":"CS2113T-W13-4 FAN ..HIXI"}}
