{"authorDailyContributionsMap":{"ChrisLangton":[{"date":"2021-09-29","commitResults":[{"hash":"cd791a7237cc1d83e9c576212fbab850cd6fffb5","messageTitle":"add my AboutUs","messageBody":"","fileTypesAndContributionMap":{"docs":{"insertions":1,"deletions":1}}}]},{"date":"2021-10-03","commitResults":[{"hash":"1385c1157f4eb7f985681797715dcdf321d5526f","messageTitle":"update AboutUs image","messageBody":"","fileTypesAndContributionMap":{"functional-code":{"insertions":2,"deletions":2},"docs":{"insertions":1,"deletions":1}}},{"hash":"422a6d37e85fc043ac8d3a2ee8d9eb0a9e8feb28","messageTitle":"add commands \"add\" and \"list\"","messageBody":"","fileTypesAndContributionMap":{"functional-code":{"insertions":49,"deletions":14}}},{"hash":"08bdb33f343dc98c81260daaa791db6c15187e80","messageTitle":"place all prints in Ui Class","messageBody":"","fileTypesAndContributionMap":{"functional-code":{"insertions":24,"deletions":46}}}]},{"date":"2021-10-08","commitResults":[{"hash":"a19d02e1b76febb157856e2b2fb57fc1f6042323","messageTitle":"add documentation, some minor bug fixes and some enhancement of balance sheet","messageBody":"","fileTypesAndContributionMap":{"functional-code":{"insertions":37,"deletions":4}}}]},{"date":"2021-10-09","commitResults":[{"hash":"dd859fcc81fae1aa74d2a5f47d05df68166b1d98","messageTitle":"add spaces for + operator in printBalanceSheet","messageBody":"","fileTypesAndContributionMap":{"functional-code":{"insertions":2,"deletions":2}}},{"hash":"4215617ada8328d60538e1680c392384943da865","messageTitle":"add some FinanceManager JUnit testing","messageBody":"","fileTypesAndContributionMap":{"test-code":{"insertions":52,"deletions":0}}}]},{"date":"2021-10-11","commitResults":[{"hash":"829ebbf3ee718dcf94216a5feba538dd71db1662","messageTitle":"add check for SignInDetails in FinanceManager\u0027s \u0027add\u0027 and \u0027list\u0027 features, and some bug fixes in Storage","messageBody":"","fileTypesAndContributionMap":{"functional-code":{"insertions":56,"deletions":7}}},{"hash":"4401fe7ed844ffd07fcba0acc84dead9c5b36a29","messageTitle":"fix checkstyle errors","messageBody":"","fileTypesAndContributionMap":{"functional-code":{"insertions":10,"deletions":8}}}]},{"date":"2021-10-12","commitResults":[{"hash":"a3eca1cda45c0b25646bcc2c0fb51eaf7770ff89","messageTitle":"fix checkstyle errors again. latest fix","messageBody":"","fileTypesAndContributionMap":{"functional-code":{"insertions":11,"deletions":7}}},{"hash":"909e7d9425e75615edecc43fc8cd17272072c1be","messageTitle":"fix checkstyle a third time. latest try.","messageBody":"","fileTypesAndContributionMap":{"functional-code":{"insertions":2,"deletions":4}}},{"hash":"0ddfded56d1f73fbc8d26da31ba5f62466afbbaf","messageTitle":"add logging and assertions for FinanceManager","messageBody":"","fileTypesAndContributionMap":{"functional-code":{"insertions":9,"deletions":0}}},{"hash":"ba697ccc574d7f85e58749573bacd3710aa8b064","messageTitle":"fix error with FinanceManager test","messageBody":"","fileTypesAndContributionMap":{"functional-code":{"insertions":1,"deletions":1}}}]}],"Rrraaaeee":[{"date":"2021-09-29","commitResults":[{"hash":"cd930611a0a6638b3baa74da2804fa14f9c6a350","messageTitle":"updated aboutus.md","messageBody":"","fileTypesAndContributionMap":{"docs":{"insertions":1,"deletions":1}}},{"hash":"92f69d2206cac87fbbe1e7da4355e6532d1c8db1","messageTitle":"trying to add image","messageBody":"","fileTypesAndContributionMap":{"docs":{"insertions":1,"deletions":1}}},{"hash":"2d40558b30380ce7d1be7a846e4c837f2cd296da","messageTitle":"Update AboutUs.md","messageBody":"","fileTypesAndContributionMap":{"docs":{"insertions":1,"deletions":1}}},{"hash":"92b7d0bb4ae8fccf630ba81db3ba3957561bc6ca","messageTitle":"Update AboutUs.md","messageBody":"","fileTypesAndContributionMap":{"docs":{"insertions":1,"deletions":1}}}]},{"date":"2021-10-03","commitResults":[{"hash":"e86c48dfb401e1ef6a809924deec991222a923ec","messageTitle":"Added parser to cooper","messageBody":"","fileTypesAndContributionMap":{"functional-code":{"insertions":653,"deletions":21},"other":{"insertions":3,"deletions":2}}},{"hash":"8f53710010fd836e16b07bc88033350d1f7ac94e","messageTitle":"trying parser","messageBody":"","fileTypesAndContributionMap":{"functional-code":{"insertions":34,"deletions":2}}},{"hash":"fa8a43c4a1737cbd14acc9d012d4359fdc842729","messageTitle":"updated add parser","messageBody":"","fileTypesAndContributionMap":{"functional-code":{"insertions":40,"deletions":2}}}]},{"date":"2021-10-07","commitResults":[{"hash":"ead790f39ea994f9c4a1d1e261fdef7c207a16ef","messageTitle":"Make parser APIs static","messageBody":"","fileTypesAndContributionMap":{"functional-code":{"insertions":157,"deletions":21}}},{"hash":"a149a88016ee3a189369f845b1c1b32af55dd432","messageTitle":"checkstyle fix","messageBody":"","fileTypesAndContributionMap":{"functional-code":{"insertions":2,"deletions":2}}},{"hash":"249fe1379956c424a7fe9bfe88c3408fc86bd5ef","messageTitle":"added storage","messageBody":"","fileTypesAndContributionMap":{"functional-code":{"insertions":49,"deletions":8}}}]},{"date":"2021-10-11","commitResults":[{"hash":"f84440b79126be26ece0246b517bc7f831c6c3cc","messageTitle":"added JUnit for parser","messageBody":"","fileTypesAndContributionMap":{"test-code":{"insertions":47,"deletions":0}}}]},{"date":"2021-10-12","commitResults":[{"hash":"6401a9b8a46b305e9d75ecf0800f7c53e19a39d3","messageTitle":"added some asserts","messageBody":"","fileTypesAndContributionMap":{"functional-code":{"insertions":4,"deletions":0}}},{"hash":"b3dee6625b476628b70539410b91d9aeb267ad47","messageTitle":"pass checkstyle","messageBody":"","fileTypesAndContributionMap":{"functional-code":{"insertions":4,"deletions":4}}}]}],"theeugenechong":[{"date":"2021-09-29","commitResults":[{"hash":"66f9b9c0bcf146c83eca195066d3d06a2d332a51","messageTitle":"Add AboutUs section for Eugene","messageBody":"","fileTypesAndContributionMap":{"docs":{"insertions":1,"deletions":1}}},{"hash":"9c26a66454cb6d67e1bd74b45b472a17948afc3a","messageTitle":"Add photo and remove last row from table","messageBody":"","fileTypesAndContributionMap":{"docs":{"insertions":3,"deletions":3}}},{"hash":"9cc3ed6648de9c7c279b5d1fbafa90cb586bbff0","messageTitle":"Revert \"Add photo and remove last row from table\"","messageBody":"This reverts commit 9c26a66454cb6d67e1bd74b45b472a17948afc3a.\n","fileTypesAndContributionMap":{"docs":{"insertions":3,"deletions":3}}},{"hash":"4dbf8578d3a6975705ce8ac121d0b1dcc7487d42","messageTitle":"Revert \"Revert \"Add photo and remove last row from table\"\"","messageBody":"This reverts commit 9cc3ed6648de9c7c279b5d1fbafa90cb586bbff0.\n","fileTypesAndContributionMap":{"docs":{"insertions":3,"deletions":3}}}]},{"date":"2021-10-03","commitResults":[{"hash":"0deb14c894d1e9019589d11f74743170435dc54a","messageTitle":"Add and remove exception classes","messageBody":"","fileTypesAndContributionMap":{"functional-code":{"insertions":5,"deletions":10}}},{"hash":"2f3af04fc1266f9843afaaabf2587228b2d58f2b","messageTitle":"Change Cooper\u0027s output style Make Ui class have all static methods","messageBody":"","fileTypesAndContributionMap":{"functional-code":{"insertions":46,"deletions":56}}},{"hash":"f46544c0f05eee9b57148c31783a728796653c48","messageTitle":"Correct method typo","messageBody":"","fileTypesAndContributionMap":{"functional-code":{"insertions":1,"deletions":1}}},{"hash":"ccc1a5215bace4915cf16d70ddacd07e55f8bb36","messageTitle":"Remove invalid command exception and add UnrecognisedCommand class which has similar function","messageBody":"","fileTypesAndContributionMap":{"functional-code":{"insertions":32,"deletions":21}}},{"hash":"1e253f1a8bca84f0e88abf150f20d89fb15d956d","messageTitle":"Cause execution of exit command to quit the program","messageBody":"","fileTypesAndContributionMap":{"functional-code":{"insertions":5,"deletions":1}}},{"hash":"1ac8e9b38aea97a1874541b56ee01753356ed95c","messageTitle":"Add format for dopsun parser to recognise login and register input","messageBody":"","fileTypesAndContributionMap":{"functional-code":{"insertions":10,"deletions":4}}},{"hash":"43c6cf27d11c57268c3e08a1d71a086f685708fb","messageTitle":"Change other parts of code to work with the deleted exceptions","messageBody":"","fileTypesAndContributionMap":{"functional-code":{"insertions":15,"deletions":30}}},{"hash":"997d16fd246e81f0cc9b811e1dc673ee3827e4f0","messageTitle":"Change UnrecognisedCommand back to an exception","messageBody":"","fileTypesAndContributionMap":{"functional-code":{"insertions":4,"deletions":18}}},{"hash":"57240fc66ffff5a7b2e3a6d25a78fe0bf79a7d23","messageTitle":"Include UnrecognisedCommandException to other classes","messageBody":"","fileTypesAndContributionMap":{"functional-code":{"insertions":12,"deletions":8}}},{"hash":"79e8b1e27e150e72e7a100c5a63d54e99a96e40d","messageTitle":"Add roles classes to identtify users of Cooper","messageBody":"","fileTypesAndContributionMap":{"functional-code":{"insertions":13,"deletions":0}}},{"hash":"01a98204bdead916b11c4457082177a4305a7c88","messageTitle":"Add AccessMethod class which helps determine whether user needs to login or register","messageBody":"","fileTypesAndContributionMap":{"functional-code":{"insertions":76,"deletions":0}}},{"hash":"b5f8ee64d6ea415bde783706c879c45af3c0cd97","messageTitle":"Remove LoginCommand","messageBody":"","fileTypesAndContributionMap":{"functional-code":{"insertions":0,"deletions":16}}},{"hash":"11d5ab15e34c298b60c3b33ca3233487e1d5adb9","messageTitle":"Add Verifier class which helps verify if: 1) user wants to register or login 2) user credentials (username/role) are correct","messageBody":"","fileTypesAndContributionMap":{"functional-code":{"insertions":141,"deletions":4}}},{"hash":"21badebb4feffe2dfbd1283d1261502fd8e7d262","messageTitle":"Implement Verifier in main method","messageBody":"","fileTypesAndContributionMap":{"functional-code":{"insertions":10,"deletions":1}}},{"hash":"55a50718b4d32835fb2eefc5fb4122fb8dc9545a","messageTitle":"Edit UserRole class whitespace","messageBody":"","fileTypesAndContributionMap":{"functional-code":{"insertions":0,"deletions":1}}},{"hash":"51e27f8e84c6ce9c7ee459eafec1cd3541dd70c8","messageTitle":"Remove classes for user roles and replace with enumeration","messageBody":"","fileTypesAndContributionMap":{"functional-code":{"insertions":9,"deletions":24}}},{"hash":"d9d8d2aaf1ef0bc6de727724947422de7c390170","messageTitle":"Print different error messages for different exceptions thrown in verify method","messageBody":"","fileTypesAndContributionMap":{"functional-code":{"insertions":12,"deletions":2}}},{"hash":"0078ae5ced6528d6403587745851c0e00e1f3075","messageTitle":"Rename AccessMethod class to SignIn","messageBody":"","fileTypesAndContributionMap":{"functional-code":{"insertions":15,"deletions":14},"other":{"insertions":2,"deletions":2}}},{"hash":"444f2c37cea2ba71fd238039f6052a059fc0fc36","messageTitle":"Add NoSuchElementException","messageBody":"","fileTypesAndContributionMap":{"functional-code":{"insertions":16,"deletions":15}}},{"hash":"a3bf0f9fc4148647c73e7bc48b797b8d2c4d327a","messageTitle":"Clean extraneous whitespaces from resolving conflicts","messageBody":"","fileTypesAndContributionMap":{"functional-code":{"insertions":0,"deletions":2}}}]},{"date":"2021-10-04","commitResults":[{"hash":"79369fddf04bf93c0d9d6ba8acad2eb02352c519","messageTitle":"Refactor showIntroduction method o be neater and show cleaner output","messageBody":"","fileTypesAndContributionMap":{"functional-code":{"insertions":9,"deletions":0}}},{"hash":"fd07f475ea201d03e01fefb8ab1d3c8666400218","messageTitle":"Add print messages for valid and invalid login/registration","messageBody":"","fileTypesAndContributionMap":{"functional-code":{"insertions":21,"deletions":1}}},{"hash":"1ae235ab905da5bb4b6de1b09a20220d6bc1465e","messageTitle":"Implement new print methods in Login and Registration class","messageBody":"","fileTypesAndContributionMap":{"functional-code":{"insertions":9,"deletions":2}}}]},{"date":"2021-10-05","commitResults":[{"hash":"5ff67fad750ba1b2e5587acdfe6cb15dd963cff2","messageTitle":"Implement verify method to return UserRole which will be passed to commands being executed in main Fixes #26","messageBody":"","fileTypesAndContributionMap":{"functional-code":{"insertions":94,"deletions":78},"other":{"insertions":2,"deletions":2}}},{"hash":"00b9cda6b39ec49c6557f112219631e4d87730d9","messageTitle":"Make FinanceManager and MeetingsManager non-static Fixes #27","messageBody":"","fileTypesAndContributionMap":{"functional-code":{"insertions":57,"deletions":25}}},{"hash":"68e9e24460f0506dc33782843ffe04b96141b18e","messageTitle":"Return SignInDetails instead of UserRole to be received by execute() method","messageBody":"","fileTypesAndContributionMap":{"functional-code":{"insertions":10,"deletions":11}}},{"hash":"a32c78110da9b13d8f51d5c0edd8260f92d0d990","messageTitle":"Merge pull request #29 with stashed changes, resolve merge conflicts at the same time","messageBody":"","fileTypesAndContributionMap":{"functional-code":{"insertions":64,"deletions":22}}}]},{"date":"2021-10-07","commitResults":[{"hash":"d05a8cc88fd7ba62016575e36a335fc3442bbfa7","messageTitle":"Improve coding standard by removing extra whitespaces and new lines to remove warnings","messageBody":"","fileTypesAndContributionMap":{"functional-code":{"insertions":17,"deletions":44}}},{"hash":"d9aca61e74a46abd3c8e36fc2b4353e7378ea95d","messageTitle":"Add NoSuchElement exception for parsing of \u0027available\u0027 command","messageBody":"","fileTypesAndContributionMap":{"functional-code":{"insertions":12,"deletions":8}}},{"hash":"0cb5775447225378fe3379dd4b8687d144d39f20","messageTitle":"Improve coding standard to meet Checkstyle requirements","messageBody":"","fileTypesAndContributionMap":{"functional-code":{"insertions":26,"deletions":20}}}]},{"date":"2021-10-09","commitResults":[{"hash":"bd7a9fd723977bed05eb339bd98c1f52b8285acb","messageTitle":"Add JUnit tests for Verifier class","messageBody":"","fileTypesAndContributionMap":{"functional-code":{"insertions":10,"deletions":0},"other":{"insertions":2,"deletions":2},"test-code":{"insertions":116,"deletions":0}}},{"hash":"f05ea4e9d0898dc925e8341ec9c10d788d230c61","messageTitle":"Improve coding standard throughout the code","messageBody":"","fileTypesAndContributionMap":{"functional-code":{"insertions":7,"deletions":31}}},{"hash":"28aa8024c681609fd4a7867646c778a30cc32d9a","messageTitle":"Add assertions to code","messageBody":"","fileTypesAndContributionMap":{"functional-code":{"insertions":3,"deletions":0}}},{"hash":"13246b34ac29f9b3a15ccd7752971636c33613cb","messageTitle":"Enable assertions when building with Gradle","messageBody":"","fileTypesAndContributionMap":{"other":{"insertions":1,"deletions":0}}},{"hash":"b35c90db42fb750536c73dae3c6f3037db1e0fa0","messageTitle":"Remove warning for a test case method","messageBody":"","fileTypesAndContributionMap":{"test-code":{"insertions":3,"deletions":1}}},{"hash":"fec83e80ec2daab29f3c92369310572a8169f2f3","messageTitle":"Improve coding standard and fix Checkstyle errors","messageBody":"","fileTypesAndContributionMap":{"functional-code":{"insertions":15,"deletions":21}}}]},{"date":"2021-10-12","commitResults":[{"hash":"ea4a360432b7cf4682f22ed321ffad1510bad6a0","messageTitle":"Add JavaDoc for classes in verification package","messageBody":"","fileTypesAndContributionMap":{"functional-code":{"insertions":87,"deletions":1}}},{"hash":"696cc6eb5081fd148dc4783307b4e13d34b7bb9a","messageTitle":"Add code to test for login and registration in ParserTest Fixes #34","messageBody":"","fileTypesAndContributionMap":{"test-code":{"insertions":36,"deletions":26}}},{"hash":"3a38973d5dda9d5da1f4634ab5ce79b92cdd4106","messageTitle":"Remove unused import statements in some classes","messageBody":"","fileTypesAndContributionMap":{"functional-code":{"insertions":0,"deletions":1},"test-code":{"insertions":0,"deletions":12}}},{"hash":"28cc120106f84b86b64c8bd885c9496ad8a91d1c","messageTitle":"Change AddCommand class to use an integer for the amount rather than String, parsing of amount is done in CommandParser","messageBody":"","fileTypesAndContributionMap":{"functional-code":{"insertions":19,"deletions":14}}}]},{"date":"2021-10-13","commitResults":[{"hash":"fe77de3d19eccd9907b0c8121cdd83465321d6e2","messageTitle":"Add logging for Login and Registration classes","messageBody":"","fileTypesAndContributionMap":{"functional-code":{"insertions":7,"deletions":1}}},{"hash":"738b57c9139801f9018591334cb0b270d017615a","messageTitle":"Add quick start section and setup (login/registration) section for cOOPer User Guide","messageBody":"","fileTypesAndContributionMap":{"docs":{"insertions":167,"deletions":13}}}]}],"fansxx":[{"date":"2021-09-29","commitResults":[{"hash":"77fb5a360639ebd4cdb9ce0888b526e02a6b77f8","messageTitle":"Edit AboutUs","messageBody":"","fileTypesAndContributionMap":{"docs":{"insertions":1,"deletions":1}}},{"hash":"ec1bbcca98eee29e6cccb13157137af5e004d19a","messageTitle":"Update image name in AboutMe.md","messageBody":"","fileTypesAndContributionMap":{"docs":{"insertions":1,"deletions":1}}}]},{"date":"2021-10-04","commitResults":[{"hash":"e205486637b105487316e2ae855f8a5a9ce6179b","messageTitle":"Add MeetingManager class that handles the hashmap of meetings","messageBody":"","fileTypesAndContributionMap":{"functional-code":{"insertions":16,"deletions":0}}},{"hash":"027c2f01e08b9496fff108932ecc113724b89b1e","messageTitle":"Edit CommandParser to handle availability command","messageBody":"","fileTypesAndContributionMap":{"functional-code":{"insertions":9,"deletions":12}}},{"hash":"62bb8bd6b5cd8bdaf951605a0d566d19c25dab96","messageTitle":"Edit AvailableCommand class to execute the command correctly","messageBody":"","fileTypesAndContributionMap":{"functional-code":{"insertions":11,"deletions":2}}},{"hash":"a1ed22a2da321212a5e4f8008879f2366e202499","messageTitle":"Change formatting of availability command in command-data.properties","messageBody":"","fileTypesAndContributionMap":{"functional-code":{"insertions":1,"deletions":1}}},{"hash":"821f67e9f56dcb3043a691a6fcc5c8c3726ce284","messageTitle":"Change Ui output for availability command","messageBody":"","fileTypesAndContributionMap":{"functional-code":{"insertions":9,"deletions":2}}},{"hash":"967dbb6c0f1314049427199fd472dca40ef245b8","messageTitle":"Change the instantiation of meetingManager","messageBody":"","fileTypesAndContributionMap":{"functional-code":{"insertions":4,"deletions":2}}},{"hash":"638cdeeac697a6d9fe4d317cf4e985aabf6f6e41","messageTitle":"Add meetings command","messageBody":"","fileTypesAndContributionMap":{"functional-code":{"insertions":13,"deletions":6}}},{"hash":"63ac25df1047e4f872217a3b512f6928a84bcd87","messageTitle":"Write Ui output for meetings command","messageBody":"","fileTypesAndContributionMap":{"functional-code":{"insertions":7,"deletions":0}}},{"hash":"1e644480dc7070d1e949cc6909ae173ff08abdca","messageTitle":"Fix meetings hashmap to take in values as an arraylist type instead of string","messageBody":"","fileTypesAndContributionMap":{"functional-code":{"insertions":6,"deletions":3}}},{"hash":"37fa3d581d5d25d3c5c9278e3edd6fe3cb934135","messageTitle":"Add exception to catch duplicate usernames in the same timeslot","messageBody":"","fileTypesAndContributionMap":{"functional-code":{"insertions":20,"deletions":4}}},{"hash":"0cae0dbbab6e03f537645f9742050158952524e1","messageTitle":"Update Ui class to include output message for DuplicateUsernameException","messageBody":"","fileTypesAndContributionMap":{"functional-code":{"insertions":6,"deletions":0}}}]},{"date":"2021-10-06","commitResults":[{"hash":"f74825018c5dd38d65d7bfc15f885bb2e7ff99d8","messageTitle":"Rename DuplicateUsernameException","messageBody":"","fileTypesAndContributionMap":{"functional-code":{"insertions":11,"deletions":11}}},{"hash":"c2da351ddb732051eafec8c894340281417ea484","messageTitle":"Change type of time from String to LocalTime Add new exception: InvalidTimeException","messageBody":"","fileTypesAndContributionMap":{"functional-code":{"insertions":40,"deletions":8}}},{"hash":"52079e9a36153cee830205170a5a7156cf882ce0","messageTitle":"Modify Ui output for printing of availabilities Add Ui for exception output","messageBody":"","fileTypesAndContributionMap":{"functional-code":{"insertions":9,"deletions":2}}},{"hash":"7b98ccf0785e4fac1eaac435a6bf3aae14f32c32","messageTitle":"Change meetings output table format in Ui","messageBody":"","fileTypesAndContributionMap":{"functional-code":{"insertions":6,"deletions":6}}},{"hash":"bb63e07d43028821c88e4dfd2cdafc4c62caa72e","messageTitle":"Change meetings from a HashMap to a TreeMap so the timings are sorted","messageBody":"","fileTypesAndContributionMap":{"functional-code":{"insertions":6,"deletions":5}}}]},{"date":"2021-10-11","commitResults":[{"hash":"725e6edd0eeceb8827a5bbfff671ad70737644ec","messageTitle":"Add JUnit test for MeetingManager","messageBody":"","fileTypesAndContributionMap":{"test-code":{"insertions":43,"deletions":0}}},{"hash":"b15fb5297c61c4bee916b98c75057fe4928f81b7","messageTitle":"Edit code to pass checkstyle tests","messageBody":"","fileTypesAndContributionMap":{"test-code":{"insertions":2,"deletions":4}}}]},{"date":"2021-10-12","commitResults":[{"hash":"5119e06c4f8f2c8fae07d08400a702d589dc59af","messageTitle":"Add logger class","messageBody":"","fileTypesAndContributionMap":{"functional-code":{"insertions":23,"deletions":0}}},{"hash":"55b10bf19045506fcd530081dbdb6505a18d00a4","messageTitle":"Log inputs in MeetingManager class","messageBody":"","fileTypesAndContributionMap":{"functional-code":{"insertions":4,"deletions":0}}},{"hash":"17d37b88aadca12a5c4a5113198c7255b723a372","messageTitle":"Add assertions to MeetingManager class","messageBody":"","fileTypesAndContributionMap":{"functional-code":{"insertions":2,"deletions":0}}},{"hash":"ae57533cefa982b0a283f2442cfb4bb2fc9fc94d","messageTitle":"Fix checkstyle","messageBody":"","fileTypesAndContributionMap":{"functional-code":{"insertions":6,"deletions":2}}}]},{"date":"2021-10-14","commitResults":[{"hash":"b770340c19f4b587e5bd04634d305956e7a33506","messageTitle":"Add available and meetings command to userguide","messageBody":"","fileTypesAndContributionMap":{"docs":{"insertions":40,"deletions":9}}},{"hash":"e221b3bfa2fdadb63ab67e7ba2fbd5595c9a2905","messageTitle":"Add available and meetings to command summary Edit notes for available","messageBody":"","fileTypesAndContributionMap":{"docs":{"insertions":5,"deletions":2}}},{"hash":"8833fd305043baed0ccd2aed8bb918e4dcda2374","messageTitle":"Restructure userguide and add new section \u0027features for all users\u0027","messageBody":"","fileTypesAndContributionMap":{"docs":{"insertions":31,"deletions":29}}}]}]},"authorFileTypeContributionMap":{"ChrisLangton":{"docs":1,"functional-code":113,"test-code":46},"Rrraaaeee":{"docs":1,"functional-code":655,"test-code":21,"other":3},"theeugenechong":{"docs":138,"functional-code":624,"test-code":156,"other":1},"fansxx":{"docs":69,"functional-code":142,"test-code":35}},"authorContributionVariance":{"ChrisLangton":1283.1097,"Rrraaaeee":28804.432,"theeugenechong":26760.86,"fansxx":1807.86},"authorDisplayNameMap":{"ChrisLangton":"CS2113T-W13-4 CHRI..GTON","Rrraaaeee":"CS2113T-W13-4 KANG..XUAN","theeugenechong":"CS2113T-W13-4 EUGE..IANG","fansxx":"CS2113T-W13-4 FAN ..HIXI"}}
