[{"path":"docs/AboutUs.md","fileType":"docs","lines":[{"lineNumber":1,"author":{"gitId":"-"},"content":"# About us","lastModifiedDate":"2020-05-24"},{"lineNumber":2,"author":{"gitId":"-"},"content":"","lastModifiedDate":"2020-05-24"},{"lineNumber":3,"author":{"gitId":"-"},"content":"Display | Name | Github Profile | Portfolio ","lastModifiedDate":"2020-05-24"},{"lineNumber":4,"author":{"gitId":"-"},"content":"--------|:----:|:--------------:|:---------:","lastModifiedDate":"2020-05-24"},{"lineNumber":5,"author":{"gitId":"xingyuan123"},"content":"![](https://via.placeholder.com/100.png?text\u003dPhoto) | Xing Yuan | [Github](https://github.com/xingyuan123) | [Portfolio](docs/team/johndoe.md)","lastModifiedDate":"2021-10-05"},{"lineNumber":6,"author":{"gitId":"Teckwhye"},"content":"![](https://avatars.githubusercontent.com/u/20470511?v\u003d4) | Teck Hwee | [Github](https://github.com/Teckwhye) | [Portfolio](https://www.youtube.com/watch?v\u003dcvh0nX08nRw)","lastModifiedDate":"2021-10-05"},{"lineNumber":7,"author":{"gitId":"poppolette"},"content":"![](https://via.placeholder.com/100.png?text\u003dPhoto) | Glenn Tan | [Github](https://github.com/poppolette) | [Portfolio](https://youtu.be/bSiEB64FyF8)","lastModifiedDate":"2021-10-05"},{"lineNumber":8,"author":{"gitId":"izdiyadfrhn"},"content":"![](https://via.placeholder.com/100.png?text\u003dPhoto) | Izdiyad Farhan | [Github](https://github.com/izdiyadfrhn) | [Portfolio](docs/team/izdiyadfrhn.md)","lastModifiedDate":"2021-10-05"},{"lineNumber":9,"author":{"gitId":"ianwangeeen"},"content":"![](https://via.placeholder.com/100.png?text\u003dPhoto) | Ian Wang | [Github](https://github.com/ianwangeeen) | [Portfolio](docs/team/johndoe.md)","lastModifiedDate":"2021-10-06"}],"authorContributionMap":{"ianwangeeen":1,"izdiyadfrhn":1,"xingyuan123":1,"poppolette":1,"-":4,"Teckwhye":1}},{"path":"src/main/java/seedu/duke/Entry.java","fileType":"functional-code","lines":[{"lineNumber":1,"author":{"gitId":"ianwangeeen"},"content":"package seedu.duke;","lastModifiedDate":"2021-10-05"},{"lineNumber":2,"author":{"gitId":"ianwangeeen"},"content":"","lastModifiedDate":"2021-10-05"},{"lineNumber":3,"author":{"gitId":"ianwangeeen"},"content":"import java.util.ArrayList;","lastModifiedDate":"2021-10-05"},{"lineNumber":4,"author":{"gitId":"ianwangeeen"},"content":"","lastModifiedDate":"2021-10-05"},{"lineNumber":5,"author":{"gitId":"ianwangeeen"},"content":"public class Entry {","lastModifiedDate":"2021-10-05"},{"lineNumber":6,"author":{"gitId":"ianwangeeen"},"content":"    private static final ArrayList\u003cTrainingSchedule\u003e trainings \u003d new ArrayList\u003c\u003e();","lastModifiedDate":"2021-10-05"},{"lineNumber":7,"author":{"gitId":"ianwangeeen"},"content":"    private static final ArrayList\u003cMember\u003e members \u003d new ArrayList\u003c\u003e();","lastModifiedDate":"2021-10-05"},{"lineNumber":8,"author":{"gitId":"ianwangeeen"},"content":"","lastModifiedDate":"2021-10-05"},{"lineNumber":9,"author":{"gitId":"ianwangeeen"},"content":"    /**","lastModifiedDate":"2021-10-05"},{"lineNumber":10,"author":{"gitId":"ianwangeeen"},"content":"     * Returns void. Function is responsible for adding different Tasks to the task list.","lastModifiedDate":"2021-10-05"},{"lineNumber":11,"author":{"gitId":"ianwangeeen"},"content":"     *","lastModifiedDate":"2021-10-05"},{"lineNumber":12,"author":{"gitId":"ianwangeeen"},"content":"     * @param entry user raw data input","lastModifiedDate":"2021-10-05"},{"lineNumber":13,"author":{"gitId":"ianwangeeen"},"content":"     * @throws IndexOutOfBoundsException if user keys in done [number] when there is no such task.","lastModifiedDate":"2021-10-05"},{"lineNumber":14,"author":{"gitId":"ianwangeeen"},"content":"     */","lastModifiedDate":"2021-10-05"},{"lineNumber":15,"author":{"gitId":"ianwangeeen"},"content":"    public static void addEntry(String entry) throws NullPointerException {","lastModifiedDate":"2021-10-05"},{"lineNumber":16,"author":{"gitId":"ianwangeeen"},"content":"        Keyword keyword \u003d Parser.getKeywordStatus(entry);","lastModifiedDate":"2021-10-05"},{"lineNumber":17,"author":{"gitId":"ianwangeeen"},"content":"        switch (keyword) {","lastModifiedDate":"2021-10-05"},{"lineNumber":18,"author":{"gitId":"ianwangeeen"},"content":"        case MEMBER_ENTRY:","lastModifiedDate":"2021-10-05"},{"lineNumber":19,"author":{"gitId":"ianwangeeen"},"content":"            Parser.doDoneTask(members, entry);","lastModifiedDate":"2021-10-05"},{"lineNumber":20,"author":{"gitId":"ianwangeeen"},"content":"            break;","lastModifiedDate":"2021-10-05"},{"lineNumber":21,"author":{"gitId":"ianwangeeen"},"content":"        case TRAINING_SCHEDULE_ENTRY:","lastModifiedDate":"2021-10-05"},{"lineNumber":22,"author":{"gitId":"ianwangeeen"},"content":"            Parser.makeTodoTask(trainings, entry);","lastModifiedDate":"2021-10-05"},{"lineNumber":23,"author":{"gitId":"ianwangeeen"},"content":"            break;","lastModifiedDate":"2021-10-05"},{"lineNumber":24,"author":{"gitId":"ianwangeeen"},"content":"        case LIST_KEYWORD:","lastModifiedDate":"2021-10-05"},{"lineNumber":25,"author":{"gitId":"ianwangeeen"},"content":"            Ui.printList(entry);","lastModifiedDate":"2021-10-05"},{"lineNumber":26,"author":{"gitId":"ianwangeeen"},"content":"            break;","lastModifiedDate":"2021-10-05"},{"lineNumber":27,"author":{"gitId":"ianwangeeen"},"content":"        case ADD_MEMBER_KEYWORD:","lastModifiedDate":"2021-10-05"},{"lineNumber":28,"author":{"gitId":"ianwangeeen"},"content":"            Parser.addItem(members, entry);","lastModifiedDate":"2021-10-05"},{"lineNumber":29,"author":{"gitId":"ianwangeeen"},"content":"            break;","lastModifiedDate":"2021-10-05"},{"lineNumber":30,"author":{"gitId":"ianwangeeen"},"content":"        case ADD_TRAINING_KEYWORD:","lastModifiedDate":"2021-10-05"},{"lineNumber":31,"author":{"gitId":"ianwangeeen"},"content":"            Parser.addItem(trainings, entry);","lastModifiedDate":"2021-10-05"},{"lineNumber":32,"author":{"gitId":"ianwangeeen"},"content":"        case DELETE_MEMBER_KEYWORD:","lastModifiedDate":"2021-10-05"},{"lineNumber":33,"author":{"gitId":"ianwangeeen"},"content":"            Parser.deleteItem(members, entry);","lastModifiedDate":"2021-10-05"},{"lineNumber":34,"author":{"gitId":"ianwangeeen"},"content":"            break;","lastModifiedDate":"2021-10-05"},{"lineNumber":35,"author":{"gitId":"ianwangeeen"},"content":"        case DELETE_TRAINING_KEYWORD:","lastModifiedDate":"2021-10-05"},{"lineNumber":36,"author":{"gitId":"ianwangeeen"},"content":"            Parser.deleteItem(trainings, entry);","lastModifiedDate":"2021-10-05"},{"lineNumber":37,"author":{"gitId":"ianwangeeen"},"content":"        case FIND_KEYWORD:","lastModifiedDate":"2021-10-05"},{"lineNumber":38,"author":{"gitId":"ianwangeeen"},"content":"            Parser.findMatching(members, entry);","lastModifiedDate":"2021-10-05"},{"lineNumber":39,"author":{"gitId":"ianwangeeen"},"content":"            break;","lastModifiedDate":"2021-10-05"},{"lineNumber":40,"author":{"gitId":"ianwangeeen"},"content":"        case NO_KEYWORD:","lastModifiedDate":"2021-10-05"},{"lineNumber":41,"author":{"gitId":"ianwangeeen"},"content":"            Parser.wrongInputTypeMessage();","lastModifiedDate":"2021-10-05"},{"lineNumber":42,"author":{"gitId":"ianwangeeen"},"content":"            break;","lastModifiedDate":"2021-10-05"},{"lineNumber":43,"author":{"gitId":"ianwangeeen"},"content":"        case EXIT_KEYWORD:","lastModifiedDate":"2021-10-05"},{"lineNumber":44,"author":{"gitId":"ianwangeeen"},"content":"            Ui.printGoodbyeMessage();","lastModifiedDate":"2021-10-05"},{"lineNumber":45,"author":{"gitId":"ianwangeeen"},"content":"            break;","lastModifiedDate":"2021-10-05"},{"lineNumber":46,"author":{"gitId":"ianwangeeen"},"content":"        }","lastModifiedDate":"2021-10-05"},{"lineNumber":47,"author":{"gitId":"ianwangeeen"},"content":"    }","lastModifiedDate":"2021-10-05"},{"lineNumber":48,"author":{"gitId":"ianwangeeen"},"content":"}","lastModifiedDate":"2021-10-05"}],"authorContributionMap":{"ianwangeeen":48}},{"path":"src/main/java/seedu/duke/Keyword.java","fileType":"functional-code","lines":[{"lineNumber":1,"author":{"gitId":"ianwangeeen"},"content":"package seedu.duke;","lastModifiedDate":"2021-10-05"},{"lineNumber":2,"author":{"gitId":"ianwangeeen"},"content":"public enum Keyword {","lastModifiedDate":"2021-10-05"},{"lineNumber":3,"author":{"gitId":"ianwangeeen"},"content":"    MEMBER_ENTRY, TRAINING_SCHEDULE_ENTRY, LIST_KEYWORD, NO_KEYWORD, EXIT_KEYWORD, ADD_MEMBER_KEYWORD,","lastModifiedDate":"2021-10-05"},{"lineNumber":4,"author":{"gitId":"ianwangeeen"},"content":"    ADD_TRAINING_KEYWORD, DELETE_MEMBER_KEYWORD, DELETE_TRAINING_KEYWORD, FIND_KEYWORD","lastModifiedDate":"2021-10-05"},{"lineNumber":5,"author":{"gitId":"ianwangeeen"},"content":"}","lastModifiedDate":"2021-10-05"}],"authorContributionMap":{"ianwangeeen":5}},{"path":"src/main/java/seedu/duke/TrainingSchedule.java","fileType":"functional-code","lines":[{"lineNumber":1,"author":{"gitId":"ianwangeeen"},"content":"package seedu.duke;","lastModifiedDate":"2021-10-06"},{"lineNumber":2,"author":{"gitId":"ianwangeeen"},"content":"public class TrainingSchedule {","lastModifiedDate":"2021-10-06"},{"lineNumber":3,"author":{"gitId":"ianwangeeen"},"content":"","lastModifiedDate":"2021-10-06"},{"lineNumber":4,"author":{"gitId":"ianwangeeen"},"content":"}","lastModifiedDate":"2021-10-06"}],"authorContributionMap":{"ianwangeeen":4}}]
