{"authorDailyContributionsMap":{"ianwangeeen":[{"date":"2021-10-05","commitResults":[{"hash":"e6cb5bdb6e803a589177d4b1d9749dffd7fcbb2b","messageTitle":"add skeleton code for member and training schedule entries","messageBody":"","fileTypesAndContributionMap":{"functional-code":{"insertions":52,"deletions":0}}},{"hash":"5a7b35113809793e5b4b6a7efd1f5ad6a9ec8b3d","messageTitle":"Revert \"add skeleton code for member and training schedule entries\"","messageBody":"This reverts commit e6cb5bdb6e803a589177d4b1d9749dffd7fcbb2b.\n","fileTypesAndContributionMap":{"functional-code":{"insertions":0,"deletions":52}}},{"hash":"84dd5ce154924981141e5c78f819a502d55df0b8","messageTitle":"modify skeleton code","messageBody":"","fileTypesAndContributionMap":{"functional-code":{"insertions":11,"deletions":6}}}]},{"date":"2021-10-06","commitResults":[{"hash":"4189e33b7d9793b6ee94d7f575043679b708bbf8","messageTitle":"change skeleton code","messageBody":"","fileTypesAndContributionMap":{"functional-code":{"insertions":57,"deletions":0}}},{"hash":"eda3a1bcd488f2b616c1a4b402a374ce673f2934","messageTitle":"add ian wang about us","messageBody":"","fileTypesAndContributionMap":{"docs":{"insertions":1,"deletions":1}}},{"hash":"a4cc583ecfd4545bb8a8c84de48a44839eef53d1","messageTitle":"add parser skeleton","messageBody":"","fileTypesAndContributionMap":{"functional-code":{"insertions":223,"deletions":4}}}]},{"date":"2021-10-08","commitResults":[{"hash":"5e076d32a6e233dbeca7b774d0f33a16a5752101","messageTitle":"add Ui class","messageBody":"","fileTypesAndContributionMap":{"functional-code":{"insertions":116,"deletions":34}}},{"hash":"a22bb75d65517f069abcf32cdaa8a7dfab425e8a","messageTitle":"Update README.md","messageBody":"Currently has add, delete and list features only","fileTypesAndContributionMap":{"docs":{"insertions":36,"deletions":5}}},{"hash":"426d55f83805ace53d0887755b080696dd6df84d","messageTitle":"Update README.md","messageBody":"","fileTypesAndContributionMap":{"docs":{"insertions":12,"deletions":12}}},{"hash":"1f28513bd737968a62a480a199ece78495e0b903","messageTitle":"Update README.md","messageBody":"","fileTypesAndContributionMap":{"docs":{"insertions":7,"deletions":7}}},{"hash":"69115d72621d20fb2e829135f6c8cc6b2ab0b6e5","messageTitle":"Update README.md","messageBody":"","fileTypesAndContributionMap":{"docs":{"insertions":6,"deletions":6}}},{"hash":"46f0e9530cc47f8c737c554b9ecc52caafe49809","messageTitle":"Update README.md","messageBody":"","fileTypesAndContributionMap":{"docs":{"insertions":6,"deletions":6}}},{"hash":"05c80ffc3b1c2e373d9026b8f717fe90ebfe63f9","messageTitle":"Update README.md","messageBody":"","fileTypesAndContributionMap":{"docs":{"insertions":6,"deletions":6}}},{"hash":"87e015cd95b67a62f56c9b007d89d7c703bbdfa9","messageTitle":"Update UserGuide.md","messageBody":"","fileTypesAndContributionMap":{"docs":{"insertions":37,"deletions":30}}},{"hash":"45f97cbcf17a138dfbf18309ce7aada303ad89e8","messageTitle":"Update README.md","messageBody":"","fileTypesAndContributionMap":{"docs":{"insertions":1,"deletions":1}}}]},{"date":"2021-10-09","commitResults":[{"hash":"deade39e3b72216a668990ab78923c7612ef9b66","messageTitle":"add JUnit tests","messageBody":"","fileTypesAndContributionMap":{"functional-code":{"insertions":99,"deletions":51},"test-code":{"insertions":26,"deletions":2}}}]}],"izdiyadfrhn":[{"date":"2021-10-05","commitResults":[{"hash":"f2777f079876e8119bb25c7e452b8052da4244a0","messageTitle":"edited docs/AboutUs.md","messageBody":"","fileTypesAndContributionMap":{"docs":{"insertions":1,"deletions":1}}},{"hash":"77eb9a7db2aa4701e98870a86ab734fd8666c3ee","messageTitle":"Update AboutUs.md","messageBody":"","fileTypesAndContributionMap":{"docs":{"insertions":1,"deletions":1}}}]},{"date":"2021-10-09","commitResults":[{"hash":"33caf80ad24b7f732fd245e80cb47c0dfbcb2ad2","messageTitle":"Created Attendance and AttendanceList classes","messageBody":"","fileTypesAndContributionMap":{"functional-code":{"insertions":153,"deletions":4}}},{"hash":"4c895ecfd331459e98c3326b1b9ec30d2fb0fc11","messageTitle":"Add deleteAttendance function including JUnit test for deleteAttendance.","messageBody":"","fileTypesAndContributionMap":{"functional-code":{"insertions":53,"deletions":0},"test-code":{"insertions":67,"deletions":0}}}]},{"date":"2021-10-10","commitResults":[{"hash":"2b852a05114b84d666fc1ad10ccded2ea60c2451","messageTitle":"Fixed deleteAttendace function","messageBody":"","fileTypesAndContributionMap":{"functional-code":{"insertions":49,"deletions":30}}},{"hash":"e011ece43e6d32f2f0b7768a3529b76c02604a45","messageTitle":"Updated User Guide to include Attendance","messageBody":"","fileTypesAndContributionMap":{"functional-code":{"insertions":1,"deletions":13},"docs":{"insertions":47,"deletions":19}}},{"hash":"0107741725bed293d93712f7efd7e284fce92d43","messageTitle":"Added assertions into minor Attendance-related functions.","messageBody":"","fileTypesAndContributionMap":{"functional-code":{"insertions":5,"deletions":18},"other":{"insertions":1,"deletions":0}}}]}],"xingyuan123":[{"date":"2021-10-05","commitResults":[{"hash":"71b7cfed94545a0fba8e6ea93022f3962aea3358","messageTitle":"about me","messageBody":"","fileTypesAndContributionMap":{"docs":{"insertions":1,"deletions":1}}}]},{"date":"2021-10-10","commitResults":[{"hash":"9a086aa218a2e147eb26727da3aad5a242e8a66d","messageTitle":"able to write to csv file","messageBody":"","fileTypesAndContributionMap":{"functional-code":{"insertions":43,"deletions":0}}},{"hash":"d855a95c4ec5ae21377866bdb163527699ef3870","messageTitle":" csv file","messageBody":"","fileTypesAndContributionMap":{"functional-code":{"insertions":104,"deletions":0}}}]}],"poppolette":[{"date":"2021-10-05","commitResults":[{"hash":"49d5af90e58e66f8fe2b6fac070f058c47440155","messageTitle":"Change AboutUs to include Glenn information","messageBody":"","fileTypesAndContributionMap":{"docs":{"insertions":1,"deletions":1}}}]},{"date":"2021-10-07","commitResults":[{"hash":"d2eef689e8ec03d41632bdbed86e206efb6f7605","messageTitle":"Add training package, includes TrainingList and TrainingSchedule class. Add functionality for adding training, listing training and deleting training","messageBody":"","fileTypesAndContributionMap":{"functional-code":{"insertions":250,"deletions":106}}},{"hash":"1f3ba2f4edb8501fe8aef67aab377ad6a90f618e","messageTitle":"Add editTraining functionality","messageBody":"","fileTypesAndContributionMap":{"functional-code":{"insertions":65,"deletions":5}}},{"hash":"e59f12e16ea88725c1e396d89116b615b2d81630","messageTitle":"Edit getTrainingDescription format, add JUnit tests for TrainingTests and TrainingSchedule","messageBody":"","fileTypesAndContributionMap":{"functional-code":{"insertions":1,"deletions":1},"test-code":{"insertions":52,"deletions":0}}}]},{"date":"2021-10-09","commitResults":[{"hash":"2d76db84851b963338c62bd17d58509748442cd7","messageTitle":"Edit userguide.md to include expected outputs and table of contents","messageBody":"","fileTypesAndContributionMap":{"functional-code":{"insertions":3,"deletions":3},"docs":{"insertions":80,"deletions":21}}},{"hash":"f08089ecf95a5210ee1bafd61c1ed1531c015447","messageTitle":"Fixes to code to follow coding format","messageBody":"","fileTypesAndContributionMap":{"functional-code":{"insertions":65,"deletions":26}}},{"hash":"1dcb403cd31c0ab580529e7695f65f4b13734aea","messageTitle":"Fix coding format errors to follow coding style","messageBody":"","fileTypesAndContributionMap":{"functional-code":{"insertions":13,"deletions":10}}},{"hash":"6a9ccd8492dd7f44289ed7532a6e6f2964d09c50","messageTitle":"Fix more coding format violations","messageBody":"","fileTypesAndContributionMap":{"test-code":{"insertions":5,"deletions":4}}},{"hash":"65622139170833cc2488b29a192b5d6f15ffd51d","messageTitle":"More fix to address coding standard violations","messageBody":"","fileTypesAndContributionMap":{"test-code":{"insertions":1,"deletions":2}}},{"hash":"d4b0c5052b705a0709143afd45cbb6a053bbe6b8","messageTitle":"Fix test cases assertions","messageBody":"","fileTypesAndContributionMap":{"functional-code":{"insertions":14,"deletions":21},"test-code":{"insertions":15,"deletions":13}}},{"hash":"3ecc70c573b62a745967a7d6c1ece0010a154054","messageTitle":"Fix more assertion errors","messageBody":"","fileTypesAndContributionMap":{"functional-code":{"insertions":8,"deletions":6},"test-code":{"insertions":8,"deletions":2}}},{"hash":"705fb5190677bdc6e90ccf0a31f50b553d590efc","messageTitle":"Minor fix to switch-case statement in Entry.java","messageBody":"","fileTypesAndContributionMap":{"functional-code":{"insertions":1,"deletions":0}}},{"hash":"1e9ca0f2af8d8d31299117e3665cb09e3be12734","messageTitle":"Attempt to fix assertion errors","messageBody":"","fileTypesAndContributionMap":{"test-code":{"insertions":4,"deletions":5}}}]}],"Teckwhye":[{"date":"2021-10-05","commitResults":[{"hash":"72c742e1cc002639588ca40ae6b581f47877f2d0","messageTitle":"Added details to about us md","messageBody":"","fileTypesAndContributionMap":{"docs":{"insertions":1,"deletions":1}}}]},{"date":"2021-10-07","commitResults":[{"hash":"80ce541113595176543e598cfa40a00e4b58ad04","messageTitle":"Added member and member list class. Now able to add members. Create some JUnit test case for parser and member list.","messageBody":"","fileTypesAndContributionMap":{"functional-code":{"insertions":159,"deletions":14},"test-code":{"insertions":64,"deletions":0}}},{"hash":"4a8d9c71044064d01786a724b6cac09fbd818e82","messageTitle":"Add Delete Member Function including JUnit test for delete member.","messageBody":"","fileTypesAndContributionMap":{"functional-code":{"insertions":31,"deletions":9},"test-code":{"insertions":51,"deletions":3}}},{"hash":"04208bd478f262bff52f41c14cee31ab9057881c","messageTitle":"Add edit members functionality","messageBody":"","fileTypesAndContributionMap":{"functional-code":{"insertions":94,"deletions":1},"test-code":{"insertions":16,"deletions":5}}}]}]},"authorFileTypeContributionMap":{"ianwangeeen":{"docs":51,"functional-code":272,"test-code":25},"izdiyadfrhn":{"docs":43,"functional-code":187,"test-code":66,"other":1},"xingyuan123":{"docs":1,"functional-code":141,"test-code":0},"poppolette":{"docs":69,"functional-code":334,"test-code":68},"Teckwhye":{"docs":1,"functional-code":264,"test-code":114}},"authorContributionVariance":{"ianwangeeen":11680.745,"izdiyadfrhn":6048.625,"xingyuan123":1264.0898,"poppolette":18630.938,"Teckwhye":11700.808},"authorDisplayNameMap":{"ianwangeeen":"CS2113T-F12-4 IAN ..E EN","izdiyadfrhn":"CS2113T-F12-4 IZDI..ZURI","xingyuan123":"CS2113T-F12-4 KOM ..YUAN","poppolette":"CS2113T-F12-4 TAN ..LENN","Teckwhye":"CS2113T-F12-4 TAN ..HWEE"}}
