[{"path":"docs/AboutUs.md","fileType":"docs","lines":[{"lineNumber":1,"author":{"gitId":"-"},"content":"# About us","lastModifiedDate":"2020-05-24"},{"lineNumber":2,"author":{"gitId":"-"},"content":"","lastModifiedDate":"2020-05-24"},{"lineNumber":3,"author":{"gitId":"-"},"content":"Display | Name | Github Profile | Portfolio ","lastModifiedDate":"2020-05-24"},{"lineNumber":4,"author":{"gitId":"-"},"content":"--------|:----:|:--------------:|:---------:","lastModifiedDate":"2020-05-24"},{"lineNumber":5,"author":{"gitId":"bobowoo2468"},"content":"![](https://via.placeholder.com/100.png?text\u003dPhoto) | Woo Bo Tuan | [Github](https://github.com/) | [Portfolio](docs/team/johndoe.md)","lastModifiedDate":"2021-10-01"},{"lineNumber":6,"author":{"gitId":"bobowoo2468"},"content":"![](https://via.placeholder.com/100.png?text\u003dPhoto) | Yip Wayne | [Github](https://github.com/) | [Portfolio](docs/team/johndoe.md)","lastModifiedDate":"2021-10-06"},{"lineNumber":7,"author":{"gitId":"swongts"},"content":"![](https://via.placeholder.com/100.png?text\u003dPhoto) | Wong Tze Shan Samantha | [Github](https://github.com/swongts) | [Portfolio](docs/team/johndoe.md)","lastModifiedDate":"2021-10-01"},{"lineNumber":8,"author":{"gitId":"Demonshaha"},"content":"![](https://via.placeholder.com/100.png?text\u003dPhoto) | Zhou Chengxu | [Github](https://github.com/) | [Portfolio](docs/team/johndoe.md)","lastModifiedDate":"2021-10-07"},{"lineNumber":9,"author":{"gitId":"Demonshaha"},"content":"","lastModifiedDate":"2021-10-07"}],"authorContributionMap":{"Demonshaha":2,"-":4,"bobowoo2468":2,"swongts":1}},{"path":"src/main/java/seedu/duke/AddCommand.java","fileType":"functional-code","lines":[{"lineNumber":1,"author":{"gitId":"bobowoo2468"},"content":"package seedu.duke;","lastModifiedDate":"2021-10-08"},{"lineNumber":2,"author":{"gitId":"bobowoo2468"},"content":"","lastModifiedDate":"2021-10-08"},{"lineNumber":3,"author":{"gitId":"bobowoo2468"},"content":"public class AddCommand extends Command {","lastModifiedDate":"2021-10-08"},{"lineNumber":4,"author":{"gitId":"bobowoo2468"},"content":"    private final Client client;","lastModifiedDate":"2021-10-08"},{"lineNumber":5,"author":{"gitId":"bobowoo2468"},"content":"","lastModifiedDate":"2021-10-08"},{"lineNumber":6,"author":{"gitId":"bobowoo2468"},"content":"    public AddCommand(Client client) {","lastModifiedDate":"2021-10-08"},{"lineNumber":7,"author":{"gitId":"bobowoo2468"},"content":"        this.client \u003d client;","lastModifiedDate":"2021-10-08"},{"lineNumber":8,"author":{"gitId":"bobowoo2468"},"content":"    }","lastModifiedDate":"2021-10-08"},{"lineNumber":9,"author":{"gitId":"bobowoo2468"},"content":"","lastModifiedDate":"2021-10-08"},{"lineNumber":10,"author":{"gitId":"bobowoo2468"},"content":"    @Override","lastModifiedDate":"2021-10-08"},{"lineNumber":11,"author":{"gitId":"bobowoo2468"},"content":"    public void execute(ClientList clients, Ui ui) {","lastModifiedDate":"2021-10-08"},{"lineNumber":12,"author":{"gitId":"bobowoo2468"},"content":"        clients.add(client, ui);","lastModifiedDate":"2021-10-11"},{"lineNumber":13,"author":{"gitId":"bobowoo2468"},"content":"    }","lastModifiedDate":"2021-10-08"},{"lineNumber":14,"author":{"gitId":"bobowoo2468"},"content":"}","lastModifiedDate":"2021-10-08"}],"authorContributionMap":{"bobowoo2468":14}},{"path":"src/main/java/seedu/duke/ClearCommand.java","fileType":"functional-code","lines":[{"lineNumber":1,"author":{"gitId":"YipWayne"},"content":"package seedu.duke;","lastModifiedDate":"2021-10-07"},{"lineNumber":2,"author":{"gitId":"YipWayne"},"content":"","lastModifiedDate":"2021-10-07"},{"lineNumber":3,"author":{"gitId":"YipWayne"},"content":"public class ClearCommand extends Command {","lastModifiedDate":"2021-10-07"},{"lineNumber":4,"author":{"gitId":"YipWayne"},"content":"    public void execute(ClientList clientList, Ui ui) {","lastModifiedDate":"2021-10-07"},{"lineNumber":5,"author":{"gitId":"YipWayne"},"content":"        clientList.clearAllClients();","lastModifiedDate":"2021-10-07"},{"lineNumber":6,"author":{"gitId":"YipWayne"},"content":"        ui.showClear();","lastModifiedDate":"2021-10-07"},{"lineNumber":7,"author":{"gitId":"YipWayne"},"content":"    }","lastModifiedDate":"2021-10-07"},{"lineNumber":8,"author":{"gitId":"YipWayne"},"content":"","lastModifiedDate":"2021-10-07"},{"lineNumber":9,"author":{"gitId":"YipWayne"},"content":"    public boolean isExit() {","lastModifiedDate":"2021-10-07"},{"lineNumber":10,"author":{"gitId":"YipWayne"},"content":"        return false;","lastModifiedDate":"2021-10-07"},{"lineNumber":11,"author":{"gitId":"YipWayne"},"content":"    }","lastModifiedDate":"2021-10-07"},{"lineNumber":12,"author":{"gitId":"YipWayne"},"content":"}","lastModifiedDate":"2021-10-07"}],"authorContributionMap":{"YipWayne":12}},{"path":"src/main/java/seedu/duke/Client.java","fileType":"functional-code","lines":[{"lineNumber":1,"author":{"gitId":"Demonshaha"},"content":"package seedu.duke;","lastModifiedDate":"2021-10-07"},{"lineNumber":2,"author":{"gitId":"Demonshaha"},"content":"","lastModifiedDate":"2021-10-07"},{"lineNumber":3,"author":{"gitId":"Demonshaha"},"content":"public class Client {","lastModifiedDate":"2021-10-07"},{"lineNumber":4,"author":{"gitId":"Demonshaha"},"content":"    private final String name;","lastModifiedDate":"2021-10-09"},{"lineNumber":5,"author":{"gitId":"Demonshaha"},"content":"    private final String contactNum;","lastModifiedDate":"2021-10-09"},{"lineNumber":6,"author":{"gitId":"Demonshaha"},"content":"    private final String flight;","lastModifiedDate":"2021-10-09"},{"lineNumber":7,"author":{"gitId":"Demonshaha"},"content":"    private final String accomms;","lastModifiedDate":"2021-10-09"},{"lineNumber":8,"author":{"gitId":"Demonshaha"},"content":"    private final String tour;","lastModifiedDate":"2021-10-09"},{"lineNumber":9,"author":{"gitId":"Demonshaha"},"content":"","lastModifiedDate":"2021-10-07"},{"lineNumber":10,"author":{"gitId":"Demonshaha"},"content":"    public Client(String[] values) {","lastModifiedDate":"2021-10-09"},{"lineNumber":11,"author":{"gitId":"Demonshaha"},"content":"        name \u003d values[0];","lastModifiedDate":"2021-10-09"},{"lineNumber":12,"author":{"gitId":"Demonshaha"},"content":"        contactNum \u003d values[1];","lastModifiedDate":"2021-10-09"},{"lineNumber":13,"author":{"gitId":"Demonshaha"},"content":"        flight \u003d values[2];","lastModifiedDate":"2021-10-09"},{"lineNumber":14,"author":{"gitId":"Demonshaha"},"content":"        accomms \u003d values[3];","lastModifiedDate":"2021-10-09"},{"lineNumber":15,"author":{"gitId":"Demonshaha"},"content":"        tour \u003d values[4];","lastModifiedDate":"2021-10-09"},{"lineNumber":16,"author":{"gitId":"Demonshaha"},"content":"    }","lastModifiedDate":"2021-10-07"},{"lineNumber":17,"author":{"gitId":"Demonshaha"},"content":"","lastModifiedDate":"2021-10-07"},{"lineNumber":18,"author":{"gitId":"Demonshaha"},"content":"    @Override","lastModifiedDate":"2021-10-09"},{"lineNumber":19,"author":{"gitId":"Demonshaha"},"content":"    public String toString() {","lastModifiedDate":"2021-10-09"},{"lineNumber":20,"author":{"gitId":"Demonshaha"},"content":"        return \"Client\u0027s name: \" + name + System.lineSeparator() ","lastModifiedDate":"2021-10-09"},{"lineNumber":21,"author":{"gitId":"Demonshaha"},"content":"            + \"Client\u0027s contactNum: \" + contactNum + System.lineSeparator()","lastModifiedDate":"2021-10-09"},{"lineNumber":22,"author":{"gitId":"Demonshaha"},"content":"                + \"Client\u0027s flight number: \" + flight + System.lineSeparator() ","lastModifiedDate":"2021-10-09"},{"lineNumber":23,"author":{"gitId":"Demonshaha"},"content":"                    + \"Client\u0027s accomms: \" + accomms + System.lineSeparator() ","lastModifiedDate":"2021-10-09"},{"lineNumber":24,"author":{"gitId":"Demonshaha"},"content":"                        + \"Client\u0027s tour\" + tour + System.lineSeparator();","lastModifiedDate":"2021-10-09"},{"lineNumber":25,"author":{"gitId":"Demonshaha"},"content":"    }","lastModifiedDate":"2021-10-09"},{"lineNumber":26,"author":{"gitId":"Demonshaha"},"content":"}","lastModifiedDate":"2021-10-07"}],"authorContributionMap":{"Demonshaha":26}},{"path":"src/main/java/seedu/duke/ClientList.java","fileType":"functional-code","lines":[{"lineNumber":1,"author":{"gitId":"Demonshaha"},"content":"package seedu.duke;","lastModifiedDate":"2021-10-07"},{"lineNumber":2,"author":{"gitId":"Demonshaha"},"content":"","lastModifiedDate":"2021-10-07"},{"lineNumber":3,"author":{"gitId":"Demonshaha"},"content":"import java.util.ArrayList;","lastModifiedDate":"2021-10-07"},{"lineNumber":4,"author":{"gitId":"Demonshaha"},"content":"","lastModifiedDate":"2021-10-07"},{"lineNumber":5,"author":{"gitId":"Demonshaha"},"content":"public class ClientList {","lastModifiedDate":"2021-10-07"},{"lineNumber":6,"author":{"gitId":"Demonshaha"},"content":"    private static ArrayList\u003cClient\u003e clients;","lastModifiedDate":"2021-10-07"},{"lineNumber":7,"author":{"gitId":"Demonshaha"},"content":"    private static int clientCount \u003d 0;","lastModifiedDate":"2021-10-07"},{"lineNumber":8,"author":{"gitId":"Demonshaha"},"content":"","lastModifiedDate":"2021-10-07"},{"lineNumber":9,"author":{"gitId":"Demonshaha"},"content":"    public ClientList() {","lastModifiedDate":"2021-10-07"},{"lineNumber":10,"author":{"gitId":"Demonshaha"},"content":"        clients \u003d new ArrayList\u003c\u003e();","lastModifiedDate":"2021-10-07"},{"lineNumber":11,"author":{"gitId":"Demonshaha"},"content":"        clientCount \u003d 0;","lastModifiedDate":"2021-10-07"},{"lineNumber":12,"author":{"gitId":"Demonshaha"},"content":"    }","lastModifiedDate":"2021-10-07"},{"lineNumber":13,"author":{"gitId":"Demonshaha"},"content":"","lastModifiedDate":"2021-10-07"},{"lineNumber":14,"author":{"gitId":"bobowoo2468"},"content":"    public void add(Client client, Ui ui) {","lastModifiedDate":"2021-10-11"},{"lineNumber":15,"author":{"gitId":"Demonshaha"},"content":"        clients.add(client);","lastModifiedDate":"2021-10-07"},{"lineNumber":16,"author":{"gitId":"bobowoo2468"},"content":"        ui.showAdd(client);","lastModifiedDate":"2021-10-11"},{"lineNumber":17,"author":{"gitId":"Demonshaha"},"content":"        clientCount++;","lastModifiedDate":"2021-10-07"},{"lineNumber":18,"author":{"gitId":"Demonshaha"},"content":"    }","lastModifiedDate":"2021-10-07"},{"lineNumber":19,"author":{"gitId":"Demonshaha"},"content":"","lastModifiedDate":"2021-10-07"},{"lineNumber":20,"author":{"gitId":"YipWayne"},"content":"    public int getClientCount() {","lastModifiedDate":"2021-10-07"},{"lineNumber":21,"author":{"gitId":"YipWayne"},"content":"        return clientCount;","lastModifiedDate":"2021-10-07"},{"lineNumber":22,"author":{"gitId":"YipWayne"},"content":"    }","lastModifiedDate":"2021-10-07"},{"lineNumber":23,"author":{"gitId":"YipWayne"},"content":"","lastModifiedDate":"2021-10-07"},{"lineNumber":24,"author":{"gitId":"YipWayne"},"content":"    public Client getClient(int index) {","lastModifiedDate":"2021-10-07"},{"lineNumber":25,"author":{"gitId":"YipWayne"},"content":"        return clients.get(index);","lastModifiedDate":"2021-10-07"},{"lineNumber":26,"author":{"gitId":"YipWayne"},"content":"    }","lastModifiedDate":"2021-10-07"},{"lineNumber":27,"author":{"gitId":"YipWayne"},"content":"","lastModifiedDate":"2021-10-07"},{"lineNumber":28,"author":{"gitId":"YipWayne"},"content":"    public void clearAllClients() {","lastModifiedDate":"2021-10-07"},{"lineNumber":29,"author":{"gitId":"YipWayne"},"content":"        clients.clear();","lastModifiedDate":"2021-10-07"},{"lineNumber":30,"author":{"gitId":"YipWayne"},"content":"    }","lastModifiedDate":"2021-10-07"},{"lineNumber":31,"author":{"gitId":"YipWayne"},"content":"","lastModifiedDate":"2021-10-07"},{"lineNumber":32,"author":{"gitId":"swongts"},"content":"    public void cut(int clientIndex, Ui ui) {","lastModifiedDate":"2021-10-07"},{"lineNumber":33,"author":{"gitId":"swongts"},"content":"        Client client \u003d clients.get(clientIndex);","lastModifiedDate":"2021-10-07"},{"lineNumber":34,"author":{"gitId":"swongts"},"content":"        ui.showCut(client);","lastModifiedDate":"2021-10-07"},{"lineNumber":35,"author":{"gitId":"swongts"},"content":"        clients.remove(clientIndex);","lastModifiedDate":"2021-10-07"},{"lineNumber":36,"author":{"gitId":"swongts"},"content":"        clientCount--;","lastModifiedDate":"2021-10-07"},{"lineNumber":37,"author":{"gitId":"swongts"},"content":"    }","lastModifiedDate":"2021-10-07"},{"lineNumber":38,"author":{"gitId":"Demonshaha"},"content":"}","lastModifiedDate":"2021-10-07"}],"authorContributionMap":{"YipWayne":12,"Demonshaha":18,"bobowoo2468":2,"swongts":6}},{"path":"src/main/java/seedu/duke/Command.java","fileType":"functional-code","lines":[{"lineNumber":1,"author":{"gitId":"bobowoo2468"},"content":"package seedu.duke;","lastModifiedDate":"2021-10-07"},{"lineNumber":2,"author":{"gitId":"bobowoo2468"},"content":"","lastModifiedDate":"2021-10-07"},{"lineNumber":3,"author":{"gitId":"bobowoo2468"},"content":"public abstract class Command {","lastModifiedDate":"2021-10-07"},{"lineNumber":4,"author":{"gitId":"YipWayne"},"content":"  ","lastModifiedDate":"2021-10-07"},{"lineNumber":5,"author":{"gitId":"YipWayne"},"content":"    public abstract void execute(ClientList client, Ui ui);","lastModifiedDate":"2021-10-07"},{"lineNumber":6,"author":{"gitId":"bobowoo2468"},"content":"","lastModifiedDate":"2021-10-07"},{"lineNumber":7,"author":{"gitId":"bobowoo2468"},"content":"    public boolean isExit() {","lastModifiedDate":"2021-10-07"},{"lineNumber":8,"author":{"gitId":"bobowoo2468"},"content":"        return false;","lastModifiedDate":"2021-10-07"},{"lineNumber":9,"author":{"gitId":"bobowoo2468"},"content":"    }","lastModifiedDate":"2021-10-07"},{"lineNumber":10,"author":{"gitId":"bobowoo2468"},"content":"}","lastModifiedDate":"2021-10-07"}],"authorContributionMap":{"YipWayne":2,"bobowoo2468":8}},{"path":"src/main/java/seedu/duke/CutCommand.java","fileType":"functional-code","lines":[{"lineNumber":1,"author":{"gitId":"swongts"},"content":"package seedu.duke;","lastModifiedDate":"2021-10-07"},{"lineNumber":2,"author":{"gitId":"swongts"},"content":"","lastModifiedDate":"2021-10-07"},{"lineNumber":3,"author":{"gitId":"swongts"},"content":"public class CutCommand extends Command {","lastModifiedDate":"2021-10-07"},{"lineNumber":4,"author":{"gitId":"bobowoo2468"},"content":"    private final int clientIndex;","lastModifiedDate":"2021-10-11"},{"lineNumber":5,"author":{"gitId":"swongts"},"content":"","lastModifiedDate":"2021-10-07"},{"lineNumber":6,"author":{"gitId":"swongts"},"content":"    public CutCommand(int clientIndex) {","lastModifiedDate":"2021-10-07"},{"lineNumber":7,"author":{"gitId":"swongts"},"content":"        this.clientIndex \u003d clientIndex;","lastModifiedDate":"2021-10-07"},{"lineNumber":8,"author":{"gitId":"swongts"},"content":"    }","lastModifiedDate":"2021-10-07"},{"lineNumber":9,"author":{"gitId":"swongts"},"content":"","lastModifiedDate":"2021-10-07"},{"lineNumber":10,"author":{"gitId":"swongts"},"content":"    @Override","lastModifiedDate":"2021-10-07"},{"lineNumber":11,"author":{"gitId":"swongts"},"content":"    public void execute(ClientList clients, Ui ui) {","lastModifiedDate":"2021-10-07"},{"lineNumber":12,"author":{"gitId":"swongts"},"content":"        clients.cut(clientIndex, ui);","lastModifiedDate":"2021-10-07"},{"lineNumber":13,"author":{"gitId":"swongts"},"content":"    }","lastModifiedDate":"2021-10-07"},{"lineNumber":14,"author":{"gitId":"swongts"},"content":"}","lastModifiedDate":"2021-10-07"}],"authorContributionMap":{"bobowoo2468":1,"swongts":13}},{"path":"src/main/java/seedu/duke/ListCommand.java","fileType":"functional-code","lines":[{"lineNumber":1,"author":{"gitId":"YipWayne"},"content":"package seedu.duke;","lastModifiedDate":"2021-10-07"},{"lineNumber":2,"author":{"gitId":"YipWayne"},"content":"","lastModifiedDate":"2021-10-07"},{"lineNumber":3,"author":{"gitId":"YipWayne"},"content":"public class ListCommand extends Command {","lastModifiedDate":"2021-10-07"},{"lineNumber":4,"author":{"gitId":"YipWayne"},"content":"    public void execute(ClientList clientList, Ui ui) {","lastModifiedDate":"2021-10-07"},{"lineNumber":5,"author":{"gitId":"YipWayne"},"content":"        System.out.println(\"Here is a list of all your clients:\");","lastModifiedDate":"2021-10-07"},{"lineNumber":6,"author":{"gitId":"YipWayne"},"content":"        for (int i \u003d 1; i \u003c\u003d clientList.getClientCount(); i++) {","lastModifiedDate":"2021-10-07"},{"lineNumber":7,"author":{"gitId":"YipWayne"},"content":"            Client currClient \u003d clientList.getClient(i - 1);","lastModifiedDate":"2021-10-07"},{"lineNumber":8,"author":{"gitId":"YipWayne"},"content":"            System.out.println(i + \". \" + currClient);","lastModifiedDate":"2021-10-07"},{"lineNumber":9,"author":{"gitId":"YipWayne"},"content":"        }","lastModifiedDate":"2021-10-07"},{"lineNumber":10,"author":{"gitId":"YipWayne"},"content":"    }","lastModifiedDate":"2021-10-07"},{"lineNumber":11,"author":{"gitId":"YipWayne"},"content":"","lastModifiedDate":"2021-10-07"},{"lineNumber":12,"author":{"gitId":"YipWayne"},"content":"    public boolean isExit() {","lastModifiedDate":"2021-10-07"},{"lineNumber":13,"author":{"gitId":"YipWayne"},"content":"        return false;","lastModifiedDate":"2021-10-07"},{"lineNumber":14,"author":{"gitId":"YipWayne"},"content":"    }","lastModifiedDate":"2021-10-07"},{"lineNumber":15,"author":{"gitId":"YipWayne"},"content":"}","lastModifiedDate":"2021-10-07"},{"lineNumber":16,"author":{"gitId":"YipWayne"},"content":"","lastModifiedDate":"2021-10-07"}],"authorContributionMap":{"YipWayne":16}},{"path":"src/main/java/seedu/duke/Parser.java","fileType":"functional-code","lines":[{"lineNumber":1,"author":{"gitId":"swongts"},"content":"package seedu.duke;","lastModifiedDate":"2021-10-07"},{"lineNumber":2,"author":{"gitId":"swongts"},"content":"","lastModifiedDate":"2021-10-07"},{"lineNumber":3,"author":{"gitId":"bobowoo2468"},"content":"import java.util.Map;","lastModifiedDate":"2021-10-08"},{"lineNumber":4,"author":{"gitId":"bobowoo2468"},"content":"import java.util.SortedMap;","lastModifiedDate":"2021-10-08"},{"lineNumber":5,"author":{"gitId":"bobowoo2468"},"content":"import java.util.TreeMap;","lastModifiedDate":"2021-10-08"},{"lineNumber":6,"author":{"gitId":"bobowoo2468"},"content":"","lastModifiedDate":"2021-10-08"},{"lineNumber":7,"author":{"gitId":"swongts"},"content":"public class Parser {","lastModifiedDate":"2021-10-07"},{"lineNumber":8,"author":{"gitId":"YipWayne"},"content":"    public static Command parse(String input) {","lastModifiedDate":"2021-10-07"},{"lineNumber":9,"author":{"gitId":"swongts"},"content":"        String[] commandAndParams \u003d splitCommandString(input, \" \");","lastModifiedDate":"2021-10-07"},{"lineNumber":10,"author":{"gitId":"swongts"},"content":"        String command \u003d commandAndParams[0];","lastModifiedDate":"2021-10-07"},{"lineNumber":11,"author":{"gitId":"swongts"},"content":"        String params \u003d commandAndParams[1];","lastModifiedDate":"2021-10-07"},{"lineNumber":12,"author":{"gitId":"YipWayne"},"content":"        switch (command) {","lastModifiedDate":"2021-10-07"},{"lineNumber":13,"author":{"gitId":"bobowoo2468"},"content":"        case \"add\":","lastModifiedDate":"2021-10-08"},{"lineNumber":14,"author":{"gitId":"bobowoo2468"},"content":"            return executeAddCommand(params);","lastModifiedDate":"2021-10-08"},{"lineNumber":15,"author":{"gitId":"YipWayne"},"content":"        case \"list\":","lastModifiedDate":"2021-10-07"},{"lineNumber":16,"author":{"gitId":"YipWayne"},"content":"            return new ListCommand();","lastModifiedDate":"2021-10-07"},{"lineNumber":17,"author":{"gitId":"YipWayne"},"content":"        case \"clear\":","lastModifiedDate":"2021-10-07"},{"lineNumber":18,"author":{"gitId":"YipWayne"},"content":"            return new ClearCommand();","lastModifiedDate":"2021-10-07"},{"lineNumber":19,"author":{"gitId":"swongts"},"content":"        case \"cut\":","lastModifiedDate":"2021-10-07"},{"lineNumber":20,"author":{"gitId":"swongts"},"content":"            return parseCut(params);","lastModifiedDate":"2021-10-07"},{"lineNumber":21,"author":{"gitId":"YipWayne"},"content":"        default:","lastModifiedDate":"2021-10-07"},{"lineNumber":22,"author":{"gitId":"YipWayne"},"content":"            System.out.println(\"INVALID\");","lastModifiedDate":"2021-10-07"},{"lineNumber":23,"author":{"gitId":"YipWayne"},"content":"            break;","lastModifiedDate":"2021-10-07"},{"lineNumber":24,"author":{"gitId":"YipWayne"},"content":"        }","lastModifiedDate":"2021-10-07"},{"lineNumber":25,"author":{"gitId":"YipWayne"},"content":"        return null;","lastModifiedDate":"2021-10-07"},{"lineNumber":26,"author":{"gitId":"swongts"},"content":"    }","lastModifiedDate":"2021-10-07"},{"lineNumber":27,"author":{"gitId":"swongts"},"content":"","lastModifiedDate":"2021-10-07"},{"lineNumber":28,"author":{"gitId":"swongts"},"content":"    public static String[] splitCommandString(String input, String separator) {","lastModifiedDate":"2021-10-07"},{"lineNumber":29,"author":{"gitId":"swongts"},"content":"        String[] split \u003d input.trim().split(separator, 2);","lastModifiedDate":"2021-10-07"},{"lineNumber":30,"author":{"gitId":"swongts"},"content":"        return split.length \u003d\u003d 2 ? split : new String[]{split[0], \"\"};","lastModifiedDate":"2021-10-07"},{"lineNumber":31,"author":{"gitId":"swongts"},"content":"    }","lastModifiedDate":"2021-10-07"},{"lineNumber":32,"author":{"gitId":"swongts"},"content":"","lastModifiedDate":"2021-10-07"},{"lineNumber":33,"author":{"gitId":"bobowoo2468"},"content":"    private static AddCommand executeAddCommand(String params) {","lastModifiedDate":"2021-10-08"},{"lineNumber":34,"author":{"gitId":"bobowoo2468"},"content":"        SortedMap\u003cInteger, String\u003e valueIndex \u003d extractValueIndexes(params);","lastModifiedDate":"2021-10-08"},{"lineNumber":35,"author":{"gitId":"bobowoo2468"},"content":"        String[] values \u003d extractValues(valueIndex, params);","lastModifiedDate":"2021-10-08"},{"lineNumber":36,"author":{"gitId":"bobowoo2468"},"content":"        Client client \u003d new Client(values);","lastModifiedDate":"2021-10-08"},{"lineNumber":37,"author":{"gitId":"bobowoo2468"},"content":"        return new AddCommand(client);","lastModifiedDate":"2021-10-08"},{"lineNumber":38,"author":{"gitId":"bobowoo2468"},"content":"    }","lastModifiedDate":"2021-10-08"},{"lineNumber":39,"author":{"gitId":"bobowoo2468"},"content":"","lastModifiedDate":"2021-10-08"},{"lineNumber":40,"author":{"gitId":"bobowoo2468"},"content":"    private enum Prefix {","lastModifiedDate":"2021-10-08"},{"lineNumber":41,"author":{"gitId":"bobowoo2468"},"content":"        HAS_CONTACT,","lastModifiedDate":"2021-10-08"},{"lineNumber":42,"author":{"gitId":"bobowoo2468"},"content":"        HAS_FLIGHT,","lastModifiedDate":"2021-10-08"},{"lineNumber":43,"author":{"gitId":"bobowoo2468"},"content":"        HAS_ACCOMMS,","lastModifiedDate":"2021-10-08"},{"lineNumber":44,"author":{"gitId":"bobowoo2468"},"content":"        HAS_TOUR,","lastModifiedDate":"2021-10-08"},{"lineNumber":45,"author":{"gitId":"bobowoo2468"},"content":"        NO_PREFIX","lastModifiedDate":"2021-10-08"},{"lineNumber":46,"author":{"gitId":"bobowoo2468"},"content":"    }","lastModifiedDate":"2021-10-08"},{"lineNumber":47,"author":{"gitId":"bobowoo2468"},"content":"","lastModifiedDate":"2021-10-08"},{"lineNumber":48,"author":{"gitId":"bobowoo2468"},"content":"    private static SortedMap\u003cInteger, String\u003e extractValueIndexes(String argString) {","lastModifiedDate":"2021-10-08"},{"lineNumber":49,"author":{"gitId":"bobowoo2468"},"content":"        SortedMap\u003cInteger, String\u003e valueIndexes \u003d new TreeMap\u003cInteger, String\u003e();","lastModifiedDate":"2021-10-08"},{"lineNumber":50,"author":{"gitId":"bobowoo2468"},"content":"        if (containAllFields(argString)) {","lastModifiedDate":"2021-10-08"},{"lineNumber":51,"author":{"gitId":"bobowoo2468"},"content":"            int contactIndex \u003d argString.indexOf(\"/cn\");","lastModifiedDate":"2021-10-08"},{"lineNumber":52,"author":{"gitId":"bobowoo2468"},"content":"            int flightIndex \u003d argString.indexOf(\"/f\");","lastModifiedDate":"2021-10-08"},{"lineNumber":53,"author":{"gitId":"bobowoo2468"},"content":"            int accommsIndex \u003d argString.indexOf(\"/a\");","lastModifiedDate":"2021-10-08"},{"lineNumber":54,"author":{"gitId":"bobowoo2468"},"content":"            int tourIndex \u003d argString.indexOf(\"/t\");","lastModifiedDate":"2021-10-08"},{"lineNumber":55,"author":{"gitId":"bobowoo2468"},"content":"            valueIndexes.put(contactIndex, \"/cn\");","lastModifiedDate":"2021-10-08"},{"lineNumber":56,"author":{"gitId":"bobowoo2468"},"content":"            valueIndexes.put(flightIndex, \"/f\");","lastModifiedDate":"2021-10-08"},{"lineNumber":57,"author":{"gitId":"bobowoo2468"},"content":"            valueIndexes.put(accommsIndex, \"/a\");","lastModifiedDate":"2021-10-08"},{"lineNumber":58,"author":{"gitId":"bobowoo2468"},"content":"            valueIndexes.put(tourIndex, \"/t\");","lastModifiedDate":"2021-10-08"},{"lineNumber":59,"author":{"gitId":"bobowoo2468"},"content":"            return valueIndexes;","lastModifiedDate":"2021-10-08"},{"lineNumber":60,"author":{"gitId":"bobowoo2468"},"content":"        } else {","lastModifiedDate":"2021-10-08"},{"lineNumber":61,"author":{"gitId":"bobowoo2468"},"content":"            return null;","lastModifiedDate":"2021-10-08"},{"lineNumber":62,"author":{"gitId":"bobowoo2468"},"content":"        }","lastModifiedDate":"2021-10-08"},{"lineNumber":63,"author":{"gitId":"bobowoo2468"},"content":"    }","lastModifiedDate":"2021-10-08"},{"lineNumber":64,"author":{"gitId":"bobowoo2468"},"content":"","lastModifiedDate":"2021-10-08"},{"lineNumber":65,"author":{"gitId":"bobowoo2468"},"content":"    private static String[] extractValues(SortedMap\u003cInteger, String\u003e valueIndexes, String argString) {","lastModifiedDate":"2021-10-08"},{"lineNumber":66,"author":{"gitId":"bobowoo2468"},"content":"        String[] extractValues \u003d new String[5];","lastModifiedDate":"2021-10-08"},{"lineNumber":67,"author":{"gitId":"bobowoo2468"},"content":"        int previousIndex \u003d 0;","lastModifiedDate":"2021-10-08"},{"lineNumber":68,"author":{"gitId":"bobowoo2468"},"content":"        for (Map.Entry\u003cInteger, String\u003e valueIndex : valueIndexes.entrySet()) {","lastModifiedDate":"2021-10-08"},{"lineNumber":69,"author":{"gitId":"bobowoo2468"},"content":"            int nextIndex \u003d valueIndex.getKey();","lastModifiedDate":"2021-10-08"},{"lineNumber":70,"author":{"gitId":"bobowoo2468"},"content":"            String prefix \u003d valueIndex.getValue();","lastModifiedDate":"2021-10-08"},{"lineNumber":71,"author":{"gitId":"bobowoo2468"},"content":"            String unformattedSubstring \u003d argString.substring(previousIndex, nextIndex).trim();","lastModifiedDate":"2021-10-08"},{"lineNumber":72,"author":{"gitId":"bobowoo2468"},"content":"            String value \u003d unformattedSubstring.replace(prefix, \"\").trim();","lastModifiedDate":"2021-10-08"},{"lineNumber":73,"author":{"gitId":"bobowoo2468"},"content":"            previousIndex \u003d nextIndex;","lastModifiedDate":"2021-10-08"},{"lineNumber":74,"author":{"gitId":"bobowoo2468"},"content":"            switch (prefix) {","lastModifiedDate":"2021-10-08"},{"lineNumber":75,"author":{"gitId":"bobowoo2468"},"content":"            case \"/cn\":","lastModifiedDate":"2021-10-08"},{"lineNumber":76,"author":{"gitId":"bobowoo2468"},"content":"                extractValues[1] \u003d value;","lastModifiedDate":"2021-10-08"},{"lineNumber":77,"author":{"gitId":"bobowoo2468"},"content":"                break;","lastModifiedDate":"2021-10-08"},{"lineNumber":78,"author":{"gitId":"bobowoo2468"},"content":"            case \"/f\":","lastModifiedDate":"2021-10-08"},{"lineNumber":79,"author":{"gitId":"bobowoo2468"},"content":"                extractValues[2] \u003d value;","lastModifiedDate":"2021-10-08"},{"lineNumber":80,"author":{"gitId":"bobowoo2468"},"content":"                break;","lastModifiedDate":"2021-10-08"},{"lineNumber":81,"author":{"gitId":"bobowoo2468"},"content":"            case \"/a\":","lastModifiedDate":"2021-10-08"},{"lineNumber":82,"author":{"gitId":"bobowoo2468"},"content":"                extractValues[3] \u003d value;","lastModifiedDate":"2021-10-08"},{"lineNumber":83,"author":{"gitId":"bobowoo2468"},"content":"                break;","lastModifiedDate":"2021-10-08"},{"lineNumber":84,"author":{"gitId":"bobowoo2468"},"content":"            case \"/t\":","lastModifiedDate":"2021-10-08"},{"lineNumber":85,"author":{"gitId":"bobowoo2468"},"content":"                extractValues[4] \u003d value;","lastModifiedDate":"2021-10-08"},{"lineNumber":86,"author":{"gitId":"bobowoo2468"},"content":"                break;","lastModifiedDate":"2021-10-08"},{"lineNumber":87,"author":{"gitId":"bobowoo2468"},"content":"            default:","lastModifiedDate":"2021-10-08"},{"lineNumber":88,"author":{"gitId":"bobowoo2468"},"content":"                extractValues[0] \u003d value;","lastModifiedDate":"2021-10-08"},{"lineNumber":89,"author":{"gitId":"bobowoo2468"},"content":"            }","lastModifiedDate":"2021-10-08"},{"lineNumber":90,"author":{"gitId":"bobowoo2468"},"content":"        }","lastModifiedDate":"2021-10-08"},{"lineNumber":91,"author":{"gitId":"bobowoo2468"},"content":"        return extractValues;","lastModifiedDate":"2021-10-08"},{"lineNumber":92,"author":{"gitId":"bobowoo2468"},"content":"    }","lastModifiedDate":"2021-10-08"},{"lineNumber":93,"author":{"gitId":"bobowoo2468"},"content":"","lastModifiedDate":"2021-10-08"},{"lineNumber":94,"author":{"gitId":"bobowoo2468"},"content":"    private static boolean containAllFields(String argString) {","lastModifiedDate":"2021-10-08"},{"lineNumber":95,"author":{"gitId":"bobowoo2468"},"content":"        String[] splitBySpaces \u003d argString.trim().split(\"\\\\s+\");","lastModifiedDate":"2021-10-08"},{"lineNumber":96,"author":{"gitId":"bobowoo2468"},"content":"        boolean containsContact \u003d false;","lastModifiedDate":"2021-10-08"},{"lineNumber":97,"author":{"gitId":"bobowoo2468"},"content":"        boolean containsFlight \u003d false;","lastModifiedDate":"2021-10-08"},{"lineNumber":98,"author":{"gitId":"bobowoo2468"},"content":"        boolean containsAccomms \u003d false;","lastModifiedDate":"2021-10-08"},{"lineNumber":99,"author":{"gitId":"bobowoo2468"},"content":"        boolean containsTour \u003d false;","lastModifiedDate":"2021-10-08"},{"lineNumber":100,"author":{"gitId":"bobowoo2468"},"content":"        for (String substring : splitBySpaces) {","lastModifiedDate":"2021-10-08"},{"lineNumber":101,"author":{"gitId":"bobowoo2468"},"content":"            Prefix prefix \u003d checkPrefix(substring);","lastModifiedDate":"2021-10-08"},{"lineNumber":102,"author":{"gitId":"bobowoo2468"},"content":"            switch (prefix) {","lastModifiedDate":"2021-10-08"},{"lineNumber":103,"author":{"gitId":"bobowoo2468"},"content":"            case HAS_CONTACT:","lastModifiedDate":"2021-10-08"},{"lineNumber":104,"author":{"gitId":"bobowoo2468"},"content":"                containsContact \u003d true;","lastModifiedDate":"2021-10-08"},{"lineNumber":105,"author":{"gitId":"bobowoo2468"},"content":"                break;","lastModifiedDate":"2021-10-08"},{"lineNumber":106,"author":{"gitId":"bobowoo2468"},"content":"            case HAS_ACCOMMS:","lastModifiedDate":"2021-10-08"},{"lineNumber":107,"author":{"gitId":"bobowoo2468"},"content":"                containsAccomms \u003d true;","lastModifiedDate":"2021-10-08"},{"lineNumber":108,"author":{"gitId":"bobowoo2468"},"content":"                break;","lastModifiedDate":"2021-10-08"},{"lineNumber":109,"author":{"gitId":"bobowoo2468"},"content":"            case HAS_TOUR:","lastModifiedDate":"2021-10-08"},{"lineNumber":110,"author":{"gitId":"bobowoo2468"},"content":"                containsTour \u003d true;","lastModifiedDate":"2021-10-08"},{"lineNumber":111,"author":{"gitId":"bobowoo2468"},"content":"                break;","lastModifiedDate":"2021-10-08"},{"lineNumber":112,"author":{"gitId":"bobowoo2468"},"content":"            case HAS_FLIGHT:","lastModifiedDate":"2021-10-08"},{"lineNumber":113,"author":{"gitId":"bobowoo2468"},"content":"                containsFlight \u003d true;","lastModifiedDate":"2021-10-08"},{"lineNumber":114,"author":{"gitId":"bobowoo2468"},"content":"                break;","lastModifiedDate":"2021-10-08"},{"lineNumber":115,"author":{"gitId":"bobowoo2468"},"content":"            default:","lastModifiedDate":"2021-10-08"},{"lineNumber":116,"author":{"gitId":"bobowoo2468"},"content":"                break;","lastModifiedDate":"2021-10-08"},{"lineNumber":117,"author":{"gitId":"bobowoo2468"},"content":"            }","lastModifiedDate":"2021-10-08"},{"lineNumber":118,"author":{"gitId":"bobowoo2468"},"content":"        }","lastModifiedDate":"2021-10-08"},{"lineNumber":119,"author":{"gitId":"bobowoo2468"},"content":"        return containsContact \u0026\u0026 containsFlight \u0026\u0026 containsAccomms \u0026\u0026 containsTour;","lastModifiedDate":"2021-10-08"},{"lineNumber":120,"author":{"gitId":"bobowoo2468"},"content":"    }","lastModifiedDate":"2021-10-08"},{"lineNumber":121,"author":{"gitId":"bobowoo2468"},"content":"","lastModifiedDate":"2021-10-08"},{"lineNumber":122,"author":{"gitId":"bobowoo2468"},"content":"    private static Prefix checkPrefix(String substring) {","lastModifiedDate":"2021-10-08"},{"lineNumber":123,"author":{"gitId":"bobowoo2468"},"content":"        if (substring.startsWith(\"/cn\")) {","lastModifiedDate":"2021-10-08"},{"lineNumber":124,"author":{"gitId":"bobowoo2468"},"content":"            return Prefix.HAS_CONTACT;","lastModifiedDate":"2021-10-08"},{"lineNumber":125,"author":{"gitId":"bobowoo2468"},"content":"        } else if (substring.startsWith(\"/f\")) {","lastModifiedDate":"2021-10-08"},{"lineNumber":126,"author":{"gitId":"bobowoo2468"},"content":"            return Prefix.HAS_FLIGHT;","lastModifiedDate":"2021-10-08"},{"lineNumber":127,"author":{"gitId":"bobowoo2468"},"content":"        } else if (substring.startsWith(\"/a\")) {","lastModifiedDate":"2021-10-08"},{"lineNumber":128,"author":{"gitId":"bobowoo2468"},"content":"            return Prefix.HAS_ACCOMMS;","lastModifiedDate":"2021-10-08"},{"lineNumber":129,"author":{"gitId":"bobowoo2468"},"content":"        } else if (substring.startsWith(\"/t\")) {","lastModifiedDate":"2021-10-08"},{"lineNumber":130,"author":{"gitId":"bobowoo2468"},"content":"            return Prefix.HAS_TOUR;","lastModifiedDate":"2021-10-08"},{"lineNumber":131,"author":{"gitId":"bobowoo2468"},"content":"        } else {","lastModifiedDate":"2021-10-08"},{"lineNumber":132,"author":{"gitId":"bobowoo2468"},"content":"            return Prefix.NO_PREFIX;","lastModifiedDate":"2021-10-08"},{"lineNumber":133,"author":{"gitId":"bobowoo2468"},"content":"        }","lastModifiedDate":"2021-10-08"},{"lineNumber":134,"author":{"gitId":"bobowoo2468"},"content":"    }","lastModifiedDate":"2021-10-08"},{"lineNumber":135,"author":{"gitId":"bobowoo2468"},"content":"","lastModifiedDate":"2021-10-08"},{"lineNumber":136,"author":{"gitId":"swongts"},"content":"    public static Command parseCut(String params) {","lastModifiedDate":"2021-10-07"},{"lineNumber":137,"author":{"gitId":"swongts"},"content":"        int clientIndex \u003d stringToInt(params);","lastModifiedDate":"2021-10-07"},{"lineNumber":138,"author":{"gitId":"swongts"},"content":"        return new CutCommand(clientIndex);","lastModifiedDate":"2021-10-07"},{"lineNumber":139,"author":{"gitId":"swongts"},"content":"    }","lastModifiedDate":"2021-10-07"},{"lineNumber":140,"author":{"gitId":"swongts"},"content":"","lastModifiedDate":"2021-10-07"},{"lineNumber":141,"author":{"gitId":"swongts"},"content":"    private static int stringToInt(String params) {","lastModifiedDate":"2021-10-07"},{"lineNumber":142,"author":{"gitId":"swongts"},"content":"        int clientIndex \u003d Integer.parseInt(params);","lastModifiedDate":"2021-10-07"},{"lineNumber":143,"author":{"gitId":"swongts"},"content":"        return clientIndex;","lastModifiedDate":"2021-10-07"},{"lineNumber":144,"author":{"gitId":"swongts"},"content":"    }","lastModifiedDate":"2021-10-07"},{"lineNumber":145,"author":{"gitId":"swongts"},"content":"","lastModifiedDate":"2021-10-07"},{"lineNumber":146,"author":{"gitId":"swongts"},"content":"}","lastModifiedDate":"2021-10-07"}],"authorContributionMap":{"YipWayne":11,"bobowoo2468":109,"swongts":26}},{"path":"src/main/java/seedu/duke/Ui.java","fileType":"functional-code","lines":[{"lineNumber":1,"author":{"gitId":"YipWayne"},"content":"package seedu.duke;","lastModifiedDate":"2021-10-07"},{"lineNumber":2,"author":{"gitId":"bobowoo2468"},"content":"","lastModifiedDate":"2021-10-07"},{"lineNumber":3,"author":{"gitId":"YipWayne"},"content":"import java.util.Scanner;","lastModifiedDate":"2021-10-07"},{"lineNumber":4,"author":{"gitId":"YipWayne"},"content":"","lastModifiedDate":"2021-10-07"},{"lineNumber":5,"author":{"gitId":"YipWayne"},"content":"public class Ui {","lastModifiedDate":"2021-10-07"},{"lineNumber":6,"author":{"gitId":"YipWayne"},"content":"","lastModifiedDate":"2021-10-07"},{"lineNumber":7,"author":{"gitId":"YipWayne"},"content":"    private static final String CLEAR_MESSAGE \u003d \"All clients have been deleted\";","lastModifiedDate":"2021-10-07"},{"lineNumber":8,"author":{"gitId":"swongts"},"content":"    private static final String CUT_MESSAGE \u003d \"Client has been deleted:\";","lastModifiedDate":"2021-10-07"},{"lineNumber":9,"author":{"gitId":"bobowoo2468"},"content":"    private static final String ADD_MESSAGE \u003d \"Client has been added:\";","lastModifiedDate":"2021-10-11"},{"lineNumber":10,"author":{"gitId":"YipWayne"},"content":"","lastModifiedDate":"2021-10-07"},{"lineNumber":11,"author":{"gitId":"YipWayne"},"content":"    private static Scanner in \u003d new Scanner(System.in);","lastModifiedDate":"2021-10-07"},{"lineNumber":12,"author":{"gitId":"YipWayne"},"content":"","lastModifiedDate":"2021-10-07"},{"lineNumber":13,"author":{"gitId":"YipWayne"},"content":"    public static void showLine() {","lastModifiedDate":"2021-10-07"},{"lineNumber":14,"author":{"gitId":"YipWayne"},"content":"        System.out.println(\"____________________________________________________________\");","lastModifiedDate":"2021-10-07"},{"lineNumber":15,"author":{"gitId":"YipWayne"},"content":"    }","lastModifiedDate":"2021-10-07"},{"lineNumber":16,"author":{"gitId":"YipWayne"},"content":"","lastModifiedDate":"2021-10-07"},{"lineNumber":17,"author":{"gitId":"YipWayne"},"content":"    public void showWelcome() {","lastModifiedDate":"2021-10-07"},{"lineNumber":18,"author":{"gitId":"YipWayne"},"content":"        showLine();","lastModifiedDate":"2021-10-07"},{"lineNumber":19,"author":{"gitId":"YipWayne"},"content":"        String logo \u003d \" █████  ███  █   █ ████  ████  █      ████  █    █ █    █ █████ ████\\n\"","lastModifiedDate":"2021-10-07"},{"lineNumber":20,"author":{"gitId":"YipWayne"},"content":"                + \"   █   █   █ █   █ █   █ █   █ █     █    █ ██   █ ██   █ █     █   █\\n\"","lastModifiedDate":"2021-10-07"},{"lineNumber":21,"author":{"gitId":"YipWayne"},"content":"                + \"   █   █   █ █   █ █████ ████  █     ██████ █ █  █ █ █  █ █████ █████\\n\"","lastModifiedDate":"2021-10-07"},{"lineNumber":22,"author":{"gitId":"YipWayne"},"content":"                + \"   █   █   █ █   █ █  █  █     █     █    █ █  █ █ █  █ █ █     █  █\\n\"","lastModifiedDate":"2021-10-07"},{"lineNumber":23,"author":{"gitId":"YipWayne"},"content":"                + \"   █    ███   ███  █   █ █     █████ █    █ █   ██ █   ██ █████ █   █\\n\";","lastModifiedDate":"2021-10-07"},{"lineNumber":24,"author":{"gitId":"YipWayne"},"content":"        String greet \u003d \"Hello, Welcome to TourPlanner!\\n\"","lastModifiedDate":"2021-10-07"},{"lineNumber":25,"author":{"gitId":"YipWayne"},"content":"                + \"What can I do for you?\";","lastModifiedDate":"2021-10-07"},{"lineNumber":26,"author":{"gitId":"swongts"},"content":"        show(logo);","lastModifiedDate":"2021-10-07"},{"lineNumber":27,"author":{"gitId":"swongts"},"content":"        show(greet);","lastModifiedDate":"2021-10-07"},{"lineNumber":28,"author":{"gitId":"YipWayne"},"content":"        showLine();","lastModifiedDate":"2021-10-07"},{"lineNumber":29,"author":{"gitId":"YipWayne"},"content":"    }","lastModifiedDate":"2021-10-07"},{"lineNumber":30,"author":{"gitId":"YipWayne"},"content":"","lastModifiedDate":"2021-10-07"},{"lineNumber":31,"author":{"gitId":"YipWayne"},"content":"    public String readCommand() {","lastModifiedDate":"2021-10-07"},{"lineNumber":32,"author":{"gitId":"YipWayne"},"content":"        return in.nextLine();","lastModifiedDate":"2021-10-07"},{"lineNumber":33,"author":{"gitId":"YipWayne"},"content":"    }","lastModifiedDate":"2021-10-07"},{"lineNumber":34,"author":{"gitId":"YipWayne"},"content":"","lastModifiedDate":"2021-10-07"},{"lineNumber":35,"author":{"gitId":"YipWayne"},"content":"    public void show(String textToShow) {","lastModifiedDate":"2021-10-07"},{"lineNumber":36,"author":{"gitId":"YipWayne"},"content":"        System.out.print(textToShow);","lastModifiedDate":"2021-10-07"},{"lineNumber":37,"author":{"gitId":"YipWayne"},"content":"    }","lastModifiedDate":"2021-10-07"},{"lineNumber":38,"author":{"gitId":"YipWayne"},"content":"","lastModifiedDate":"2021-10-07"},{"lineNumber":39,"author":{"gitId":"YipWayne"},"content":"    public void showClear() {","lastModifiedDate":"2021-10-07"},{"lineNumber":40,"author":{"gitId":"YipWayne"},"content":"        show(CLEAR_MESSAGE);","lastModifiedDate":"2021-10-07"},{"lineNumber":41,"author":{"gitId":"YipWayne"},"content":"        showLine();","lastModifiedDate":"2021-10-07"},{"lineNumber":42,"author":{"gitId":"YipWayne"},"content":"    }","lastModifiedDate":"2021-10-07"},{"lineNumber":43,"author":{"gitId":"YipWayne"},"content":"","lastModifiedDate":"2021-10-07"},{"lineNumber":44,"author":{"gitId":"swongts"},"content":"    public void showCut(Client client) {","lastModifiedDate":"2021-10-07"},{"lineNumber":45,"author":{"gitId":"swongts"},"content":"        show(CUT_MESSAGE + \"\\n\" + client);","lastModifiedDate":"2021-10-07"},{"lineNumber":46,"author":{"gitId":"swongts"},"content":"        showLine();","lastModifiedDate":"2021-10-07"},{"lineNumber":47,"author":{"gitId":"YipWayne"},"content":"    }","lastModifiedDate":"2021-10-07"},{"lineNumber":48,"author":{"gitId":"swongts"},"content":"","lastModifiedDate":"2021-10-07"},{"lineNumber":49,"author":{"gitId":"bobowoo2468"},"content":"    public void showAdd(Client client) {","lastModifiedDate":"2021-10-11"},{"lineNumber":50,"author":{"gitId":"bobowoo2468"},"content":"        show(ADD_MESSAGE + \"\\n\" + client);","lastModifiedDate":"2021-10-11"},{"lineNumber":51,"author":{"gitId":"bobowoo2468"},"content":"        showLine();","lastModifiedDate":"2021-10-11"},{"lineNumber":52,"author":{"gitId":"bobowoo2468"},"content":"    }","lastModifiedDate":"2021-10-11"},{"lineNumber":53,"author":{"gitId":"YipWayne"},"content":"}","lastModifiedDate":"2021-10-07"},{"lineNumber":54,"author":{"gitId":"YipWayne"},"content":"","lastModifiedDate":"2021-10-07"}],"authorContributionMap":{"YipWayne":41,"bobowoo2468":6,"swongts":7}}]
