{"authorDailyContributionsMap":{"YipWayne":[{"date":"2021-10-01","commitResults":[{"hash":"59b38124a5cc47050007102300a3ffe69e7b5288","messageTitle":"Committed AboutUs with Wayne\u0027s information","messageBody":"","fileTypesAndContributionMap":{"docs":{"insertions":1,"deletions":1}}}]},{"date":"2021-10-07","commitResults":[{"hash":"a85932607bf929665ba74ec070ae7c3be58134d6","messageTitle":"Committed initial Ui class","messageBody":"","fileTypesAndContributionMap":{"functional-code":{"insertions":30,"deletions":0}}},{"hash":"1af09d423064704d8e36c1fc73be5ec512705659","messageTitle":"Commited List and Clear functions","messageBody":"","fileTypesAndContributionMap":{"functional-code":{"insertions":65,"deletions":2}}},{"hash":"52616bfe532817033d8c8efd79c457562ae91141","messageTitle":"Update Ui.java","messageBody":"Edit to pass CI","fileTypesAndContributionMap":{"functional-code":{"insertions":1,"deletions":0}}},{"hash":"b0d7136af5c915080bfc410c84abc209cb25aa73","messageTitle":"Update ClientList.java","messageBody":"Precede \u0027{\u0027 with whitespace (for CI)","fileTypesAndContributionMap":{"functional-code":{"insertions":3,"deletions":3}}},{"hash":"0f8f14ccdc7998e216de8dff7059cdb203b1396c","messageTitle":"Update Parser.java","messageBody":"Changed indentation levels (for CI)","fileTypesAndContributionMap":{"functional-code":{"insertions":7,"deletions":7}}}]},{"date":"2021-10-12","commitResults":[{"hash":"93ab45d4bae403edd561f9593ff20a9fbb34a634","messageTitle":"Committed exception handling, Ui cleanup","messageBody":"","fileTypesAndContributionMap":{"functional-code":{"insertions":42,"deletions":13}}},{"hash":"2ecfd9aabd21324ec71039419cbbea0fa541f600","messageTitle":"Update CutCommand.java","messageBody":"Change for CI","fileTypesAndContributionMap":{"functional-code":{"insertions":2,"deletions":2}}},{"hash":"b513ead62a761b9cf5f9ce65632c7e26c651c7e8","messageTitle":"Update ListCommand.java","messageBody":"Change for CI","fileTypesAndContributionMap":{"functional-code":{"insertions":2,"deletions":1}}},{"hash":"ba423b090b410d63f59c41e3844cf3bf2e91d286","messageTitle":"Update Parser.java","messageBody":"Update for CI","fileTypesAndContributionMap":{"functional-code":{"insertions":58,"deletions":47}}},{"hash":"506f7a9216359be61dd94db90166dabf4098f7ae","messageTitle":"Update for CI","messageBody":"","fileTypesAndContributionMap":{"functional-code":{"insertions":2,"deletions":4}}},{"hash":"17ce524acd6033867483974bc662085f681c0a07","messageTitle":"Update Parser.java","messageBody":"","fileTypesAndContributionMap":{"functional-code":{"insertions":1,"deletions":11}}},{"hash":"eb953704e2c4a36b5000aaa87d8c5412533c3cc2","messageTitle":"Update Parser.java","messageBody":"","fileTypesAndContributionMap":{"functional-code":{"insertions":18,"deletions":18}}},{"hash":"7e5670d3d51adf0bf62e18d0bd3c485c057ccd27","messageTitle":"Update Parser.java","messageBody":"","fileTypesAndContributionMap":{"functional-code":{"insertions":28,"deletions":28}}},{"hash":"bfceebcbc94757bb4e4dd971d315dd585abcae1d","messageTitle":"Update TourPlanner.java","messageBody":"","fileTypesAndContributionMap":{"functional-code":{"insertions":1,"deletions":1}}}]},{"date":"2021-10-14","commitResults":[{"hash":"c31d95277760697620721d7af0f419f6493ec173","messageTitle":"Committed JUnit test for Cut and List","messageBody":"","fileTypesAndContributionMap":{"functional-code":{"insertions":1,"deletions":1},"test-code":{"insertions":83,"deletions":0}}},{"hash":"942618c68a7efd90f87c987af2c4d2fe2e5a3b5d","messageTitle":"Update ListCommandTest.java","messageBody":"Deleted content for CI","fileTypesAndContributionMap":{"test-code":{"insertions":0,"deletions":44}}},{"hash":"5b612b70ba43a19b475b94788255511c788e46a2","messageTitle":"Delete ListCommandTest.java","messageBody":"","fileTypesAndContributionMap":{"test-code":{"insertions":0,"deletions":1}}},{"hash":"57856da6376172131942093836b15f09e4000967","messageTitle":"Committed fixed CutCommand bug and added Assert cases for cut and add","messageBody":"","fileTypesAndContributionMap":{"functional-code":{"insertions":6,"deletions":2}}},{"hash":"59c530040f50f10e1890a46fe79a7c46ab5efa4c","messageTitle":"Update CutCommand.java","messageBody":"","fileTypesAndContributionMap":{"functional-code":{"insertions":3,"deletions":3}}},{"hash":"8c5c5bbd7ca2fb6c0b9e2d2bcc303163157200a5","messageTitle":"Update AddCommand.java","messageBody":"","fileTypesAndContributionMap":{"functional-code":{"insertions":2,"deletions":2}}}]},{"date":"2021-10-20","commitResults":[{"hash":"0361ca3b728f89b0a701f140535fd7f5830dc180","messageTitle":"Initialised Tour, Flight and Package classes, along with their respective Lists","messageBody":"","fileTypesAndContributionMap":{"functional-code":{"insertions":144,"deletions":0}}},{"hash":"c3946429b85f99c6dfe0491f448bf66a42c3f99e","messageTitle":"Update Flight.java","messageBody":"","fileTypesAndContributionMap":{"functional-code":{"insertions":6,"deletions":6}}},{"hash":"74ad5703a5e6f5d43cd5904200b6c32e6ec95660","messageTitle":"Update Tour.java","messageBody":"","fileTypesAndContributionMap":{"functional-code":{"insertions":3,"deletions":3}}},{"hash":"a6ea318b10799d388df6c33b30cefdab8f495311","messageTitle":"Update TourList.java","messageBody":"","fileTypesAndContributionMap":{"functional-code":{"insertions":4,"deletions":4}}},{"hash":"65e7362359506af46ad2e04b4a1ee252f32b3cad","messageTitle":"Update Package.java","messageBody":"","fileTypesAndContributionMap":{"functional-code":{"insertions":1,"deletions":1}}}]},{"date":"2021-10-21","commitResults":[{"hash":"f72d2d7bd837c22c654dc7f6d7077ed78f0a258f","messageTitle":"Committed find section in DG","messageBody":"","fileTypesAndContributionMap":{"functional-code":{"insertions":32,"deletions":0},"docs":{"insertions":54,"deletions":0}}}]},{"date":"2021-10-22","commitResults":[{"hash":"fdc23cc96b091ef8871ea3f747e17ab3ac73dc97","messageTitle":"Committed Tour class and its Command classes","messageBody":"","fileTypesAndContributionMap":{"functional-code":{"insertions":172,"deletions":8}}},{"hash":"ff7a3a4f40c07fb800a71cdc8a679a2cac9eeac5","messageTitle":"Removed additional showAddTour command","messageBody":"","fileTypesAndContributionMap":{"functional-code":{"insertions":0,"deletions":4}}},{"hash":"99da261407f3bbe4caa393bdf3ea42cec9227dbd","messageTitle":"Update Parser.java","messageBody":"","fileTypesAndContributionMap":{"functional-code":{"insertions":2,"deletions":1}}},{"hash":"3ae6a77298b2a625b6d6e285855c610cc1e40a4d","messageTitle":"Removed TourCommand, implemented List for Clients, Tours and Flights","messageBody":"","fileTypesAndContributionMap":{"functional-code":{"insertions":97,"deletions":55},"test-code":{"insertions":48,"deletions":26}}},{"hash":"fca6da0d56ecfcdf555e597ce72abdd8a05b30e2","messageTitle":"Update FindTourCommand.java","messageBody":"","fileTypesAndContributionMap":{"functional-code":{"insertions":1,"deletions":1}}},{"hash":"eb2c80cf8172fdd3c92c92bafccc4e45dbb3d677","messageTitle":"Update ListFlightCommand.java","messageBody":"","fileTypesAndContributionMap":{"functional-code":{"insertions":1,"deletions":1}}},{"hash":"09f475b7ef0674bab5236bbcc153e3d322d7898d","messageTitle":"Update Parser.java","messageBody":"","fileTypesAndContributionMap":{"functional-code":{"insertions":7,"deletions":3}}},{"hash":"7af4b501eb7b0c154d53e25b071e2c2b0dcb32aa","messageTitle":"Update SortTourCommand.java","messageBody":"","fileTypesAndContributionMap":{"functional-code":{"insertions":2,"deletions":2}}},{"hash":"5b88d5f94e7940010a882b703efb75edce826001","messageTitle":"Update Ui.java","messageBody":"","fileTypesAndContributionMap":{"functional-code":{"insertions":2,"deletions":2}}},{"hash":"0ca555f17e12848758bae11b7dba9361b4cf2c23","messageTitle":"Update Ui.java","messageBody":"","fileTypesAndContributionMap":{"functional-code":{"insertions":1,"deletions":1}}}]},{"date":"2021-10-23","commitResults":[{"hash":"1fbfbe5f82bed358e10744230b094b062f4f408f","messageTitle":"Committed some ListPackage stuff","messageBody":"","fileTypesAndContributionMap":{"functional-code":{"insertions":2,"deletions":0},"other":{"insertions":1,"deletions":0}}},{"hash":"54f59e12823eb2d22f88fbf50a45e1d97f2d3cc0","messageTitle":"Committed ClientPackage stuff pt.2","messageBody":"","fileTypesAndContributionMap":{"functional-code":{"insertions":121,"deletions":25}}},{"hash":"869ea1a6f60c12b3a4d91cb7c619c116d936bb04","messageTitle":"Update FindClientCommand.java","messageBody":"","fileTypesAndContributionMap":{"functional-code":{"insertions":1,"deletions":1}}},{"hash":"d31f663a4bf86cba77a19cf1bf2f439343e3e683","messageTitle":"Update Ui.java","messageBody":"","fileTypesAndContributionMap":{"functional-code":{"insertions":4,"deletions":4}}},{"hash":"b1922314666169386c9c62bb140664f9998a348a","messageTitle":"Committed Find features for all classes.","messageBody":"","fileTypesAndContributionMap":{"functional-code":{"insertions":98,"deletions":40}}}]}],"Demonshaha":[{"date":"2021-10-07","commitResults":[{"hash":"1a0509604e07fdf56c7340867cc22b26b86bf073","messageTitle":"Add name to aboutus","messageBody":"","fileTypesAndContributionMap":{"docs":{"insertions":2,"deletions":2}}},{"hash":"938916c808849bed7442b2a9e922f67f667e6dc0","messageTitle":"client and client list added","messageBody":"","fileTypesAndContributionMap":{"functional-code":{"insertions":35,"deletions":0}}},{"hash":"b25037f99ddfad48405851d76895a671822e3894","messageTitle":"Update ClientList.java","messageBody":"","fileTypesAndContributionMap":{"functional-code":{"insertions":2,"deletions":2}}},{"hash":"ab4ad00803f71aceeb8bdbe6ad1c554041e44495","messageTitle":"Update Client.java","messageBody":"","fileTypesAndContributionMap":{"functional-code":{"insertions":1,"deletions":1}}}]},{"date":"2021-10-09","commitResults":[{"hash":"5d9f5a304f28e256c48344993087243c8b244c4a","messageTitle":"Tostring override","messageBody":"","fileTypesAndContributionMap":{"functional-code":{"insertions":5,"deletions":0}}},{"hash":"2c6f5ba1d1645300357b239b86fbcae9bc4ea289","messageTitle":"tostring override","messageBody":"","fileTypesAndContributionMap":{"functional-code":{"insertions":12,"deletions":10}}},{"hash":"5aeae3cf589c622279cfe1d22aa22ac11f359e42","messageTitle":"Update Client.java","messageBody":"","fileTypesAndContributionMap":{"functional-code":{"insertions":5,"deletions":2}}}]},{"date":"2021-10-11","commitResults":[{"hash":"8c185761d2c3a728f5f2fe0dfbeac6ad24e7b83d","messageTitle":"main function modified","messageBody":"","fileTypesAndContributionMap":{"functional-code":{"insertions":37,"deletions":26},"other":{"insertions":1,"deletions":1}}},{"hash":"9af0ac1cdda4e1b6dd26f8540794e326a3531a1e","messageTitle":"Update TourPlanner.java","messageBody":"","fileTypesAndContributionMap":{"functional-code":{"insertions":2,"deletions":2}}},{"hash":"ff043df387625dc229becfa76ef6798392c34d38","messageTitle":"Update Ui.java","messageBody":"","fileTypesAndContributionMap":{"functional-code":{"insertions":3,"deletions":1}}},{"hash":"29b80581770569dece77fdf96a9fcddec75fdc03","messageTitle":"Update TourPlanner.java","messageBody":"","fileTypesAndContributionMap":{"functional-code":{"insertions":3,"deletions":1}}},{"hash":"43f31e43c98f9e14adbcb57fbe2ff441ec4a18bb","messageTitle":"Update Ui.java","messageBody":"","fileTypesAndContributionMap":{"functional-code":{"insertions":7,"deletions":7}}}]},{"date":"2021-10-14","commitResults":[{"hash":"2e718e94c15307929e766e102792cf0f36d0c9c7","messageTitle":"logging added","messageBody":"","fileTypesAndContributionMap":{"functional-code":{"insertions":5,"deletions":1}}},{"hash":"3189c440d7fbbccca2b75014bf9a3814c2da34c8","messageTitle":"Update TourPlanner.java","messageBody":"","fileTypesAndContributionMap":{"functional-code":{"insertions":5,"deletions":2}}}]}],"bobowoo2468":[{"date":"2021-10-01","commitResults":[{"hash":"20859af1bd84417d46e69294980b804f777dad1e","messageTitle":"Add name in AboutUs","messageBody":"","fileTypesAndContributionMap":{"docs":{"insertions":1,"deletions":1}}},{"hash":"18e2c546896d0f331417a18808cd676596bb6217","messageTitle":"Add name to AboutUs","messageBody":"","fileTypesAndContributionMap":{"docs":{"insertions":1,"deletions":1}}}]},{"date":"2021-10-07","commitResults":[{"hash":"b69a984d11ef9bd210794db044cb6fde3f668d0e","messageTitle":"Add Command Class","messageBody":"","fileTypesAndContributionMap":{"functional-code":{"insertions":9,"deletions":0}}},{"hash":"a097b457b270a93c71f0d7a6aaf89689b0b46b6b","messageTitle":"Update Ui.java","messageBody":"Add line separator to pass CI","fileTypesAndContributionMap":{"functional-code":{"insertions":1,"deletions":0}}}]},{"date":"2021-10-08","commitResults":[{"hash":"95c31cffb5436c8720d9e76082bf54a5f2fcb8c9","messageTitle":"Add \u0027add\u0027 functionality and AddCommand Class","messageBody":"In parser, created parsing of argument string with prefixes to extract and return 5 values from user input argument string.\n","fileTypesAndContributionMap":{"functional-code":{"insertions":135,"deletions":11}}},{"hash":"0945390ee9e3aa64c601e2a7b4471c7f51ac0fe8","messageTitle":"Edit code to clear CI tests","messageBody":"","fileTypesAndContributionMap":{"functional-code":{"insertions":3,"deletions":3}}}]},{"date":"2021-10-11","commitResults":[{"hash":"12206e375d31a4ea5cc8cff2093cb818516c7a3e","messageTitle":"Add Ui handling for AddCommand","messageBody":"","fileTypesAndContributionMap":{"functional-code":{"insertions":9,"deletions":6}}},{"hash":"982cd4ea41e63b21448a93cab519d1cf13af2a82","messageTitle":"Add ByeCommand and Ui handling for Bye","messageBody":"","fileTypesAndContributionMap":{"functional-code":{"insertions":20,"deletions":0}}}]},{"date":"2021-10-12","commitResults":[{"hash":"bb8ec8ab8e1d6efdda76a64b8b892ba5d7308a1a","messageTitle":"Add bugfix to \"Add\" Command","messageBody":"","fileTypesAndContributionMap":{"functional-code":{"insertions":63,"deletions":33}}}]},{"date":"2021-10-13","commitResults":[{"hash":"eced2ad5374ff2e63f6718da4b7bd065f8215c3b","messageTitle":"Refactored parsing for AddCommand to make it more modular","messageBody":"","fileTypesAndContributionMap":{"functional-code":{"insertions":51,"deletions":48},"test-code":{"insertions":21,"deletions":6}}},{"hash":"a6ce7b58a029be52e97063dd92319a57ebb82ea4","messageTitle":"Update Parser.java","messageBody":"To pass Java CI checkstyle test","fileTypesAndContributionMap":{"functional-code":{"insertions":4,"deletions":4}}},{"hash":"e8ea869d4bc3519c222bd2f00ea26b50ebaf0d1e","messageTitle":"Add exception handling for duplicate prefix, missing name, and missing prefixes","messageBody":"","fileTypesAndContributionMap":{"functional-code":{"insertions":35,"deletions":26},"test-code":{"insertions":0,"deletions":1}}},{"hash":"c5192c1fafdc4dafaada6b440eac86f2f554f928","messageTitle":"Update Parser.java","messageBody":"","fileTypesAndContributionMap":{"functional-code":{"insertions":3,"deletions":2}}},{"hash":"04fe63fade8513dd340fab76c184eed48af4c958","messageTitle":"Refactor code to follow java codestyle guidelines","messageBody":"","fileTypesAndContributionMap":{"functional-code":{"insertions":2,"deletions":1}}}]},{"date":"2021-10-14","commitResults":[{"hash":"f217047e89e7ddbcb904b71b3c767f7b686fb0f9","messageTitle":"Add Javadoc to Parser and renamed a few \"prepare add command\" methods","messageBody":"","fileTypesAndContributionMap":{"functional-code":{"insertions":117,"deletions":37}}},{"hash":"8ba0a51ebb73c07e4f4a11060c480de61a9e20b7","messageTitle":"Edit JavaDoc to pass Java CI","messageBody":"","fileTypesAndContributionMap":{"functional-code":{"insertions":12,"deletions":12}}},{"hash":"9019808ead366f0457e615425f3771c10da8621d","messageTitle":"Add Javadoc to Command classes and TourPlanner class","messageBody":"All public and non-trivial private methods in these classes are documented\n","fileTypesAndContributionMap":{"functional-code":{"insertions":66,"deletions":20}}},{"hash":"c483d613e7c55337f6d36f10ffc2d6238c5ac201","messageTitle":"Add JavaDoc to remaining classes and refactored code.","messageBody":"","fileTypesAndContributionMap":{"functional-code":{"insertions":154,"deletions":5}}},{"hash":"13aa5c7cb6235ed4585f9be83db17b048cedabbb","messageTitle":"Add more Junit testing for add, list, clear and bye as well as JavaDoc","messageBody":"","fileTypesAndContributionMap":{"functional-code":{"insertions":15,"deletions":9},"test-code":{"insertions":118,"deletions":11}}},{"hash":"44ac4b44ce1d4904a59d0780b49276813b64f2d3","messageTitle":"Change error message","messageBody":"","fileTypesAndContributionMap":{"functional-code":{"insertions":2,"deletions":1}}}]},{"date":"2021-10-21","commitResults":[{"hash":"8ee3bdf1301bf16b2e5189aa4e9b2af4ab17c7f9","messageTitle":"Add documentation in Developer\u0027s Guide for add functionality","messageBody":"","fileTypesAndContributionMap":{"docs":{"insertions":61,"deletions":2}}}]},{"date":"2021-10-22","commitResults":[{"hash":"bbeeb2abd4ab47e53e6e09b71e0620e3e3417d3a","messageTitle":"Add skeletal structure and updated Parser for new functionalities","messageBody":"","fileTypesAndContributionMap":{"functional-code":{"insertions":186,"deletions":127},"other":{"insertions":4,"deletions":3},"docs":{"insertions":10,"deletions":3}}},{"hash":"47fcfc33ad6b19d6041adaaf5077f10c196ffb33","messageTitle":"Complete add functionality less exception handling","messageBody":"","fileTypesAndContributionMap":{"functional-code":{"insertions":11,"deletions":41},"test-code":{"insertions":33,"deletions":33}}},{"hash":"1770b5c5539e600b00a60a0adcdc5934c8082460","messageTitle":"Add functionality to sort add command prefixes before executing add","messageBody":"","fileTypesAndContributionMap":{"functional-code":{"insertions":81,"deletions":36}}}]},{"date":"2021-10-23","commitResults":[{"hash":"0cb4fe79f0f18974ccf09332ac08ed04ad9caff9","messageTitle":"Add Junit test forParser, AddClientCommand and AddFlightCommand","messageBody":"","fileTypesAndContributionMap":{"functional-code":{"insertions":9,"deletions":9},"test-code":{"insertions":174,"deletions":47}}},{"hash":"19007493c7c9ef60e65e92f145ab113593ad2146","messageTitle":"Update ParserTest.java","messageBody":"","fileTypesAndContributionMap":{"test-code":{"insertions":2,"deletions":2}}}]}],"swongts":[{"date":"2021-10-01","commitResults":[{"hash":"968df2bec154fb032c21daa0fd7da5c30f7ce0c2","messageTitle":"Add AboutUs name and github","messageBody":"","fileTypesAndContributionMap":{"docs":{"insertions":1,"deletions":1}}}]},{"date":"2021-10-07","commitResults":[{"hash":"1efe73183628b0d2daa1ef9581463d6087d0d133","messageTitle":"Add parser","messageBody":"Fixes #10\n","fileTypesAndContributionMap":{"functional-code":{"insertions":16,"deletions":0}}},{"hash":"315639d12efee72c6989a3f020f114f43b9f5b93","messageTitle":"Update Parser.java","messageBody":"Edit code to pass CI","fileTypesAndContributionMap":{"functional-code":{"insertions":0,"deletions":2}}},{"hash":"be5244ad81c55a3c417f6cac833548022b4f6df7","messageTitle":"Add cut command","messageBody":"","fileTypesAndContributionMap":{"functional-code":{"insertions":34,"deletions":3}}},{"hash":"36a52dd409625980bf1d9a2a410351d1893ead8a","messageTitle":"Update Ui.java","messageBody":"","fileTypesAndContributionMap":{"functional-code":{"insertions":2,"deletions":2}}},{"hash":"6cba7c8be8c94abe7d7b0cbaf29c8bbab26ae183","messageTitle":"Add parser for cut command, fix minor bug in ClientList and CutCommand","messageBody":"","fileTypesAndContributionMap":{"functional-code":{"insertions":20,"deletions":8}}}]},{"date":"2021-10-12","commitResults":[{"hash":"67a4c9d0880a32b0e7dbce12a05c14f6d62c540c","messageTitle":"add JUnit testing for addCommand","messageBody":"","fileTypesAndContributionMap":{"functional-code":{"insertions":24,"deletions":0},"test-code":{"insertions":24,"deletions":0}}},{"hash":"1ff23bfaaf4621db1cc6bfaa17c943938717b8db","messageTitle":"Update AddCommandTest.java","messageBody":"","fileTypesAndContributionMap":{"test-code":{"insertions":2,"deletions":2}}},{"hash":"91b17696051d744f6a63314b2fa37c7332b52868","messageTitle":"Add bye command","messageBody":"","fileTypesAndContributionMap":{"functional-code":{"insertions":6,"deletions":5}}}]},{"date":"2021-10-13","commitResults":[{"hash":"46ed5d3372361e6a337a759fde66edd6c1531dd2","messageTitle":"Update TourPlanner.java","messageBody":"","fileTypesAndContributionMap":{"functional-code":{"insertions":0,"deletions":3}}},{"hash":"7760f31c12c556789c54e8a1b39e25e2dd23c8da","messageTitle":"Add JUnit test for parser","messageBody":"","fileTypesAndContributionMap":{"functional-code":{"insertions":2,"deletions":2},"test-code":{"insertions":32,"deletions":3}}}]},{"date":"2021-10-14","commitResults":[{"hash":"a2ad14d5603e7f47586b9c276bde017280fabc07","messageTitle":"Update ParserTest.java","messageBody":"","fileTypesAndContributionMap":{"test-code":{"insertions":8,"deletions":7}}},{"hash":"8fa2217835765de3d7b4e0c681abcfa30bfc03e9","messageTitle":"Add Junit testing for add and clear command","messageBody":"","fileTypesAndContributionMap":{"test-code":{"insertions":40,"deletions":0}}},{"hash":"ef4e84c592f7b3d3e6f9d070de72649e8584087e","messageTitle":"Add exceptions for extra params after commands that dont require params Add assertion for clear command and parser","messageBody":"","fileTypesAndContributionMap":{"functional-code":{"insertions":11,"deletions":0}}},{"hash":"7757653ccdd9f4995821877d1643cdbaf4c4cbd6","messageTitle":"Add exception for clear command","messageBody":"","fileTypesAndContributionMap":{"functional-code":{"insertions":8,"deletions":3}}},{"hash":"30db43e97da04b0a8c7d2b6ca660e88a1085901a","messageTitle":"Add try catch block to clear command","messageBody":"","fileTypesAndContributionMap":{"functional-code":{"insertions":11,"deletions":7},"test-code":{"insertions":2,"deletions":2}}},{"hash":"db1a2756badead20973460bd3f8df37a6279287e","messageTitle":"Update ClientList.java","messageBody":"","fileTypesAndContributionMap":{"functional-code":{"insertions":1,"deletions":1}}}]},{"date":"2021-10-22","commitResults":[{"hash":"55c1dbda252ad9237bb6bc4d235d8548bb686cc4","messageTitle":"Add list feature to developer\u0027s guide","messageBody":"","fileTypesAndContributionMap":{"docs":{"insertions":22,"deletions":2}}},{"hash":"263ae147da71ca04b9c16abc189ba50875d44659","messageTitle":"Make code more OOP, add setData() method in Command class","messageBody":"","fileTypesAndContributionMap":{"functional-code":{"insertions":48,"deletions":27},"other":{"insertions":6,"deletions":6}}},{"hash":"d62bc56a560b21d8a6f2933d68be0e6b957aa8d7","messageTitle":"Add add ClientPackage command","messageBody":"","fileTypesAndContributionMap":{"functional-code":{"insertions":88,"deletions":12}}}]},{"date":"2021-10-23","commitResults":[{"hash":"22f9b6a77f20cea98b0737c2198568645ec70c3f","messageTitle":"Add bug fix to add package command and complete implementation, clean up code to clear Java CI","messageBody":"","fileTypesAndContributionMap":{"functional-code":{"insertions":67,"deletions":42},"test-code":{"insertions":0,"deletions":227}}},{"hash":"799147ba4568296f2863734c8989a2acd47f7a65","messageTitle":"Fix AddClientPackageCommand bug","messageBody":"","fileTypesAndContributionMap":{"functional-code":{"insertions":23,"deletions":13}}}]}]},"authorFileTypeContributionMap":{"YipWayne":{"docs":54,"functional-code":667,"test-code":0},"Demonshaha":{"docs":2,"functional-code":64,"test-code":1},"bobowoo2468":{"docs":73,"functional-code":552,"test-code":174},"swongts":{"docs":21,"functional-code":250,"test-code":1}},"authorContributionVariance":{"YipWayne":12005.443,"Demonshaha":361.24844,"bobowoo2468":22913.82,"swongts":6201.0273},"authorDisplayNameMap":{"YipWayne":"CS2113T-F11-3 YIP ..AYNE","Demonshaha":"CS2113T-F11-3 ZHOU..NGXU","bobowoo2468":"CS2113T-F11-3 WOO ..TUAN","swongts":"CS2113T-F11-3 WONG..NTHA"}}
