{"authorDailyContributionsMap":{"JWweiyin":[{"date":"2021-10-01","commitResults":[{"hash":"226b39a62fb8e6e18828c011cb695c3035f249a1","messageTitle":"Change About Us","messageBody":"","fileTypesAndContributionMap":{"docs":{"insertions":1,"deletions":1}}}]},{"date":"2021-10-02","commitResults":[{"hash":"5102ebf8c619f898464ef75bc1800f9394dff869","messageTitle":"Add add function","messageBody":"Added parser to process program logic, FlashCard and FlashCardManager classes. Added ability to add flash cards to the flashcard manager, along with NoSlashException and FieldEmptyException exceptions to be thrown if the format of the command is incorrect.\n","fileTypesAndContributionMap":{"functional-code":{"insertions":154,"deletions":9},"test-code":{"insertions":37,"deletions":0}}}]},{"date":"2021-10-09","commitResults":[{"hash":"fb691ea58666d0d8dce27b011b206e9baf29b712","messageTitle":"Implement delete by index","messageBody":"Added functions and tests so that a flashcard can be deleted by index or description.\n","fileTypesAndContributionMap":{"functional-code":{"insertions":52,"deletions":4},"test-code":{"insertions":32,"deletions":0}}},{"hash":"47b4b5f36c7eaf3f30be02826fd68fa3c5592ec0","messageTitle":"Run and passed tests","messageBody":"","fileTypesAndContributionMap":{"functional-code":{"insertions":1,"deletions":2}}},{"hash":"a5b6c415b2bd3179999d948a7fc5ddccf0a017f1","messageTitle":"Fix bug","messageBody":"Fixed bug where cards with more than one word on the front could not be deleted\n","fileTypesAndContributionMap":{"functional-code":{"insertions":3,"deletions":3},"test-code":{"insertions":6,"deletions":2}}}]},{"date":"2021-10-11","commitResults":[{"hash":"c504f35adbafdda5570eee51399720d85be60d9e","messageTitle":"Fix bug","messageBody":"Fixed bug in which function did not catch error when input index by user is less than 1.\n","fileTypesAndContributionMap":{"functional-code":{"insertions":1,"deletions":1},"test-code":{"insertions":12,"deletions":0}}}]},{"date":"2021-10-14","commitResults":[{"hash":"38229c36d7dd926f720d1c04efbade452fd0a0e7","messageTitle":"Add logging","messageBody":"Added logging to the FlashCard class.\n","fileTypesAndContributionMap":{"functional-code":{"insertions":10,"deletions":1}}}]},{"date":"2021-10-16","commitResults":[{"hash":"beec8a109e98c894b19c3fd72d81b23103a6b279","messageTitle":"Add add and view functions for categories","messageBody":"Added functions to add cards and view cards for different categories\n","fileTypesAndContributionMap":{"functional-code":{"insertions":128,"deletions":4},"test-code":{"insertions":69,"deletions":30}}},{"hash":"6c88eea5c75dafc7cf7e67554bb223a4d6bcbc39","messageTitle":"Add delete and test functions for categories","messageBody":"","fileTypesAndContributionMap":{"functional-code":{"insertions":84,"deletions":42}}},{"hash":"07481f2f32e8cec2325e06de963cb1cb13c2c1da","messageTitle":"Refactor code","messageBody":"Refactored code for FlashCardCategoryManager\n","fileTypesAndContributionMap":{"functional-code":{"insertions":2,"deletions":1}}},{"hash":"cd7f268d061b92a981ee237ead8598af822cf445","messageTitle":"Fix bug","messageBody":"Fixed bug in which all cards would be added to the first deck.\n","fileTypesAndContributionMap":{"functional-code":{"insertions":43,"deletions":32},"test-code":{"insertions":4,"deletions":3}}},{"hash":"8d08b1335ccac37f8efff63a4c0edbd25b164646","messageTitle":"Fix testing","messageBody":"Edited the JUnit test files so the program passes all tests.\n","fileTypesAndContributionMap":{"test-code":{"insertions":16,"deletions":16}}}]},{"date":"2021-10-19","commitResults":[{"hash":"188b35a3fbc020b2979a24200325cb3767c08e1d","messageTitle":"Implement new structure","messageBody":"Implemented the 2 tiered structure discussed earlier for the add function.\n","fileTypesAndContributionMap":{"functional-code":{"insertions":111,"deletions":48},"test-code":{"insertions":51,"deletions":51}}}]},{"date":"2021-10-20","commitResults":[{"hash":"2823200304069587e70770c20287b05ebeacbd80","messageTitle":"Restructure code","messageBody":"Fully restructured the code to fit the 2 tiered system. Actions that can be taken after entering the deck are add, delete, edit, view, help, exit\n","fileTypesAndContributionMap":{"functional-code":{"insertions":119,"deletions":132},"test-code":{"insertions":52,"deletions":67}}},{"hash":"42c31a1a777ace07f0f890780e61179d83867718","messageTitle":"Add user stories","messageBody":"Added user stories to developer\u0027s guide\n","fileTypesAndContributionMap":{"docs":{"insertions":22,"deletions":5}}}]},{"date":"2021-10-21","commitResults":[{"hash":"13a633a25c4af05c0c63a6a2de68b00f92c6a866","messageTitle":"Write DG","messageBody":"Added implement: find to dg\n","fileTypesAndContributionMap":{"docs":{"insertions":19,"deletions":0}}},{"hash":"5d8ff25553a7691797db424f4b10a69927b306ac","messageTitle":"Add sequence diagram","messageBody":"added sequence diagram for find to dg.\n","fileTypesAndContributionMap":{"docs":{"insertions":4,"deletions":0}}}]},{"date":"2021-10-23","commitResults":[{"hash":"e74f607a2a4c245c7a9b0f533560e9cc9dbdc98c","messageTitle":"Implement find function","messageBody":"Implemented find function, also fixed bugs in console display for add, delete and view cards\n","fileTypesAndContributionMap":{"functional-code":{"insertions":112,"deletions":21}}}]},{"date":"2021-10-24","commitResults":[{"hash":"3974cb53463a6aa94d95ca2f50a363464b3a375f","messageTitle":"Command Summary","messageBody":"","fileTypesAndContributionMap":{"docs":{"insertions":30,"deletions":0}}},{"hash":"90451fd27ae263310c85d58a3fb26f0551ab65a2","messageTitle":"User Guide updates","messageBody":"","fileTypesAndContributionMap":{"docs":{"insertions":71,"deletions":35}}},{"hash":"62eab8969335e9ef5db8b9de5c70cf8cb448d79b","messageTitle":"add screenshots to user guide","messageBody":"","fileTypesAndContributionMap":{"functional-code":{"insertions":3,"deletions":3},"docs":{"insertions":26,"deletions":3}}}]},{"date":"2021-10-25","commitResults":[{"hash":"253f2cfd398e3c10d819a30ce8fac67256790785","messageTitle":"Rewrote find part of DG","messageBody":"","fileTypesAndContributionMap":{"docs":{"insertions":12,"deletions":40}}},{"hash":"e6690ba98a207311196d3c7ff9442e3edec3a9d9","messageTitle":"Write DG - logic component","messageBody":"","fileTypesAndContributionMap":{"docs":{"insertions":19,"deletions":1}}}]},{"date":"2021-10-26","commitResults":[{"hash":"cf6aa62633915a4db12e5e26c339e3af6e43e2a3","messageTitle":"draw overall architecture diagram","messageBody":"","fileTypesAndContributionMap":{"docs":{"insertions":7,"deletions":13}}},{"hash":"6980160f1a37a99e981a3aec86f221cbc40b5d0e","messageTitle":"Update DeveloperGuide.md","messageBody":"","fileTypesAndContributionMap":{"docs":{"insertions":16,"deletions":11}}},{"hash":"b2b89d78a05c2677cfdf09ca40bea07d9878f1b0","messageTitle":"Created hasSameName","messageBody":"created function to check if the deck to be created has same name as a deck alr existing\n","fileTypesAndContributionMap":{"functional-code":{"insertions":5,"deletions":1}}}]},{"date":"2021-10-27","commitResults":[{"hash":"c238db6b8dad2dc33539f7c9007eee1b30d11c70","messageTitle":"create architecture diagram for model","messageBody":"","fileTypesAndContributionMap":{"docs":{"insertions":20,"deletions":0}}}]},{"date":"2021-10-28","commitResults":[{"hash":"adaba602695f7b8fb2badb1bfb0c5b55a97d2096","messageTitle":"Edit add function","messageBody":"User can now add more than one word on the front of the card\n","fileTypesAndContributionMap":{"functional-code":{"insertions":12,"deletions":8}}}]},{"date":"2021-10-31","commitResults":[{"hash":"5f058cd0871a9cdb85ddd0e1d043242aa2bf9373","messageTitle":"Handle case where enter command is empty after the command word","messageBody":"","fileTypesAndContributionMap":{"functional-code":{"insertions":6,"deletions":1}}},{"hash":"3fe258e963b74a3c1ab2a7c5833ce949297bcbc9","messageTitle":"Changed error message for enter command","messageBody":"specific error message now prints when negative number is input after enter.\n","fileTypesAndContributionMap":{"functional-code":{"insertions":11,"deletions":4}}},{"hash":"d23a69a53f1d91ca6947cecaf20d965ee5ecf155","messageTitle":"changed enter command error message","messageBody":"changed error message such that negative values after enter return a special error message\n","fileTypesAndContributionMap":{"functional-code":{"insertions":4,"deletions":6}}}]},{"date":"2021-11-01","commitResults":[{"hash":"3a9d1f6d7d0f9615a6ba12c0397d19952940342a","messageTitle":"Edit find function to return error message","messageBody":"Edited find function to return error message when there are no cards matching the search term.\n","fileTypesAndContributionMap":{"functional-code":{"insertions":5,"deletions":1}}},{"hash":"02a3451455ab817276332d7fbf4e225e30522997","messageTitle":"Handle large indexes, delete the delete by input function","messageBody":"","fileTypesAndContributionMap":{"functional-code":{"insertions":22,"deletions":51}}},{"hash":"cb34f3d066191d7f2475d343e5cbb85e35a89292","messageTitle":"Fixed more bugs in delete card and edit card","messageBody":"","fileTypesAndContributionMap":{"functional-code":{"insertions":27,"deletions":48}}},{"hash":"0dacfbd14df9881700c84af3a298594a527f3e6c","messageTitle":"Handled very big integer strings with number format exception","messageBody":"","fileTypesAndContributionMap":{"functional-code":{"insertions":16,"deletions":7}}}]},{"date":"2021-11-02","commitResults":[{"hash":"d3fce08b589ef4d5a3f803de1a95ffc275d13229","messageTitle":"change split parameters","messageBody":"changed split parameters such that there needs to be a space after a flag\n","fileTypesAndContributionMap":{"functional-code":{"insertions":4,"deletions":4},"test-code":{"insertions":0,"deletions":7}}},{"hash":"335db05f227cd4ca58ba424819d35fe97397bd26","messageTitle":"fix commands that dont take other arguments","messageBody":"","fileTypesAndContributionMap":{"functional-code":{"insertions":29,"deletions":13}}}]},{"date":"2021-11-04","commitResults":[{"hash":"d008120130386c072d10bd0d39b45cf0ed5ed347","messageTitle":"Add more screenshots to ug, refine ug and help commands","messageBody":"refined ug and help commands to align with our current implementation\n","fileTypesAndContributionMap":{"functional-code":{"insertions":17,"deletions":15},"docs":{"insertions":63,"deletions":31}}},{"hash":"5949713b74061c55037fe8468714164126b7c584","messageTitle":"PPP done","messageBody":"","fileTypesAndContributionMap":{"functional-code":{"insertions":5,"deletions":2},"docs":{"insertions":25,"deletions":2},"test-code":{"insertions":1,"deletions":13}}}]}],"ThaddeusLim99":[{"date":"2021-10-01","commitResults":[{"hash":"a9ef6ce7ca774f4e8111a02e232167f64fec9d65","messageTitle":"changed John Doe to Thaddeus Lim","messageBody":"","fileTypesAndContributionMap":{"docs":{"insertions":1,"deletions":1}}}]},{"date":"2021-10-04","commitResults":[{"hash":"490dc5fe63ffe20314a5c0d46787075de93bcfb5","messageTitle":"Added test functionality","messageBody":"","fileTypesAndContributionMap":{"functional-code":{"insertions":107,"deletions":4}}}]},{"date":"2021-10-05","commitResults":[{"hash":"432ee8b880b8563a53e01a9a3eb9a7acbda10d6d","messageTitle":"Added Junit testing","messageBody":"","fileTypesAndContributionMap":{"functional-code":{"insertions":22,"deletions":4},"test-code":{"insertions":15,"deletions":1}}},{"hash":"952bda0f23db903e6f678d87ff10ab81cce46889","messageTitle":"fixed several check isssues.","messageBody":"","fileTypesAndContributionMap":{"functional-code":{"insertions":8,"deletions":8},"test-code":{"insertions":6,"deletions":7}}}]},{"date":"2021-10-10","commitResults":[{"hash":"b34d81c479bc97335be994119bef29ee4afb166a","messageTitle":"Added assertions,logging and edited deleteFlashCardsByIndex to catch error when user input for index is less than 1","messageBody":"","fileTypesAndContributionMap":{"functional-code":{"insertions":13,"deletions":1},"other":{"insertions":1,"deletions":0}}},{"hash":"f44497816de90e61f8ac1fc1e77355a765e2c0c9","messageTitle":"correct style of code","messageBody":"","fileTypesAndContributionMap":{"functional-code":{"insertions":3,"deletions":2}}},{"hash":"66f0afcc593f73c511753826b2743f090a39de91","messageTitle":"changed assertions","messageBody":"","fileTypesAndContributionMap":{"functional-code":{"insertions":1,"deletions":1}}}]},{"date":"2021-10-14","commitResults":[{"hash":"187000df1dff235c79a3cc78e2cb0371f015518d","messageTitle":"set the level of logging to WARNING so that logs of levels that are below WARNING do not show up when running the program","messageBody":"","fileTypesAndContributionMap":{"functional-code":{"insertions":9,"deletions":0}}},{"hash":"24810af0f4be71b8a5f76e558bac11d9ed153480","messageTitle":"added assertions","messageBody":"","fileTypesAndContributionMap":{"functional-code":{"insertions":2,"deletions":0}}}]},{"date":"2021-10-17","commitResults":[{"hash":"dda19331203d4fdfb32be836ae8ad9e5317d30d4","messageTitle":"Added Edit card and Edit deck functionality. Added try catch statement to main loop in Duke file for exception handling. Added some tests in parserTest. In the future may combine editcard and editdeck commands into 1 command.","messageBody":"","fileTypesAndContributionMap":{"functional-code":{"insertions":176,"deletions":8},"test-code":{"insertions":22,"deletions":1}}}]},{"date":"2021-10-18","commitResults":[{"hash":"31f853fbc9244ead468a4d76f72cc4b63e8093bb","messageTitle":"Added help command","messageBody":"","fileTypesAndContributionMap":{"functional-code":{"insertions":60,"deletions":0}}}]},{"date":"2021-10-21","commitResults":[{"hash":"f996afecdada4c5118fba93f1a43893fed89c2ed","messageTitle":"Added Edit implementation into DG with some refactoring of code","messageBody":"","fileTypesAndContributionMap":{"functional-code":{"insertions":12,"deletions":6},"docs":{"insertions":113,"deletions":2}}}]},{"date":"2021-10-24","commitResults":[{"hash":"3b7d831011e154f6b354cf6f130344fb7f947b60","messageTitle":"Added Edit function for UG","messageBody":"","fileTypesAndContributionMap":{"docs":{"insertions":20,"deletions":10}}},{"hash":"e539d2c7b7abbdc922609b89c9dd8da3062bcf45","messageTitle":"Fixed bug in UG","messageBody":"","fileTypesAndContributionMap":{"docs":{"insertions":2,"deletions":2}}},{"hash":"9f87878f3187aedfa39719d8f6048d08d3c21121","messageTitle":"Fixed another UG bug","messageBody":"","fileTypesAndContributionMap":{"docs":{"insertions":2,"deletions":1}}},{"hash":"de82ca6d4550a093f95ecd5160b5ed7aa386d718","messageTitle":"Added onto cheatsheet","messageBody":"","fileTypesAndContributionMap":{"docs":{"insertions":6,"deletions":5}}},{"hash":"c9cd70286025a4a8892ae37e8621915f0a6c3200","messageTitle":"changed edit deck command","messageBody":"","fileTypesAndContributionMap":{"docs":{"insertions":2,"deletions":2}}},{"hash":"2b4d3fd575d5144b455469753a9badb5396cdb5a","messageTitle":"Changed cheatsheet","messageBody":"","fileTypesAndContributionMap":{"docs":{"insertions":1,"deletions":1}}}]},{"date":"2021-10-25","commitResults":[{"hash":"be81fd470d6bb00ae978f801be4b194aa8dffeb7","messageTitle":"Edited edit commands to fit UG. Added pictures to edit section of the UG.","messageBody":"","fileTypesAndContributionMap":{"functional-code":{"insertions":15,"deletions":15},"docs":{"insertions":12,"deletions":8}}},{"hash":"a0245d0ee0ea07f3371461da04dda84a5921c153","messageTitle":"edited some spelling errors in UG","messageBody":"","fileTypesAndContributionMap":{"docs":{"insertions":3,"deletions":3}}},{"hash":"2528db2f1c3592f870aca80ec932ff27953fe59f","messageTitle":"edited command summary in UG","messageBody":"","fileTypesAndContributionMap":{"docs":{"insertions":2,"deletions":2}}}]},{"date":"2021-10-26","commitResults":[{"hash":"53adffeff6e65eb3d2f87d4cfa8fa1da338fee04","messageTitle":"Fixed edit bug and edit now can accept string as input","messageBody":"","fileTypesAndContributionMap":{"functional-code":{"insertions":79,"deletions":44},"test-code":{"insertions":28,"deletions":0}}},{"hash":"c22db9da9d6b8532e5f78b5759969e74bf468a86","messageTitle":"Added move command","messageBody":"","fileTypesAndContributionMap":{"functional-code":{"insertions":190,"deletions":17},"docs":{"insertions":30,"deletions":0}}},{"hash":"ee3e7bbbbb2c23520e8c10da60acfbbf872d9751","messageTitle":"pass checkstyle main","messageBody":"","fileTypesAndContributionMap":{"functional-code":{"insertions":23,"deletions":18}}},{"hash":"444f8b2a1be4b449d7621154cca5d75e9e7bfba6","messageTitle":"fixed EditCardCommandTest","messageBody":"","fileTypesAndContributionMap":{"test-code":{"insertions":1,"deletions":1}}},{"hash":"2a0a7aa07984e364af26709731742944f5fed232","messageTitle":"Added next/back functionality in test and review commands.","messageBody":"","fileTypesAndContributionMap":{"functional-code":{"insertions":121,"deletions":7}}},{"hash":"bfe0f31c9e24b6bf87a2798421c0827e82816978","messageTitle":"pass CheckStyle main","messageBody":"","fileTypesAndContributionMap":{"functional-code":{"insertions":1,"deletions":1}}},{"hash":"98b66aa8404122aa8c1949ec71825218ad25f0cc","messageTitle":"abstracted out EditCardCommand, MoveCardCommand, EditDeckCommand","messageBody":"","fileTypesAndContributionMap":{"functional-code":{"insertions":186,"deletions":170}}},{"hash":"7580984d8ec14af1bca8d4f213ff4e6b30e79074","messageTitle":"edited Edit section and added Move section for DG","messageBody":"","fileTypesAndContributionMap":{"docs":{"insertions":209,"deletions":43}}},{"hash":"8a529fd14bfd3c4856155db9bc74b91760a95f7b","messageTitle":"edited DG","messageBody":"","fileTypesAndContributionMap":{"functional-code":{"insertions":2,"deletions":2},"docs":{"insertions":15,"deletions":8}}}]},{"date":"2021-11-01","commitResults":[{"hash":"750ca31524323aa03e6fc2f3dfaa53c5ad5e595c","messageTitle":"Fixed UG bug and EditDeck bug","messageBody":"","fileTypesAndContributionMap":{"functional-code":{"insertions":49,"deletions":25},"docs":{"insertions":1,"deletions":0},"test-code":{"insertions":139,"deletions":0}}},{"hash":"bc5ec001852ff5aa011494b222e00350af20bd74","messageTitle":"fixed checkStyletest","messageBody":"","fileTypesAndContributionMap":{"test-code":{"insertions":8,"deletions":9}}},{"hash":"af60c2215054c520f3a6af3a5a84597ea6bffd17","messageTitle":"fiexed EditCard bugs","messageBody":"","fileTypesAndContributionMap":{"functional-code":{"insertions":43,"deletions":28},"test-code":{"insertions":133,"deletions":7}}},{"hash":"f19b6042e6d25606b2b15b02839e8b18f90728dc","messageTitle":"fixed out of bounds error for EditCardCommand","messageBody":"","fileTypesAndContributionMap":{"functional-code":{"insertions":1,"deletions":1},"test-code":{"insertions":2,"deletions":2}}}]},{"date":"2021-11-03","commitResults":[{"hash":"4a65edacd11031aa9171799af420bb412d415ddb","messageTitle":"Fixed move and edit command, did testing for move and my PPP","messageBody":"","fileTypesAndContributionMap":{"functional-code":{"insertions":62,"deletions":66},"docs":{"insertions":65,"deletions":1},"test-code":{"insertions":290,"deletions":19}}},{"hash":"7cffc071344aecc4211f099078ead4783d29b963","messageTitle":"added logo to README","messageBody":"","fileTypesAndContributionMap":{"docs":{"insertions":4,"deletions":3}}},{"hash":"8a66bd9e62e9ebb7d8e0c795326cec00ce308787","messageTitle":"deleted incorrect test","messageBody":"","fileTypesAndContributionMap":{"test-code":{"insertions":1,"deletions":14}}},{"hash":"f3ccca3ac8b8151ea956ab930ca61bcee9e26d94","messageTitle":"changed file name","messageBody":"","fileTypesAndContributionMap":{"docs":{"insertions":0,"deletions":0}}}]}],"astralum":[{"date":"2021-10-01","commitResults":[{"hash":"88333433c0e69e00823bf022ffe56c9daad1b606","messageTitle":"Update AboutUs.md","messageBody":"","fileTypesAndContributionMap":{"docs":{"insertions":1,"deletions":1}}}]},{"date":"2021-10-07","commitResults":[{"hash":"1df2eafe06c1ef6934add3b4dd5d6fc2fd60c2be","messageTitle":"Add ability to view front and back of flashcard separately, view whole flashcard, and view all flashcards","messageBody":"","fileTypesAndContributionMap":{"functional-code":{"insertions":70,"deletions":6}}},{"hash":"cc1ce2692534c055ad42673964b254731c1e41f0","messageTitle":"Add JUnit test for getDescription, made function public","messageBody":"","fileTypesAndContributionMap":{"functional-code":{"insertions":1,"deletions":1},"test-code":{"insertions":6,"deletions":0}}}]},{"date":"2021-10-14","commitResults":[{"hash":"455571a16f647806911ef909e9fc5df1faaaedf5","messageTitle":"Add assertions and logging","messageBody":"","fileTypesAndContributionMap":{"functional-code":{"insertions":6,"deletions":1}}},{"hash":"fd33959efc46d2a9e38a81ef857fefa0ba596e20","messageTitle":"Refactor function deleteFlashCardByIndex, add assertion and logging","messageBody":"","fileTypesAndContributionMap":{"functional-code":{"insertions":7,"deletions":5}}},{"hash":"b107a144785ac1dde82b2e81fbf07b5ec6c6ec9a","messageTitle":"Add whitespace to pass checkstyle test","messageBody":"","fileTypesAndContributionMap":{"functional-code":{"insertions":1,"deletions":1}}},{"hash":"1d2f264ab6f321b47ba340db6312cad7ecb704ac","messageTitle":"Add JUnit test for Parser, update Gradle settings, fix bug in Parser","messageBody":"","fileTypesAndContributionMap":{"functional-code":{"insertions":1,"deletions":1},"other":{"insertions":3,"deletions":0},"test-code":{"insertions":24,"deletions":0}}}]},{"date":"2021-10-21","commitResults":[{"hash":"10dc44d0d5649068b6a6f11368e89e5a8929e333","messageTitle":"Attempt refactoring of code Abstract out several Command and CommandArgumentParser classes, break up Parser into OuterParser and InnerParser Attempt abstraction of Storage","messageBody":"","fileTypesAndContributionMap":{"functional-code":{"insertions":783,"deletions":68}}},{"hash":"ad754b7f941c9ac3067b20e6fd510712e91a574f","messageTitle":"Add Delete, Edit, View Commands within a deck","messageBody":"","fileTypesAndContributionMap":{"functional-code":{"insertions":251,"deletions":71}}},{"hash":"b91f0b2ceb9bc2f4e05b30ac9d8d161325ab87c4","messageTitle":"Add some logging, missing semicolon","messageBody":"","fileTypesAndContributionMap":{"functional-code":{"insertions":36,"deletions":33}}},{"hash":"c9a8c63e55cf30fe583a85c069db59c06c878506","messageTitle":"Add EditCardCommand, add some methods to return messages rather than printing them","messageBody":"","fileTypesAndContributionMap":{"functional-code":{"insertions":81,"deletions":11}}},{"hash":"6cabf0c2296ef6bc412405bd7b4772270c00d797","messageTitle":"Update InnerParser to include edit command, fix bug in EditCardCommand","messageBody":"","fileTypesAndContributionMap":{"functional-code":{"insertions":5,"deletions":13}}},{"hash":"6ecffc14194a4875d18429fd982b1b247acc5118","messageTitle":"Add EditDeckCommand, fix bug in EditCardCommand that allowed out-of-order input","messageBody":"","fileTypesAndContributionMap":{"functional-code":{"insertions":82,"deletions":21}}},{"hash":"12c0a07c2386f060396cae302ab8e2fdcce014d0","messageTitle":"Add missing ]","messageBody":"","fileTypesAndContributionMap":{"functional-code":{"insertions":1,"deletions":1}}},{"hash":"1df957b1b2731994d6f80f92b646dcd7a8f16bc6","messageTitle":"Add missing ;","messageBody":"","fileTypesAndContributionMap":{"functional-code":{"insertions":1,"deletions":1}}},{"hash":"01e39d59c8c778608527e1c73a44b7e970a22298","messageTitle":"Make semi-working version, many things are still broken","messageBody":"","fileTypesAndContributionMap":{"functional-code":{"insertions":265,"deletions":539}}},{"hash":"7704f9b67eb67ad9ab2d470859f7e37623542635","messageTitle":"Fix bug in AddDeckCommand that returned nothing to user","messageBody":"","fileTypesAndContributionMap":{"functional-code":{"insertions":21,"deletions":9}}},{"hash":"ccef8ba5da9ba74bf969928b69726082a1d60b28","messageTitle":"Make EnterDeckCommand throw an exception when argument is non-integer","messageBody":"","fileTypesAndContributionMap":{"functional-code":{"insertions":9,"deletions":5}}},{"hash":"7f4729af462b35bdf1013f205bf15fc0d9182b50","messageTitle":"Fix bug that caused EnterDeckCommand to execute AddCardCommand as well Fix bug that caused inner loop to terminate upon entering one command Make AddCardCommand throw an exception if the input is out of order Temporarily disable tests in ParserTest","messageBody":"","fileTypesAndContributionMap":{"functional-code":{"insertions":26,"deletions":19},"test-code":{"insertions":34,"deletions":33}}},{"hash":"76db82df3e67d5d3b086f04e4c468b3454a8c461","messageTitle":"Add Design for DG","messageBody":"","fileTypesAndContributionMap":{"docs":{"insertions":36,"deletions":1}}}]},{"date":"2021-10-23","commitResults":[{"hash":"c57211a234c03835c8ea575d81638508a96c7215","messageTitle":"Add view cards functionality, fix AddCardCommand and its associated methods","messageBody":"","fileTypesAndContributionMap":{"functional-code":{"insertions":72,"deletions":40}}},{"hash":"06fa87a81fe90ef5a63046051e4fbe6740d0209b","messageTitle":"Fix output displayed when a card is successfully deleted","messageBody":"","fileTypesAndContributionMap":{"functional-code":{"insertions":5,"deletions":3}}},{"hash":"07eec41f9721e99e51948a9fb0c6b2b26b35ebb2","messageTitle":"Fix edit card to work properly","messageBody":"","fileTypesAndContributionMap":{"functional-code":{"insertions":26,"deletions":22}}},{"hash":"326bc9f96af6bc6429bd32febcc97f00b7a6f99f","messageTitle":"Add line to welcome message to direct user to help","messageBody":"","fileTypesAndContributionMap":{"functional-code":{"insertions":1,"deletions":0}}},{"hash":"e8569db11b2730fae3ac37716dc1483483e67049","messageTitle":"Fix formatting for viewing decks and help in decks","messageBody":"","fileTypesAndContributionMap":{"functional-code":{"insertions":6,"deletions":23}}},{"hash":"20be983b3c393fcbb80f95596d914f30002a2f72","messageTitle":"Fix bug in Add and EditCardCommand with empty inputs that caused irrecoverable error","messageBody":"","fileTypesAndContributionMap":{"functional-code":{"insertions":8,"deletions":0}}},{"hash":"39c8540435e2caf3c6169a8a4a847cc5f27e331b","messageTitle":"Add template for test command","messageBody":"","fileTypesAndContributionMap":{"functional-code":{"insertions":129,"deletions":94}}}]},{"date":"2021-10-24","commitResults":[{"hash":"12770caf9a56c7fd80175addc44cfacf806474c5","messageTitle":"Add descriptors and formats for adding a deck and viewing all decks","messageBody":"","fileTypesAndContributionMap":{"docs":{"insertions":14,"deletions":0}}},{"hash":"d9f54b59c79d5d71a116f21e79f5589dc6563e98","messageTitle":"Add descriptors and formats for adding a flashcard and viewing flashcards","messageBody":"","fileTypesAndContributionMap":{"docs":{"insertions":15,"deletions":1}}},{"hash":"0907e47c7fb9f7c3fa93b5c1d70df51fb6aff3f1","messageTitle":"Replace expected outcome screenshots for add deck and view deck, add descriptor for enter deck","messageBody":"","fileTypesAndContributionMap":{"docs":{"insertions":3,"deletions":0}}}]},{"date":"2021-10-25","commitResults":[{"hash":"fa5b6b128eb59628fd00b0de53368fa043831b96","messageTitle":"Create preliminary Countdown class","messageBody":"","fileTypesAndContributionMap":{"functional-code":{"insertions":71,"deletions":0}}}]},{"date":"2021-10-26","commitResults":[{"hash":"5d1d80d1910e0f67637db70c4591cf7fb4287985","messageTitle":"Attempt to fix Jansi formatting not working properly","messageBody":"","fileTypesAndContributionMap":{"functional-code":{"insertions":50,"deletions":4},"other":{"insertions":2,"deletions":0}}},{"hash":"7f7fe3fd35110dcd6612bd6c7c11253f680b3aa3","messageTitle":"Successfully add working Countdown timer to TestManager","messageBody":"","fileTypesAndContributionMap":{"functional-code":{"insertions":58,"deletions":46}}},{"hash":"d7881956f0a5c160e1d4bbeaa1893671c6756aef","messageTitle":"Move Countdown class to the package \u0027testing\u0027","messageBody":"","fileTypesAndContributionMap":{"functional-code":{"insertions":0,"deletions":5},"other":{"insertions":1,"deletions":1}}}]},{"date":"2021-10-27","commitResults":[{"hash":"e049990db6457459aace9473a47c86fc0efbb510","messageTitle":"Fixed manifest, removed debug print statement","messageBody":"","fileTypesAndContributionMap":{"functional-code":{"insertions":0,"deletions":1}}},{"hash":"c6392b2be693c13ee68a8a4e664880fea0f9bf80","messageTitle":"Add comment for Countdown repetition interval","messageBody":"","fileTypesAndContributionMap":{"functional-code":{"insertions":1,"deletions":1}}},{"hash":"6aace1dd4625d5cd45de10bcf9b8442c5bff7a0b","messageTitle":"Increase test timer from 10 to 20s","messageBody":"","fileTypesAndContributionMap":{"functional-code":{"insertions":1,"deletions":1}}},{"hash":"594c7a998cec58248707383d09a78781243adf73","messageTitle":"Change logger level in TestManager to INFO when no user input is given since the log is likely to be displayed in the console to the user","messageBody":"","fileTypesAndContributionMap":{"functional-code":{"insertions":1,"deletions":1}}}]},{"date":"2021-11-01","commitResults":[{"hash":"dec7250ee56a3844a08e49f4c0853b78cc67a3a4","messageTitle":"Update output returned when printing a flashcard","messageBody":"","fileTypesAndContributionMap":{"functional-code":{"insertions":167,"deletions":29}}},{"hash":"37faf22b104013aca9fac100efce79e28d106bad","messageTitle":"Reorder some methods and attributes in FlashCard","messageBody":"","fileTypesAndContributionMap":{"functional-code":{"insertions":53,"deletions":51}}},{"hash":"c1db324086d94bc106f07fda0e58b3d88c880f2f","messageTitle":"Add Javadoc comments for setters in FlashCard","messageBody":"","fileTypesAndContributionMap":{"functional-code":{"insertions":8,"deletions":3}}},{"hash":"4cd53b0d8e72267529b4239b232160ae41abc086","messageTitle":"Fix checkstyle violations","messageBody":"","fileTypesAndContributionMap":{"functional-code":{"insertions":9,"deletions":9}}}]},{"date":"2021-11-04","commitResults":[{"hash":"f50b162f7f24d5c19fabd5651b0a7b3340744827","messageTitle":"Create skeleton for PPP","messageBody":"","fileTypesAndContributionMap":{"docs":{"insertions":20,"deletions":0}}},{"hash":"4cda1a9062f5e424194558f4c72b9c4e1f941a44","messageTitle":"Add sections for Features and Enhancements Implemented","messageBody":"","fileTypesAndContributionMap":{"docs":{"insertions":20,"deletions":0}}}]}],"xRossKoh":[{"date":"2021-10-01","commitResults":[{"hash":"239b152f095b42d7aa50090e32ffb855e6672d98","messageTitle":"Updated AboutUs with own name","messageBody":"","fileTypesAndContributionMap":{"docs":{"insertions":1,"deletions":1}}}]},{"date":"2021-10-06","commitResults":[{"hash":"9ea0e4930dfd53262313b012802045003c53fcb5","messageTitle":"Implemented the function that checks the user\u0027s answers against the correct answer and outputs the score","messageBody":"","fileTypesAndContributionMap":{"functional-code":{"insertions":90,"deletions":18}}},{"hash":"58e4dd58f2d98057547a21315465c82b615d4701","messageTitle":"Removed answers as a command line instruction","messageBody":"Refactored the code to show the test results immediately after all the added flashcards have been tested\n\nAdded extensive JavaDoc\n","fileTypesAndContributionMap":{"functional-code":{"insertions":15,"deletions":3}}}]},{"date":"2021-10-07","commitResults":[{"hash":"216ad13e4785774bce46307c5e20de1036c39025","messageTitle":"Auditted merge","messageBody":"All basic functionalities working as expected\n","fileTypesAndContributionMap":{"functional-code":{"insertions":49,"deletions":67}}},{"hash":"c53d0b16cb97ae4aa0f3f89dca137a671a604936","messageTitle":"Refactored code to pass checkstyleMain and .\\runtest.bat","messageBody":"","fileTypesAndContributionMap":{"functional-code":{"insertions":8,"deletions":36}}}]},{"date":"2021-10-08","commitResults":[{"hash":"24c642ae30809fe86319029fbb62363fed03d099","messageTitle":"Added AnswerTest.java for Answer class","messageBody":"","fileTypesAndContributionMap":{"test-code":{"insertions":15,"deletions":0}}},{"hash":"e2d1e47b801b25e2c1c5840f18ac0d0058c5b545","messageTitle":"Added FlashCardTest.java for FlashCard class","messageBody":"","fileTypesAndContributionMap":{"test-code":{"insertions":20,"deletions":0}}}]},{"date":"2021-10-09","commitResults":[{"hash":"6546bf698a4634dbc6e2b4474d351e6ffe66681b","messageTitle":"Fixed style issues that were causing github checks to fail","messageBody":"","fileTypesAndContributionMap":{"test-code":{"insertions":3,"deletions":3}}}]},{"date":"2021-10-14","commitResults":[{"hash":"4bff3d5ca77a125c4326a6473943eac13e3932fc","messageTitle":"Added logging to Parser.java","messageBody":"","fileTypesAndContributionMap":{"functional-code":{"insertions":20,"deletions":5}}},{"hash":"85a4d159926ce6e05d030b8e8f3311a2d9c51d16","messageTitle":"Added logging to viewTestResult method and assertions to testAllCardsInOrder method in TestManager.java","messageBody":"","fileTypesAndContributionMap":{"functional-code":{"insertions":16,"deletions":9}}},{"hash":"6e786e264915841b31395bdf36522b3545ed0b37","messageTitle":"Fixed checkstyleMain errors","messageBody":"","fileTypesAndContributionMap":{"functional-code":{"insertions":1,"deletions":0}}},{"hash":"f41fbf5731801379470f3f4b9677ae329d96ae28","messageTitle":"Committing to pass tracker","messageBody":"","fileTypesAndContributionMap":{"functional-code":{"insertions":1,"deletions":0}}}]},{"date":"2021-10-18","commitResults":[{"hash":"4ed39f54a5821cccfec99b4de73def6a737c5b09","messageTitle":"Resolved getCardsSize method and refactored similar code within Deck.java","messageBody":"","fileTypesAndContributionMap":{"functional-code":{"insertions":13,"deletions":16}}},{"hash":"8272c2c4fea71002558e6c6d06d27d292e8ccce0","messageTitle":"Resolved getDecksSize and similar method calls within DeckList.java","messageBody":"","fileTypesAndContributionMap":{"functional-code":{"insertions":10,"deletions":10}}},{"hash":"750204683105fed32521d87c7f0b6793ff6d90a9","messageTitle":"Fixed the bug of cards being added to all decks at once","messageBody":"","fileTypesAndContributionMap":{"functional-code":{"insertions":3,"deletions":3}}},{"hash":"dd3152a570fe47d6b0b2b6509f3b87f67c8a97c7","messageTitle":"Resolved parseCommand logging to prevent warning log on first start up","messageBody":"","fileTypesAndContributionMap":{"functional-code":{"insertions":1,"deletions":1}}},{"hash":"fcab1c4e5ac15041e1257153707928b7eb38fea4","messageTitle":"changed command for viewing all decks and viewing flashcards within a deck","messageBody":"","fileTypesAndContributionMap":{"functional-code":{"insertions":5,"deletions":5}}},{"hash":"a9161e7c646973969b7dba8394e20896f64712ed","messageTitle":"Added save functionality to save all current decks and flashcards to text file","messageBody":"Added read functionality to read all decks and flashcards from text file\n","fileTypesAndContributionMap":{"functional-code":{"insertions":72,"deletions":30},"other":{"insertions":69,"deletions":2},"test-code":{"insertions":2,"deletions":2}}},{"hash":"c0ab2c14dcafa41280d9d7ab281de617b07f9a65","messageTitle":"Resolved code style based on checkstyleMain","messageBody":"","fileTypesAndContributionMap":{"functional-code":{"insertions":13,"deletions":14}}},{"hash":"5dd96528bc1e5a9f595ae5a9db8e3c7fdab2810a","messageTitle":"Implemented array shuffling for flashcard testing","messageBody":"","fileTypesAndContributionMap":{"functional-code":{"insertions":9,"deletions":0}}},{"hash":"efa4820f0ec292ca45827f634a522c395001e926","messageTitle":"Added logging for bye command in Parser.java","messageBody":"","fileTypesAndContributionMap":{"functional-code":{"insertions":1,"deletions":0}}},{"hash":"aee89184c28c5c40639937faf191325847a1c8f9","messageTitle":"Implemented testing of flashcards within a deck in random order","messageBody":"","fileTypesAndContributionMap":{"functional-code":{"insertions":3,"deletions":1}}},{"hash":"28994785ffe0b1328cf5612418057c3e76bcf170","messageTitle":"Fixed the percentage score for flashcard testing","messageBody":"","fileTypesAndContributionMap":{"functional-code":{"insertions":1,"deletions":1}}}]},{"date":"2021-10-20","commitResults":[{"hash":"d0b3f9578866134011c6c371692cc75678933d2a","messageTitle":"Fixed a bug where the saved format of card could not be read","messageBody":"","fileTypesAndContributionMap":{"functional-code":{"insertions":1,"deletions":1}}},{"hash":"3b5a9e041751afc7f4a1aefb811dbfb06e4fd892","messageTitle":"Fixed checkstyle failures","messageBody":"","fileTypesAndContributionMap":{"functional-code":{"insertions":5,"deletions":7}}}]},{"date":"2021-10-22","commitResults":[{"hash":"456450e27560ae036d85b49f141aad6df56bfdd0","messageTitle":"Updated DG on storage","messageBody":"","fileTypesAndContributionMap":{"docs":{"insertions":42,"deletions":0}}},{"hash":"d5bb260e778002ba66f92747049c841e0a32f436","messageTitle":"Added screenshot of CardLI.txt example","messageBody":"","fileTypesAndContributionMap":{"docs":{"insertions":21,"deletions":0}}}]},{"date":"2021-10-24","commitResults":[{"hash":"f337a3c8b652ef922550f4e61b2e62ab81802b50","messageTitle":"Added introduction, quick start to UG","messageBody":"","fileTypesAndContributionMap":{"docs":{"insertions":33,"deletions":5}}},{"hash":"a65b327961d2ceb7c339dbebe0b08ef80846bb5a","messageTitle":"Added Main Menu and Deck Mode headers","messageBody":"","fileTypesAndContributionMap":{"docs":{"insertions":8,"deletions":1}}},{"hash":"1230a2e75844bfea069805566e9ecefd06c72a5d","messageTitle":"Added writeup for viewfc and viewtest command in UG","messageBody":"Answered FAQ in UG\n\nReformatted order of description and format for some commands\n","fileTypesAndContributionMap":{"docs":{"insertions":28,"deletions":22}}},{"hash":"df41b09cff3f9923953ca21edfa6308710f3a1ca","messageTitle":"Fixed the error under adding a flashcard","messageBody":"There was an additional deleting a flashcard line","fileTypesAndContributionMap":{"docs":{"insertions":0,"deletions":1}}},{"hash":"7e44fa183c16d0f028ad7b66a00e6bc126becd84","messageTitle":"Fixed image formatting under finding a flashcard","messageBody":"","fileTypesAndContributionMap":{"docs":{"insertions":1,"deletions":0}}},{"hash":"5cee65daa4473b6f169ba916f6f73e271cc92ad9","messageTitle":"Image formatting under entering a deck","messageBody":"","fileTypesAndContributionMap":{"docs":{"insertions":1,"deletions":0}}}]},{"date":"2021-10-25","commitResults":[{"hash":"a7f6f9a17c53973c98e5e793876c15eb8c5b5c40","messageTitle":"Removed public static declaration within CommandArgumentParser interface","messageBody":"","fileTypesAndContributionMap":{"functional-code":{"insertions":1,"deletions":1}}},{"hash":"9edf4a6584993483a85fc21feacce287c364394f","messageTitle":"Refactored storage for new architecture of code","messageBody":"","fileTypesAndContributionMap":{"functional-code":{"insertions":127,"deletions":109},"other":{"insertions":7,"deletions":8}}}]},{"date":"2021-10-26","commitResults":[{"hash":"cdb03a8344dfc3669f5c722af2a5b4dd41e84e2b","messageTitle":"Fixed checkstyle failures","messageBody":"","fileTypesAndContributionMap":{"functional-code":{"insertions":21,"deletions":21}}},{"hash":"3a961aed0236e208f141021ea8cf0be91a1bdfff","messageTitle":"Renamed DukeTest.java to CardLI.java","messageBody":"","fileTypesAndContributionMap":{"other":{"insertions":1,"deletions":1}}},{"hash":"15c03650f16378549000d2ecfb8a0e865314a03f","messageTitle":"renamed seedu.duke to seedu.cardli across the whole project","messageBody":"","fileTypesAndContributionMap":{"other":{"insertions":227,"deletions":238}}},{"hash":"6b9af349704db50be1bbef5c1d280a12b96837f5","messageTitle":"Refactored CardLITest to CardLiTest","messageBody":"","fileTypesAndContributionMap":{"other":{"insertions":1,"deletions":1}}},{"hash":"152eb77e001cbfb9edc7eb7d19236a2e5b52133b","messageTitle":"Reverted all CardLI titles back to Duke to pass CI","messageBody":"","fileTypesAndContributionMap":{"functional-code":{"insertions":34,"deletions":34},"other":{"insertions":227,"deletions":227}}},{"hash":"85997bf13e0c570b057c182cb628e512fded8696","messageTitle":"Attempting to change all Duke files to CardLI after changing build.gradle","messageBody":"","fileTypesAndContributionMap":{"functional-code":{"insertions":34,"deletions":34},"other":{"insertions":229,"deletions":229}}},{"hash":"b60ac3c413873357e081fa1afa8d92968911ed32","messageTitle":"Refactored writeToFile method under Storage.java","messageBody":"","fileTypesAndContributionMap":{"functional-code":{"insertions":5,"deletions":10},"docs":{"insertions":53,"deletions":43}}},{"hash":"83cef6f738ae50018792015869eb4aded9d72249","messageTitle":"Debugged toString method in AnswerList to fit the specified format to save to text file","messageBody":"","fileTypesAndContributionMap":{"functional-code":{"insertions":2,"deletions":2}}},{"hash":"b55f0428b22c6746b34c391dcd48814d0f36f106","messageTitle":"Edited DG","messageBody":"","fileTypesAndContributionMap":{"docs":{"insertions":14,"deletions":2}}}]},{"date":"2021-10-27","commitResults":[{"hash":"135a496ff1d49abf527537c0e3a2b1aad9d4becf","messageTitle":"Added sequence diagrams to DG for storage features","messageBody":"","fileTypesAndContributionMap":{"docs":{"insertions":5,"deletions":29}}},{"hash":"98c36f8295d15f617694c13de9fb3b6f64c3bded","messageTitle":"Edited DG","messageBody":"Changed a small number of inaccuracies in DG under the features section","fileTypesAndContributionMap":{"docs":{"insertions":4,"deletions":3}}},{"hash":"896b3db771373d1890fdc582c02e276ab98cdbd1","messageTitle":"Additional writeup for Storage feature within DG","messageBody":"","fileTypesAndContributionMap":{"docs":{"insertions":44,"deletions":2}}}]},{"date":"2021-11-01","commitResults":[{"hash":"2f69ac6f271e519f84ea2da09c94da327fb641e0","messageTitle":"data files saved using json","messageBody":"","fileTypesAndContributionMap":{"functional-code":{"insertions":87,"deletions":13},"other":{"insertions":2,"deletions":0}}},{"hash":"ad6f4a3efe1784e5ec43ccf07d97db09b5efec25","messageTitle":"Storage using JSON implemented (Read and Write)","messageBody":"","fileTypesAndContributionMap":{"functional-code":{"insertions":46,"deletions":53}}},{"hash":"90ae69c77da3929ae5e688b565b109f4a9aa62b0","messageTitle":"added saving of test history and decks after every command","messageBody":"","fileTypesAndContributionMap":{"functional-code":{"insertions":2,"deletions":2}}},{"hash":"f1ef25caed6bdcd98788d08bf6f713c6f19131b3","messageTitle":"implemented 2dp printing for test result but could not test due to timer not working properly in intellij","messageBody":"","fileTypesAndContributionMap":{"functional-code":{"insertions":2,"deletions":2}}},{"hash":"26a22b321a26ed274fdb82b8799a3dccf4f5258f","messageTitle":"solved checkstyle issues","messageBody":"","fileTypesAndContributionMap":{"functional-code":{"insertions":12,"deletions":12}}}]},{"date":"2021-11-04","commitResults":[{"hash":"6e72b96a1a538d0c57b114673c21880c10a8818f","messageTitle":"Updated personal PPP","messageBody":"","fileTypesAndContributionMap":{"docs":{"insertions":51,"deletions":6}}}]}],"xkisxk":[{"date":"2021-10-01","commitResults":[{"hash":"1fc9903e6e79113309917e12d9c19a43d2f03288","messageTitle":"Added my name into AboutUs","messageBody":"","fileTypesAndContributionMap":{"docs":{"insertions":1,"deletions":1}}}]},{"date":"2021-10-02","commitResults":[{"hash":"83b922f62bb82262ad75f0b35cab2e9800d7fa92","messageTitle":"Added delete function and Ui class","messageBody":"","fileTypesAndContributionMap":{"functional-code":{"insertions":146,"deletions":56},"test-code":{"insertions":12,"deletions":2}}}]},{"date":"2021-10-04","commitResults":[{"hash":"dd04ef47477fccdb9e23309e20d6e13827da36c4","messageTitle":"Fixed the issues with checks","messageBody":"","fileTypesAndContributionMap":{"functional-code":{"insertions":33,"deletions":13},"test-code":{"insertions":8,"deletions":12}}},{"hash":"a7d2ebbf0f039a000f47cba05b393d59af4359ce","messageTitle":"Edited text-ui-test","messageBody":"","fileTypesAndContributionMap":{"functional-code":{"insertions":2,"deletions":3}}}]},{"date":"2021-10-10","commitResults":[{"hash":"6a1c0918dd4d6373d66d9bb39c87e50b1e14b752","messageTitle":"Edited getDescription function and added assertions","messageBody":"","fileTypesAndContributionMap":{"functional-code":{"insertions":5,"deletions":8},"other":{"insertions":1,"deletions":0}}},{"hash":"273f49f7c457b04692890d67788932f3c049ae76","messageTitle":"Fixed FlashCardManager test issue","messageBody":"","fileTypesAndContributionMap":{"test-code":{"insertions":2,"deletions":2}}},{"hash":"ac5e94ac43de65215bbf9a924702f595c8715a59","messageTitle":"Added logging","messageBody":"","fileTypesAndContributionMap":{"functional-code":{"insertions":10,"deletions":0}}}]},{"date":"2021-10-14","commitResults":[{"hash":"88e309667ba21562ea9467c52c27aaf1150c7959","messageTitle":"add assertion","messageBody":"","fileTypesAndContributionMap":{"functional-code":{"insertions":1,"deletions":0}}}]},{"date":"2021-10-16","commitResults":[{"hash":"f0966cb6ff09535f35af9b7681763a916cbf4618","messageTitle":"Refactored parser and duke class. packaged some of the classes","messageBody":"","fileTypesAndContributionMap":{"functional-code":{"insertions":96,"deletions":89},"other":{"insertions":1,"deletions":1},"test-code":{"insertions":4,"deletions":3}}},{"hash":"375f1137132cb507ee791011c1e82081bdd1d2e4","messageTitle":"Renamed classes","messageBody":"","fileTypesAndContributionMap":{"functional-code":{"insertions":9,"deletions":11},"other":{"insertions":30,"deletions":30}}}]},{"date":"2021-10-17","commitResults":[{"hash":"73bb9fdb1176117878edd51962f8678aea356834","messageTitle":"Replacing magic numbers","messageBody":"","fileTypesAndContributionMap":{"functional-code":{"insertions":6,"deletions":11},"test-code":{"insertions":4,"deletions":15}}},{"hash":"b10d57aaf4d9bb5e27d9e72f2056d6f4a3cad1fe","messageTitle":"Storing the work. Nothing is working","messageBody":"","fileTypesAndContributionMap":{"functional-code":{"insertions":160,"deletions":79}}},{"hash":"eeb83cabde61037386ca5f5d37ea51cc52669d79","messageTitle":"Reorganized code to make it more intuitive","messageBody":"","fileTypesAndContributionMap":{"functional-code":{"insertions":24,"deletions":30},"other":{"insertions":22,"deletions":22},"test-code":{"insertions":1,"deletions":1}}},{"hash":"c239784e42bc39ad216ce459ecfe51cd43e79229","messageTitle":"Packaged all the classes","messageBody":"","fileTypesAndContributionMap":{"functional-code":{"insertions":7,"deletions":146},"other":{"insertions":141,"deletions":4},"test-code":{"insertions":6,"deletions":1}}},{"hash":"47fe100ba6a830485d5b8331a60799ca332fcecb","messageTitle":"Added constructors for the exceptions","messageBody":"","fileTypesAndContributionMap":{"functional-code":{"insertions":29,"deletions":2}}},{"hash":"56819a672c86adac05a19108f9c6bca2a9c80ffa","messageTitle":"Created DeckList","messageBody":"","fileTypesAndContributionMap":{"functional-code":{"insertions":147,"deletions":139},"test-code":{"insertions":2,"deletions":3}}},{"hash":"039328942dbfa2075426d739a4b87efc6fcb7c61","messageTitle":"Added score attribute to deck and flashcard. Refactored some functions around.","messageBody":"","fileTypesAndContributionMap":{"functional-code":{"insertions":171,"deletions":100},"test-code":{"insertions":6,"deletions":0}}},{"hash":"2a454dd242509a8643c1c6266a80cea2aad5b885","messageTitle":"Added view past tests function","messageBody":"","fileTypesAndContributionMap":{"functional-code":{"insertions":72,"deletions":34}}},{"hash":"bcb36b616d6d39eb16e14f0a1f9f1899d2bc8989","messageTitle":"Added view stats function","messageBody":"","fileTypesAndContributionMap":{"functional-code":{"insertions":73,"deletions":40}}}]},{"date":"2021-10-18","commitResults":[{"hash":"5dd6853c7b3ded68b10459a4ae57833ced4ef97f","messageTitle":"Added testing units","messageBody":"","fileTypesAndContributionMap":{"functional-code":{"insertions":18,"deletions":4},"test-code":{"insertions":46,"deletions":19}}},{"hash":"0a187d433a319a9933f3b5fac2e11622bd292b2d","messageTitle":"Changed command word","messageBody":"","fileTypesAndContributionMap":{"functional-code":{"insertions":5,"deletions":5}}},{"hash":"f5e328362e4773e017444c8ed487a811d7c1a675","messageTitle":"Added logging in testmanager","messageBody":"","fileTypesAndContributionMap":{"functional-code":{"insertions":7,"deletions":1}}},{"hash":"405faf67d9fd43a2f4eceace0ecddb82cd9d975c","messageTitle":"Adding review function","messageBody":"","fileTypesAndContributionMap":{"functional-code":{"insertions":75,"deletions":14}}}]},{"date":"2021-10-19","commitResults":[{"hash":"1da6dff597a7cb34054522cfd2a28e08c78461ab","messageTitle":"Added review function","messageBody":"","fileTypesAndContributionMap":{"functional-code":{"insertions":10,"deletions":5}}},{"hash":"2e1f7bbd27c25ccfe061c4c2cffbd08827803465","messageTitle":"Refactored code","messageBody":"","fileTypesAndContributionMap":{"functional-code":{"insertions":43,"deletions":10}}},{"hash":"7286b6fa7a69378b34f93018c2985f6cde2f670c","messageTitle":"Fixed javadoc formatting issues","messageBody":"","fileTypesAndContributionMap":{"functional-code":{"insertions":3,"deletions":4},"test-code":{"insertions":0,"deletions":1}}},{"hash":"96822d23ba39faa3e9750d91fb11f71b07835e7c","messageTitle":"Edited Javadoc","messageBody":"","fileTypesAndContributionMap":{"functional-code":{"insertions":9,"deletions":0}}}]},{"date":"2021-10-21","commitResults":[{"hash":"372a7f464bf30dd2a41ae5e32d2fa7edd70c8668","messageTitle":"Extended review function to include both deck level and decklist level","messageBody":"","fileTypesAndContributionMap":{"functional-code":{"insertions":69,"deletions":35},"test-code":{"insertions":2,"deletions":6}}},{"hash":"080eeedd54742b9e610d4d70ef68e4dbe2a019d9","messageTitle":"Test and Review functions now ask for index, and level is decided based on the index. Added testing units for test","messageBody":"","fileTypesAndContributionMap":{"functional-code":{"insertions":80,"deletions":33},"docs":{"insertions":34,"deletions":0},"test-code":{"insertions":63,"deletions":0}}},{"hash":"1aad5a1916c251c5c0a06fb897c75c8211625604","messageTitle":"AnswerList now keeps track of userScore. Added more testing","messageBody":"","fileTypesAndContributionMap":{"functional-code":{"insertions":68,"deletions":74},"test-code":{"insertions":4,"deletions":2}}},{"hash":"78e5e7ed1b59f32df2e517250bbef66d10716898","messageTitle":"Working on object diagram for test feature","messageBody":"","fileTypesAndContributionMap":{"functional-code":{"insertions":7,"deletions":7},"docs":{"insertions":77,"deletions":16}}},{"hash":"b01370d76ba0ca7454dde33e19923ba12e92ad75","messageTitle":"Updated test Object diagram","messageBody":"","fileTypesAndContributionMap":{"functional-code":{"insertions":3,"deletions":5},"docs":{"insertions":40,"deletions":16},"test-code":{"insertions":1,"deletions":12}}},{"hash":"91352389d66e8cd8bddfdebed5c9fb7484c7f157","messageTitle":"Updated UML diagrams and developer guide","messageBody":"","fileTypesAndContributionMap":{"docs":{"insertions":54,"deletions":88}}},{"hash":"01e5e66ad6acf59b89e4e7f81095191d6791a169","messageTitle":"Completed test feature in dg.","messageBody":"","fileTypesAndContributionMap":{"functional-code":{"insertions":3,"deletions":3},"docs":{"insertions":118,"deletions":2}}}]},{"date":"2021-10-22","commitResults":[{"hash":"b4e49a82561e94980e50e0c677e1a7711ba42051","messageTitle":"Fixed errors in sequence diagrams","messageBody":"","fileTypesAndContributionMap":{"docs":{"insertions":12,"deletions":5}}}]},{"date":"2021-10-24","commitResults":[{"hash":"a1d5f600678dce14bbf3438fbfbe8e78641ef377","messageTitle":"Written some features into userguide","messageBody":"","fileTypesAndContributionMap":{"docs":{"insertions":66,"deletions":1}}},{"hash":"d2d53eedbf1e5153ff8b010ee67182a31da20f38","messageTitle":"Added anchor links","messageBody":"","fileTypesAndContributionMap":{"docs":{"insertions":7,"deletions":0}}},{"hash":"2c5accec11e99c54aa4c989d8338fa3b42713785","messageTitle":"Fixed all issues related to DeckManager","messageBody":"","fileTypesAndContributionMap":{"functional-code":{"insertions":244,"deletions":236},"other":{"insertions":1,"deletions":1},"test-code":{"insertions":24,"deletions":16}}},{"hash":"0e21aca3d068d1b5a4b660047a1211db6940b70e","messageTitle":"Added test feature","messageBody":"","fileTypesAndContributionMap":{"functional-code":{"insertions":43,"deletions":33},"test-code":{"insertions":4,"deletions":42}}}]},{"date":"2021-10-25","commitResults":[{"hash":"c0ee1b0f2ed3cc527fd6da0a75fdd26127be5e5f","messageTitle":"Added review command","messageBody":"","fileTypesAndContributionMap":{"functional-code":{"insertions":31,"deletions":1}}},{"hash":"29384fe41f800051fcacaf32dd3846300204641a","messageTitle":"Added deletedeckcommand","messageBody":"","fileTypesAndContributionMap":{"functional-code":{"insertions":62,"deletions":29}}},{"hash":"298337ea30516edc77ed1a7c64dd77909568b882","messageTitle":"Fixed all checks issues.","messageBody":"","fileTypesAndContributionMap":{"functional-code":{"insertions":58,"deletions":40},"test-code":{"insertions":19,"deletions":3}}},{"hash":"1f7b3ca8a6536e6d8b1f7ab0fad73548d7ef789b","messageTitle":"Added view test history feature","messageBody":"","fileTypesAndContributionMap":{"functional-code":{"insertions":67,"deletions":19},"test-code":{"insertions":5,"deletions":2}}},{"hash":"8afbce3804ec0457409af5dcfa206b114621cbc7","messageTitle":"Added viewfc feature","messageBody":"","fileTypesAndContributionMap":{"functional-code":{"insertions":33,"deletions":17}}},{"hash":"a77782f59e53c7be72beb3bd9bb456cf0547ef75","messageTitle":"Fix check issues","messageBody":"","fileTypesAndContributionMap":{"functional-code":{"insertions":12,"deletions":3}}},{"hash":"96e5d402fc176151065124aa07779f914cb66885","messageTitle":"Fixed io check issues","messageBody":"","fileTypesAndContributionMap":{"functional-code":{"insertions":3,"deletions":0}}},{"hash":"1c3adf0706446b7a775c1ba744394abfbf5edba8","messageTitle":"Updated dg and uml diagrams","messageBody":"","fileTypesAndContributionMap":{"functional-code":{"insertions":0,"deletions":2},"docs":{"insertions":69,"deletions":20}}}]},{"date":"2021-10-26","commitResults":[{"hash":"eabcbd0f11c06918eccfb74c7f4238299f9a25a5","messageTitle":"Moved getLowScoringCard function to deckmanager, edited sequence diagrams","messageBody":"","fileTypesAndContributionMap":{"functional-code":{"insertions":72,"deletions":70},"docs":{"insertions":6,"deletions":4}}},{"hash":"2c3e6e5a19e09ef1809b8b92008c0d0776395a44","messageTitle":"updated dg with review","messageBody":"","fileTypesAndContributionMap":{"docs":{"insertions":3,"deletions":2}}}]},{"date":"2021-10-31","commitResults":[{"hash":"f15816de6e93e9b5f5dd2b570d85740b1908313e","messageTitle":"Fixed dg bugs and bugs from PED","messageBody":"","fileTypesAndContributionMap":{"functional-code":{"insertions":12,"deletions":5},"docs":{"insertions":5,"deletions":8}}},{"hash":"a0b3a21e503ade377bfdc45f493c0be8922d6759","messageTitle":"Removed viewtests from help msg","messageBody":"","fileTypesAndContributionMap":{"functional-code":{"insertions":6,"deletions":9}}},{"hash":"7f14b1e1274f595424db8717e1a1ce7e07a51d10","messageTitle":"Fixed more bugs","messageBody":"","fileTypesAndContributionMap":{"functional-code":{"insertions":9,"deletions":5}}},{"hash":"5c3eaa51a04b1ac65ff034556e12cb14637d54db","messageTitle":"Fixed review bugs","messageBody":"","fileTypesAndContributionMap":{"functional-code":{"insertions":3,"deletions":3}}},{"hash":"9f020f6e10e744f5229d3232ba9a5700b4365705","messageTitle":"Fixed delete bug","messageBody":"","fileTypesAndContributionMap":{"functional-code":{"insertions":2,"deletions":0}}}]},{"date":"2021-11-01","commitResults":[{"hash":"829c565801ce12fe81924f1a8767c228d207b1ca","messageTitle":"Removed display logging messages bug","messageBody":"","fileTypesAndContributionMap":{"functional-code":{"insertions":0,"deletions":4}}},{"hash":"df6abc1afc546d17dd5451dd7f92fdbf66a6d847","messageTitle":"Fixed bug where commands with no input accepts input","messageBody":"","fileTypesAndContributionMap":{"functional-code":{"insertions":36,"deletions":16}}},{"hash":"056ce4b686db0fddc0350b1c394ffdbdbb83bc41","messageTitle":"Fixed bug","messageBody":"","fileTypesAndContributionMap":{"functional-code":{"insertions":1,"deletions":1}}},{"hash":"98a49049b7d34530321a3f1e3227b50a1eca05d2","messageTitle":"Added more testing","messageBody":"","fileTypesAndContributionMap":{"functional-code":{"insertions":0,"deletions":20},"test-code":{"insertions":49,"deletions":5}}}]},{"date":"2021-11-03","commitResults":[{"hash":"7511d7c8b2eb8331e6cb9f853fc756031ccd5c8b","messageTitle":"Added Junit testing","messageBody":"","fileTypesAndContributionMap":{"functional-code":{"insertions":52,"deletions":40},"test-code":{"insertions":162,"deletions":9}}},{"hash":"04eaca3e3dc92760b3f9f2e66a512e95614864b1","messageTitle":"Added junit testing for TestHistory","messageBody":"","fileTypesAndContributionMap":{"functional-code":{"insertions":15,"deletions":11},"test-code":{"insertions":103,"deletions":3}}},{"hash":"c3f8f1d9009afd45fe8ae3870c2490c9f85922cc","messageTitle":"Moved testing and reviewing to be called inside the command","messageBody":"","fileTypesAndContributionMap":{"functional-code":{"insertions":34,"deletions":45},"test-code":{"insertions":5,"deletions":22}}},{"hash":"b0b8bdc8e75f887884bbb92b839a8ada2f43b92b","messageTitle":"Updated DG to current implementation of test, added PPP","messageBody":"","fileTypesAndContributionMap":{"functional-code":{"insertions":39,"deletions":30},"docs":{"insertions":175,"deletions":44},"test-code":{"insertions":1,"deletions":1}}}]},{"date":"2021-11-04","commitResults":[{"hash":"5815c94291f631191609d2c29e7b76ed37dd2f66","messageTitle":"Reorganized ppp","messageBody":"","fileTypesAndContributionMap":{"docs":{"insertions":26,"deletions":17}}}]}]},"authorFileTypeContributionMap":{"JWweiyin":{"docs":257,"functional-code":404,"test-code":78},"ThaddeusLim99":{"docs":386,"functional-code":538,"test-code":560},"astralum":{"docs":88,"functional-code":1081,"test-code":11,"other":5},"xRossKoh":{"docs":202,"functional-code":524,"test-code":60,"other":4},"xkisxk":{"docs":455,"functional-code":975,"test-code":424,"other":1}},"authorContributionVariance":{"JWweiyin":11801.516,"ThaddeusLim99":43664.594,"astralum":147348.61,"xRossKoh":70313.96,"xkisxk":95266.85},"authorDisplayNameMap":{"JWweiyin":"CS2113T-F12-1 JOAN.. YIN","ThaddeusLim99":"CS2113T-F12-1 LIM ..DEUS","astralum":"CS2113T-F12-1 JIN ..NYUE","xRossKoh":"CS2113T-F12-1 KOH ..NETH","xkisxk":"CS2113T-F12-1 JIAN.. KAI"}}
