{"authorDailyContributionsMap":{"rebchua39":[{"date":"2021-09-29","commitResults":[{"hash":"36113509e9e1293453d6c4f93c841c839d349226","messageTitle":"Update details for Rebecca in AboutUs","messageBody":"","fileTypesAndContributionMap":{"docs":{"insertions":1,"deletions":1}}}]},{"date":"2021-10-05","commitResults":[{"hash":"e6c29b0da7320b6530e3413835d8db3a92666e53","messageTitle":"Add methods for Task and TaskList classes to manage tasks","messageBody":"","fileTypesAndContributionMap":{"functional-code":{"insertions":49,"deletions":2}}},{"hash":"df97162347f67f4da1992cf3340ddc5f89a458b0","messageTitle":"Add execute method for command classes","messageBody":"","fileTypesAndContributionMap":{"functional-code":{"insertions":66,"deletions":0}}},{"hash":"b78a57c801bb25d9bc92f81594f0f5f094b797a5","messageTitle":"Add exit command class","messageBody":"","fileTypesAndContributionMap":{"functional-code":{"insertions":15,"deletions":0}}},{"hash":"b48e704b8bb9e190db1f279e44fbd8f105faf778","messageTitle":"Add messages for exceptions","messageBody":"","fileTypesAndContributionMap":{"functional-code":{"insertions":14,"deletions":4}}},{"hash":"b0461c56f3ff93e3c1ef213ed4412c42b1684091","messageTitle":"Add methods for Lesson and LessonList classes to manage lessons","messageBody":"","fileTypesAndContributionMap":{"functional-code":{"insertions":27,"deletions":0}}},{"hash":"72051a8f924e11f60e4964e668c51eab1a6f7ec3","messageTitle":"Remove unnecessary imports","messageBody":"","fileTypesAndContributionMap":{"functional-code":{"insertions":0,"deletions":4}}},{"hash":"340b091d9082900b2f7b62fa6438df055076a1d7","messageTitle":"Refactor error messages","messageBody":"","fileTypesAndContributionMap":{"functional-code":{"insertions":10,"deletions":3}}},{"hash":"c0752237c9de22441fc5a4f5b670ff39da5a02c1","messageTitle":"Rename methods for finding by keyword","messageBody":"","fileTypesAndContributionMap":{"functional-code":{"insertions":2,"deletions":2}}},{"hash":"2294f69486b5ecf3abd5326fbe96ed081caad5a8","messageTitle":"Add whitespace to comply with coding standard","messageBody":"","fileTypesAndContributionMap":{"functional-code":{"insertions":2,"deletions":2}}},{"hash":"9e1d0daa09125a1be379ffa76b1858ad8d183409","messageTitle":"Edit code to comply with coding standard","messageBody":"","fileTypesAndContributionMap":{"functional-code":{"insertions":4,"deletions":2}}},{"hash":"54e70dffd0510158d34836ff5391f9df53dc8566","messageTitle":"Shorten constant names","messageBody":"","fileTypesAndContributionMap":{"functional-code":{"insertions":5,"deletions":5}}}]},{"date":"2021-10-09","commitResults":[{"hash":"4521a4a3ff197cf212da00f27839cb771d58d306","messageTitle":"Remove exceptions from TaskList class","messageBody":"It may be more appropriate to use exception handling closer to where it is needed, where these exceptions are most likely to be thrown (e.g. when parsing a number, when calling a function that accesses a task using its index, etc)\n","fileTypesAndContributionMap":{"functional-code":{"insertions":6,"deletions":26}}},{"hash":"8b6a99bd3961a40c59477930c9bbcbd681ce459a","messageTitle":"Add message for marking a task as done","messageBody":"","fileTypesAndContributionMap":{"functional-code":{"insertions":14,"deletions":0}}},{"hash":"727997982b951be6576ddd0d4e3fb5065b16b0e7","messageTitle":"Modify execute method for DoneCommand","messageBody":"","fileTypesAndContributionMap":{"functional-code":{"insertions":7,"deletions":2}}},{"hash":"ae6883144e4c96cb42e76dcc894266883f6a3ec7","messageTitle":"Modify method for parsing done command","messageBody":"","fileTypesAndContributionMap":{"functional-code":{"insertions":4,"deletions":2}}},{"hash":"563f9b4df63529ae5ab62e64ef6b7a72e3878e8a","messageTitle":"Change message and add method to correctly output number of pending tasks","messageBody":"","fileTypesAndContributionMap":{"functional-code":{"insertions":15,"deletions":1}}},{"hash":"f27e42b35b0712b164e768583f3b1766b5ee0a53","messageTitle":"Display message if a task has already been marked as done","messageBody":"","fileTypesAndContributionMap":{"functional-code":{"insertions":6,"deletions":0}}},{"hash":"a83d08c95039a8bde624e31854069982e3fe2598","messageTitle":"Add comments to parser class for ease of understanding","messageBody":"","fileTypesAndContributionMap":{"functional-code":{"insertions":5,"deletions":2}}},{"hash":"9b3b6c744ff8c514e330cbe3d0c19edad470c916","messageTitle":"Update test cases","messageBody":"","fileTypesAndContributionMap":{"test-code":{"insertions":21,"deletions":20}}},{"hash":"2a99e0ec41a9e7a650bcba6308a80cc5105d7ef9","messageTitle":"Remove empty lines","messageBody":"","fileTypesAndContributionMap":{"functional-code":{"insertions":0,"deletions":2}}},{"hash":"ec005b83a6968c7b97d8f672561d3e8732b79b56","messageTitle":"Add exception handling for get and delete task commands","messageBody":"","fileTypesAndContributionMap":{"functional-code":{"insertions":17,"deletions":4}}},{"hash":"129c8c307dbac1fb1b9a6bc51e72f5e783f53557","messageTitle":"Update test cases","messageBody":"","fileTypesAndContributionMap":{"test-code":{"insertions":27,"deletions":11}}},{"hash":"f41a69a52869cede7ae6a162b17ce562df931bb3","messageTitle":"Update printing for task marked as done","messageBody":"","fileTypesAndContributionMap":{"functional-code":{"insertions":7,"deletions":5}}},{"hash":"00714f3df7f18820d16c41a0822d567ba5118ee9","messageTitle":"Refactor method to mark task as done","messageBody":"","fileTypesAndContributionMap":{"functional-code":{"insertions":2,"deletions":1}}},{"hash":"32675d5dec0f57f75142db26e724bba52738c02b","messageTitle":"Update test cases","messageBody":"","fileTypesAndContributionMap":{"test-code":{"insertions":2,"deletions":2}}},{"hash":"be4f51c7931e289dd53b28867c2c7794636f7e3d","messageTitle":"Update test case","messageBody":"","fileTypesAndContributionMap":{"test-code":{"insertions":2,"deletions":2}}},{"hash":"c1e9d7d64ca0b6abbb72b0a8e7a107d50dc50caf","messageTitle":"Add comments for done command","messageBody":"","fileTypesAndContributionMap":{"functional-code":{"insertions":5,"deletions":0},"test-code":{"insertions":1,"deletions":1}}},{"hash":"c4eb01c3808c5aec65d5aeefa84b89888086cce3","messageTitle":"Update comments for done command","messageBody":"","fileTypesAndContributionMap":{"functional-code":{"insertions":1,"deletions":1}}},{"hash":"ce5120d2a55668f838ac8feb092e106bfd133de3","messageTitle":"Add exception handling for marking task as done","messageBody":"","fileTypesAndContributionMap":{"functional-code":{"insertions":7,"deletions":3}}},{"hash":"164f3e37a7558773eb0046be0ec8eff2be5b107f","messageTitle":"Remove unnecessary try-catch clause","messageBody":"","fileTypesAndContributionMap":{"functional-code":{"insertions":8,"deletions":13}}},{"hash":"23b13785ca021a05cf04d4c03bdecc8a10c99d9d","messageTitle":"Update test cases","messageBody":"","fileTypesAndContributionMap":{"test-code":{"insertions":3,"deletions":2}}},{"hash":"c87e37c942f09eb132a40c1cc4f2a541d33b3147","messageTitle":"Add JavaDoc comments","messageBody":"","fileTypesAndContributionMap":{"functional-code":{"insertions":178,"deletions":11}}},{"hash":"0955681db0406faefcedf518ac3569507cb1860f","messageTitle":"Fix checkstyle issue","messageBody":"","fileTypesAndContributionMap":{"functional-code":{"insertions":1,"deletions":1}}},{"hash":"41d58249c4c936654155188264c23485c9b1a8f5","messageTitle":"Fix delete command tests failing due to non-existent file","messageBody":"The saveData method in the Storage class does not automatically create a new file if a file does not exist.\nFor now, we will create the file manually in the tests.\n","fileTypesAndContributionMap":{"functional-code":{"insertions":2,"deletions":1},"test-code":{"insertions":7,"deletions":0}}},{"hash":"d2997a10c7ed9726c057ae778c778a959413196c","messageTitle":"Add basic test for command for marking task as done","messageBody":"","fileTypesAndContributionMap":{"test-code":{"insertions":37,"deletions":0}}},{"hash":"b4275b7a44d4744b09a6f85d26da67ab695adde1","messageTitle":"Fix checkstyle issue","messageBody":"","fileTypesAndContributionMap":{"functional-code":{"insertions":2,"deletions":1}}},{"hash":"74a85a660ceb0ee9af10b9561de9195b0b48f9eb","messageTitle":"Fix checkstyle issues","messageBody":"","fileTypesAndContributionMap":{"test-code":{"insertions":28,"deletions":31}}}]},{"date":"2021-10-12","commitResults":[{"hash":"704b3829cf2eb80b75f1ebfdd13813810ffc0d4b","messageTitle":"Add assertions to done command","messageBody":"","fileTypesAndContributionMap":{"functional-code":{"insertions":2,"deletions":0}}},{"hash":"e9824a83027b7aaeadffcf2433cbd178543bc99f","messageTitle":"Add assertion messages","messageBody":"","fileTypesAndContributionMap":{"functional-code":{"insertions":2,"deletions":2}}}]},{"date":"2021-10-13","commitResults":[{"hash":"40970afeaf32064d25f7b4c5a5b32fd386178580","messageTitle":"Update examples for user guide (list and done commands)","messageBody":"","fileTypesAndContributionMap":{"docs":{"insertions":38,"deletions":0}}},{"hash":"be763df727164f1c62e27a8c2ce118e863f48b5d","messageTitle":"Fix indentation of task done message","messageBody":"","fileTypesAndContributionMap":{"functional-code":{"insertions":1,"deletions":1}}},{"hash":"22697b1c5cfad5d5edadd9de97ae7236d51bd20e","messageTitle":"Make minor formatting changes to UG","messageBody":"","fileTypesAndContributionMap":{"docs":{"insertions":12,"deletions":10}}},{"hash":"dce080b61f896ec35239a32142fa0b41c443415f","messageTitle":"Move section in UG on saving data to after exit command","messageBody":"","fileTypesAndContributionMap":{"docs":{"insertions":4,"deletions":5}}}]},{"date":"2021-10-14","commitResults":[{"hash":"c858a3c66a952858f7c4700c0a5d307ae9370e7a","messageTitle":"Fix bug that causes find command to fail when searching using uppercase","messageBody":"","fileTypesAndContributionMap":{"functional-code":{"insertions":2,"deletions":2}}},{"hash":"47dfdbcf77439f6ffb3281462c868591db698c86","messageTitle":"Fix bug for finding for both tasks and lessons","messageBody":"","fileTypesAndContributionMap":{"functional-code":{"insertions":5,"deletions":5}}}]},{"date":"2021-10-20","commitResults":[{"hash":"ce136c11a39a406b31b6fa352e4ee34dad9f5a56","messageTitle":"Add sequence diagrams","messageBody":"","fileTypesAndContributionMap":{"docs":{"insertions":111,"deletions":0}}},{"hash":"b61a83ca61a6e69828e86929316eae48271bddcb","messageTitle":"Add Ui component for developer guide","messageBody":"","fileTypesAndContributionMap":{"docs":{"insertions":13,"deletions":0}}},{"hash":"903886db881dae26be60c4fed2a9aeec4365d470","messageTitle":"Reorder import statement in Ui","messageBody":"","fileTypesAndContributionMap":{"functional-code":{"insertions":1,"deletions":1}}},{"hash":"188e91ad16a716ba9c9342290f5c885e1fa71a9d","messageTitle":"Add diagrams to DG","messageBody":"","fileTypesAndContributionMap":{"docs":{"insertions":59,"deletions":1}}},{"hash":"cda36aea27222554cc391c083f6e7aa44eb02d75","messageTitle":"Remove unused diagram","messageBody":"","fileTypesAndContributionMap":{"docs":{"insertions":0,"deletions":51}}},{"hash":"73f978d3107cc25c64b96b5d1fdde9bb03880495","messageTitle":"Update description of diagram","messageBody":"","fileTypesAndContributionMap":{"docs":{"insertions":1,"deletions":1}}},{"hash":"7aa40eeec3eecc53340441afefc10a7cbd6fe9a6","messageTitle":"Update UI diagrams to adhere to style requirements","messageBody":"","fileTypesAndContributionMap":{"docs":{"insertions":6,"deletions":25}}},{"hash":"a97b34ce2a63e6e3470c10150c90ea6ebcf77797","messageTitle":"Update link to Ui class in DG","messageBody":"","fileTypesAndContributionMap":{"docs":{"insertions":1,"deletions":1}}},{"hash":"ac2e7a4e216ff9a2c6eebdad53edd4b12422bac2","messageTitle":"Update style for sequence diagrams","messageBody":"","fileTypesAndContributionMap":{"docs":{"insertions":2,"deletions":2}}},{"hash":"09865a6e7ae77a2ee80edaa9238984a3d6ea67ff","messageTitle":"Remove unused diagram","messageBody":"","fileTypesAndContributionMap":{"docs":{"insertions":0,"deletions":25}}},{"hash":"cd6ef286ca47ea80b63206e734ea4f4e71079222","messageTitle":"Update sequence diagram","messageBody":"","fileTypesAndContributionMap":{"docs":{"insertions":4,"deletions":1}}}]}],"ptejasv":[{"date":"2021-09-29","commitResults":[{"hash":"388c9e5e658351403ef71f6aeb946f7e4887fedb","messageTitle":"Add About Us details for para","messageBody":"","fileTypesAndContributionMap":{"docs":{"insertions":1,"deletions":1}}}]},{"date":"2021-10-05","commitResults":[{"hash":"fc709ae27476003b27ab2c8bb578d8813bc714cf","messageTitle":"Add parser class basic functionality","messageBody":"","fileTypesAndContributionMap":{"functional-code":{"insertions":240,"deletions":1}}},{"hash":"25bdf97d339845d4f4c33f12f6fdeafd54e0b19f","messageTitle":"Fix checkstyle issues","messageBody":"","fileTypesAndContributionMap":{"functional-code":{"insertions":8,"deletions":6}}},{"hash":"ad85be4cd7252cd3321ce3b2dac65394553503ef","messageTitle":"Integrate changes and resolve merge conflicts","messageBody":"","fileTypesAndContributionMap":{"functional-code":{"insertions":11,"deletions":13}}},{"hash":"cc87c44acd869c69e40877baf1c4feec2970daf3","messageTitle":"Revert exception priting until DukeException is fully written","messageBody":"","fileTypesAndContributionMap":{"functional-code":{"insertions":1,"deletions":1}}},{"hash":"8aeaca93d5b0ad646f09a6a00fbba0d4ef189c6c","messageTitle":"Edit JavaDoc comment to follow indentation rules","messageBody":"","fileTypesAndContributionMap":{"functional-code":{"insertions":3,"deletions":3}}},{"hash":"fdbf165919a31cfb0cdec9f414f841c2155c86b7","messageTitle":"Separate import statements in Parser class","messageBody":"","fileTypesAndContributionMap":{"functional-code":{"insertions":8,"deletions":1}}}]},{"date":"2021-10-09","commitResults":[{"hash":"4b3af6d201acb539cbc56f49020fdb98da88af00","messageTitle":"Integrate delete command features with storage","messageBody":"","fileTypesAndContributionMap":{"functional-code":{"insertions":89,"deletions":4}}},{"hash":"390650781e6b785987c2ab623b63b1e01daffff0","messageTitle":"Add JUnit tests for delete commands","messageBody":"","fileTypesAndContributionMap":{"test-code":{"insertions":177,"deletions":0}}},{"hash":"ca165bd90c83d3763745495f6e419e9629946f2c","messageTitle":"Add missing newlines at the ends of test files","messageBody":"","fileTypesAndContributionMap":{"test-code":{"insertions":3,"deletions":6}}},{"hash":"298cdd49128540e6fbf20db6919e1f21e304f4ca","messageTitle":"Improve exception handling and testing","messageBody":"","fileTypesAndContributionMap":{"functional-code":{"insertions":6,"deletions":17},"test-code":{"insertions":6,"deletions":1}}},{"hash":"0a3e4f6e7bf2bed444704bf6ec7e44e48d53cc5d","messageTitle":"Remove unnecassary try-catch clauses","messageBody":"","fileTypesAndContributionMap":{"functional-code":{"insertions":2,"deletions":10}}},{"hash":"c96ac08644bdf9cf99a8e19a7cbcf5ef218a0de6","messageTitle":"Improve exception handling for add and delete","messageBody":"","fileTypesAndContributionMap":{"functional-code":{"insertions":11,"deletions":11},"test-code":{"insertions":11,"deletions":5}}},{"hash":"fff75c90b966a907295c53f42c26382130048d6c","messageTitle":"Fix style issues","messageBody":"","fileTypesAndContributionMap":{"functional-code":{"insertions":6,"deletions":3}}}]},{"date":"2021-10-12","commitResults":[{"hash":"aa79bc2648a0d9577a4e313b10d9b64ff8310647","messageTitle":"Add assertions for delete command","messageBody":"","fileTypesAndContributionMap":{"functional-code":{"insertions":4,"deletions":0}}},{"hash":"c11597b9459150afec0f54f32e4c5b7f76207781","messageTitle":"Reword test names for JUnit delete command tests","messageBody":"","fileTypesAndContributionMap":{"test-code":{"insertions":7,"deletions":7}}},{"hash":"0d66662f447dedcb0e932519b36007b40f23d56f","messageTitle":"Add basic command description to user guide","messageBody":"","fileTypesAndContributionMap":{"docs":{"insertions":51,"deletions":1}}},{"hash":"863b75b30b3436dd7e76324928f72f88284a0c4c","messageTitle":"Fix carriage return issues","messageBody":"","fileTypesAndContributionMap":{"functional-code":{"insertions":3,"deletions":3}}},{"hash":"2e26f0e5376ca0c292ee1361534719fb87f49fb5","messageTitle":"Add missing newlines","messageBody":"","fileTypesAndContributionMap":{"functional-code":{"insertions":3,"deletions":3}}},{"hash":"262e7979b86c101e813e46da8cc0785b756b8b95","messageTitle":"Change bullet points in user guide","messageBody":"","fileTypesAndContributionMap":{"docs":{"insertions":7,"deletions":7}}}]},{"date":"2021-10-16","commitResults":[{"hash":"c724a8a4419a20954a4fdd26b597082415c54eb5","messageTitle":"Integrate json with Module handling classes","messageBody":"","fileTypesAndContributionMap":{"functional-code":{"insertions":200,"deletions":0},"other":{"insertions":1,"deletions":0}}},{"hash":"814054419b2b86f5648cd02693f4fbd90b1c7e64","messageTitle":"Use filepaths to handle json file","messageBody":"","fileTypesAndContributionMap":{"functional-code":{"insertions":9,"deletions":4},"other":{"insertions":276539,"deletions":0}}},{"hash":"afbd84f43306271c8820f5b7f81ddd818958bd7d","messageTitle":"Remove redundant comment","messageBody":"","fileTypesAndContributionMap":{"functional-code":{"insertions":0,"deletions":2}}},{"hash":"df9ee4c064681aed2b3a0fb80518423b21202209","messageTitle":"Add comments to non trivial functions","messageBody":"","fileTypesAndContributionMap":{"functional-code":{"insertions":7,"deletions":0}}},{"hash":"0eb6aa21652a7ecd38fb822ab7376cf39683020d","messageTitle":"Add JUnit tests for gson integration and refactor old tests","messageBody":"","fileTypesAndContributionMap":{"functional-code":{"insertions":4,"deletions":0},"test-code":{"insertions":94,"deletions":11}}},{"hash":"e17f091a72c8ca2d963c4c17ac83bafff080fa42","messageTitle":"Add JavaDoc comments for ModuleList and FullModuleList","messageBody":"","fileTypesAndContributionMap":{"functional-code":{"insertions":10,"deletions":2}}},{"hash":"0ab6ff7f87052b818fc34765bb9b860841ca03bd","messageTitle":"Use filepaths to separate json file directory, remove module info from test","messageBody":"","fileTypesAndContributionMap":{"functional-code":{"insertions":2,"deletions":2},"other":{"insertions":0,"deletions":276539}}},{"hash":"86b55716314d6f95d6e9978bd37f3a35cb23ffd7","messageTitle":"Fix coding violations","messageBody":"","fileTypesAndContributionMap":{"functional-code":{"insertions":1,"deletions":5},"test-code":{"insertions":3,"deletions":4}}}]},{"date":"2021-10-18","commitResults":[{"hash":"ade17673a5440c2fddde026b6e8a045e60033325","messageTitle":"Add hashmap implementation to full module list","messageBody":"","fileTypesAndContributionMap":{"functional-code":{"insertions":21,"deletions":5}}},{"hash":"a05dfc265679442fb694abf384429c3194387e42","messageTitle":"Add logic to add modules to list","messageBody":"","fileTypesAndContributionMap":{"functional-code":{"insertions":80,"deletions":2}}},{"hash":"a37be24b0c1b394e331248ccebfbca57d0f84a90","messageTitle":"Add comments to relevant functions","messageBody":"","fileTypesAndContributionMap":{"functional-code":{"insertions":9,"deletions":0}}},{"hash":"a26e317ebbfb1bfb7adb298a85242a560d849997","messageTitle":"Add JUnit tests for add module command","messageBody":"","fileTypesAndContributionMap":{"test-code":{"insertions":50,"deletions":0}}},{"hash":"6e27007d560bc92829f0c6a44c9a0930dec90703","messageTitle":"Fix coding violations","messageBody":"","fileTypesAndContributionMap":{"functional-code":{"insertions":1,"deletions":2}}},{"hash":"f104465bd769b01ad86311c6012269b994a61ef9","messageTitle":"Sort command types in alphabetical order","messageBody":"","fileTypesAndContributionMap":{"functional-code":{"insertions":2,"deletions":2}}},{"hash":"7f12a7182122d36826c71398eac2cdd5a5dc7ebf","messageTitle":"Refractor JsonUtil and FullModuleList","messageBody":"","fileTypesAndContributionMap":{"functional-code":{"insertions":18,"deletions":24}}},{"hash":"58dc2c9b06a4b62c3996abaefda246c0ebcdbe43","messageTitle":"Refractor old JsonUtil test","messageBody":"","fileTypesAndContributionMap":{"test-code":{"insertions":2,"deletions":1}}},{"hash":"8f652ed78295d055f58d8737ca18ca0a42011a6f","messageTitle":"Refractor old JsonUtil test","messageBody":"","fileTypesAndContributionMap":{"test-code":{"insertions":1,"deletions":0}}}]},{"date":"2021-10-19","commitResults":[{"hash":"d278fc9e65c0fbf7a0be4d288112f8cf7608913c","messageTitle":"Add model component for DG","messageBody":"","fileTypesAndContributionMap":{"functional-code":{"insertions":1,"deletions":2},"docs":{"insertions":151,"deletions":0}}}]},{"date":"2021-10-20","commitResults":[{"hash":"8d2aab45e79e7844d66d6af82d5a420b9001e500","messageTitle":"Add newlines at end of files","messageBody":"","fileTypesAndContributionMap":{"docs":{"insertions":3,"deletions":3}}}]},{"date":"2021-10-22","commitResults":[{"hash":"d3309fde5e276cb27a1702b61bf6950fc356a68c","messageTitle":"Remove attributes from model component UML diagram","messageBody":"","fileTypesAndContributionMap":{"docs":{"insertions":13,"deletions":72}}}]},{"date":"2021-10-23","commitResults":[{"hash":"fbbf8f2a7b8714eacb6e80f81eef639d106ee8b9","messageTitle":"Add parser functionality to parse task priority","messageBody":"","fileTypesAndContributionMap":{"functional-code":{"insertions":65,"deletions":15},"test-code":{"insertions":12,"deletions":12}}}]},{"date":"2021-10-24","commitResults":[{"hash":"946abfaad29d386df193d3cd73a70d4b39d40876","messageTitle":"Update storage functions to include priority","messageBody":"","fileTypesAndContributionMap":{"functional-code":{"insertions":39,"deletions":27},"test-code":{"insertions":1,"deletions":1}}},{"hash":"1eb3a09eacdd47a78e69d370a96d246118205b97","messageTitle":"Change style issues","messageBody":"","fileTypesAndContributionMap":{"functional-code":{"insertions":4,"deletions":3}}},{"hash":"1dd510ab52330439efeb160875d42d2786101384","messageTitle":"Update help message to include priority","messageBody":"","fileTypesAndContributionMap":{"functional-code":{"insertions":1,"deletions":1}}},{"hash":"ddc78e4cd11104a39c2df317c828e0cf5bf2c55d","messageTitle":"Make priority final in Task","messageBody":"","fileTypesAndContributionMap":{"functional-code":{"insertions":1,"deletions":1}}},{"hash":"c0aa2201b38a418dbe187e5e90ea76a5347a3ffd","messageTitle":"Add None priority to prevent storage retrieval issues","messageBody":"","fileTypesAndContributionMap":{"functional-code":{"insertions":4,"deletions":6},"test-code":{"insertions":11,"deletions":11}}},{"hash":"c91700be86d39797f18b3a2a5d2949236ef700df","messageTitle":"Improve error message for invalid task","messageBody":"","fileTypesAndContributionMap":{"functional-code":{"insertions":2,"deletions":2}}},{"hash":"176b04848d329491da223708fded2c52d84fac0d","messageTitle":"Fix issue #82","messageBody":"","fileTypesAndContributionMap":{"functional-code":{"insertions":3,"deletions":0}}},{"hash":"d77e2fc7128a3cd43b5c343eb304f26a840a61e3","messageTitle":"Add check to ensure priority validity","messageBody":"","fileTypesAndContributionMap":{"functional-code":{"insertions":1,"deletions":1}}},{"hash":"e93d11c256d2e0defd91a5448470795a4a3007c4","messageTitle":"Add comments to relevant functions","messageBody":"","fileTypesAndContributionMap":{"functional-code":{"insertions":12,"deletions":0}}},{"hash":"6e87048119ba9c799234912e66320e6656037d1e","messageTitle":"Add comments to relevant functions","messageBody":"","fileTypesAndContributionMap":{"functional-code":{"insertions":1,"deletions":1}}}]}],"Roycius":[{"date":"2021-09-29","commitResults":[{"hash":"c61c3e8117896e874b574af8e7c3885f1ffcce9e","messageTitle":"update Roycius in AboutUs","messageBody":"","fileTypesAndContributionMap":{"docs":{"insertions":1,"deletions":1}}}]},{"date":"2021-10-04","commitResults":[{"hash":"f79cb2c8f59143aad878b4c5095e04099339f6e0","messageTitle":"added basic functions to Lesson, LessonList, Task and TaskList classes.","messageBody":"","fileTypesAndContributionMap":{"functional-code":{"insertions":152,"deletions":1}}},{"hash":"4de2f14e44c414006ca948cfb95a7d7db9947408","messageTitle":"Shortened certain method names and polished up code.","messageBody":"","fileTypesAndContributionMap":{"functional-code":{"insertions":15,"deletions":16}}},{"hash":"494473fd7bccd95cffb8e71780408734d90c771d","messageTitle":"minor fix to improve code readability","messageBody":"","fileTypesAndContributionMap":{"functional-code":{"insertions":1,"deletions":2}}},{"hash":"140c8ad99d7462d0ad2e2f82845d303326826c12","messageTitle":"fixed toString function in the Task class","messageBody":"","fileTypesAndContributionMap":{"functional-code":{"insertions":1,"deletions":1}}},{"hash":"60a8132c9ecb8ea0ae939d32ec142f5ba17921e0","messageTitle":"simplified the toString function of Task class as suggested by richwill28","messageBody":"","fileTypesAndContributionMap":{"functional-code":{"insertions":2,"deletions":5}}},{"hash":"54603baa804360040ce945330d6649828b6f7091","messageTitle":"shortened unnecessary code in the toString methods","messageBody":"","fileTypesAndContributionMap":{"functional-code":{"insertions":3,"deletions":3}}}]},{"date":"2021-10-08","commitResults":[{"hash":"52f0a999e12b78424963640d4955d517da0841f3","messageTitle":"Add serialize capability and storage compatibility with AddTask and AddLesson","messageBody":"","fileTypesAndContributionMap":{"functional-code":{"insertions":146,"deletions":19}}},{"hash":"8982a9701c0ad98ffdc89824c0c0f35ce270a107","messageTitle":"Add checks for wrong flag sequence and day of week","messageBody":"","fileTypesAndContributionMap":{"functional-code":{"insertions":32,"deletions":7}}}]},{"date":"2021-10-09","commitResults":[{"hash":"4221ff9dad81fe92cbdd8737668cc043e13dc6f6","messageTitle":"Add JavaDoc to new commands and remove redundant constructor in Task","messageBody":"","fileTypesAndContributionMap":{"functional-code":{"insertions":75,"deletions":29}}},{"hash":"fe4eaa538daee2f67c8543fe6e4007a39c6065db","messageTitle":"Add some JUnit tests and fix JavaDoc typos","messageBody":"","fileTypesAndContributionMap":{"functional-code":{"insertions":2,"deletions":2},"test-code":{"insertions":50,"deletions":3}}},{"hash":"84e41f242a1480541b63ca033fa44a6751714cde","messageTitle":"Resolve issues pointed out in the PR","messageBody":"","fileTypesAndContributionMap":{"functional-code":{"insertions":56,"deletions":44},"test-code":{"insertions":1,"deletions":1}}},{"hash":"e096cf070d2059f9ee7446677fdedf31f73fc513","messageTitle":"Simplify flag exception condition.","messageBody":"","fileTypesAndContributionMap":{"functional-code":{"insertions":1,"deletions":1}}},{"hash":"2c2b27036c85adac3ee28b0389784d64f99df66d","messageTitle":"Simplify AddTaskCommand and parser implementation","messageBody":"","fileTypesAndContributionMap":{"functional-code":{"insertions":1,"deletions":6}}}]},{"date":"2021-10-11","commitResults":[{"hash":"27ea5e9886ec539ddc77c2b79e8c4703d4a89e1f","messageTitle":"Organize code and add JUnit tests","messageBody":"","fileTypesAndContributionMap":{"functional-code":{"insertions":65,"deletions":36},"test-code":{"insertions":34,"deletions":0}}},{"hash":"aa8a7c3f018408d89eae8e2901f7fb00d31fa4b7","messageTitle":"Add more JUnit test and simplify parseAddTaskCommand","messageBody":"","fileTypesAndContributionMap":{"functional-code":{"insertions":3,"deletions":3},"test-code":{"insertions":28,"deletions":3}}}]},{"date":"2021-10-12","commitResults":[{"hash":"e787631af284c74633b6e3fffa6fa56e2f16ddf7","messageTitle":"Add assertion and extra check to lesson flag checker","messageBody":"","fileTypesAndContributionMap":{"functional-code":{"insertions":6,"deletions":1}}},{"hash":"d51addac42929c53564b1d1e195c8f9b012f28f1","messageTitle":"Update user guide for \"add\" command","messageBody":"","fileTypesAndContributionMap":{"docs":{"insertions":56,"deletions":21}}},{"hash":"bcb063f86c9fe0e224caa6390c813e853652092a","messageTitle":"Add table of contents to userguide","messageBody":"","fileTypesAndContributionMap":{"docs":{"insertions":18,"deletions":6}}},{"hash":"2547ea97c17f217266398605a98e7a3ec31d6dd5","messageTitle":"Fix a typo in UserGuide Introduction","messageBody":"","fileTypesAndContributionMap":{"docs":{"insertions":1,"deletions":1}}},{"hash":"a71d1506bf1c93235ab4c1cf648f53876e970d01","messageTitle":"Fix newline issues with User Guide","messageBody":"","fileTypesAndContributionMap":{"docs":{"insertions":3,"deletions":5}}},{"hash":"ec02112a42f703ccf6d1cba4b8fc31f62a7b584c","messageTitle":"Remove some empty lines in User Guide","messageBody":"","fileTypesAndContributionMap":{"docs":{"insertions":0,"deletions":4}}},{"hash":"d30b5a0e4cd3e43ee7f813b049fa762115994f0f","messageTitle":"Remove an assertion as per recommendation","messageBody":"","fileTypesAndContributionMap":{"functional-code":{"insertions":0,"deletions":1}}}]},{"date":"2021-10-13","commitResults":[{"hash":"4a5a3f0345b446bed1651a1eb598e5bf88248293","messageTitle":"Update user guide","messageBody":"","fileTypesAndContributionMap":{"docs":{"insertions":59,"deletions":0}}},{"hash":"794d0c25a36fc01afd8613235dc0cd3680f4d687","messageTitle":"Update UG example to reflect changes","messageBody":"","fileTypesAndContributionMap":{"functional-code":{"insertions":1,"deletions":0},"docs":{"insertions":4,"deletions":3}}},{"hash":"f67867e8edc938cc1d327f6ea0a3b4c407a63be2","messageTitle":"Revert \"Update UG example to reflect changes\"","messageBody":"This reverts commit 794d0c25a36fc01afd8613235dc0cd3680f4d687.\n","fileTypesAndContributionMap":{"functional-code":{"insertions":0,"deletions":1},"docs":{"insertions":3,"deletions":4}}},{"hash":"ded1df071a512bcc5a82ebfbdce77d73e82aed93","messageTitle":"Revert \"Update user guide\"","messageBody":"This reverts commit 4a5a3f0345b446bed1651a1eb598e5bf88248293.\n","fileTypesAndContributionMap":{"docs":{"insertions":0,"deletions":59}}},{"hash":"f5d1edc4ab140ffd8e7b018ec2757b809dcbde45","messageTitle":"Update User Guide","messageBody":"","fileTypesAndContributionMap":{"docs":{"insertions":59,"deletions":0}}},{"hash":"85c07e2c5f8dc1810e91353cd9a65fb42b4255da","messageTitle":"Update UG to reflect changes to printing","messageBody":"","fileTypesAndContributionMap":{"functional-code":{"insertions":1,"deletions":0},"docs":{"insertions":3,"deletions":2}}}]},{"date":"2021-10-16","commitResults":[{"hash":"ddfba015efd5bf20bef344114fa6d188a5e92581","messageTitle":"Remove guarantee fail assertion","messageBody":"","fileTypesAndContributionMap":{"functional-code":{"insertions":0,"deletions":1}}},{"hash":"281ff49c9774c2e9548768b0c8ea2d36cf87e1c0","messageTitle":"Split storage into 3 different files","messageBody":"","fileTypesAndContributionMap":{"functional-code":{"insertions":79,"deletions":21}}},{"hash":"199cd86d2c34fd211b550c060ec88e7700752c55","messageTitle":"Update JavaDoc for storage","messageBody":"","fileTypesAndContributionMap":{"functional-code":{"insertions":12,"deletions":1}}},{"hash":"37685986e600abd134836b294402da07908eb698","messageTitle":"Add exception catch for empty line in save file","messageBody":"","fileTypesAndContributionMap":{"functional-code":{"insertions":14,"deletions":6}}},{"hash":"f82bea887347684cf00950f767da598f37f3c19d","messageTitle":"Add JUnit for storage","messageBody":"","fileTypesAndContributionMap":{"functional-code":{"insertions":1,"deletions":1},"test-code":{"insertions":31,"deletions":0}}},{"hash":"8d9fedc9e161da28fd633a4e863bf7fd48020c2d","messageTitle":"Add today and tomorrow to listing methods","messageBody":"","fileTypesAndContributionMap":{"functional-code":{"insertions":43,"deletions":4}}},{"hash":"290e0a420bbf6ddd8b25b294735fd37b6b64438e","messageTitle":"Add JavaDoc and simplify equal conditions","messageBody":"","fileTypesAndContributionMap":{"functional-code":{"insertions":25,"deletions":9}}},{"hash":"970021d88c5a8ea41221465f4fb20506270a32b4","messageTitle":"Make tasks.txt and lessons.txt public","messageBody":"","fileTypesAndContributionMap":{"functional-code":{"insertions":10,"deletions":10}}},{"hash":"337cf564e246e8aceef8f747e67ce4d9ca044043","messageTitle":"Create \"today\" and \"tomorrow\" as public constants","messageBody":"","fileTypesAndContributionMap":{"functional-code":{"insertions":9,"deletions":5}}}]},{"date":"2021-10-18","commitResults":[{"hash":"cb9bc07258da73b2a72385ca14dd258f72e965a9","messageTitle":"Add DG for Storage class","messageBody":"","fileTypesAndContributionMap":{"docs":{"insertions":123,"deletions":1}}}]},{"date":"2021-10-19","commitResults":[{"hash":"c822e9d3eeab2b37fcec4e659966ffee35b51d4b","messageTitle":"Add module listing (simple version)","messageBody":"","fileTypesAndContributionMap":{"functional-code":{"insertions":72,"deletions":2}}},{"hash":"35704e7a9800c8697ab68517d6b9f10335bbc22a","messageTitle":"Add module listing (verbose version)","messageBody":"","fileTypesAndContributionMap":{"functional-code":{"insertions":29,"deletions":4}}},{"hash":"2cf53ea2b554775f3304c2b8923b00969ca5c159","messageTitle":"Add JavaDocs for the new methods","messageBody":"","fileTypesAndContributionMap":{"functional-code":{"insertions":29,"deletions":1}}},{"hash":"81ce6e4a260ab9eb06980a8ea911bcd5232163bd","messageTitle":"Add JUnit and slight change in \"list module all\"","messageBody":"","fileTypesAndContributionMap":{"functional-code":{"insertions":6,"deletions":3},"test-code":{"insertions":6,"deletions":0}}}]},{"date":"2021-10-22","commitResults":[{"hash":"e0c5ca50df2314ee0d05469e5c8f03720b0b58db","messageTitle":"Implement delete module command","messageBody":"","fileTypesAndContributionMap":{"functional-code":{"insertions":50,"deletions":0}}},{"hash":"1e7910732ed3b082c6b3e1ba6022854c600837d9","messageTitle":"Add module searching feature","messageBody":"","fileTypesAndContributionMap":{"functional-code":{"insertions":50,"deletions":3}}},{"hash":"e1c87d32d140b3af831085ef130d68a204f78f3b","messageTitle":"Add JavaDocs","messageBody":"","fileTypesAndContributionMap":{"functional-code":{"insertions":15,"deletions":2}}},{"hash":"bdc6ca85e715ab7e825d2972e435f02d565d5558","messageTitle":"Add JUnit tests","messageBody":"","fileTypesAndContributionMap":{"test-code":{"insertions":34,"deletions":0}}},{"hash":"42496625d132dc77e980ea21b3de201c4cad7b59","messageTitle":"Fix JUnit","messageBody":"","fileTypesAndContributionMap":{"test-code":{"insertions":2,"deletions":0}}},{"hash":"3ed29796383b0ab22a8ca0278ab8ef151d3b290a","messageTitle":"Add HelpCommand","messageBody":"","fileTypesAndContributionMap":{"functional-code":{"insertions":45,"deletions":1}}}]},{"date":"2021-10-23","commitResults":[{"hash":"e98f43352d3abd1e475926689d1e85ed6f7dad87","messageTitle":"Move position of \"toUpperCase\"","messageBody":"","fileTypesAndContributionMap":{"functional-code":{"insertions":4,"deletions":2}}}]},{"date":"2021-10-24","commitResults":[{"hash":"dcf5d90eae29ec53a3a8c64f6b9953e09e135496","messageTitle":"Add DG getting started guide","messageBody":"","fileTypesAndContributionMap":{"docs":{"insertions":42,"deletions":1}}},{"hash":"f4ad874b1f8825ec22584171da6ef5d17f234460","messageTitle":"Add explanation for sequence diagrams","messageBody":"","fileTypesAndContributionMap":{"docs":{"insertions":19,"deletions":1}}}]}],"richwill28":[{"date":"2021-09-29","commitResults":[{"hash":"b03a3f6453fc4f4ffd5d653e607c3eb787479a6e","messageTitle":"Update AboutUs.md","messageBody":"","fileTypesAndContributionMap":{"docs":{"insertions":1,"deletions":1}}}]},{"date":"2021-10-04","commitResults":[{"hash":"2c424abdcae8e2b6a9f85cf37fd0ee70c1ba8f14","messageTitle":"Create skeleton program","messageBody":"","fileTypesAndContributionMap":{"functional-code":{"insertions":104,"deletions":14}}}]},{"date":"2021-10-05","commitResults":[{"hash":"577e03f2177f4d33e6fe348ed4e12145ac3d92a4","messageTitle":"Initialize Duke Exception","messageBody":"","fileTypesAndContributionMap":{"functional-code":{"insertions":29,"deletions":1}}}]},{"date":"2021-10-08","commitResults":[{"hash":"56d0b2f96f08d4a53d3b8a1b3924a3506d45af44","messageTitle":"Create enum for day of the week","messageBody":"","fileTypesAndContributionMap":{"functional-code":{"insertions":22,"deletions":0}}},{"hash":"0411fbf30fca0cfa9abbcc1284c3e205dfa7ff22","messageTitle":"Create enum for command type","messageBody":"","fileTypesAndContributionMap":{"functional-code":{"insertions":29,"deletions":0}}},{"hash":"5b9ac8366eeaacc38a2d64a082c1e4de4b8e8fb7","messageTitle":"Refactor commands","messageBody":"","fileTypesAndContributionMap":{"functional-code":{"insertions":224,"deletions":61}}},{"hash":"9c8b955eeb6b8444e19635328a2c99515c86406f","messageTitle":"Refactor parser","messageBody":"","fileTypesAndContributionMap":{"functional-code":{"insertions":234,"deletions":136}}},{"hash":"3d01474bf354b746b77d54eb4c1e9c61af1ae3ac","messageTitle":"Implement task filtering","messageBody":"","fileTypesAndContributionMap":{"functional-code":{"insertions":44,"deletions":25}}},{"hash":"fbb92883ab0869cf9119178015b095c2aae12851","messageTitle":"Implement lesson filtering","messageBody":"","fileTypesAndContributionMap":{"functional-code":{"insertions":34,"deletions":24}}},{"hash":"c69cf27041685db14fdb24a2f59fe286aedc0ee9","messageTitle":"Add new error messages","messageBody":"","fileTypesAndContributionMap":{"functional-code":{"insertions":29,"deletions":2}}},{"hash":"c7992b156aa2c147a865e69c55c56aee610d3ea3","messageTitle":"Add new UI utility methods","messageBody":"","fileTypesAndContributionMap":{"functional-code":{"insertions":210,"deletions":16}}},{"hash":"1da7ce8f859443dff08301f18d31472fc6866638","messageTitle":"Update Duke.java","messageBody":"","fileTypesAndContributionMap":{"functional-code":{"insertions":8,"deletions":15}}},{"hash":"e66ceedf50544299d9ef728b3103d367a29de0ff","messageTitle":"Add comments","messageBody":"","fileTypesAndContributionMap":{"functional-code":{"insertions":1,"deletions":1}}},{"hash":"cb640c9c682af7e7e1091a609b8e892617ec5303","messageTitle":"Implement skeleton code for storage","messageBody":"","fileTypesAndContributionMap":{"functional-code":{"insertions":77,"deletions":0}}},{"hash":"dfca2b3a2bf53bf371e29edcfd8301fd9ab62b90","messageTitle":"Add todo comments","messageBody":"","fileTypesAndContributionMap":{"functional-code":{"insertions":11,"deletions":0}}},{"hash":"eb4bae6d13f7c0d0da74fbb3e982f0b41bfa554a","messageTitle":"Initialize JUnit test packages","messageBody":"","fileTypesAndContributionMap":{"test-code":{"insertions":28,"deletions":0}}},{"hash":"145670683e2e00adc4f343c07ce25fbcf318b12a","messageTitle":"Add tests to several task list methods","messageBody":"","fileTypesAndContributionMap":{"test-code":{"insertions":72,"deletions":0}}},{"hash":"591e913d8a9fcdb604a4d73181aea582eeb88b15","messageTitle":"Fix printExit formatting","messageBody":"","fileTypesAndContributionMap":{"functional-code":{"insertions":1,"deletions":1}}},{"hash":"999df23f70064fa24acdb110d8beada17181d2ba","messageTitle":"Initialize skeleton for Duke constructor","messageBody":"","fileTypesAndContributionMap":{"functional-code":{"insertions":11,"deletions":3}}}]},{"date":"2021-10-12","commitResults":[{"hash":"0c7c7e0c90f34c9a508cc4ce4acad16a35e7cf9a","messageTitle":"Add documentation","messageBody":"","fileTypesAndContributionMap":{"functional-code":{"insertions":13,"deletions":3}}},{"hash":"ebce29deefebf2d4411a9eebc80ee842f99b2a0c","messageTitle":"Change method signature to improve consistency","messageBody":"","fileTypesAndContributionMap":{"functional-code":{"insertions":17,"deletions":20},"test-code":{"insertions":9,"deletions":8}}},{"hash":"1eafb8121b397108e73164a15c1b5f7dbe7b32e4","messageTitle":"Tidy up Ui methods","messageBody":"","fileTypesAndContributionMap":{"functional-code":{"insertions":131,"deletions":140}}},{"hash":"61068de097f55b7a8ca17293ac3b01835a24dfe9","messageTitle":"Refactor and polish codebase","messageBody":"- Add documentation (Javadoc)\n- Refactor commands for consistency\n- Refactor Message class\n","fileTypesAndContributionMap":{"functional-code":{"insertions":215,"deletions":314},"test-code":{"insertions":19,"deletions":30}}},{"hash":"bb4e4e4304d3870ec7206a6a315ab4ef5593f7de","messageTitle":"Handle index-related exceptions","messageBody":"","fileTypesAndContributionMap":{"functional-code":{"insertions":42,"deletions":33},"test-code":{"insertions":29,"deletions":20}}}]},{"date":"2021-10-15","commitResults":[{"hash":"ddc082b34f1ffdb66750678857154a03e75d5bf4","messageTitle":"Refactor code architecture","messageBody":"","fileTypesAndContributionMap":{"functional-code":{"insertions":18,"deletions":19},"other":{"insertions":174,"deletions":162},"test-code":{"insertions":8,"deletions":8}}},{"hash":"481df6412bf12ba8a16ba2b14a63f558f7c5746a","messageTitle":"Create CommandException class","messageBody":"","fileTypesAndContributionMap":{"functional-code":{"insertions":9,"deletions":87},"other":{"insertions":3,"deletions":3},"test-code":{"insertions":0,"deletions":41}}},{"hash":"84538dae8b5b5938c544657edb81654247a8e348","messageTitle":"Create ParseException class","messageBody":"","fileTypesAndContributionMap":{"functional-code":{"insertions":9,"deletions":0}}},{"hash":"17eacd51ec89092f114421ccb0e927d1a522107d","messageTitle":"Refactor command classes to improve architecture","messageBody":"","fileTypesAndContributionMap":{"functional-code":{"insertions":42,"deletions":61}}},{"hash":"b21ac970c189005148fa6ec23ac4bf8039809253","messageTitle":"Refactor Parser class","messageBody":"- To improve code architecture\n- To simplify parser implementation\n- To improve scalability\n","fileTypesAndContributionMap":{"functional-code":{"insertions":328,"deletions":397}}},{"hash":"9474dca13edbb15c787eda9babbf54b62661097e","messageTitle":"Update test classes to fit the code architecture","messageBody":"Note: will have to update in future commits.\n","fileTypesAndContributionMap":{"test-code":{"insertions":11,"deletions":48}}},{"hash":"8fa62545505b30b143cf99e258fd2bb67d198396","messageTitle":"Create lesson-specific exceptions","messageBody":"","fileTypesAndContributionMap":{"functional-code":{"insertions":32,"deletions":11}}},{"hash":"f5ce0b623c5157ebcbe892afeeddf8ff9c4c814b","messageTitle":"Create task-specific exceptions","messageBody":"","fileTypesAndContributionMap":{"functional-code":{"insertions":32,"deletions":11}}},{"hash":"0c5eeac1295d908d5e4208a75ab9dda9e351fe8a","messageTitle":"Add module data for AY21/22","messageBody":"","fileTypesAndContributionMap":{"functional-code":{"insertions":276539,"deletions":0}}},{"hash":"11e8fc883e46461d675845bb728c79288ae38ab6","messageTitle":"Initialize logger","messageBody":"","fileTypesAndContributionMap":{"functional-code":{"insertions":33,"deletions":1}}},{"hash":"03bbb1fc2069b025a0017ddde3046275211e3f1f","messageTitle":"Set up file logger","messageBody":"","fileTypesAndContributionMap":{"functional-code":{"insertions":1,"deletions":1}}}]},{"date":"2021-10-16","commitResults":[{"hash":"7311fdb7cf00edfdf03ea32b30e0402189b0b98b","messageTitle":"Add meeting url attribute to lesson object","messageBody":"","fileTypesAndContributionMap":{"functional-code":{"insertions":64,"deletions":18}}}]},{"date":"2021-10-17","commitResults":[{"hash":"52ca8eee4ebd0698edb994909e00f2a26382974f","messageTitle":"Add more messages","messageBody":"","fileTypesAndContributionMap":{"functional-code":{"insertions":31,"deletions":4}}},{"hash":"da11ae3223a97127e3fa2d1c71452bfc450f16a0","messageTitle":"Add time-related utility class","messageBody":"","fileTypesAndContributionMap":{"functional-code":{"insertions":55,"deletions":0}}},{"hash":"bb721aa11488c29d951b795c6aed03da7f36ce94","messageTitle":"Add TimeParseException class","messageBody":"","fileTypesAndContributionMap":{"functional-code":{"insertions":9,"deletions":0}}},{"hash":"ee856cc128c8f209886a52e023068fe2a7721daf","messageTitle":"Refactor storage methods","messageBody":"","fileTypesAndContributionMap":{"functional-code":{"insertions":64,"deletions":73}}},{"hash":"6f00a69470449272158d9231c6472d05bad1377f","messageTitle":"Validate time for serialization/deserialization","messageBody":"","fileTypesAndContributionMap":{"functional-code":{"insertions":30,"deletions":29}}},{"hash":"5c8a4292a47fb7baecae462896347e28f85df523","messageTitle":"Change DukeException to TaskIndexException","messageBody":"","fileTypesAndContributionMap":{"functional-code":{"insertions":3,"deletions":4}}},{"hash":"586c61e47f0c722f340692ffad2b4481c189af4e","messageTitle":"Refactor commands for module list","messageBody":"","fileTypesAndContributionMap":{"functional-code":{"insertions":42,"deletions":33}}},{"hash":"28987b91b2e06eb453552b904711076fb2c7b582","messageTitle":"Validate input time for lesson","messageBody":"","fileTypesAndContributionMap":{"functional-code":{"insertions":12,"deletions":2}}},{"hash":"44bcdfc034a9e5febca60c9a9dd222f30aff0023","messageTitle":"Update constructor method","messageBody":"- Improve task list initialization\n- Improve lesson list initialization\n- Improve module list initialization\n- Fix invalid file not being overriden bug\n- More comprehensive exceptions handling\n","fileTypesAndContributionMap":{"functional-code":{"insertions":35,"deletions":12}}}]},{"date":"2021-10-18","commitResults":[{"hash":"52ca8e263b4b75b8870bbc9dbc7319f31046daa6","messageTitle":"Update test classes to fit the new main methods","messageBody":"","fileTypesAndContributionMap":{"test-code":{"insertions":51,"deletions":79}}},{"hash":"75eb4fcbcf45f1beaebacdce2787f061169dfd60","messageTitle":"Add utility class to validate days","messageBody":"E.g., today or tomorrow.\n","fileTypesAndContributionMap":{"functional-code":{"insertions":25,"deletions":0}}},{"hash":"b235efa0652114dd7068347dc07cc91a9756585d","messageTitle":"Update Ui class","messageBody":"","fileTypesAndContributionMap":{"functional-code":{"insertions":14,"deletions":13}}},{"hash":"db4d8588e3f06106b630fd386bb8bc95abdd2238","messageTitle":"Add new method to convert day to proper format","messageBody":"","fileTypesAndContributionMap":{"functional-code":{"insertions":20,"deletions":36}}},{"hash":"ed3c22256e688e95ade8644f507a99c8feb2c25d","messageTitle":"Update to improve dayOfTheWeek validation","messageBody":"","fileTypesAndContributionMap":{"functional-code":{"insertions":64,"deletions":36}}},{"hash":"ce613101edbb90e2f7fcf9b1f2bef0d66cead664","messageTitle":"Add DeserializeModuleException","messageBody":"","fileTypesAndContributionMap":{"functional-code":{"insertions":9,"deletions":0}}},{"hash":"d97f12c9ae9ea59d8615551831e09186379ccf33","messageTitle":"Create skeleton code for module deserialization","messageBody":"","fileTypesAndContributionMap":{"functional-code":{"insertions":64,"deletions":8}}},{"hash":"5b7b11a37fff156b4b7608dfae9f208199837c5f","messageTitle":"Update ModuleListTest","messageBody":"","fileTypesAndContributionMap":{"test-code":{"insertions":3,"deletions":3}}},{"hash":"faac1f3748a73fdc7fc1f8068ce4a3da75fc77af","messageTitle":"Update task serialization/deserialization","messageBody":"","fileTypesAndContributionMap":{"functional-code":{"insertions":10,"deletions":13}}},{"hash":"4369ca834d399231b048e516907cbf7b8db181b3","messageTitle":"Update string representaion of task","messageBody":"","fileTypesAndContributionMap":{"functional-code":{"insertions":2,"deletions":3}}},{"hash":"1ef46b809cc11da1a4c0f9bf8000f48a0ce6622d","messageTitle":"Refactor Duke to improve SLAP","messageBody":"","fileTypesAndContributionMap":{"functional-code":{"insertions":72,"deletions":45}}},{"hash":"857abb315c2119213c914f8cf19dcf724981c18c","messageTitle":"Ignore fetch error for FullModuleList","messageBody":"","fileTypesAndContributionMap":{"functional-code":{"insertions":1,"deletions":1}}},{"hash":"59792f94ceefdcf2b3c6197a1a9b45e7df8d45a7","messageTitle":"Update method name","messageBody":"","fileTypesAndContributionMap":{"functional-code":{"insertions":12,"deletions":12}}}]},{"date":"2021-10-20","commitResults":[{"hash":"285d77448714bd061b9e3c3ce82a9a148aa8d8d3","messageTitle":"Update Developer Guide","messageBody":"- Add table of contents\n- Add content for Architecture section\n","fileTypesAndContributionMap":{"docs":{"insertions":191,"deletions":15}}},{"hash":"b06080ae5709cadb0d868fca27597efb516630e8","messageTitle":"Update sequence diagram for architecture demo","messageBody":"","fileTypesAndContributionMap":{"docs":{"insertions":24,"deletions":5}}},{"hash":"81ada791c6864cef749f4c0c9a747ba10b07bda5","messageTitle":"Rename files for consistency","messageBody":"","fileTypesAndContributionMap":{"docs":{"insertions":2,"deletions":2}}},{"hash":"a40c3980c503acc6be3a26832cf09ae5f0d2337f","messageTitle":"Update diagram style for a more standardized UML","messageBody":"","fileTypesAndContributionMap":{"docs":{"insertions":16,"deletions":5}}},{"hash":"4dd05f81b3459b972ecb96d90dd20e2d42b012ec","messageTitle":"Add color scheme for classes","messageBody":"","fileTypesAndContributionMap":{"docs":{"insertions":18,"deletions":0}}},{"hash":"45b1856c065a616c11bba647b876c22638e40720","messageTitle":"Update to use Style.puml","messageBody":"","fileTypesAndContributionMap":{"docs":{"insertions":16,"deletions":17}}},{"hash":"c386f668413930d0f4b8a3f1b84f457e959cdfc8","messageTitle":"Update Logic association line color","messageBody":"","fileTypesAndContributionMap":{"docs":{"insertions":1,"deletions":1}}},{"hash":"42e62a3cc1551ee4a0a7bcf1dce315e12e5376ae","messageTitle":"Add Logic Component Diagram","messageBody":"","fileTypesAndContributionMap":{"docs":{"insertions":35,"deletions":0}}},{"hash":"b8cd9b305095143d76876a3df630c8bed705ac35","messageTitle":"Update Logic Component Diagram","messageBody":"","fileTypesAndContributionMap":{"docs":{"insertions":5,"deletions":0}}},{"hash":"16a364a3873370bec0ab98798e1e6c8214cc4d3e","messageTitle":"Add Logic section for DG","messageBody":"","fileTypesAndContributionMap":{"docs":{"insertions":23,"deletions":2}}}]}]},"authorFileTypeContributionMap":{"rebchua39":{"docs":139,"functional-code":84,"test-code":49},"ptejasv":{"docs":152,"functional-code":462,"test-code":206,"other":1},"Roycius":{"docs":286,"functional-code":470,"test-code":130},"richwill28":{"docs":295,"functional-code":278327,"test-code":170,"other":1}},"authorContributionVariance":{"rebchua39":13795.311,"ptejasv":9.8677033E9,"Roycius":8993.378,"richwill28":2.48948096E9},"authorDisplayNameMap":{"rebchua39":"CS2113T-W11-3 REBE..CHUA","ptejasv":"CS2113T-W11-3 PARA..ASVI","Roycius":"CS2113T-W11-3 ROYC..NWEI","richwill28":"CS2113T-W11-3 RICH..LLIE"}}
