{"authorDailyContributionsMap":{"STAung07":[{"date":"2021-10-01","commitResults":[{"hash":"6b99393bdd28486dbea71167f9aa3e81146aa68e","messageTitle":"Added my Github Link","messageBody":"","fileTypesAndContributionMap":{"docs":{"insertions":1,"deletions":1}}}]}],"huien77":[{"date":"2021-10-01","commitResults":[{"hash":"a6ba2b386e7c59340d4150dfe38c5cbc6fce7d48","messageTitle":"about huien","messageBody":"","fileTypesAndContributionMap":{"docs":{"insertions":1,"deletions":1}}}]}],"flerovious":[{"date":"2021-10-01","commitResults":[{"hash":"fafd721e1e380bd59302de221a9c323e3403b18d","messageTitle":"Update AboutUs","messageBody":"Add Swaminathan Varun\u0027s GitHub details\n","fileTypesAndContributionMap":{"docs":{"insertions":1,"deletions":1}}}]}],"DJ-Tan":[{"date":"2021-10-01","commitResults":[{"hash":"c7fce350189287cd1bc5b686cba4483221732fb3","messageTitle":"Add Increment: Step 2b","messageBody":"","fileTypesAndContributionMap":{"docs":{"insertions":1,"deletions":1}}},{"hash":"ac287fdb5eeeb6ffd93148a0273cb64b2281f18a","messageTitle":"Add Increment: AboutUs.md","messageBody":"Update profile pics","fileTypesAndContributionMap":{"docs":{"insertions":5,"deletions":5}}}]}],"kahhe":[{"date":"2021-10-01","commitResults":[{"hash":"b078b0eef0d6449a5fad1dc616e2c579a4691cef","messageTitle":"Update AboutUs.md with Kah Heng info","messageBody":"","fileTypesAndContributionMap":{"docs":{"insertions":1,"deletions":1}}},{"hash":"1788f7b5cb889d36b84e8864395aa35da1312527","messageTitle":"Add kahheng.md","messageBody":"","fileTypesAndContributionMap":{"docs":{"insertions":6,"deletions":0}}},{"hash":"4547d486bae5586c55e4233be4ee2aabfbbee0ee","messageTitle":"Update AboutUs.md","messageBody":"","fileTypesAndContributionMap":{"docs":{"insertions":5,"deletions":5}}}]}]},"authorFileTypeContributionMap":{"STAung07":{"docs":0,"functional-code":0,"test-code":0},"huien77":{"docs":0,"functional-code":0,"test-code":0},"flerovious":{"docs":0,"functional-code":0,"test-code":0},"DJ-Tan":{"docs":0,"functional-code":0,"test-code":0},"kahhe":{"docs":11,"functional-code":0,"test-code":0}},"authorContributionVariance":{"STAung07":0.48979592,"huien77":0.48979592,"flerovious":0.48979592,"DJ-Tan":17.632652,"kahhe":39.67347},"authorDisplayNameMap":{"STAung07":"CS2113T-F14-1 SWAN..AUNG","huien77":"CS2113T-F14-1 TAN ..I EN","flerovious":"CS2113T-F14-1 SWAM..ARUN","DJ-Tan":"CS2113T-F14-1 TAN ..STIN","kahhe":"CS2113T-F14-1 TAN ..HENG"}}
