{"authorDailyContributionsMap":{"STAung07":[{"date":"2021-10-01","commitResults":[{"hash":"6b99393bdd28486dbea71167f9aa3e81146aa68e","messageTitle":"Added my Github Link","messageBody":"","fileTypesAndContributionMap":{"docs":{"insertions":1,"deletions":1}}}]},{"date":"2021-10-07","commitResults":[{"hash":"c258c59b4bc5aa757a97831275caa6ddd018b511","messageTitle":"Skeleton for Help command and List Habit command with Input Parser and Ui","messageBody":"","fileTypesAndContributionMap":{"functional-code":{"insertions":104,"deletions":0},"test-code":{"insertions":70,"deletions":0}}},{"hash":"7f90365494af92293713cf294348be6feedb0254","messageTitle":"Fix Checkstyle Errors","messageBody":"","fileTypesAndContributionMap":{"functional-code":{"insertions":17,"deletions":11}}},{"hash":"e42156c1a9a99bd5e35aee87bf1a4615073b342f","messageTitle":"Fox checkstyle bugs","messageBody":"","fileTypesAndContributionMap":{"functional-code":{"insertions":3,"deletions":2}}},{"hash":"f1967a1d5477679e63574a801a0149fa3ea37bfa","messageTitle":"Fixed Checkstyle Bugs","messageBody":"","fileTypesAndContributionMap":{"test-code":{"insertions":17,"deletions":9}}}]},{"date":"2021-10-08","commitResults":[{"hash":"7d002dac12af33163648d29081915f34419bf42f","messageTitle":"Finished Help Command","messageBody":"","fileTypesAndContributionMap":{"functional-code":{"insertions":5,"deletions":2},"test-code":{"insertions":5,"deletions":2}}}]},{"date":"2021-10-12","commitResults":[{"hash":"286c0233df57611c7e34d934df92e0832f0fd5a8","messageTitle":"Added ListGoalsCommand class, ViewProgressCommand Skeleton, Updated RemoveCommand and Test based on Daren Goal Class","messageBody":"","fileTypesAndContributionMap":{"functional-code":{"insertions":105,"deletions":43},"test-code":{"insertions":27,"deletions":31}}}]},{"date":"2021-10-13","commitResults":[{"hash":"255f59406cee5db8d71f476878289731309e3409","messageTitle":"Added ListParser for View Command + JUnit Test for ListParser","messageBody":"","fileTypesAndContributionMap":{"functional-code":{"insertions":10,"deletions":2},"test-code":{"insertions":30,"deletions":0}}},{"hash":"6e87c6f1974a66b464cc7aea6a9935f8033c47a7","messageTitle":"Fixed Checkstyle Bugs","messageBody":"","fileTypesAndContributionMap":{"test-code":{"insertions":2,"deletions":1}}},{"hash":"8a21d45d5fa26ead67c3140e363931a2e3f0b60c","messageTitle":"Merge with Kah Heng","messageBody":"","fileTypesAndContributionMap":{"functional-code":{"insertions":22,"deletions":16},"test-code":{"insertions":1,"deletions":29}}}]},{"date":"2021-10-14","commitResults":[{"hash":"7f25da4f8a4a93531b73723fd71eda35fa54f004","messageTitle":"Help Command Finalised + DoneHabitCommand Skeleton","messageBody":"","fileTypesAndContributionMap":{"functional-code":{"insertions":32,"deletions":6}}},{"hash":"53c1a23511fa963114f8d234487e80d549087322","messageTitle":"DoneHabitCommand and DoneParser Implemented + Minor code clean up","messageBody":"","fileTypesAndContributionMap":{"functional-code":{"insertions":78,"deletions":7}}},{"hash":"91eaf59eb40732f342dedc3c76f41c166f4939a0","messageTitle":"Fix Checkstyle Bugs","messageBody":"","fileTypesAndContributionMap":{"functional-code":{"insertions":2,"deletions":2}}},{"hash":"e6392a2db3fbec2f6035d0b96ca03c53707bc2c3","messageTitle":"DoneParser JUnit Test","messageBody":"","fileTypesAndContributionMap":{"functional-code":{"insertions":13,"deletions":2},"test-code":{"insertions":46,"deletions":0}}},{"hash":"9315f3a584c68c530fbcc1169f639b517a45bc93","messageTitle":"Cleaned up UI for all commands; left add commands","messageBody":"","fileTypesAndContributionMap":{"functional-code":{"insertions":59,"deletions":18}}},{"hash":"a4ee60341a0e066d78633376d0ce489d0a8cbd27","messageTitle":"Merge with upstsream","messageBody":"","fileTypesAndContributionMap":{"functional-code":{"insertions":12,"deletions":11},"test-code":{"insertions":1,"deletions":1}}},{"hash":"cde4855a6a4554dacca90b25e2743b639b38c3bb","messageTitle":"Fixed small bugs; Working export function for storage","messageBody":"","fileTypesAndContributionMap":{"functional-code":{"insertions":44,"deletions":18}}}]},{"date":"2021-10-15","commitResults":[{"hash":"60e88535e85c6683c792986e3cd2757be4f8f4c8","messageTitle":"Updated UG; Help, List, View Command + Command Summary","messageBody":"","fileTypesAndContributionMap":{"functional-code":{"insertions":1,"deletions":1},"docs":{"insertions":86,"deletions":12}}}]},{"date":"2021-10-20","commitResults":[{"hash":"b0af95d6bdbcad22019eb3dd1b64d8fe17f35b4f","messageTitle":"Added intervals for Habit class","messageBody":"","fileTypesAndContributionMap":{"functional-code":{"insertions":65,"deletions":8}}},{"hash":"210559574b3c2df98fcde61dc2c6d522673dbe00","messageTitle":"Fix checkstyle bugs","messageBody":"","fileTypesAndContributionMap":{"functional-code":{"insertions":4,"deletions":1}}}]},{"date":"2021-10-21","commitResults":[{"hash":"ec3850b7f61e002351097209589b14896774fb99","messageTitle":"Added 3 Sequence Diagrams: ListGoalsCommand, ListHabitsCommand, DoneCommand","messageBody":"","fileTypesAndContributionMap":{"docs":{"insertions":95,"deletions":1}}},{"hash":"61b6ed4b9e73ae9f7c53b7937bf42062f4a91553","messageTitle":"Added some stuff to DG","messageBody":"","fileTypesAndContributionMap":{"docs":{"insertions":67,"deletions":6}}},{"hash":"2162495afd13d96c54f783773d68c1c70b9de8ab","messageTitle":"Merged with master","messageBody":"","fileTypesAndContributionMap":{"docs":{"insertions":1,"deletions":1}}},{"hash":"78815f75059000e8352747466f9fff93d89a87f4","messageTitle":"Refactored Ui Class, Updated Developer Guide with System Architecture Diagram","messageBody":"","fileTypesAndContributionMap":{"functional-code":{"insertions":92,"deletions":93},"other":{"insertions":6,"deletions":4},"docs":{"insertions":52,"deletions":22}}},{"hash":"c1f96ad8560490aa7c198142a65604191c880b86","messageTitle":"Developer Guide skeleton with UML Diagrams","messageBody":"","fileTypesAndContributionMap":{"functional-code":{"insertions":8,"deletions":4},"docs":{"insertions":34,"deletions":5}}},{"hash":"94e2b8e2e0d6535869c42824e36af8dbcbae3a7a","messageTitle":"Fix bugs","messageBody":"","fileTypesAndContributionMap":{"other":{"insertions":1,"deletions":1}}},{"hash":"f862bcd267735e2d5c0d42f1b9d9e7ce2684f346","messageTitle":"Fix More Bugs","messageBody":"","fileTypesAndContributionMap":{"other":{"insertions":1,"deletions":1}}},{"hash":"1384fcab423fa507e6dfd6367fbe9694f3cbd236","messageTitle":"Final bug fixes","messageBody":"","fileTypesAndContributionMap":{"docs":{"insertions":1,"deletions":1}}}]},{"date":"2021-10-24","commitResults":[{"hash":"e80fcfb4d1bd9faa02b310bd219be4fedfdfb73e","messageTitle":"DG update","messageBody":"","fileTypesAndContributionMap":{"docs":{"insertions":6,"deletions":1}}},{"hash":"3ee8dde56e0a383da3244627fcc8cc93ca92c010","messageTitle":"Date attribute in Habit class + Recurring Habit (Reset to not done when interval reached)","messageBody":"","fileTypesAndContributionMap":{"functional-code":{"insertions":122,"deletions":20}}},{"hash":"21c10638058bd38f3ef17ce3a4dec039b5704d1e","messageTitle":"Fixed checkstyle bugs","messageBody":"","fileTypesAndContributionMap":{"functional-code":{"insertions":5,"deletions":5}}},{"hash":"e576764d1e7fb50919a1b9636ba6d925e927f25b","messageTitle":"Merge branch-v2.0-features","messageBody":"","fileTypesAndContributionMap":{"functional-code":{"insertions":13,"deletions":7},"docs":{"insertions":20,"deletions":2}}},{"hash":"310f0b333ac78921bce008045c3221530f25cd70","messageTitle":"standardised view command flags with Daren\u0027s","messageBody":"","fileTypesAndContributionMap":{"functional-code":{"insertions":38,"deletions":16}}},{"hash":"e43c0e6c76115d29c3f4b96af5f24374e5efb632","messageTitle":"Updated UG","messageBody":"","fileTypesAndContributionMap":{"functional-code":{"insertions":1,"deletions":1},"docs":{"insertions":77,"deletions":13}}},{"hash":"4bce04fef8c90e602479718e211c2b1e2b823825","messageTitle":"merge with upstream branch","messageBody":"","fileTypesAndContributionMap":{"docs":{"insertions":34,"deletions":16}}}]},{"date":"2021-10-25","commitResults":[{"hash":"a57a4401b99785f2780726b6c0c5523b06778ae9","messageTitle":"omitted listparser test for now","messageBody":"","fileTypesAndContributionMap":{"test-code":{"insertions":3,"deletions":1}}},{"hash":"cd17929a0759c01e427a491f9d9ddc78e8448f93","messageTitle":"Fixed table","messageBody":"","fileTypesAndContributionMap":{"docs":{"insertions":1,"deletions":0}}},{"hash":"d3a2520ba137081f0d5d38d5dcbdfc61bf873629","messageTitle":"Recurring Date feature allowed. Progress HashMap of habitDate to Progress object added","messageBody":"","fileTypesAndContributionMap":{"functional-code":{"insertions":256,"deletions":102}}},{"hash":"a28800b7ded4759134aa1f9598d66ab6d6f346fb","messageTitle":"Properly fixed merge conflict","messageBody":"","fileTypesAndContributionMap":{"functional-code":{"insertions":18,"deletions":40}}},{"hash":"76e5e1f0a8d12f07966baef00feeb950601d665b","messageTitle":"fix checkstyle bugs","messageBody":"","fileTypesAndContributionMap":{"functional-code":{"insertions":8,"deletions":8}}}]}],"huien77":[{"date":"2021-10-01","commitResults":[{"hash":"a6ba2b386e7c59340d4150dfe38c5cbc6fce7d48","messageTitle":"about huien","messageBody":"","fileTypesAndContributionMap":{"docs":{"insertions":1,"deletions":1}}}]},{"date":"2021-10-07","commitResults":[{"hash":"3ae86f6e133d9ff4c18127053d574900b61b59fe","messageTitle":"Storage Import Increment","messageBody":"","fileTypesAndContributionMap":{"functional-code":{"insertions":99,"deletions":0},"test-code":{"insertions":41,"deletions":0}}}]},{"date":"2021-10-13","commitResults":[{"hash":"6097b248f5aebc1b7d4723ab2d03e603427aeefa","messageTitle":"changed acess","messageBody":"","fileTypesAndContributionMap":{"functional-code":{"insertions":1,"deletions":1}}}]},{"date":"2021-10-14","commitResults":[{"hash":"d6199bd13510ead8d3f94640c3130b2950f481f3","messageTitle":"created storage import with exceptions","messageBody":"","fileTypesAndContributionMap":{"functional-code":{"insertions":98,"deletions":34},"test-code":{"insertions":11,"deletions":4}}},{"hash":"f228d554dec7c16f255b35f957b6bd162e6a9d77","messageTitle":"cleaned code","messageBody":"","fileTypesAndContributionMap":{"functional-code":{"insertions":0,"deletions":3}}},{"hash":"395e722bc2bb7ce8eb2a294b99de1c2626a26773","messageTitle":"fixed checkstyle errors","messageBody":"","fileTypesAndContributionMap":{"functional-code":{"insertions":4,"deletions":0}}},{"hash":"f8131c6d0ea994e71f5160fe5cf962cd7cb50e00","messageTitle":"removed junit test for storage","messageBody":"","fileTypesAndContributionMap":{"test-code":{"insertions":0,"deletions":14}}},{"hash":"e47b056935d5997699a2b428de37b58d47a99d35","messageTitle":"rename exception","messageBody":"","fileTypesAndContributionMap":{"functional-code":{"insertions":8,"deletions":8}}},{"hash":"f0cd1e51ac26a01d71152ac95be92fbc5f88bcc5","messageTitle":"added new getter methods for goals","messageBody":"","fileTypesAndContributionMap":{"functional-code":{"insertions":9,"deletions":1}}},{"hash":"2c2c514f297515de5416cacf96804a0e15ac3714","messageTitle":"method to export goalList into storage file added","messageBody":"","fileTypesAndContributionMap":{"functional-code":{"insertions":60,"deletions":8},"test-code":{"insertions":0,"deletions":3}}},{"hash":"8233d6daa88cbc47149efdd967016f5b9459b02c","messageTitle":"updated user guide","messageBody":"","fileTypesAndContributionMap":{"docs":{"insertions":42,"deletions":14}}},{"hash":"d8c447781202de8ea7e267592c0e6a78e3db58f3","messageTitle":"updated user guide - hyperlink","messageBody":"","fileTypesAndContributionMap":{"docs":{"insertions":15,"deletions":15}}},{"hash":"60c0c94d016a6a188a9439497bfed91a9b78c20e","messageTitle":"update export of date","messageBody":"","fileTypesAndContributionMap":{"functional-code":{"insertions":9,"deletions":4}}}]},{"date":"2021-10-15","commitResults":[{"hash":"8873465df7478b90fcf1c50323f092d064b75e65","messageTitle":"huien-userguide on loading and saving","messageBody":"","fileTypesAndContributionMap":{"docs":{"insertions":16,"deletions":4}}},{"hash":"53c5491b9ef854b770bd5038f45349154259ad58","messageTitle":"update table for terminology","messageBody":"","fileTypesAndContributionMap":{"docs":{"insertions":4,"deletions":4}}},{"hash":"dda0f0f917b56cc783e596d2e380323401bdfdb4","messageTitle":"fix table for terminology","messageBody":"","fileTypesAndContributionMap":{"docs":{"insertions":4,"deletions":4}}},{"hash":"5271cc0d00f48c5b632bb5bec2c33fd1e19c991e","messageTitle":"fixed table in terminology","messageBody":"","fileTypesAndContributionMap":{"docs":{"insertions":1,"deletions":0}}},{"hash":"f890b645c3edc577308430b1d8675271232a11ae","messageTitle":"kahheng UserGuide","messageBody":"","fileTypesAndContributionMap":{"docs":{"insertions":45,"deletions":4}}}]},{"date":"2021-10-17","commitResults":[{"hash":"0e8f26647cd93bdce42f13fba0289ee472d8d1a4","messageTitle":"minor edits","messageBody":"","fileTypesAndContributionMap":{"functional-code":{"insertions":4,"deletions":5}}},{"hash":"378e1eee5b96cd25ab1ac29a83b3db2e671cdbfb","messageTitle":"updated AboutUs","messageBody":"","fileTypesAndContributionMap":{"docs":{"insertions":23,"deletions":5}}},{"hash":"6445e1def4a049b4bdd334aa98a64bdb231f954d","messageTitle":"update AboutUs","messageBody":"","fileTypesAndContributionMap":{"docs":{"insertions":5,"deletions":1}}},{"hash":"1deb1f01dd76353936d72599199fd24bb6d65dc3","messageTitle":"Update README","messageBody":"","fileTypesAndContributionMap":{"docs":{"insertions":7,"deletions":10}}},{"hash":"3b0cd0a26c0b50b2bbebc47a625e07e6599683c1","messageTitle":"update UserGuide","messageBody":"","fileTypesAndContributionMap":{"docs":{"insertions":27,"deletions":20}}},{"hash":"7b686b1647e785f5749298c13a184e3cab4b32a7","messageTitle":"update developer guide and acknowledgement","messageBody":"","fileTypesAndContributionMap":{"docs":{"insertions":38,"deletions":7}}},{"hash":"1b174a72fa283841ffdac599d6a3030b63c1740c","messageTitle":"update developer guide","messageBody":"","fileTypesAndContributionMap":{"docs":{"insertions":26,"deletions":5}}},{"hash":"7bce3cc632091175a177d639cb1f71b32f73b1ed","messageTitle":"update developer guide links","messageBody":"","fileTypesAndContributionMap":{"docs":{"insertions":4,"deletions":4}}},{"hash":"df5b450b08ebaee067c9c14db1c82411e7d60566","messageTitle":"created Import class and ImportParser class","messageBody":"","fileTypesAndContributionMap":{"functional-code":{"insertions":127,"deletions":80}}},{"hash":"179f8a3d2df2780f9edb9bce1af93111f7705fcb","messageTitle":"create Export class","messageBody":"","fileTypesAndContributionMap":{"functional-code":{"insertions":61,"deletions":77}}},{"hash":"c72f43dd13b3954f5472e071ff9b8c3934d8f9f2","messageTitle":"fixed Export","messageBody":"","fileTypesAndContributionMap":{"functional-code":{"insertions":1,"deletions":0}}}]},{"date":"2021-10-21","commitResults":[{"hash":"c6e9f75beaf889b994d07e4783e2c36d7e60347a","messageTitle":"update style.puml","messageBody":"","fileTypesAndContributionMap":{"docs":{"insertions":1,"deletions":0}}},{"hash":"df452c0bf8157dea3e5e34cbcb6c270f2658868a","messageTitle":"storage class diagram","messageBody":"","fileTypesAndContributionMap":{"docs":{"insertions":7,"deletions":0}}},{"hash":"5c47a281709c8cf388c99e1421a4413a2be7311f","messageTitle":"Delete docs/diagrams directory","messageBody":"","fileTypesAndContributionMap":{"docs":{"insertions":0,"deletions":1}}},{"hash":"b5ea59638979c6060a4f71ef226c2e8f9848f11d","messageTitle":"Delete storageClassDiagram.puml","messageBody":"","fileTypesAndContributionMap":{"docs":{"insertions":0,"deletions":7}}},{"hash":"2febdd46faa6eca48ca56ef299a19fa3dfdcc5b8","messageTitle":"Delete Style.puml","messageBody":"","fileTypesAndContributionMap":{"docs":{"insertions":0,"deletions":0}}},{"hash":"0d3e208f2d2e7785243c8de917218fceace0974f","messageTitle":"update Style.puml, include StorageClassDiagram.puml","messageBody":"","fileTypesAndContributionMap":{"docs":{"insertions":12,"deletions":6}}},{"hash":"3f724cc4cf2b1a05ca3991311751adc060a51bbb","messageTitle":"include Style.puml for SystemArchitecture.puml and UiDiagram.puml","messageBody":"","fileTypesAndContributionMap":{"docs":{"insertions":6,"deletions":2}}},{"hash":"ed776af300f698dc64bbb6e240f3d102bcc65e9e","messageTitle":"update StorageClassDiagram.puml","messageBody":"","fileTypesAndContributionMap":{"docs":{"insertions":15,"deletions":0}}},{"hash":"facf2ae3bd345da7e54d044d882d4b8e99e5c828","messageTitle":"update StorageClassDiagram.puml","messageBody":"","fileTypesAndContributionMap":{"docs":{"insertions":7,"deletions":0}}},{"hash":"d2a66be82bbda938e9ff8d670b2b184760ae180d","messageTitle":"added navigability for StorageClassDiagram.puml","messageBody":"","fileTypesAndContributionMap":{"docs":{"insertions":7,"deletions":7}}}]},{"date":"2021-10-22","commitResults":[{"hash":"ce3ddd5b4f90f60892364b7871ae4ab3f47f0e96","messageTitle":"minor edits","messageBody":"","fileTypesAndContributionMap":{"docs":{"insertions":3,"deletions":3}}},{"hash":"df56775cfbdfaa358c00eaf5158448e253e88f1e","messageTitle":"update StorageClassDiagram.puml","messageBody":"","fileTypesAndContributionMap":{"docs":{"insertions":11,"deletions":8}}},{"hash":"d506f26a444d837db5da1f0c27604cdbd0f0f1fb","messageTitle":"Update DG and Diagram","messageBody":"","fileTypesAndContributionMap":{"docs":{"insertions":9,"deletions":5}}}]},{"date":"2021-10-24","commitResults":[{"hash":"84eb0a34b8822df1630b14b206a59ffc1c3d1baa","messageTitle":"fix import/export","messageBody":"","fileTypesAndContributionMap":{"functional-code":{"insertions":25,"deletions":23}}},{"hash":"bc76dca482c3a91b6f1991c08a22ec38b878d42a","messageTitle":"export goal live","messageBody":"","fileTypesAndContributionMap":{"functional-code":{"insertions":62,"deletions":9}}},{"hash":"a4413c4e2ea2ecff70ea00d0d13a3c9e2f24c254","messageTitle":"export habit live","messageBody":"","fileTypesAndContributionMap":{"functional-code":{"insertions":30,"deletions":1}}},{"hash":"bab504c36bb0567b7c02e8f8dabe3e89281597ab","messageTitle":"improve print indexing","messageBody":"","fileTypesAndContributionMap":{"functional-code":{"insertions":6,"deletions":1}}},{"hash":"c672dd5669cd3f424355211334a8b14dae453e44","messageTitle":"update storage file when goal is deleted","messageBody":"","fileTypesAndContributionMap":{"functional-code":{"insertions":7,"deletions":0}}},{"hash":"92e9897516f66b3eb80f5e0ebcf1a69be9208086","messageTitle":"update storage file when habit deleted","messageBody":"","fileTypesAndContributionMap":{"functional-code":{"insertions":7,"deletions":0}}},{"hash":"26188b3ad5e5b7f944ecf3f9e07a581c80902e13","messageTitle":"update storage file when habit is marked done","messageBody":"","fileTypesAndContributionMap":{"functional-code":{"insertions":7,"deletions":0}}},{"hash":"db82ff8da35d683930ddbb5801282f8d62a8a914","messageTitle":"moved export goal list to storage to exit command","messageBody":"","fileTypesAndContributionMap":{"functional-code":{"insertions":6,"deletions":13}}},{"hash":"7d5c4462aeef5f3bf0de199ff1145a0f71979f63","messageTitle":"when update goal name, export to storage file","messageBody":"","fileTypesAndContributionMap":{"functional-code":{"insertions":7,"deletions":0}}},{"hash":"2c5325f52af4d172c728f393c6f60e714c43faa7","messageTitle":"fixed checkstyle","messageBody":"","fileTypesAndContributionMap":{"functional-code":{"insertions":4,"deletions":4}}},{"hash":"bfd6b682192d3cfce1b3ccc85b095a62e3e60b0f","messageTitle":"updated user guide","messageBody":"","fileTypesAndContributionMap":{"docs":{"insertions":33,"deletions":13}}},{"hash":"eaf214ca292e1e5de7632c39689f854cf0a0474a","messageTitle":"standardize format","messageBody":"","fileTypesAndContributionMap":{"docs":{"insertions":7,"deletions":7}}}]},{"date":"2021-10-26","commitResults":[{"hash":"4f04475d0c24bf22eb347dd2b62b2b9232c89f3b","messageTitle":"fixed error with view","messageBody":"null pointer exception fixed for view\n","fileTypesAndContributionMap":{"functional-code":{"insertions":12,"deletions":5}}},{"hash":"64067198b3c3808be505d4a4ef51182381f825e9","messageTitle":"fixed checkstyle","messageBody":"","fileTypesAndContributionMap":{"functional-code":{"insertions":2,"deletions":1}}}]}],"flerovious":[{"date":"2021-10-01","commitResults":[{"hash":"fafd721e1e380bd59302de221a9c323e3403b18d","messageTitle":"Update AboutUs","messageBody":"Add Swaminathan Varun\u0027s GitHub details\n","fileTypesAndContributionMap":{"docs":{"insertions":1,"deletions":1}}}]},{"date":"2021-10-07","commitResults":[{"hash":"9a651f8d71af8ecf63053d16abdf7567f011bbf7","messageTitle":"Add AddCommand","messageBody":"","fileTypesAndContributionMap":{"functional-code":{"insertions":38,"deletions":0},"test-code":{"insertions":34,"deletions":0}}},{"hash":"7188dfc9ae2a95975abe52dccd704fa0df934302","messageTitle":"Fix bugs found in deployment checks","messageBody":"","fileTypesAndContributionMap":{"functional-code":{"insertions":6,"deletions":2},"test-code":{"insertions":1,"deletions":3}}},{"hash":"8c14134315eecadfdd2cf8861eb39a92eca3983c","messageTitle":"Fix bugs found in deployment checks","messageBody":"","fileTypesAndContributionMap":{"functional-code":{"insertions":1,"deletions":1}}},{"hash":"ae2cf0d2b77c5a6104da1608daf49fdc7b939645","messageTitle":"Fix bugs found in deployment checks","messageBody":"","fileTypesAndContributionMap":{"test-code":{"insertions":3,"deletions":3}}}]},{"date":"2021-10-14","commitResults":[{"hash":"eea2fa5a9f75e0f476335f191349807525b8ab60","messageTitle":"Add AddGoalCommand ui","messageBody":"","fileTypesAndContributionMap":{"functional-code":{"insertions":18,"deletions":1}}},{"hash":"c076694c03812e00d171192b8b171a4b184bc739","messageTitle":"Add AddHabitCommand ui","messageBody":"","fileTypesAndContributionMap":{"functional-code":{"insertions":19,"deletions":1}}},{"hash":"4ba380563de99d3b75b7983c120903b6f707bbae","messageTitle":"Update addHabitFromGoal documentation","messageBody":"","fileTypesAndContributionMap":{"functional-code":{"insertions":1,"deletions":1}}}]},{"date":"2021-10-15","commitResults":[{"hash":"1e9284f05605efd0c71765b28ee948223e596a45","messageTitle":"Add User Guide for set command","messageBody":"","fileTypesAndContributionMap":{"docs":{"insertions":23,"deletions":0}}},{"hash":"840e0e5c1caefe37dcb459da8636b1d0b8c86e62","messageTitle":"Add User Guide for add command","messageBody":"","fileTypesAndContributionMap":{"docs":{"insertions":14,"deletions":0}}},{"hash":"1cc4cff50855b7aa536a6722417e5bc831661e87","messageTitle":"Update User Guide Command Summary","messageBody":"","fileTypesAndContributionMap":{"docs":{"insertions":1,"deletions":1}}}]},{"date":"2021-10-18","commitResults":[{"hash":"8814e47fec13687c2437196e02b4e8b88bfce867","messageTitle":"Update ListHabitParser tests","messageBody":"","fileTypesAndContributionMap":{"functional-code":{"insertions":31,"deletions":23},"test-code":{"insertions":74,"deletions":31}}},{"hash":"1ab3e04f625d6d0f74aa58f076e0539eb1f5d458","messageTitle":"Update DoneParser to follow SLAP","messageBody":"","fileTypesAndContributionMap":{"functional-code":{"insertions":42,"deletions":24}}},{"hash":"e5e9135855ce99eea631ac98566f5d9cb6f48d71","messageTitle":"Update DoneParser tests","messageBody":"","fileTypesAndContributionMap":{"test-code":{"insertions":56,"deletions":19}}}]},{"date":"2021-10-21","commitResults":[{"hash":"59e18cbb526f29f36149ccd2a1be78949d7177ae","messageTitle":"Add AddGoalCommand sequence diagram to DeveloperGuide.md","messageBody":"","fileTypesAndContributionMap":{"docs":{"insertions":25,"deletions":0}}}]}],"DJ-Tan":[{"date":"2021-10-01","commitResults":[{"hash":"c7fce350189287cd1bc5b686cba4483221732fb3","messageTitle":"Add Increment: Step 2b","messageBody":"","fileTypesAndContributionMap":{"docs":{"insertions":1,"deletions":1}}},{"hash":"ac287fdb5eeeb6ffd93148a0273cb64b2281f18a","messageTitle":"Add Increment: AboutUs.md","messageBody":"Update profile pics","fileTypesAndContributionMap":{"docs":{"insertions":5,"deletions":5}}}]},{"date":"2021-10-07","commitResults":[{"hash":"88fd9e57bc82b71b0b06bef75fb24fe0b1bcb45b","messageTitle":"Add Increment: Goal Class","messageBody":"Create a goal class and added JUnit tests","fileTypesAndContributionMap":{"functional-code":{"insertions":149,"deletions":0},"test-code":{"insertions":77,"deletions":0}}},{"hash":"dfb5b78a3b8a0abdfc41259484f4e61f8cf5b3e4","messageTitle":"Add JUnit test","messageBody":"Include an additional test to check if start date is before end date","fileTypesAndContributionMap":{"test-code":{"insertions":10,"deletions":3}}},{"hash":"7739df0ec2a70cc6753c7ae304fd9c7baff7894a","messageTitle":"Fix Indentation","messageBody":"Fixed an indentation issue with getDescription_startDateAfterEndDate_expectException() in JUnit test","fileTypesAndContributionMap":{"test-code":{"insertions":3,"deletions":0}}},{"hash":"9fe40bc6f8c7d15958ad9cc91f1419bb81a46e3c","messageTitle":"Fix Indentation v1.1","messageBody":"Fixed issues with indentation of lambda arguments, .* imports, and missing period in javadoc","fileTypesAndContributionMap":{"functional-code":{"insertions":3,"deletions":3},"test-code":{"insertions":5,"deletions":4}}},{"hash":"b67eb39b1de028be331f517acd8695b16e390316","messageTitle":"Add Increment: Habit Class","messageBody":"Created a habit class and defined 5 habit types.","fileTypesAndContributionMap":{"functional-code":{"insertions":126,"deletions":0}}},{"hash":"57d46a372c2430326d92fbb20413dca18345d303","messageTitle":"Add Increment: JUnit test","messageBody":"Added JUnit test for the habit class.","fileTypesAndContributionMap":{"functional-code":{"insertions":1,"deletions":0},"test-code":{"insertions":47,"deletions":0}}},{"hash":"890e45ad5b313d3d46f26f12ea223c8c7b1afc94","messageTitle":"Fixed JUnit test","messageBody":"Fixed issues in printGoalList test, where assertEquals was incorrectly called before adding the goals to the habit.","fileTypesAndContributionMap":{"test-code":{"insertions":4,"deletions":4}}},{"hash":"d0a350d1645b92a7ad11c007182ad98468146dc9","messageTitle":"Fixed JUnit test v1.1","messageBody":"","fileTypesAndContributionMap":{"test-code":{"insertions":11,"deletions":0}}}]},{"date":"2021-10-12","commitResults":[{"hash":"b51aefcbb88724a30c29860a067f42c6b9ba8fb9","messageTitle":"Add Increment: Reimplement Goal Class","messageBody":"Implement basic add/edit/remove/print functionality for the goal class.","fileTypesAndContributionMap":{"functional-code":{"insertions":66,"deletions":94}}},{"hash":"d710b2cf4142adf87dcacb5dc1c28a38721a9df2","messageTitle":"Add Increment: GoalType Enum","messageBody":"Created a new goaltype enum to differentiate between different types of goals.","fileTypesAndContributionMap":{"functional-code":{"insertions":5,"deletions":0}}},{"hash":"1b43fe7e7f01de3fa10979bc5ddfc2a50d3ed675","messageTitle":"Add Items: Goal Class","messageBody":"Added start and end date to the goal class, while removing the constructor without goalType.","fileTypesAndContributionMap":{"functional-code":{"insertions":13,"deletions":16}}},{"hash":"f4e228fcc06e6fadcb5566c2f3555da2410b11bd","messageTitle":"Add Increment: Reimplement Habit Class","messageBody":"Implemented basic getters and setters for the habit class.","fileTypesAndContributionMap":{"functional-code":{"insertions":11,"deletions":87}}},{"hash":"da24082397c9a8646b63c4d9c1e59e9e82dd6c0c","messageTitle":"Add Increment: HappyBit Class","messageBody":"Added the main class of the program to be executed.","fileTypesAndContributionMap":{"functional-code":{"insertions":87,"deletions":0}}},{"hash":"a6f0f3c5921ecd500960339dd0d2fa439e1f1256","messageTitle":"Remove File: HabitType Enum","messageBody":"Deleted the habittype enum after the re-implementation of the habit class.","fileTypesAndContributionMap":{"functional-code":{"insertions":0,"deletions":5}}}]},{"date":"2021-10-13","commitResults":[{"hash":"10015acab1d922cdfb83db5e87d89d80d85773a8","messageTitle":"Add Increment: AddCommand Class","messageBody":"Implemented a command class to add goals and habits.","fileTypesAndContributionMap":{"functional-code":{"insertions":53,"deletions":36}}},{"hash":"dd404dabb23488d892260affd169a6450b4ef08c","messageTitle":"Add Increment: HappyBitException","messageBody":"Implemented 3 different exceptions unique to the application for better tracking purpose.","fileTypesAndContributionMap":{"functional-code":{"insertions":26,"deletions":0}}},{"hash":"a978895b5d9cc54961fc272aa08a5938cc55342f","messageTitle":"Fix Issue: GoalTest and HabitTest","messageBody":"Removed the code from GoalTest and HabitTest temporarily due to the change in Goal and Habit definitions.","fileTypesAndContributionMap":{"test-code":{"insertions":0,"deletions":116}}},{"hash":"5040ab5dcde09a8bdedfd238b8c5e49163d10ca4","messageTitle":"Add Increment: Command Class","messageBody":"Implemented an over-arching Command class that covers all types of commands.","fileTypesAndContributionMap":{"functional-code":{"insertions":30,"deletions":0}}},{"hash":"169cdc0311b436eecfb05617c677afdd9726f73d","messageTitle":"Edit File: HappyBit Class","messageBody":"Imported the Command class.","fileTypesAndContributionMap":{"functional-code":{"insertions":1,"deletions":0}}},{"hash":"b4fce19eef4fa5498db1f81265045a10a9984baf","messageTitle":"Edit File: GoalList Class","messageBody":"Changed the naming convention of goals to goalList and setGoal to addGoal.","fileTypesAndContributionMap":{"functional-code":{"insertions":4,"deletions":5}}},{"hash":"434787bdbab197e2cc77e683e04008c9da6a0aa9","messageTitle":"Add Increment: DeleteCommand Class","messageBody":"Implemented command for deletion of goals and habits.","fileTypesAndContributionMap":{"functional-code":{"insertions":50,"deletions":56}}},{"hash":"aa328be51b069394d8db19cbfe60f4fe91394b0e","messageTitle":"Edit File: AddHabitCommand Class","messageBody":"Finish writing the code within the runCommand() method.","fileTypesAndContributionMap":{"functional-code":{"insertions":5,"deletions":4}}},{"hash":"85d9897baf66a44b2c717d2dbaff7116c1175d9f","messageTitle":"Add Increment: ListCommand Class","messageBody":"Implemented command for listing all the goals and habits.","fileTypesAndContributionMap":{"functional-code":{"insertions":42,"deletions":5}}},{"hash":"afff0ffe326437264e4607008b18c2784eee0149","messageTitle":"Edit File: Goal, GoalList, Ui Class","messageBody":"Updated the methods of the classes to incorporate the new Command class definitions.","fileTypesAndContributionMap":{"functional-code":{"insertions":111,"deletions":23}}},{"hash":"261a3f455676447ff64c20863e6818cae4e75d00","messageTitle":"Fix Issue: RemoveCommandTest","messageBody":"Commented out the code in remove command test due to outdated definitions.","fileTypesAndContributionMap":{"test-code":{"insertions":29,"deletions":29}}},{"hash":"6ff37547d9eb19192134568708e6053d988d02ba","messageTitle":"Add Increment: HelpCommand and ViewProgress Command Class","messageBody":"Updated the definitions for HelpCommand, and replaced the template for ViewProgressCommand.","fileTypesAndContributionMap":{"functional-code":{"insertions":15,"deletions":10}}},{"hash":"fc0b0d53f47569be9b1db918dd4fa8d3a69cb296","messageTitle":"Edit File: HappyBit and Storage Class","messageBody":"Include a HBParseException for HappyBit and created a dummy load() method for Storage class.","fileTypesAndContributionMap":{"functional-code":{"insertions":15,"deletions":6}}},{"hash":"ac0fd62837b59b46de9b3d34c224e1f28800960c","messageTitle":"Add Increment: Parser Class","messageBody":"Implemented a basic parser class that reads in the user commands and passes the input into a switch case with functions that are to be implemented.","fileTypesAndContributionMap":{"functional-code":{"insertions":109,"deletions":44},"test-code":{"insertions":51,"deletions":51}}},{"hash":"da711e662c0def87e1e2445b5f147b4a9dcc8d08","messageTitle":"Fix Issue: CheckStyle","messageBody":"Commented out all test code, renamed HappyBit exceptions, and fixed javadoc comments.","fileTypesAndContributionMap":{"functional-code":{"insertions":80,"deletions":82},"test-code":{"insertions":43,"deletions":43}}},{"hash":"ed26d7e46a590f5396c739a234e89a63848350a5","messageTitle":"Add Increment: (Command)Parser Class","messageBody":"Implemented the Parser class skeleton for the different types of commands.","fileTypesAndContributionMap":{"functional-code":{"insertions":125,"deletions":36},"other":{"insertions":1,"deletions":1}}}]},{"date":"2021-10-14","commitResults":[{"hash":"a4420fda6371aab95b0fd190dc6a1b4617c42fa2","messageTitle":"Add Increment: AddParser class","messageBody":"Added implementation for the adding of goals and habits.","fileTypesAndContributionMap":{"functional-code":{"insertions":363,"deletions":11}}},{"hash":"ef6086c8f54d0e84a57a3684fb7ac7f64d8ddc0b","messageTitle":"Fix Issue: Storage class","messageBody":"Merging with Huien\u0027s branch.","fileTypesAndContributionMap":{"functional-code":{"insertions":1,"deletions":1}}},{"hash":"ea12bb23ac959d7e510771d65e1d16a944926e57","messageTitle":"Fix Issue: Indentation","messageBody":"Fix and indentation issue with definition of an array.","fileTypesAndContributionMap":{"functional-code":{"insertions":3,"deletions":3}}},{"hash":"234c1f65e0070e86a3ae7741e2f1df4ce29b24e3","messageTitle":"Fix Issue: Storage class v1.1","messageBody":"","fileTypesAndContributionMap":{"functional-code":{"insertions":1,"deletions":1}}},{"hash":"3467fe4a9eebfb465541adace115b8d227602570","messageTitle":"Merging 1.0","messageBody":"","fileTypesAndContributionMap":{"functional-code":{"insertions":432,"deletions":34},"docs":{"insertions":42,"deletions":14}}},{"hash":"c66e5fcad00b5097b87c433d5369a3365aafa870","messageTitle":"Add Increment: Assertion and Logging","messageBody":"Implemented a simple assertion, and tested logging (to be further implemented in v1.0).","fileTypesAndContributionMap":{"functional-code":{"insertions":27,"deletions":1}}},{"hash":"27181207a9ff9a8ac8110d52894263b434395bd8","messageTitle":"Fix Issue: HaBitLogger class","messageBody":"Fixed checkstyle issues in Logger class.","fileTypesAndContributionMap":{"functional-code":{"insertions":2,"deletions":2}}}]},{"date":"2021-10-20","commitResults":[{"hash":"a53d0a8da6a3e4a5e9f6b183af9a73710ada93a3","messageTitle":"Add Increment: UiStartup class","messageBody":"Added a new interface separate from the application that includes app background and links to guides.","fileTypesAndContributionMap":{"functional-code":{"insertions":307,"deletions":20}}}]},{"date":"2021-10-21","commitResults":[{"hash":"f2a6bd9bc8a334060501936c81b48b0f03e132e5","messageTitle":"Add Increment: UiMain class","messageBody":"Added a State class that toggles between the StartUp and Main interfaces.","fileTypesAndContributionMap":{"functional-code":{"insertions":411,"deletions":111}}},{"hash":"8c356c5397d5a6f4889894bddb79031d81b67e7d","messageTitle":"Add Increment: SetCommand Class","messageBody":"Implement a set command that sets a goal. In future works, this will be expanded to allow for adding and viewing of habits without specifying the goal index.","fileTypesAndContributionMap":{"functional-code":{"insertions":80,"deletions":54}}},{"hash":"1814bd2f215375c016d0193585df83deaec367f6","messageTitle":"Add Increment: DG Ui Component","messageBody":"Added a Sequence Diagram for Ui and write-up for Ui Component.","fileTypesAndContributionMap":{"docs":{"insertions":63,"deletions":0}}}]},{"date":"2021-10-24","commitResults":[{"hash":"b107e1f15c8be4469bc8716af857619683778852","messageTitle":"Fixed Add Parser","messageBody":"Change the flags for adding a goal and habit.","fileTypesAndContributionMap":{"functional-code":{"insertions":589,"deletions":316}}},{"hash":"0742e68404a2fa7cd50ad3047b2e7aa393a779d5","messageTitle":"Fixed CheckStyle","messageBody":"Fix an issue where a switch case did not have a default case.","fileTypesAndContributionMap":{"functional-code":{"insertions":2,"deletions":1}}},{"hash":"697c7c4527eb06bc8cbfbf5cd99261921db53d2f","messageTitle":"Fix a broken method","messageBody":"Fixed a method that was \u0027destroyed\u0027 while merging.","fileTypesAndContributionMap":{"functional-code":{"insertions":1,"deletions":1}}},{"hash":"442627cffc295d969671e4348de59f4e0690b9e4","messageTitle":"Fix CheckStyle","messageBody":"Remove duplicate methods, and swap order of 2 lines that were messed up while merging.","fileTypesAndContributionMap":{"functional-code":{"insertions":1,"deletions":12}}}]},{"date":"2021-10-25","commitResults":[{"hash":"85d0edbae2569effbfe18369fdddc56831b2f999","messageTitle":"Add Feature: Print tables","messageBody":"Print the goal list as a table.","fileTypesAndContributionMap":{"functional-code":{"insertions":217,"deletions":22}}}]}],"kahhe":[{"date":"2021-10-01","commitResults":[{"hash":"b078b0eef0d6449a5fad1dc616e2c579a4691cef","messageTitle":"Update AboutUs.md with Kah Heng info","messageBody":"","fileTypesAndContributionMap":{"docs":{"insertions":1,"deletions":1}}},{"hash":"1788f7b5cb889d36b84e8864395aa35da1312527","messageTitle":"Add kahheng.md","messageBody":"","fileTypesAndContributionMap":{"docs":{"insertions":6,"deletions":0}}},{"hash":"4547d486bae5586c55e4233be4ee2aabfbbee0ee","messageTitle":"Update AboutUs.md","messageBody":"","fileTypesAndContributionMap":{"docs":{"insertions":5,"deletions":5}}}]},{"date":"2021-10-07","commitResults":[{"hash":"19552fb3cfd0e5bd47ed53760de1108e49b9e839","messageTitle":"Add DeleteCommand and RemoveCommand","messageBody":"","fileTypesAndContributionMap":{"functional-code":{"insertions":69,"deletions":0},"test-code":{"insertions":91,"deletions":0}}},{"hash":"afb2ad5bf4ade215035c12fb281fd6796974d498","messageTitle":"Fix Indentation","messageBody":"","fileTypesAndContributionMap":{"functional-code":{"insertions":2,"deletions":4}}},{"hash":"fca65eed5f717d8fe2f3f972f7b22cd0b563ff17","messageTitle":"Fix Indentation","messageBody":"","fileTypesAndContributionMap":{"functional-code":{"insertions":10,"deletions":14}}},{"hash":"59bc0154e7c6356b27a07430b8a3a8ea329e8530","messageTitle":"Fix Indentation","messageBody":"","fileTypesAndContributionMap":{"functional-code":{"insertions":1,"deletions":1}}},{"hash":"f1c21d650872405961f82db68ea136d405d3c95c","messageTitle":"Remove failing tests","messageBody":"","fileTypesAndContributionMap":{"functional-code":{"insertions":1,"deletions":0},"test-code":{"insertions":0,"deletions":25}}},{"hash":"c02a70996189ce2af040f42600fd274bec9ff265","messageTitle":"Change import statement","messageBody":"","fileTypesAndContributionMap":{"functional-code":{"insertions":0,"deletions":2},"test-code":{"insertions":2,"deletions":2}}}]},{"date":"2021-10-13","commitResults":[{"hash":"1f3b8357e1494d11e198ddadf2910b0389d420e4","messageTitle":"Update DeleteCommand.java","messageBody":"Was missing `extends Command`\n","fileTypesAndContributionMap":{"functional-code":{"insertions":2,"deletions":1}}},{"hash":"7ac348e466d422b46d05ea5bd1a54ffd5235543c","messageTitle":"Add Increment: Bye Command","messageBody":"","fileTypesAndContributionMap":{"functional-code":{"insertions":24,"deletions":0}}},{"hash":"653e0b324f9ea538ef6f3c3cacb9166fde43a1f3","messageTitle":"Add Increment: welcome and goodbye messages","messageBody":"","fileTypesAndContributionMap":{"functional-code":{"insertions":16,"deletions":2}}},{"hash":"e8d28db30d9e0d3784d2422437e47a11cbc94cf5","messageTitle":"Remove magic Strings in parseCommand()","messageBody":"","fileTypesAndContributionMap":{"functional-code":{"insertions":18,"deletions":9}}},{"hash":"eac3fa3d44258277fd23c2e60f309779cd574c6c","messageTitle":"Add Increment: parseDeleteGoalCommand and parseDeleteHabitCommand","messageBody":"","fileTypesAndContributionMap":{"functional-code":{"insertions":33,"deletions":6}}}]},{"date":"2021-10-14","commitResults":[{"hash":"8fb1ce99de320513eb5d15e668d0dd9f54a46a86","messageTitle":"Add JUnit tests and update DeleteParser","messageBody":"","fileTypesAndContributionMap":{"functional-code":{"insertions":5,"deletions":2},"test-code":{"insertions":23,"deletions":0}}},{"hash":"d1c55964c4885c457682aaa76032174c028dce8e","messageTitle":"Fix checkstyle","messageBody":"","fileTypesAndContributionMap":{"test-code":{"insertions":1,"deletions":1}}},{"hash":"84a039ba4b1139010079e428c5c875c5c6fffd4c","messageTitle":"Add Increment: assertions","messageBody":"","fileTypesAndContributionMap":{"functional-code":{"insertions":8,"deletions":1}}},{"hash":"9ddb2a437d815766e7610f282a793a9b8ab5c9a4","messageTitle":"Revert \"Add Increment: assertions\"","messageBody":"This reverts commit 84a039ba4b1139010079e428c5c875c5c6fffd4c.\n","fileTypesAndContributionMap":{"functional-code":{"insertions":1,"deletions":8}}},{"hash":"19ae3ffaf89f4e41c55519b4669862171de555d5","messageTitle":"Add Increment: assertions","messageBody":"","fileTypesAndContributionMap":{"functional-code":{"insertions":9,"deletions":1}}}]},{"date":"2021-10-17","commitResults":[{"hash":"3886c172e6f4fe19ecbbf1afb90df673b9c15144","messageTitle":"Set enableAssertions to true","messageBody":"","fileTypesAndContributionMap":{"other":{"insertions":1,"deletions":0}}}]},{"date":"2021-10-20","commitResults":[{"hash":"f3fcff29fcdb17c8790bb8e7febc04f29625c9f0","messageTitle":"Add Increment: Update Name of Goal Feature","messageBody":"","fileTypesAndContributionMap":{"functional-code":{"insertions":155,"deletions":5}}},{"hash":"bd577fbe6edda8352c33a4304cfd46566ea917be","messageTitle":"Update UserGuide.md","messageBody":"","fileTypesAndContributionMap":{"docs":{"insertions":21,"deletions":4}}},{"hash":"7a2a382edd18a526f424bfac1247fa5ca0d40ea2","messageTitle":"Update UserGuide.md","messageBody":"","fileTypesAndContributionMap":{"docs":{"insertions":7,"deletions":6}}},{"hash":"359d549787abb9ab10cce4c39f68e08d84cd0f9c","messageTitle":"Add Increment: Target User Profile and Value Proposition","messageBody":"","fileTypesAndContributionMap":{"docs":{"insertions":10,"deletions":4}}}]},{"date":"2021-10-21","commitResults":[{"hash":"129e191cfd4f017c09940d954ed3fe0a1fec0e6c","messageTitle":"Add sequence diagram for DeleteCommand","messageBody":"","fileTypesAndContributionMap":{"docs":{"insertions":25,"deletions":1}}},{"hash":"0dbe438b6f458f7a02472145f3bcd6b6e7be8733","messageTitle":"Update DeveloperGuide.md","messageBody":"","fileTypesAndContributionMap":{"docs":{"insertions":0,"deletions":2}}}]},{"date":"2021-10-22","commitResults":[{"hash":"cf0975a565b1753326a7b5cd5d465bf5a5e56379","messageTitle":"Add puml for DeleteCommands","messageBody":"","fileTypesAndContributionMap":{"docs":{"insertions":69,"deletions":24}}},{"hash":"031de68628b5a922c3ee6f240877afc1c35812f9","messageTitle":"Add description for DeleteCommands","messageBody":"","fileTypesAndContributionMap":{"docs":{"insertions":17,"deletions":4}}},{"hash":"8faaee7ad4e510195cd86bf0677a2e373f32a3fe","messageTitle":"Update DeveloperGuide.md","messageBody":"","fileTypesAndContributionMap":{"docs":{"insertions":15,"deletions":5}}}]},{"date":"2021-10-24","commitResults":[{"hash":"8e5a51dc65a19fb8a55a6d2626091facecc29422","messageTitle":"Update UG update feature","messageBody":"","fileTypesAndContributionMap":{"docs":{"insertions":43,"deletions":7}}},{"hash":"265c8fb39412dc9a9e9ba907ae9795d1d2dfca09","messageTitle":"Update UG delete and remove command","messageBody":"","fileTypesAndContributionMap":{"docs":{"insertions":5,"deletions":5}}},{"hash":"92b0ef71a0f19cf75f5bdc534d44ba2cb6b03663","messageTitle":"Update UserGuide.md","messageBody":"","fileTypesAndContributionMap":{"docs":{"insertions":12,"deletions":6}}}]},{"date":"2021-10-25","commitResults":[{"hash":"fb6c2ae26b9f6161f54d735df23fa9f06968807d","messageTitle":"Update Set Goal Table","messageBody":"","fileTypesAndContributionMap":{"docs":{"insertions":63,"deletions":55}}},{"hash":"4f03452e6d9dd5b289122f2da5c2761bd73c24a9","messageTitle":"Fix Terminology Format","messageBody":"","fileTypesAndContributionMap":{"docs":{"insertions":2,"deletions":3}}},{"hash":"377ef40b357c5854a1410d6cad8ae164aff44b69","messageTitle":"Add logo + update readme","messageBody":"","fileTypesAndContributionMap":{"docs":{"insertions":12,"deletions":6}}},{"hash":"4fc8fc09783c0b45da94646064e4e24effa96d75","messageTitle":"Fix image not showing on github","messageBody":"","fileTypesAndContributionMap":{"docs":{"insertions":6,"deletions":6}}}]},{"date":"2021-10-26","commitResults":[{"hash":"7e7b81db0b2e45ef7536463fb67acba8647f74df","messageTitle":"Change UG Intro","messageBody":"","fileTypesAndContributionMap":{"docs":{"insertions":21,"deletions":20}}},{"hash":"221fba683b8e55d43b4ba7d064ee79211c8aa01a","messageTitle":"Update UserGuide.md","messageBody":"","fileTypesAndContributionMap":{"docs":{"insertions":37,"deletions":10}}},{"hash":"07995e973175e007ee933ce20539764147b98945","messageTitle":"Update UG to be more user-centric","messageBody":"Have I changed the tone of the UG too much with the new additions?\n","fileTypesAndContributionMap":{"docs":{"insertions":51,"deletions":35}}},{"hash":"76ae872916866bdabee2d7761362de2f9b9f23d1","messageTitle":"Update UserGuide.md","messageBody":"","fileTypesAndContributionMap":{"docs":{"insertions":16,"deletions":12}}},{"hash":"5aebf95adf0879adad43ac0ad1856dc18906344d","messageTitle":"Update README.md","messageBody":"","fileTypesAndContributionMap":{"docs":{"insertions":1,"deletions":1}}}]}]},"authorFileTypeContributionMap":{"STAung07":{"docs":397,"functional-code":671,"test-code":49},"huien77":{"docs":214,"functional-code":385,"test-code":31},"flerovious":{"docs":44,"functional-code":100,"test-code":139},"DJ-Tan":{"docs":60,"functional-code":2188,"test-code":124},"kahhe":{"docs":311,"functional-code":218,"test-code":47,"other":1}},"authorContributionVariance":{"STAung07":20652.898,"huien77":14242.043,"flerovious":2953.5535,"DJ-Tan":114469.02,"kahhe":4827.2954},"authorDisplayNameMap":{"STAung07":"CS2113T-F14-1 SWAN..AUNG","huien77":"CS2113T-F14-1 TAN ..I EN","flerovious":"CS2113T-F14-1 SWAM..ARUN","DJ-Tan":"CS2113T-F14-1 TAN ..STIN","kahhe":"CS2113T-F14-1 TAN ..HENG"}}
