{"authorDailyContributionsMap":{"Cesare4869":[{"date":"2021-09-30","commitResults":[{"hash":"2ecf37fbd2029a7a125513d1875d54a22602ce0f","messageTitle":"changed name","messageBody":"","fileTypesAndContributionMap":{"docs":{"insertions":1,"deletions":1}}}]},{"date":"2021-10-06","commitResults":[{"hash":"d89d2080b7057179ff6240165384259c6684bf01","messageTitle":"new change in aboutus","messageBody":"","fileTypesAndContributionMap":{"docs":{"insertions":1,"deletions":1}}},{"hash":"f2b36ebcded587b96ed31635bad792fb1809ca51","messageTitle":"copy some ip code to tp","messageBody":"","fileTypesAndContributionMap":{"functional-code":{"insertions":695,"deletions":11}}}]},{"date":"2021-10-07","commitResults":[{"hash":"7e8735327fa89cf68562a42c9dd6b9aad5b8bace","messageTitle":"include parser and disable storage, now can only do exit and false command","messageBody":"","fileTypesAndContributionMap":{"functional-code":{"insertions":297,"deletions":247}}}]},{"date":"2021-10-10","commitResults":[{"hash":"ea74dc42e18ad3a832a1cfb3077c361472cfed8f","messageTitle":"add storage in main method","messageBody":"","fileTypesAndContributionMap":{"functional-code":{"insertions":63,"deletions":18},"test-code":{"insertions":5,"deletions":1}}},{"hash":"b799a4a4aab7aa8dab7a175c6810a026e72b3c38","messageTitle":"add storage for all classed in main","messageBody":"","fileTypesAndContributionMap":{"functional-code":{"insertions":39,"deletions":0}}}]},{"date":"2021-10-11","commitResults":[{"hash":"ac453c60df329195d1330305febfe5b3b42f9ba3","messageTitle":"fix storage problem","messageBody":"","fileTypesAndContributionMap":{"functional-code":{"insertions":12,"deletions":8}}}]},{"date":"2021-10-13","commitResults":[{"hash":"6323af518a7acb52b2727406ec51718b12057d19","messageTitle":"add assertion in storage","messageBody":"","fileTypesAndContributionMap":{"functional-code":{"insertions":36,"deletions":33}}}]},{"date":"2021-10-20","commitResults":[{"hash":"2fa765e2412cf156a6fb8d77e531369d7ece451a","messageTitle":"finance and DG","messageBody":"","fileTypesAndContributionMap":{"functional-code":{"insertions":261,"deletions":19},"docs":{"insertions":65,"deletions":21}}}]}],"leecheokfeng":[{"date":"2021-09-30","commitResults":[{"hash":"508fd89d7c1a95786192a32c24287c7cbe5454d7","messageTitle":"Add name","messageBody":"","fileTypesAndContributionMap":{"docs":{"insertions":1,"deletions":1}}}]},{"date":"2021-10-10","commitResults":[{"hash":"1f0f59eba2db3237284f1525600e078f2b49075b","messageTitle":"Create ingredient class and functions to list/remove/add","messageBody":"","fileTypesAndContributionMap":{"functional-code":{"insertions":85,"deletions":3}}}]},{"date":"2021-10-11","commitResults":[{"hash":"de2ccadbc1e8b75a47593c128aeef15f5a622ac9","messageTitle":"Refactor ingredientParser to use printLine","messageBody":"","fileTypesAndContributionMap":{"functional-code":{"insertions":12,"deletions":10}}}]},{"date":"2021-10-13","commitResults":[{"hash":"b194cf84d02ce2ed80e6d395d4e2f453c7ec9a0a","messageTitle":"Add exception handling to ingredientParser","messageBody":"","fileTypesAndContributionMap":{"functional-code":{"insertions":38,"deletions":19}}},{"hash":"afd0bf8fa44d2a9d170ac47160e715fa11f8b9ec","messageTitle":"Extract UI into ingredientUI class","messageBody":"","fileTypesAndContributionMap":{"functional-code":{"insertions":57,"deletions":33}}}]}],"kairoskoh":[{"date":"2021-09-30","commitResults":[{"hash":"385613011c0b6871393ef8cedba2d4de54121564","messageTitle":"Add details to AboutUs.md","messageBody":"","fileTypesAndContributionMap":{"docs":{"insertions":1,"deletions":1}}}]},{"date":"2021-10-07","commitResults":[{"hash":"c4c5f2039c49797a05d8fb986b17ad86f4d57dff","messageTitle":"Add Employee.java Add EmployeeList.java Add EmployeeParser.java","messageBody":"","fileTypesAndContributionMap":{"functional-code":{"insertions":12,"deletions":0}}},{"hash":"36e1c16b5d720e115d418f0e90b56325bbf14018","messageTitle":"Add basic feature for Employee.java","messageBody":"","fileTypesAndContributionMap":{"functional-code":{"insertions":11,"deletions":0}}},{"hash":"f4f24946dfce72b06eb69a8a6b2edd8d4fe42c6b","messageTitle":"Add basic feature for EmployeeList.java","messageBody":"","fileTypesAndContributionMap":{"functional-code":{"insertions":6,"deletions":0}}},{"hash":"32aaa7aa9bbfe434b71776d8cbf51ef9d7fc6d38","messageTitle":"Add basic feature for EmployeeParser.java","messageBody":"","fileTypesAndContributionMap":{"functional-code":{"insertions":20,"deletions":0}}},{"hash":"a31cdb13b198519d1f745675ded6f2fd878afa1c","messageTitle":"Add EmployeeParserTest.java","messageBody":"","fileTypesAndContributionMap":{"functional-code":{"insertions":6,"deletions":0},"test-code":{"insertions":24,"deletions":0}}}]},{"date":"2021-10-10","commitResults":[{"hash":"3b84a325a8c9e7fe8a3e3e45d9170629921c76ed","messageTitle":"Add new packages for ingredients and menu","messageBody":"","fileTypesAndContributionMap":{"functional-code":{"insertions":115,"deletions":604},"other":{"insertions":1,"deletions":1}}},{"hash":"9650ce7e62ed48bde6ddee60564e981a2e41a0d8","messageTitle":"Add remove and list functions for employee","messageBody":"","fileTypesAndContributionMap":{"functional-code":{"insertions":21,"deletions":5}}}]},{"date":"2021-10-11","commitResults":[{"hash":"2774d6219e1be16ab4461c9830ab9213c20e925d","messageTitle":"Refactor code to reduce number of lines of code in main method","messageBody":"","fileTypesAndContributionMap":{"functional-code":{"insertions":257,"deletions":302},"test-code":{"insertions":5,"deletions":4}}},{"hash":"7c11b7e0879192cdb4625bc9f44e2d411561a266","messageTitle":"Add ascii art for welcome message","messageBody":"","fileTypesAndContributionMap":{"functional-code":{"insertions":11,"deletions":0}}},{"hash":"2c2181f04c3b924d1dfd2b9d4ad2088e399b9621","messageTitle":"Remove additional print lines to reduce clutter on command line","messageBody":"","fileTypesAndContributionMap":{"functional-code":{"insertions":0,"deletions":2}}},{"hash":"0e7d8e39c995d1a9fac626101883faaae7c8e2bf","messageTitle":"Add fixes for whitespaces inputs","messageBody":"","fileTypesAndContributionMap":{"functional-code":{"insertions":41,"deletions":7}}}]},{"date":"2021-10-12","commitResults":[{"hash":"d55ed031c8c527c1994857eda915bcb37b69350f","messageTitle":"Add logging for employeeparser class","messageBody":"","fileTypesAndContributionMap":{"functional-code":{"insertions":12,"deletions":3}}}]},{"date":"2021-10-13","commitResults":[{"hash":"1f36bf5b5fe4ffec48433655681acc031c7192b7","messageTitle":"Add logging and assert for employeeparser class","messageBody":"","fileTypesAndContributionMap":{"functional-code":{"insertions":3,"deletions":0}}}]},{"date":"2021-10-20","commitResults":[{"hash":"e7153fcd07bf357465b599a7ace86bf77bade120","messageTitle":"Add changes to developguide.md on employee package","messageBody":"","fileTypesAndContributionMap":{"docs":{"insertions":7,"deletions":4}}}]}],"jerrelllzw":[{"date":"2021-09-30","commitResults":[{"hash":"9fcc12fe083ed47338d3d9a008864b18148ad63d","messageTitle":"Added details to the docs/AboutUs.md page","messageBody":"","fileTypesAndContributionMap":{"docs":{"insertions":1,"deletions":1}}}]},{"date":"2021-10-10","commitResults":[{"hash":"5b8616a4b9581ac8d0d1d6ba693deb0bf477b330","messageTitle":"Added MenuItem class and its related functions (add, remove, list)","messageBody":"","fileTypesAndContributionMap":{"functional-code":{"insertions":85,"deletions":5}}}]},{"date":"2021-10-11","commitResults":[{"hash":"b1b11e2659e99c815dad70bac5610aaa53c36e0c","messageTitle":"- added jUnit test for MenuParser class - added code in gradle to enable assertions","messageBody":"","fileTypesAndContributionMap":{"functional-code":{"insertions":1,"deletions":0},"other":{"insertions":4,"deletions":0},"test-code":{"insertions":30,"deletions":0}}},{"hash":"846196edf264b4be9184b17bfe737f2f2cb989ef","messageTitle":"added assertions into deleteMenu method in MenuParser class","messageBody":"","fileTypesAndContributionMap":{"functional-code":{"insertions":3,"deletions":0}}},{"hash":"94d9df2adc1a9996a762544217530a1bbc902a14","messageTitle":"added comments to the assertions","messageBody":"","fileTypesAndContributionMap":{"functional-code":{"insertions":2,"deletions":2}}},{"hash":"b5bf71674bee9c37a5c730cedaeef60ed0b67971","messageTitle":"-added MenuUi class for menu related messages to be printed -added invalid index error handling","messageBody":"Fixes #29\n","fileTypesAndContributionMap":{"functional-code":{"insertions":84,"deletions":60},"other":{"insertions":6,"deletions":6}}}]},{"date":"2021-10-12","commitResults":[{"hash":"81b85e2b24dd2eea0d99a6840c67e9b6ec55e604","messageTitle":"-added error handling for command inputs with invalid parameters -fully fixed the delete-menu bug where target index is invalid","messageBody":"Fixes #31\n","fileTypesAndContributionMap":{"functional-code":{"insertions":26,"deletions":14},"test-code":{"insertions":2,"deletions":2}}},{"hash":"5a9a955724dd1f1478edc3969a31a079c94d6129","messageTitle":"reformatted code","messageBody":"","fileTypesAndContributionMap":{"functional-code":{"insertions":1,"deletions":1}}},{"hash":"dc87281614b1fff04d55c7d07fa9fda1d4c3be95","messageTitle":"-reformatted code","messageBody":"","fileTypesAndContributionMap":{"functional-code":{"insertions":2,"deletions":2}}}]},{"date":"2021-10-13","commitResults":[{"hash":"741901b97de69ac4631313159a19ce5b1b6f5a79","messageTitle":"Update MainParser.java","messageBody":"","fileTypesAndContributionMap":{"functional-code":{"insertions":31,"deletions":31}}},{"hash":"79e73dea1920d959d1367aa9cd5f92faa687dc30","messageTitle":"-corrected checkstyle errors","messageBody":"","fileTypesAndContributionMap":{"functional-code":{"insertions":33,"deletions":30},"test-code":{"insertions":4,"deletions":4}}},{"hash":"71b7a2a041cd079c93f26f81b5c6a179e5af40b3","messageTitle":"fixed a bug in removeMenu method where index is always invalid","messageBody":"","fileTypesAndContributionMap":{"functional-code":{"insertions":4,"deletions":4}}}]},{"date":"2021-10-15","commitResults":[{"hash":"790751629b1d104707db551a65b90c02754f1c4e","messageTitle":"-fixed menu related bugs -improved menu ui messages","messageBody":"","fileTypesAndContributionMap":{"functional-code":{"insertions":68,"deletions":44}}},{"hash":"d9365a091118d37a1d3a56f4fbe69f10e73f7697","messageTitle":"-add edit menu price function","messageBody":"","fileTypesAndContributionMap":{"functional-code":{"insertions":49,"deletions":3}}},{"hash":"b8269ff08520c55d88850d43c35bcec82c4466d9","messageTitle":"changed price attribute from string type to double type","messageBody":"","fileTypesAndContributionMap":{"functional-code":{"insertions":10,"deletions":7}}},{"hash":"95f81dcd401b0f652e88214afdc6cc69a6927de8","messageTitle":"-started on user guide -renamed menu related classes for easier understanding","messageBody":"","fileTypesAndContributionMap":{"functional-code":{"insertions":151,"deletions":152},"other":{"insertions":15,"deletions":15},"docs":{"insertions":171,"deletions":18},"test-code":{"insertions":30,"deletions":30}}},{"hash":"06182e27de2d849a0eae1b4f427b0418c59771ad","messageTitle":"-renamed menu class in test","messageBody":"","fileTypesAndContributionMap":{"other":{"insertions":0,"deletions":0}}},{"hash":"fe4016ccc433a28a84ecacf652db476e8f138514","messageTitle":"fixed previous commit error","messageBody":"","fileTypesAndContributionMap":{"test-code":{"insertions":16,"deletions":16}}},{"hash":"a8d31084ec8133b649f72e40821cfbd9e2bee7a0","messageTitle":"fixed checkstyle error","messageBody":"","fileTypesAndContributionMap":{"functional-code":{"insertions":1,"deletions":1}}}]},{"date":"2021-10-17","commitResults":[{"hash":"ac4e11809a12db4e8a09591c093ecc58b67bb81d","messageTitle":"added promotion function","messageBody":"","fileTypesAndContributionMap":{"functional-code":{"insertions":109,"deletions":30}}},{"hash":"fa1c227df80d08b81fbe6fdbffa2fa890b143a40","messageTitle":"added more test methods for dish parser","messageBody":"","fileTypesAndContributionMap":{"functional-code":{"insertions":3,"deletions":2},"test-code":{"insertions":36,"deletions":3}}},{"hash":"05241884784e6ace18b0002fdacc7a8cdc403bce","messageTitle":"added author comments","messageBody":"","fileTypesAndContributionMap":{"functional-code":{"insertions":4,"deletions":0},"test-code":{"insertions":1,"deletions":0}}},{"hash":"7b7d7d65718fe71ec2963c35484a9d429e87a295","messageTitle":"added draft version of user guide","messageBody":"","fileTypesAndContributionMap":{"functional-code":{"insertions":17,"deletions":9},"docs":{"insertions":148,"deletions":96},"test-code":{"insertions":1,"deletions":0}}}]},{"date":"2021-10-20","commitResults":[{"hash":"3474206c6cbbbf48b0e802b8699c0c31c5305759","messageTitle":"changed seperator","messageBody":"","fileTypesAndContributionMap":{"functional-code":{"insertions":1,"deletions":1},"docs":{"insertions":18,"deletions":18}}}]}]},"authorFileTypeContributionMap":{"Cesare4869":{"docs":66,"functional-code":261,"test-code":3},"leecheokfeng":{"docs":1,"functional-code":114,"test-code":0},"kairoskoh":{"docs":3,"functional-code":338,"test-code":26},"jerrelllzw":{"docs":215,"functional-code":372,"test-code":66,"other":4}},"authorContributionVariance":{"Cesare4869":31641.867,"leecheokfeng":1048.4987,"kairoskoh":33666.13,"jerrelllzw":30609.43},"authorDisplayNameMap":{"Cesare4869":"CS2113T-T12-4 LIU ..HANG","leecheokfeng":"CS2113T-T12-4 LEE ..FENG","kairoskoh":"CS2113T-T12-4 KAIR.. JUN","jerrelllzw":"CS2113T-T12-4 LOW ..RELL"}}
