{"authorDailyContributionsMap":{"Cesare4869":[{"date":"2021-09-30","commitResults":[{"hash":"2ecf37fbd2029a7a125513d1875d54a22602ce0f","messageTitle":"changed name","messageBody":"","fileTypesAndContributionMap":{"docs":{"insertions":1,"deletions":1}}}]},{"date":"2021-10-06","commitResults":[{"hash":"d89d2080b7057179ff6240165384259c6684bf01","messageTitle":"new change in aboutus","messageBody":"","fileTypesAndContributionMap":{"docs":{"insertions":1,"deletions":1}}},{"hash":"f2b36ebcded587b96ed31635bad792fb1809ca51","messageTitle":"copy some ip code to tp","messageBody":"","fileTypesAndContributionMap":{"functional-code":{"insertions":695,"deletions":11}}}]},{"date":"2021-10-07","commitResults":[{"hash":"7e8735327fa89cf68562a42c9dd6b9aad5b8bace","messageTitle":"include parser and disable storage, now can only do exit and false command","messageBody":"","fileTypesAndContributionMap":{"functional-code":{"insertions":297,"deletions":247}}}]},{"date":"2021-10-10","commitResults":[{"hash":"ea74dc42e18ad3a832a1cfb3077c361472cfed8f","messageTitle":"add storage in main method","messageBody":"","fileTypesAndContributionMap":{"functional-code":{"insertions":63,"deletions":18},"test-code":{"insertions":5,"deletions":1}}},{"hash":"b799a4a4aab7aa8dab7a175c6810a026e72b3c38","messageTitle":"add storage for all classed in main","messageBody":"","fileTypesAndContributionMap":{"functional-code":{"insertions":39,"deletions":0}}}]}],"leecheokfeng":[{"date":"2021-09-30","commitResults":[{"hash":"508fd89d7c1a95786192a32c24287c7cbe5454d7","messageTitle":"Add name","messageBody":"","fileTypesAndContributionMap":{"docs":{"insertions":1,"deletions":1}}}]},{"date":"2021-10-10","commitResults":[{"hash":"1f0f59eba2db3237284f1525600e078f2b49075b","messageTitle":"Create ingredient class and functions to list/remove/add","messageBody":"","fileTypesAndContributionMap":{"functional-code":{"insertions":85,"deletions":3}}}]}],"kairoskoh":[{"date":"2021-09-30","commitResults":[{"hash":"385613011c0b6871393ef8cedba2d4de54121564","messageTitle":"Add details to AboutUs.md","messageBody":"","fileTypesAndContributionMap":{"docs":{"insertions":1,"deletions":1}}}]},{"date":"2021-10-07","commitResults":[{"hash":"c4c5f2039c49797a05d8fb986b17ad86f4d57dff","messageTitle":"Add Employee.java Add EmployeeList.java Add EmployeeParser.java","messageBody":"","fileTypesAndContributionMap":{"functional-code":{"insertions":12,"deletions":0}}},{"hash":"36e1c16b5d720e115d418f0e90b56325bbf14018","messageTitle":"Add basic feature for Employee.java","messageBody":"","fileTypesAndContributionMap":{"functional-code":{"insertions":11,"deletions":0}}},{"hash":"f4f24946dfce72b06eb69a8a6b2edd8d4fe42c6b","messageTitle":"Add basic feature for EmployeeList.java","messageBody":"","fileTypesAndContributionMap":{"functional-code":{"insertions":6,"deletions":0}}},{"hash":"32aaa7aa9bbfe434b71776d8cbf51ef9d7fc6d38","messageTitle":"Add basic feature for EmployeeParser.java","messageBody":"","fileTypesAndContributionMap":{"functional-code":{"insertions":20,"deletions":0}}},{"hash":"a31cdb13b198519d1f745675ded6f2fd878afa1c","messageTitle":"Add EmployeeParserTest.java","messageBody":"","fileTypesAndContributionMap":{"functional-code":{"insertions":6,"deletions":0},"test-code":{"insertions":24,"deletions":0}}}]},{"date":"2021-10-10","commitResults":[{"hash":"3b84a325a8c9e7fe8a3e3e45d9170629921c76ed","messageTitle":"Add new packages for ingredients and menu","messageBody":"","fileTypesAndContributionMap":{"functional-code":{"insertions":115,"deletions":604},"other":{"insertions":1,"deletions":1}}},{"hash":"9650ce7e62ed48bde6ddee60564e981a2e41a0d8","messageTitle":"Add remove and list functions for employee","messageBody":"","fileTypesAndContributionMap":{"functional-code":{"insertions":21,"deletions":5}}}]}],"jerrelllzw":[{"date":"2021-09-30","commitResults":[{"hash":"9fcc12fe083ed47338d3d9a008864b18148ad63d","messageTitle":"Added details to the docs/AboutUs.md page","messageBody":"","fileTypesAndContributionMap":{"docs":{"insertions":1,"deletions":1}}}]},{"date":"2021-10-10","commitResults":[{"hash":"5b8616a4b9581ac8d0d1d6ba693deb0bf477b330","messageTitle":"Added MenuItem class and its related functions (add, remove, list)","messageBody":"","fileTypesAndContributionMap":{"functional-code":{"insertions":85,"deletions":5}}}]}]},"authorFileTypeContributionMap":{"Cesare4869":{"docs":2,"functional-code":231,"test-code":5},"leecheokfeng":{"docs":1,"functional-code":82,"test-code":0},"kairoskoh":{"docs":1,"functional-code":176,"test-code":24},"jerrelllzw":{"docs":1,"functional-code":84,"test-code":0}},"authorContributionVariance":{"Cesare4869":43378.438,"leecheokfeng":452.60938,"kairoskoh":32587.812,"jerrelllzw":473.4375},"authorDisplayNameMap":{"Cesare4869":"CS2113T-T12-4 LIU ..HANG","leecheokfeng":"CS2113T-T12-4 LEE ..FENG","kairoskoh":"CS2113T-T12-4 KAIR.. JUN","jerrelllzw":"CS2113T-T12-4 LOW ..RELL"}}
