{"authorDailyContributionsMap":{"MaifengNg":[{"date":"2021-09-30","commitResults":[{"hash":"f64b5b52699e9f76dff4d54537fae277cce87af9","messageTitle":"Update change aboutus.md","messageBody":"","fileTypesAndContributionMap":{"docs":{"insertions":1,"deletions":1}}}]},{"date":"2021-10-06","commitResults":[{"hash":"cf4b7d57aaecc1e36b95c1ddc26ef9dbfdc33f6b","messageTitle":"Add JUnit test for player","messageBody":"","fileTypesAndContributionMap":{"test-code":{"insertions":16,"deletions":0}}}]},{"date":"2021-10-10","commitResults":[{"hash":"90066bd5137172100de4cb22ee278c9203f904bc","messageTitle":"Add Ui, Parser class","messageBody":"","fileTypesAndContributionMap":{"functional-code":{"insertions":111,"deletions":22}}},{"hash":"7f663f5a2fdf29b79de500ea5b94c54ae9daaa32","messageTitle":"Fix checkstyle failing","messageBody":"","fileTypesAndContributionMap":{"functional-code":{"insertions":36,"deletions":25},"other":{"insertions":17,"deletions":3}}}]},{"date":"2021-10-11","commitResults":[{"hash":"0a20eb85e03842799717c37ccf676fcf8fcb6d0d","messageTitle":"Update test cases and add clue index","messageBody":"","fileTypesAndContributionMap":{"functional-code":{"insertions":19,"deletions":3}}}]},{"date":"2021-10-14","commitResults":[{"hash":"68f3ca47fd7dcc8759d27c154aaad31104599b1b","messageTitle":"Add Command class and command subclasses and minor refactoring","messageBody":"","fileTypesAndContributionMap":{"functional-code":{"insertions":207,"deletions":40}}}]},{"date":"2021-10-16","commitResults":[{"hash":"6d7845eb0cd2d8200dc4c1f22c6d0bcf497b93f3","messageTitle":"Update guess killer method","messageBody":"","fileTypesAndContributionMap":{"functional-code":{"insertions":7,"deletions":1}}}]},{"date":"2021-10-17","commitResults":[{"hash":"c6004547a1f16b2b97f0f42c2dd5db5552f78c21","messageTitle":"Add updates to test case","messageBody":"","fileTypesAndContributionMap":{"functional-code":{"insertions":5,"deletions":5}}},{"hash":"e29ea17f3e4963d943ec317b232039537826b621","messageTitle":"Fix test case","messageBody":"","fileTypesAndContributionMap":{"functional-code":{"insertions":0,"deletions":1}}},{"hash":"28d3ab9f8e614be2d1c22613d7bf107938435e1a","messageTitle":"Fix checkstyles failing","messageBody":"","fileTypesAndContributionMap":{"functional-code":{"insertions":33,"deletions":32}}}]},{"date":"2021-10-18","commitResults":[{"hash":"641d825fd340fddea84dbb2bb72026c96921fc16","messageTitle":"Update refactor parser case + remove redundant code","messageBody":"","fileTypesAndContributionMap":{"functional-code":{"insertions":49,"deletions":67}}},{"hash":"60df8e1759ffe2ac45889a8a98b79b1530c2196d","messageTitle":"Add test cases for parser case","messageBody":"","fileTypesAndContributionMap":{"test-code":{"insertions":21,"deletions":0}}}]},{"date":"2021-10-19","commitResults":[{"hash":"f1a144136cc93f3055e969ecaadb6c150913ffd3","messageTitle":"Update fix merge conflicts","messageBody":"","fileTypesAndContributionMap":{"functional-code":{"insertions":9,"deletions":53},"other":{"insertions":0,"deletions":0},"test-code":{"insertions":3,"deletions":3}}}]},{"date":"2021-10-20","commitResults":[{"hash":"3e5044ba618258d1c501b1824783eae7ff1c9fcb","messageTitle":"Update refactor UI","messageBody":"","fileTypesAndContributionMap":{"functional-code":{"insertions":23,"deletions":24}}}]},{"date":"2021-10-21","commitResults":[{"hash":"8e1730372281a77c647c582f8efcd8b77ba76bc7","messageTitle":"Update refactor scenelist and investigation","messageBody":"","fileTypesAndContributionMap":{"functional-code":{"insertions":59,"deletions":34}}},{"hash":"39b618a16ea04eafd3cdfa912f749a7abbacd063","messageTitle":"Add new test case for parser","messageBody":"","fileTypesAndContributionMap":{"test-code":{"insertions":6,"deletions":0}}},{"hash":"b92628f4e8696cd3dd51eddd756ee8bb01078697","messageTitle":"Update fix truth scene","messageBody":"","fileTypesAndContributionMap":{"functional-code":{"insertions":23,"deletions":8}}}]},{"date":"2021-10-23","commitResults":[{"hash":"c10f3b03bef01e97a1e0f933a6978e9949696dc3","messageTitle":"Add multiple scene classes, refactor","messageBody":"","fileTypesAndContributionMap":{"functional-code":{"insertions":179,"deletions":110},"test-code":{"insertions":4,"deletions":5}}},{"hash":"ba124c22768f5d97a672e9619830e0898723e3fb","messageTitle":"minor bug fixes","messageBody":"","fileTypesAndContributionMap":{"functional-code":{"insertions":7,"deletions":2}}}]},{"date":"2021-10-24","commitResults":[{"hash":"182647af29e8ce094255c8c81324db984a742e9a","messageTitle":"Update refactr investigation scene - Add more oop","messageBody":"","fileTypesAndContributionMap":{"functional-code":{"insertions":89,"deletions":80},"test-code":{"insertions":1,"deletions":1}}}]},{"date":"2021-10-25","commitResults":[{"hash":"e5644d7dd0024f841b7dc7a50edb3119f5b2a917","messageTitle":"Update temporary remove one test from ExceptionTest","messageBody":"","fileTypesAndContributionMap":{"test-code":{"insertions":41,"deletions":8}}},{"hash":"e4d29b7b75bb73cfed8b5008ac40d474bcaac4a7","messageTitle":"Add fix checkstyle","messageBody":"","fileTypesAndContributionMap":{"test-code":{"insertions":22,"deletions":21}}},{"hash":"c9dade405fcfae534558e7a8faedaa105467d891","messageTitle":"Add skeleton for DG","messageBody":"","fileTypesAndContributionMap":{"docs":{"insertions":97,"deletions":3}}},{"hash":"b37c08d4bba5c0beb67d2cd75a4cb373894c2b73","messageTitle":"Update UG","messageBody":"","fileTypesAndContributionMap":{"docs":{"insertions":137,"deletions":9}}}]}],"peng-217":[{"date":"2021-09-30","commitResults":[{"hash":"68f2e0aebc9ccf422195b667f66a899c4b904e87","messageTitle":"edit AboutUs","messageBody":"","fileTypesAndContributionMap":{"docs":{"insertions":1,"deletions":1}}}]},{"date":"2021-10-06","commitResults":[{"hash":"c8930115e22b4af3afad00b1eb67532852219ce4","messageTitle":"implement exit game command and allow","messageBody":"","fileTypesAndContributionMap":{"functional-code":{"insertions":79,"deletions":0}}},{"hash":"4f36788fc24696128c859b101172433c47384453","messageTitle":"bug fix","messageBody":"","fileTypesAndContributionMap":{"functional-code":{"insertions":3,"deletions":2}}},{"hash":"b50215d0289dccaa4969937d44fa96f9c621063e","messageTitle":"bug fix","messageBody":"","fileTypesAndContributionMap":{"functional-code":{"insertions":5,"deletions":5}}},{"hash":"c4429102efc29b4b18c1e1542ad7101a0c87e10f","messageTitle":"bug fix","messageBody":"","fileTypesAndContributionMap":{"functional-code":{"insertions":7,"deletions":7}}},{"hash":"556d73e87f1d261b7d2e92b5ad09a75116a8cde2","messageTitle":"bug fix","messageBody":"","fileTypesAndContributionMap":{"functional-code":{"insertions":1,"deletions":1}}}]},{"date":"2021-10-18","commitResults":[{"hash":"4184a3dac7e458c501e92055f952ad5478d49c60","messageTitle":"Implement note function v1.0","messageBody":"","fileTypesAndContributionMap":{"functional-code":{"insertions":278,"deletions":2}}}]},{"date":"2021-10-19","commitResults":[{"hash":"c356a13a9c1caeb36753152de7f1b259561e34d3","messageTitle":"bug fix","messageBody":"","fileTypesAndContributionMap":{"functional-code":{"insertions":26,"deletions":10}}},{"hash":"11eec1755d89e27612584f8d45d8117305a70282","messageTitle":"fix the searching function bug","messageBody":"","fileTypesAndContributionMap":{"functional-code":{"insertions":12,"deletions":8}}},{"hash":"c85bc822b1e12e6a7974029d979377e962b453e2","messageTitle":"Fixing coding style check failure","messageBody":"","fileTypesAndContributionMap":{"functional-code":{"insertions":40,"deletions":38}}},{"hash":"c93964d8e55f275ab5996d96d402c49fbae7c17f","messageTitle":"fixing bugs occured in Github IO test","messageBody":"","fileTypesAndContributionMap":{"functional-code":{"insertions":9,"deletions":9}}},{"hash":"6be93e61ab74c4c5f8dd77d40052a77f64953457","messageTitle":"Fix macOS check style error","messageBody":"","fileTypesAndContributionMap":{"functional-code":{"insertions":4,"deletions":4}}},{"hash":"ef4f940172cc3b45dfbbbb386def9b16c06464f6","messageTitle":"Implement note function with new command and parser class implemented by my teammates","messageBody":"","fileTypesAndContributionMap":{"functional-code":{"insertions":28,"deletions":8}}},{"hash":"e33979c66e61e05480fe3e131f461a940bfab719","messageTitle":"Fixing coding style","messageBody":"","fileTypesAndContributionMap":{"functional-code":{"insertions":6,"deletions":1}}},{"hash":"e19e2ec3ea6532cf76425591d1e3f4f3268c7224","messageTitle":"Add delete note function","messageBody":"","fileTypesAndContributionMap":{"functional-code":{"insertions":28,"deletions":2}}},{"hash":"adb7ca078d3909936b1ff171dce318d2477729c5","messageTitle":"Fix coding style problem","messageBody":"","fileTypesAndContributionMap":{"functional-code":{"insertions":2,"deletions":2}}}]},{"date":"2021-10-23","commitResults":[{"hash":"7c84968a43f72919e9915d18f6ea13000af8cf4f","messageTitle":"Add note developer guide","messageBody":"","fileTypesAndContributionMap":{"functional-code":{"insertions":4,"deletions":1},"docs":{"insertions":8,"deletions":0}}},{"hash":"5c071ff0194dfcfe8b25cfb7b775401baf028329","messageTitle":"Add test code for Note and NoteList class","messageBody":"","fileTypesAndContributionMap":{"test-code":{"insertions":107,"deletions":0}}},{"hash":"0200550d2ed8c073e398d2a85b5efa7ff61296ee","messageTitle":"Bug fix for test Note and NoteList","messageBody":"","fileTypesAndContributionMap":{"functional-code":{"insertions":2,"deletions":3}}},{"hash":"ea59ac3a32f282c5c6d4a346ddd60653a300fae0","messageTitle":"Import syntax fixing.","messageBody":"","fileTypesAndContributionMap":{"test-code":{"insertions":7,"deletions":4}}},{"hash":"39817cbc31567108538d4b1f4a53cd2950391c9a","messageTitle":"Fix those failure test cases","messageBody":"","fileTypesAndContributionMap":{"test-code":{"insertions":11,"deletions":3}}},{"hash":"8e64da0278b1e6f5220ae81d6b732075e9e69869","messageTitle":"Fix those failure testcase","messageBody":"","fileTypesAndContributionMap":{"test-code":{"insertions":7,"deletions":7}}},{"hash":"09fd5bf5d7ccb5e103e8bb75563a8436efcd4a9f","messageTitle":"Fix failure test cases","messageBody":"","fileTypesAndContributionMap":{"test-code":{"insertions":4,"deletions":4}}},{"hash":"5e80cb39c3a95efd06703384b27c37a13df16c9a","messageTitle":"Fixing bug of note creating","messageBody":"","fileTypesAndContributionMap":{"functional-code":{"insertions":2,"deletions":2}}},{"hash":"2695d7c6c158956f4ef7e087437a0c7c391c60f8","messageTitle":"Minor bug fix","messageBody":"","fileTypesAndContributionMap":{"test-code":{"insertions":2,"deletions":2}}}]}],"arcturusz":[{"date":"2021-09-30","commitResults":[{"hash":"598ee2e45547c51334c5cbcc71751f60bde2950a","messageTitle":"Update about us","messageBody":"","fileTypesAndContributionMap":{"docs":{"insertions":1,"deletions":1}}}]},{"date":"2021-10-06","commitResults":[{"hash":"7729db1f161499f61298bcda75252f620cd4d879","messageTitle":"Implement suspect class","messageBody":"","fileTypesAndContributionMap":{"functional-code":{"insertions":31,"deletions":0},"test-code":{"insertions":31,"deletions":0}}},{"hash":"e3b48616452464e5e3d04da9fb7e2fc9020bbe35","messageTitle":"Implement suspect list class for all suspects","messageBody":"","fileTypesAndContributionMap":{"functional-code":{"insertions":76,"deletions":60},"test-code":{"insertions":65,"deletions":31}}},{"hash":"accaa78a99980fbe62009a39836aa539c202c43c","messageTitle":"Fix bugs","messageBody":"","fileTypesAndContributionMap":{"test-code":{"insertions":4,"deletions":9}}}]},{"date":"2021-10-07","commitResults":[{"hash":"d9b1f0ec39d3735537a4a517cd305ca74e0f0c07","messageTitle":"Add utility function for suspect list","messageBody":"","fileTypesAndContributionMap":{"functional-code":{"insertions":19,"deletions":0},"test-code":{"insertions":32,"deletions":0}}},{"hash":"ff692b08c9e58f4a06296c681a3d346729adc9a4","messageTitle":"Fix checkstyle issue","messageBody":"","fileTypesAndContributionMap":{"test-code":{"insertions":0,"deletions":2}}},{"hash":"7884f483ee344c816e16cdcddbcd3a556ceecdae","messageTitle":"Fix bugs","messageBody":"","fileTypesAndContributionMap":{"functional-code":{"insertions":13,"deletions":9}}}]},{"date":"2021-10-10","commitResults":[{"hash":"46487c69665a57ca3838a7f9ac2f092147617e40","messageTitle":"Implement scene list class for multiple scenes","messageBody":"","fileTypesAndContributionMap":{"functional-code":{"insertions":24,"deletions":22},"test-code":{"insertions":49,"deletions":0}}},{"hash":"06686a8885fdb4382868a0b3334b9656e7fde4c4","messageTitle":"Fix checkstyle issue","messageBody":"","fileTypesAndContributionMap":{"functional-code":{"insertions":1,"deletions":1}}}]},{"date":"2021-10-13","commitResults":[{"hash":"680edd6234b5999e44045a90af55ce8adb6d1f3e","messageTitle":"Implement scene list builder","messageBody":"","fileTypesAndContributionMap":{"functional-code":{"insertions":141,"deletions":59},"test-code":{"insertions":17,"deletions":66}}},{"hash":"bd99d5b0f17591cc25b88e5acb12695af334070b","messageTitle":"Modify Ui print at start","messageBody":"","fileTypesAndContributionMap":{"functional-code":{"insertions":6,"deletions":5}}},{"hash":"d7e20880469ba66eb59826461061424c0d20c425","messageTitle":"Fix bug","messageBody":"","fileTypesAndContributionMap":{"functional-code":{"insertions":1,"deletions":4}}},{"hash":"7551ab2f796add1a807ccf1bd8ed7590917f054a","messageTitle":"Implement version 1.0","messageBody":"","fileTypesAndContributionMap":{"functional-code":{"insertions":164,"deletions":50},"test-code":{"insertions":18,"deletions":0}}},{"hash":"448f7b40cf976a01b2b240f6da1153576069b0bc","messageTitle":"Fix checkstyle","messageBody":"","fileTypesAndContributionMap":{"functional-code":{"insertions":42,"deletions":29}}},{"hash":"964331ae3d614cf64b28ada82df96c8c33d75220","messageTitle":"Fix test case assertion","messageBody":"","fileTypesAndContributionMap":{"test-code":{"insertions":1,"deletions":1}}},{"hash":"eb018243eebb0e39d68d7b7c4de8c00cc73d9a93","messageTitle":"Refactor duke to another class","messageBody":"","fileTypesAndContributionMap":{"functional-code":{"insertions":142,"deletions":130}}},{"hash":"12b817009e893606e4cf488c0b2d00424bdfe0e9","messageTitle":"Refactor get suspect from index to parser class","messageBody":"","fileTypesAndContributionMap":{"functional-code":{"insertions":31,"deletions":30}}}]},{"date":"2021-10-19","commitResults":[{"hash":"14b6f82d4fb029ed3f984f56ca4684049baf2bca","messageTitle":"hotfix brackets","messageBody":"","fileTypesAndContributionMap":{"functional-code":{"insertions":1,"deletions":2}}},{"hash":"d78d737f089b3e1c66c93009b4c6e5ea0ccf5f6e","messageTitle":"remove text ui","messageBody":"","fileTypesAndContributionMap":{"other":{"insertions":4,"deletions":3}}}]},{"date":"2021-10-21","commitResults":[{"hash":"d3956a1b3ab20f9ee9a90ea68de38b390f83fa76","messageTitle":"Implement auto restart after guessing killer","messageBody":"","fileTypesAndContributionMap":{"functional-code":{"insertions":9,"deletions":7}}},{"hash":"59b37901c8d0e7f13c17e78cf1f0d438748b3c91","messageTitle":"Allow user to restart game with /restart","messageBody":"","fileTypesAndContributionMap":{"functional-code":{"insertions":35,"deletions":0}}}]}],"ShaoYurui":[{"date":"2021-09-30","commitResults":[{"hash":"d8661872b9595e2608ead6c83dfc6840c6da3532","messageTitle":"Change about us","messageBody":"","fileTypesAndContributionMap":{"docs":{"insertions":1,"deletions":1}}}]},{"date":"2021-10-07","commitResults":[{"hash":"4fc0316acb05b63fa397a981654da9078d2e02ac","messageTitle":"Implment ClueList and SearchedClueTracker","messageBody":"","fileTypesAndContributionMap":{"functional-code":{"insertions":45,"deletions":0}}}]},{"date":"2021-10-14","commitResults":[{"hash":"c8feba440289965ec3ca60be3eec4d2efa5d850c","messageTitle":"Change FIle import from File to InputStream","messageBody":"","fileTypesAndContributionMap":{"functional-code":{"insertions":5,"deletions":2}}}]},{"date":"2021-10-16","commitResults":[{"hash":"14d7772fb2660dd05bdc265a31e4c040a46b2f35","messageTitle":"Fix CI display narrative bug","messageBody":"","fileTypesAndContributionMap":{"functional-code":{"insertions":4,"deletions":4}}}]},{"date":"2021-10-20","commitResults":[{"hash":"d3351636ccc80f7ec0894c0954fe674a1a800b8b","messageTitle":"Update J Unit Test for SearchedClueTracker","messageBody":"","fileTypesAndContributionMap":{"functional-code":{"insertions":18,"deletions":3},"test-code":{"insertions":38,"deletions":0}}},{"hash":"ff24e545c896062ab7927715039a9ba282a15e6c","messageTitle":"Fix Coding Standard","messageBody":"","fileTypesAndContributionMap":{"functional-code":{"insertions":6,"deletions":6},"test-code":{"insertions":1,"deletions":5}}},{"hash":"c54d678f1902dbb52dd67da96515606d15832bd2","messageTitle":"Fix Coding Standard","messageBody":"","fileTypesAndContributionMap":{"functional-code":{"insertions":3,"deletions":3}}},{"hash":"b0606d23ce3c94d6af82c1493e11f0ce126dd762","messageTitle":"Fix Coding Standard","messageBody":"","fileTypesAndContributionMap":{"functional-code":{"insertions":3,"deletions":3}}},{"hash":"9190c61e180569028b2e7377598c44908aa48311","messageTitle":"Add Assertion to SearchedClueTracker","messageBody":"","fileTypesAndContributionMap":{"functional-code":{"insertions":1,"deletions":0}}},{"hash":"bcec4dc90b16847e03d158b5fda9de037df3c9b3","messageTitle":"Add Local Game Data Storage into Developer Guide","messageBody":"","fileTypesAndContributionMap":{"docs":{"insertions":15,"deletions":0}}}]},{"date":"2021-10-21","commitResults":[{"hash":"394c334637625088b31afb380ccdb020fbee0395","messageTitle":"Resolve conflicts","messageBody":"","fileTypesAndContributionMap":{"functional-code":{"insertions":152,"deletions":7},"test-code":{"insertions":8,"deletions":2}}},{"hash":"f8c98e4df21b3e3da69c308d61b8b4a428db4da8","messageTitle":"Fix Coding Standard","messageBody":"","fileTypesAndContributionMap":{"functional-code":{"insertions":6,"deletions":5}}},{"hash":"2631af7bfeec0a80650501a426956b96b8adf474","messageTitle":"Fix Coding Standard","messageBody":"","fileTypesAndContributionMap":{"functional-code":{"insertions":3,"deletions":3}}},{"hash":"6bc8ef3ecec28b8a53b19e3f96a3a1a624a18794","messageTitle":"Fix Coding Standard","messageBody":"","fileTypesAndContributionMap":{"functional-code":{"insertions":2,"deletions":2}}},{"hash":"59b3a6382bbd97eb7f9a6eeae4d44b97bce4cf95","messageTitle":"FIX CODING STANDARD","messageBody":"","fileTypesAndContributionMap":{"functional-code":{"insertions":3,"deletions":4}}},{"hash":"0feb4fec37393d77dbd26a4a324f3d98687c94c7","messageTitle":"FIX CODING STANDARD :(","messageBody":"","fileTypesAndContributionMap":{"functional-code":{"insertions":2,"deletions":2}}},{"hash":"3f48ba66ad4ed9256931735db126d36bdb1c1195","messageTitle":"FIX CODING STANDARD :(((((","messageBody":"","fileTypesAndContributionMap":{"functional-code":{"insertions":1,"deletions":1}}}]}],"Herrekt":[{"date":"2021-09-30","commitResults":[{"hash":"35c8c3fa4f78ae5b606e2072d3a3336399694ab2","messageTitle":"Changing about us to my name and link","messageBody":"","fileTypesAndContributionMap":{"docs":{"insertions":1,"deletions":1}}}]},{"date":"2021-10-01","commitResults":[{"hash":"44946fc270a1eb1ea5b61babacc5b3af29d94ce3","messageTitle":"Added the first iteration of Player and Item","messageBody":"","fileTypesAndContributionMap":{"functional-code":{"insertions":62,"deletions":0}}}]},{"date":"2021-10-03","commitResults":[{"hash":"86067f3acf51439f844d4e6d3ec3a65231a8d5ba","messageTitle":"Changed requested method names","messageBody":"","fileTypesAndContributionMap":{"functional-code":{"insertions":2,"deletions":2}}}]},{"date":"2021-10-06","commitResults":[{"hash":"6664486e83260a1dcdbd1810e13a29b7cf67988c","messageTitle":"Created the backbone of Scene and the class it\u0027s referred to. Will implement a proper Scenelist in another commit","messageBody":"","fileTypesAndContributionMap":{"functional-code":{"insertions":32,"deletions":0}}}]},{"date":"2021-10-07","commitResults":[{"hash":"2957fe8767972b4d8b4df0effd2c39eb29fb66e2","messageTitle":"Updated Scene class and added tests relating to it.","messageBody":"","fileTypesAndContributionMap":{"functional-code":{"insertions":25,"deletions":16},"test-code":{"insertions":29,"deletions":0}}}]},{"date":"2021-10-10","commitResults":[{"hash":"6f07ffc3eb526f4b4b4327b41d05939e621f4b68","messageTitle":"Implemented Search Class","messageBody":"","fileTypesAndContributionMap":{"functional-code":{"insertions":46,"deletions":5},"test-code":{"insertions":34,"deletions":3}}},{"hash":"e5221f5e28c558e9279c593c943ef56631a44c41","messageTitle":"Fixed the checkstyle error","messageBody":"","fileTypesAndContributionMap":{"functional-code":{"insertions":4,"deletions":2}}}]},{"date":"2021-10-18","commitResults":[{"hash":"273ac0da0eed7745521d0450738a83422e030106","messageTitle":"Exceptions, Invalid command, edits to try catch to make it flowy","messageBody":"","fileTypesAndContributionMap":{"functional-code":{"insertions":119,"deletions":54}}},{"hash":"a15cffeed69c1baea492f7bfcd01079065b2e502","messageTitle":"checkstyle change","messageBody":"","fileTypesAndContributionMap":{"functional-code":{"insertions":1,"deletions":1}}}]},{"date":"2021-10-19","commitResults":[{"hash":"716c84579e46409fd19b9f074da2b2607b415349","messageTitle":"Fixed abstraction case in Narrative.","messageBody":"","fileTypesAndContributionMap":{"functional-code":{"insertions":9,"deletions":33}}}]},{"date":"2021-10-21","commitResults":[{"hash":"d614bbe7c11ab2ecda4bf2de9b2e79e0e78cbfa1","messageTitle":"Added a proposed change that will be implemented next milestone","messageBody":"","fileTypesAndContributionMap":{"docs":{"insertions":10,"deletions":0}}}]},{"date":"2021-10-22","commitResults":[{"hash":"56c093c08aa5b0b96b568dcdbb497347feff9c75","messageTitle":"Added tests for exceptions","messageBody":"","fileTypesAndContributionMap":{"test-code":{"insertions":22,"deletions":0}}},{"hash":"2d4c7b94e7dbabb6bb089ba7c4771b5944cd6a9f","messageTitle":"Used a suspectlistbuilder to obtain all the clues and suspect for each scene from txt files. Also did the same for cluetracker. Lastly, I kept theh clues so that incase of troubleshooting or need of referencing they can be sourced quickly","messageBody":"","fileTypesAndContributionMap":{"functional-code":{"insertions":72,"deletions":125}}}]},{"date":"2021-10-23","commitResults":[{"hash":"305282be1c7ca658fbe7bd66fc7d8ac78f0f05ef","messageTitle":"Fixed ClueTest issue","messageBody":"","fileTypesAndContributionMap":{"test-code":{"insertions":21,"deletions":3}}},{"hash":"5d51115ff5d7247605b8cfd656276be5f5b7ff4c","messageTitle":"fixed checkstyle","messageBody":"","fileTypesAndContributionMap":{"test-code":{"insertions":2,"deletions":1}}},{"hash":"3d0194bf3dc294872acd5d8dbf81af649f8f7284","messageTitle":"fixed indentation error","messageBody":"","fileTypesAndContributionMap":{"test-code":{"insertions":2,"deletions":2}}}]},{"date":"2021-10-24","commitResults":[{"hash":"33e2b391949599a5b129aa9931f2b8b39cdfbff5","messageTitle":"Refactored SceneList, Scene, a bit of Investigation. Added scene4clues as without it the program did not work. Removed extra Ui variables in many different classes as it was redundant. Added Exceptions for missing Scene and Narrative files","messageBody":"","fileTypesAndContributionMap":{"functional-code":{"insertions":75,"deletions":45},"test-code":{"insertions":10,"deletions":14}}}]}],"WU-LUOYU-SERENA":[{"date":"2021-09-30","commitResults":[{"hash":"0f321643da420c83f7eb4a001d20687b8c55dad6","messageTitle":"Change first line of aboutus.md","messageBody":"","fileTypesAndContributionMap":{"docs":{"insertions":1,"deletions":1}}}]},{"date":"2021-10-06","commitResults":[{"hash":"4f1e7ce01f567c663032a295fac56aba11e4e71d","messageTitle":"Implement a Clue Class and four clues for Father in first scene","messageBody":"-FatherInsurance\n-FatherMap\n-FatherPhoneCall\n-FatherTextMessage\n","fileTypesAndContributionMap":{"functional-code":{"insertions":125,"deletions":3}}},{"hash":"3ddc901292358b3f34628d550dd64a7f4951fd19","messageTitle":"Implement Narrative Class and three narratives","messageBody":"Corresponding narrative txt files are created under the docs folder\n","fileTypesAndContributionMap":{"functional-code":{"insertions":52,"deletions":0}}},{"hash":"300f595ab585aac79bc6103a48f02f166a3bed75","messageTitle":"Revert Duke to the original state","messageBody":"","fileTypesAndContributionMap":{"functional-code":{"insertions":3,"deletions":11}}},{"hash":"05f297f5696615f33ee970cee788b139cc03f5c7","messageTitle":"Bring \"+\" to the front of the line","messageBody":"","fileTypesAndContributionMap":{"functional-code":{"insertions":54,"deletions":51}}},{"hash":"5a4e0ac709753741f1a4ab4f1b88cfd370576228","messageTitle":"Format indentation of four lines","messageBody":"","fileTypesAndContributionMap":{"functional-code":{"insertions":2,"deletions":2}}},{"hash":"4b2b6d51e2d5f3b36698fc6de3f2ad79053e9127","messageTitle":"Add JUnit test to test failed invocation of display method of an Narrative object","messageBody":"","fileTypesAndContributionMap":{"test-code":{"insertions":16,"deletions":0}}},{"hash":"95ee91cad6b231cd00ca779854da6673056caf87","messageTitle":"Implement JUnit test for toString of default Clue","messageBody":"","fileTypesAndContributionMap":{"functional-code":{"insertions":2,"deletions":2},"test-code":{"insertions":19,"deletions":0}}},{"hash":"d216bb3b78903f0190f02cbba61caa89f4d16a34","messageTitle":"Fix a testing bug","messageBody":"","fileTypesAndContributionMap":{"functional-code":{"insertions":3,"deletions":3}}},{"hash":"75e3d21bb3b6af22a07ba6589a7344d925fc4c5c","messageTitle":"Add checked status getter method","messageBody":"","fileTypesAndContributionMap":{"functional-code":{"insertions":4,"deletions":0}}}]},{"date":"2021-10-10","commitResults":[{"hash":"eeb41413ea033d53669fa97c85884dfcdbf1687c","messageTitle":"Move clues into respective scene packages","messageBody":"","fileTypesAndContributionMap":{"functional-code":{"insertions":4,"deletions":4},"other":{"insertions":12,"deletions":4},"test-code":{"insertions":6,"deletions":6}}}]},{"date":"2021-10-11","commitResults":[{"hash":"bfee1303ca3054f4d6343addb1ab5786a488f9a7","messageTitle":"Put all clues except one in the living room in.","messageBody":"","fileTypesAndContributionMap":{"functional-code":{"insertions":429,"deletions":1}}},{"hash":"94a90844af4a92ea7c9748e4b56787b2a89e7c9f","messageTitle":"Update KevinGift clue","messageBody":"","fileTypesAndContributionMap":{"functional-code":{"insertions":10,"deletions":4}}},{"hash":"c49fa7dd029621d144d9b37e477b31f4a8e8e332","messageTitle":"Add LivingRoom clue","messageBody":"All clues are added\n","fileTypesAndContributionMap":{"functional-code":{"insertions":19,"deletions":0}}},{"hash":"d35c10c553551dc611f2628c59afe193316338ff","messageTitle":"Fix some checkstyle errors","messageBody":"","fileTypesAndContributionMap":{"functional-code":{"insertions":34,"deletions":34}}},{"hash":"6abd54b3feb7edcb2e28da1e51e43d07306368ff","messageTitle":"Fix another checkstyle error","messageBody":"","fileTypesAndContributionMap":{"functional-code":{"insertions":1,"deletions":1}}},{"hash":"4ea4902e5b9d708dee1c39533dbafa7fc15642ac","messageTitle":"Add assertions for Clue class","messageBody":"","fileTypesAndContributionMap":{"functional-code":{"insertions":3,"deletions":0}}},{"hash":"429255d5b2a434c75a8682385d06530f0038ff3b","messageTitle":"Fix import errors","messageBody":"","fileTypesAndContributionMap":{"test-code":{"insertions":3,"deletions":3}}}]},{"date":"2021-10-12","commitResults":[{"hash":"f878c26d5801b9fae17abe67d23abbf374647405","messageTitle":"Fix bugs in ClueTest","messageBody":"","fileTypesAndContributionMap":{"test-code":{"insertions":20,"deletions":6}}},{"hash":"f80026c74a9440ecb4c6f1c955cf37c666f9fa0f","messageTitle":"Fix ClueTest","messageBody":"","fileTypesAndContributionMap":{"test-code":{"insertions":4,"deletions":3}}}]},{"date":"2021-10-14","commitResults":[{"hash":"0c09497f958d9cdcb175315253c076c593e8f8c8","messageTitle":"Comment out SceneTest and NarrativeTest for now","messageBody":"","fileTypesAndContributionMap":{"test-code":{"insertions":5,"deletions":3}}}]},{"date":"2021-10-18","commitResults":[{"hash":"aeb5e344e7b2340b1a6eef266690c80e5498b7ce","messageTitle":"Revert some changes in narrative and scene tests","messageBody":"","fileTypesAndContributionMap":{"test-code":{"insertions":3,"deletions":5}}},{"hash":"55b962bf39aa0a7ae7bb6ca996cba1ab302ec230","messageTitle":"Add intro, different endings and truth scene","messageBody":"","fileTypesAndContributionMap":{"functional-code":{"insertions":90,"deletions":25},"test-code":{"insertions":3,"deletions":3}}},{"hash":"1c6ca36f246262bb03c09ddb38a4190a5c96ee7f","messageTitle":"Fix some style errors","messageBody":"","fileTypesAndContributionMap":{"functional-code":{"insertions":11,"deletions":5}}}]},{"date":"2021-10-19","commitResults":[{"hash":"93157e09dc23a67dcac33d5601cabbafdba98b7b","messageTitle":"Remove a line of irrelevant comment","messageBody":"","fileTypesAndContributionMap":{"functional-code":{"insertions":1,"deletions":2}}}]},{"date":"2021-10-20","commitResults":[{"hash":"862dab2910699d6b1542014ca215e0144c38784c","messageTitle":"Implement the view clue feature but with some bugs to be fixed","messageBody":"","fileTypesAndContributionMap":{"functional-code":{"insertions":145,"deletions":33}}},{"hash":"82d0b3fc1ee6693211b0a6ecde53defe780d1815","messageTitle":"Fix some checkstyle errors","messageBody":"","fileTypesAndContributionMap":{"functional-code":{"insertions":29,"deletions":12}}},{"hash":"ed8877c8d2467cba2c77261e57f3dd1548101c3a","messageTitle":"Fix some bugs when clues are not marked as checked","messageBody":"","fileTypesAndContributionMap":{"functional-code":{"insertions":17,"deletions":5},"other":{"insertions":1,"deletions":1}}},{"hash":"7315c88a76454434bdcd9b2c96900221210805a0","messageTitle":"Enable assertions in build.gradle","messageBody":"","fileTypesAndContributionMap":{"other":{"insertions":1,"deletions":0}}},{"hash":"6d42c8046db8359bf6c01881069748efc21c922c","messageTitle":"Add brief intro of the view feature","messageBody":"","fileTypesAndContributionMap":{"docs":{"insertions":8,"deletions":0}}},{"hash":"26d564886366672cc6db4aac07089fb9532a08f9","messageTitle":"Fix bugs","messageBody":"","fileTypesAndContributionMap":{"functional-code":{"insertions":1,"deletions":1}}},{"hash":"332fade810a1b2927e6d8b7e000b88ec48b95261","messageTitle":"Finish implementing view feature (basic version)","messageBody":"","fileTypesAndContributionMap":{"functional-code":{"insertions":160,"deletions":15}}},{"hash":"2019b75889e564a9a28a1a8df07ee26538f801a5","messageTitle":"Fix some checkstyle errors","messageBody":"","fileTypesAndContributionMap":{"functional-code":{"insertions":24,"deletions":11}}},{"hash":"33659e6059a288f034ed4f8f26da0c20967f3808","messageTitle":"Fix some bugs when clues are not marked as checked","messageBody":"","fileTypesAndContributionMap":{"functional-code":{"insertions":10,"deletions":85}}},{"hash":"a233cf77eb61538ff39505671fe1b16863315005","messageTitle":"Fix bugs","messageBody":"","fileTypesAndContributionMap":{"functional-code":{"insertions":1,"deletions":1}}},{"hash":"0ea50c566e4fabd588237e05a631858aff992ca0","messageTitle":"Remove one duplicate of method","messageBody":"","fileTypesAndContributionMap":{"functional-code":{"insertions":0,"deletions":10}}},{"hash":"ee35c6f9a8f92d4eecf552f34b2be1e5c4b1962b","messageTitle":"Update PaserTest","messageBody":"","fileTypesAndContributionMap":{"test-code":{"insertions":3,"deletions":3}}}]},{"date":"2021-10-22","commitResults":[{"hash":"bb9bd22344418c2ac3b7fbc1327f028c0210ee3e","messageTitle":"Allow view command to take in more arguments","messageBody":"There are still some bugs\n","fileTypesAndContributionMap":{"functional-code":{"insertions":24,"deletions":1}}},{"hash":"0c16f1a370534e1255caca93efbacd16f9fbb78d","messageTitle":"Catch invalid arguments for view command","messageBody":"","fileTypesAndContributionMap":{"functional-code":{"insertions":34,"deletions":0}}},{"hash":"e909924ccaea0201e1d14eaf2ce4ffc5789cd21f","messageTitle":"Fix Stylecheck error","messageBody":"","fileTypesAndContributionMap":{"functional-code":{"insertions":2,"deletions":3}}}]},{"date":"2021-10-23","commitResults":[{"hash":"744a21b84f2b807b4f6879fe1192b19f8c9e59f5","messageTitle":"Rename three clue text files","messageBody":"","fileTypesAndContributionMap":{"functional-code":{"insertions":3,"deletions":3}}},{"hash":"c4b429d1520689cc4b2a4a5fe90162b4334277a0","messageTitle":"Complete factoring out adding scenes","messageBody":"","fileTypesAndContributionMap":{"functional-code":{"insertions":75,"deletions":27}}},{"hash":"0fba54f6111396f5592efb3fc84ba362824627be","messageTitle":"Update SceneTest","messageBody":"","fileTypesAndContributionMap":{"functional-code":{"insertions":0,"deletions":37},"test-code":{"insertions":3,"deletions":3}}}]}]},"authorFileTypeContributionMap":{"MaifengNg":{"docs":230,"functional-code":505,"test-code":82},"peng-217":{"docs":9,"functional-code":344,"test-code":118},"arcturusz":{"docs":1,"functional-code":265,"test-code":124,"other":4},"ShaoYurui":{"docs":15,"functional-code":166,"test-code":39},"Herrekt":{"docs":11,"functional-code":355,"test-code":69},"WU-LUOYU-SERENA":{"docs":9,"functional-code":821,"test-code":57,"other":1}},"authorContributionVariance":{"MaifengNg":9389.476,"peng-217":5095.5073,"arcturusz":29657.875,"ShaoYurui":1611.6089,"Herrekt":3080.8281,"WU-LUOYU-SERENA":22030.012},"authorDisplayNameMap":{"MaifengNg":"CS2113-T14-1 NG M..FENG","peng-217":"CS2113-T14-1 PENG.. FEI","arcturusz":"CS2113-T14-1 ELJE..CHUA","ShaoYurui":"CS2113-T14-1 SHAO..URUI","Herrekt":"CS2113-T14-1 HERR.. KAN","WU-LUOYU-SERENA":"CS2113-T14-1 WU L..UOYU"}}
