{"authorDailyContributionsMap":{"MaifengNg":[{"date":"2021-09-30","commitResults":[{"hash":"f64b5b52699e9f76dff4d54537fae277cce87af9","messageTitle":"Update change aboutus.md","messageBody":"","fileTypesAndContributionMap":{"docs":{"insertions":1,"deletions":1}}}]},{"date":"2021-10-06","commitResults":[{"hash":"cf4b7d57aaecc1e36b95c1ddc26ef9dbfdc33f6b","messageTitle":"Add JUnit test for player","messageBody":"","fileTypesAndContributionMap":{"test-code":{"insertions":16,"deletions":0}}}]},{"date":"2021-10-10","commitResults":[{"hash":"90066bd5137172100de4cb22ee278c9203f904bc","messageTitle":"Add Ui, Parser class","messageBody":"","fileTypesAndContributionMap":{"functional-code":{"insertions":111,"deletions":22}}},{"hash":"7f663f5a2fdf29b79de500ea5b94c54ae9daaa32","messageTitle":"Fix checkstyle failing","messageBody":"","fileTypesAndContributionMap":{"functional-code":{"insertions":36,"deletions":25},"other":{"insertions":17,"deletions":3}}}]},{"date":"2021-10-11","commitResults":[{"hash":"0a20eb85e03842799717c37ccf676fcf8fcb6d0d","messageTitle":"Update test cases and add clue index","messageBody":"","fileTypesAndContributionMap":{"functional-code":{"insertions":19,"deletions":3}}}]},{"date":"2021-10-14","commitResults":[{"hash":"68f3ca47fd7dcc8759d27c154aaad31104599b1b","messageTitle":"Add Command class and command subclasses and minor refactoring","messageBody":"","fileTypesAndContributionMap":{"functional-code":{"insertions":207,"deletions":40}}}]},{"date":"2021-10-16","commitResults":[{"hash":"6d7845eb0cd2d8200dc4c1f22c6d0bcf497b93f3","messageTitle":"Update guess killer method","messageBody":"","fileTypesAndContributionMap":{"functional-code":{"insertions":7,"deletions":1}}}]},{"date":"2021-10-17","commitResults":[{"hash":"c6004547a1f16b2b97f0f42c2dd5db5552f78c21","messageTitle":"Add updates to test case","messageBody":"","fileTypesAndContributionMap":{"functional-code":{"insertions":5,"deletions":5}}},{"hash":"e29ea17f3e4963d943ec317b232039537826b621","messageTitle":"Fix test case","messageBody":"","fileTypesAndContributionMap":{"functional-code":{"insertions":0,"deletions":1}}},{"hash":"28d3ab9f8e614be2d1c22613d7bf107938435e1a","messageTitle":"Fix checkstyles failing","messageBody":"","fileTypesAndContributionMap":{"functional-code":{"insertions":33,"deletions":32}}}]},{"date":"2021-10-18","commitResults":[{"hash":"641d825fd340fddea84dbb2bb72026c96921fc16","messageTitle":"Update refactor parser case + remove redundant code","messageBody":"","fileTypesAndContributionMap":{"functional-code":{"insertions":49,"deletions":67}}},{"hash":"60df8e1759ffe2ac45889a8a98b79b1530c2196d","messageTitle":"Add test cases for parser case","messageBody":"","fileTypesAndContributionMap":{"test-code":{"insertions":21,"deletions":0}}}]},{"date":"2021-10-19","commitResults":[{"hash":"f1a144136cc93f3055e969ecaadb6c150913ffd3","messageTitle":"Update fix merge conflicts","messageBody":"","fileTypesAndContributionMap":{"functional-code":{"insertions":9,"deletions":53},"other":{"insertions":0,"deletions":0},"test-code":{"insertions":3,"deletions":3}}}]},{"date":"2021-10-20","commitResults":[{"hash":"3e5044ba618258d1c501b1824783eae7ff1c9fcb","messageTitle":"Update refactor UI","messageBody":"","fileTypesAndContributionMap":{"functional-code":{"insertions":23,"deletions":24}}}]},{"date":"2021-10-21","commitResults":[{"hash":"8e1730372281a77c647c582f8efcd8b77ba76bc7","messageTitle":"Update refactor scenelist and investigation","messageBody":"","fileTypesAndContributionMap":{"functional-code":{"insertions":59,"deletions":34}}},{"hash":"39b618a16ea04eafd3cdfa912f749a7abbacd063","messageTitle":"Add new test case for parser","messageBody":"","fileTypesAndContributionMap":{"test-code":{"insertions":6,"deletions":0}}},{"hash":"b92628f4e8696cd3dd51eddd756ee8bb01078697","messageTitle":"Update fix truth scene","messageBody":"","fileTypesAndContributionMap":{"functional-code":{"insertions":23,"deletions":8}}}]},{"date":"2021-10-23","commitResults":[{"hash":"c10f3b03bef01e97a1e0f933a6978e9949696dc3","messageTitle":"Add multiple scene classes, refactor","messageBody":"","fileTypesAndContributionMap":{"functional-code":{"insertions":179,"deletions":110},"test-code":{"insertions":4,"deletions":5}}},{"hash":"ba124c22768f5d97a672e9619830e0898723e3fb","messageTitle":"minor bug fixes","messageBody":"","fileTypesAndContributionMap":{"functional-code":{"insertions":7,"deletions":2}}}]},{"date":"2021-10-24","commitResults":[{"hash":"182647af29e8ce094255c8c81324db984a742e9a","messageTitle":"Update refactr investigation scene - Add more oop","messageBody":"","fileTypesAndContributionMap":{"functional-code":{"insertions":89,"deletions":80},"test-code":{"insertions":1,"deletions":1}}}]},{"date":"2021-10-25","commitResults":[{"hash":"e5644d7dd0024f841b7dc7a50edb3119f5b2a917","messageTitle":"Update temporary remove one test from ExceptionTest","messageBody":"","fileTypesAndContributionMap":{"test-code":{"insertions":41,"deletions":8}}},{"hash":"e4d29b7b75bb73cfed8b5008ac40d474bcaac4a7","messageTitle":"Add fix checkstyle","messageBody":"","fileTypesAndContributionMap":{"test-code":{"insertions":22,"deletions":21}}},{"hash":"c9dade405fcfae534558e7a8faedaa105467d891","messageTitle":"Add skeleton for DG","messageBody":"","fileTypesAndContributionMap":{"docs":{"insertions":97,"deletions":3}}},{"hash":"b37c08d4bba5c0beb67d2cd75a4cb373894c2b73","messageTitle":"Update UG","messageBody":"","fileTypesAndContributionMap":{"docs":{"insertions":137,"deletions":9}}}]},{"date":"2021-10-26","commitResults":[{"hash":"f61691d36bf4f53b36fac32f4c0a3ba672a3a698","messageTitle":"Add prompt user to type in correct suspect name when choosing killer. Case insensitive","messageBody":"","fileTypesAndContributionMap":{"functional-code":{"insertions":49,"deletions":5}}},{"hash":"8a440ca2ff64594cfd310516aa4ad602cef8f9a6","messageTitle":"Update refactor ui","messageBody":"","fileTypesAndContributionMap":{"functional-code":{"insertions":9,"deletions":6}}},{"hash":"53b897641b74ca1480cdec2febc1f7a71b117309","messageTitle":"Add multiple ways to investigate a suspect","messageBody":"","fileTypesAndContributionMap":{"functional-code":{"insertions":87,"deletions":29}}},{"hash":"7cd8b1c747338a0ac4ba7f4883b7021147fcd391","messageTitle":"Add investigate using either name or index","messageBody":"","fileTypesAndContributionMap":{"functional-code":{"insertions":3,"deletions":3}}},{"hash":"95995223ef42693cbf81f9c383f8f269a8b3ded7","messageTitle":"Add static variables for regex pattern","messageBody":"","fileTypesAndContributionMap":{"functional-code":{"insertions":5,"deletions":2}}},{"hash":"d75ec5ff3330766a1d27c9585518930a80497ff5","messageTitle":"Add /back command for user to go to previous scene","messageBody":"","fileTypesAndContributionMap":{"functional-code":{"insertions":31,"deletions":0},"docs":{"insertions":92,"deletions":9}}},{"hash":"0286d6fdc92fd227730cbf8c6ddc3999d318b629","messageTitle":"Add prevent backing again from intro scene","messageBody":"","fileTypesAndContributionMap":{"functional-code":{"insertions":6,"deletions":2}}},{"hash":"1384ff745848b8e4fbcddc1efdefb3d27257bcb0","messageTitle":"Update UG with back command","messageBody":"","fileTypesAndContributionMap":{"docs":{"insertions":37,"deletions":2}}},{"hash":"d55156cc77de0559a86aec1352b83ac56e701f54","messageTitle":"Remove unnessary lines","messageBody":"","fileTypesAndContributionMap":{"functional-code":{"insertions":0,"deletions":6}}},{"hash":"ac762418d3bc57706d1e5fd1658d3c4f0891251f","messageTitle":"Fix back command","messageBody":"","fileTypesAndContributionMap":{"functional-code":{"insertions":44,"deletions":30}}},{"hash":"2e9b27ea1278b75d68cbd2f33d1d949cac0979e7","messageTitle":"Add minor changes to parser","messageBody":"","fileTypesAndContributionMap":{"functional-code":{"insertions":19,"deletions":15}}},{"hash":"43e93f49124b83ae501171995455cd1beafec77a","messageTitle":"Update UG","messageBody":"","fileTypesAndContributionMap":{"docs":{"insertions":1,"deletions":0}}},{"hash":"0e8d33c4dc83f082ba10f3c79e3054b15718a8ad","messageTitle":"Add more user stories for UG","messageBody":"","fileTypesAndContributionMap":{"docs":{"insertions":2,"deletions":1}}},{"hash":"b922315b94de43f7d069543f25760a49ce241858","messageTitle":"Add Parser UML","messageBody":"","fileTypesAndContributionMap":{"functional-code":{"insertions":2,"deletions":5},"docs":{"insertions":14,"deletions":4}}}]},{"date":"2021-10-27","commitResults":[{"hash":"b57d8d19a14635cfcbc3d7c0ec10929c8d3010e5","messageTitle":"Add DG","messageBody":"","fileTypesAndContributionMap":{"docs":{"insertions":61,"deletions":38}}},{"hash":"0f432f34133ca30588ffe49a75d00894e3d7c868","messageTitle":"Add more updates for DG","messageBody":"","fileTypesAndContributionMap":{"docs":{"insertions":18,"deletions":16}}},{"hash":"76e1359621594010d91ba5aee9c13143c55d0d12","messageTitle":"Update parser class diagram","messageBody":"","fileTypesAndContributionMap":{"docs":{"insertions":3,"deletions":3}}},{"hash":"128754cb9bc78e9c8f373bb1f72de2f5c0e3faa5","messageTitle":"Update removed merge conflicts lines","messageBody":"","fileTypesAndContributionMap":{"docs":{"insertions":2,"deletions":7}}}]},{"date":"2021-10-30","commitResults":[{"hash":"a3c4ecad7781650beecc5757f9e5d84c2f564075","messageTitle":"Update investigation to fix bug","messageBody":"","fileTypesAndContributionMap":{"functional-code":{"insertions":64,"deletions":32}}},{"hash":"09916f580a0ce25b5509a5baf5baddf5a6f5cc89","messageTitle":"Update investigation","messageBody":"","fileTypesAndContributionMap":{"functional-code":{"insertions":4,"deletions":11}}},{"hash":"2a91932c0c15dd156662ff34e5d58171bc368282","messageTitle":"Fix checkstyle not working","messageBody":"","fileTypesAndContributionMap":{"functional-code":{"insertions":1,"deletions":1}}},{"hash":"73b9c17a2fed751bdb3ff8b305beedd1221072c4","messageTitle":"Update fix intro scene bug","messageBody":"","fileTypesAndContributionMap":{"functional-code":{"insertions":10,"deletions":2}}},{"hash":"6e069a34d8b377fcd986764d4d8d207ab3e73abf","messageTitle":"Add try-catch for getSuspectNameFromIndex","messageBody":"","fileTypesAndContributionMap":{"functional-code":{"insertions":8,"deletions":3}}}]},{"date":"2021-11-01","commitResults":[{"hash":"e9ab3fce86f06e47a8692d33dcd3b01b2af49940","messageTitle":"Update fix code quality\u0027","messageBody":"","fileTypesAndContributionMap":{"functional-code":{"insertions":22,"deletions":10}}},{"hash":"e6b15dac46ad6e61ed4df463ab7668f6305b81e9","messageTitle":"Add fix input errors for guess killer scene","messageBody":"","fileTypesAndContributionMap":{"functional-code":{"insertions":18,"deletions":2}}}]},{"date":"2021-11-02","commitResults":[{"hash":"56c6f497c4850fbd2455d4e748fcd30b517c6489","messageTitle":"Update bug where code breaks when giving large number such as 99999999999999999999999","messageBody":"","fileTypesAndContributionMap":{"functional-code":{"insertions":10,"deletions":3}}},{"hash":"40cd55751b9203f5682993ec3efb97b231740898","messageTitle":"Update remove unneeded code","messageBody":"","fileTypesAndContributionMap":{"functional-code":{"insertions":0,"deletions":3}}},{"hash":"13a5697fa8abd9b52bf7449c6742d3223628648d","messageTitle":"Update fix /back command. During investigation scene ie selecting clue or suspect, /back will bring the user back to selecting suspect","messageBody":"","fileTypesAndContributionMap":{"functional-code":{"insertions":9,"deletions":3}}},{"hash":"f29b6ea2a592427624660e163e10d4428d411707","messageTitle":"Update fix /back command bug + add javadocs","messageBody":"","fileTypesAndContributionMap":{"functional-code":{"insertions":173,"deletions":5}}}]},{"date":"2021-11-03","commitResults":[{"hash":"67a791dd710311b6c11f09d61b6882707a4dff7a","messageTitle":"Update UG","messageBody":"","fileTypesAndContributionMap":{"docs":{"insertions":84,"deletions":51}}},{"hash":"6b70656c07e7a41ae29141655bce6279561bc4c5","messageTitle":"update javadocs","messageBody":"","fileTypesAndContributionMap":{"functional-code":{"insertions":2,"deletions":2}}},{"hash":"139a82defcb117b48469d92cc790b952e6a1c1b7","messageTitle":"Update UG again","messageBody":"","fileTypesAndContributionMap":{"functional-code":{"insertions":13,"deletions":9}}}]},{"date":"2021-11-04","commitResults":[{"hash":"9a5376a7c530ab33636e4a7ba2ec406d7f676a0e","messageTitle":"Update fix javadcos","messageBody":"","fileTypesAndContributionMap":{"functional-code":{"insertions":31,"deletions":19}}},{"hash":"b3e65fbaf0280241c4d1557f047beac176e9b8c1","messageTitle":"Update javadcos","messageBody":"","fileTypesAndContributionMap":{"functional-code":{"insertions":24,"deletions":29}}},{"hash":"399557c07fa5c6b52c8c784f8618c4f383494b36","messageTitle":"Fix error with javadcos","messageBody":"","fileTypesAndContributionMap":{"functional-code":{"insertions":1,"deletions":1}}},{"hash":"373e6f87fbf78c41315ecfccb320e36a4d1b1a93","messageTitle":"Fix error with javadcos","messageBody":"","fileTypesAndContributionMap":{"functional-code":{"insertions":1,"deletions":1}}},{"hash":"101a6d82634a075f22dbbf1af3adf8e1f4b96a0c","messageTitle":"Update DG","messageBody":"","fileTypesAndContributionMap":{"docs":{"insertions":3,"deletions":2}}},{"hash":"49f97aa7db6d5e735e94b1b6addb48266be6fd18","messageTitle":"Update change magic number in InvestigateCommand","messageBody":"","fileTypesAndContributionMap":{"functional-code":{"insertions":36,"deletions":33}}},{"hash":"f3265a50bc4980f2b753b867e6cd55e086e87393","messageTitle":"Update fix checkStyle failing","messageBody":"","fileTypesAndContributionMap":{"functional-code":{"insertions":32,"deletions":32}}}]},{"date":"2021-11-05","commitResults":[{"hash":"1bcb813283eeb097469604286e384ca368e2a6a8","messageTitle":"Update add ppp for maifeng","messageBody":"","fileTypesAndContributionMap":{"docs":{"insertions":15,"deletions":0}}}]}],"peng-217":[{"date":"2021-09-30","commitResults":[{"hash":"68f2e0aebc9ccf422195b667f66a899c4b904e87","messageTitle":"edit AboutUs","messageBody":"","fileTypesAndContributionMap":{"docs":{"insertions":1,"deletions":1}}}]},{"date":"2021-10-06","commitResults":[{"hash":"c8930115e22b4af3afad00b1eb67532852219ce4","messageTitle":"implement exit game command and allow","messageBody":"","fileTypesAndContributionMap":{"functional-code":{"insertions":79,"deletions":0}}},{"hash":"4f36788fc24696128c859b101172433c47384453","messageTitle":"bug fix","messageBody":"","fileTypesAndContributionMap":{"functional-code":{"insertions":3,"deletions":2}}},{"hash":"b50215d0289dccaa4969937d44fa96f9c621063e","messageTitle":"bug fix","messageBody":"","fileTypesAndContributionMap":{"functional-code":{"insertions":5,"deletions":5}}},{"hash":"c4429102efc29b4b18c1e1542ad7101a0c87e10f","messageTitle":"bug fix","messageBody":"","fileTypesAndContributionMap":{"functional-code":{"insertions":7,"deletions":7}}},{"hash":"556d73e87f1d261b7d2e92b5ad09a75116a8cde2","messageTitle":"bug fix","messageBody":"","fileTypesAndContributionMap":{"functional-code":{"insertions":1,"deletions":1}}}]},{"date":"2021-10-18","commitResults":[{"hash":"4184a3dac7e458c501e92055f952ad5478d49c60","messageTitle":"Implement note function v1.0","messageBody":"","fileTypesAndContributionMap":{"functional-code":{"insertions":278,"deletions":2}}}]},{"date":"2021-10-19","commitResults":[{"hash":"c356a13a9c1caeb36753152de7f1b259561e34d3","messageTitle":"bug fix","messageBody":"","fileTypesAndContributionMap":{"functional-code":{"insertions":26,"deletions":10}}},{"hash":"11eec1755d89e27612584f8d45d8117305a70282","messageTitle":"fix the searching function bug","messageBody":"","fileTypesAndContributionMap":{"functional-code":{"insertions":12,"deletions":8}}},{"hash":"c85bc822b1e12e6a7974029d979377e962b453e2","messageTitle":"Fixing coding style check failure","messageBody":"","fileTypesAndContributionMap":{"functional-code":{"insertions":40,"deletions":38}}},{"hash":"c93964d8e55f275ab5996d96d402c49fbae7c17f","messageTitle":"fixing bugs occured in Github IO test","messageBody":"","fileTypesAndContributionMap":{"functional-code":{"insertions":9,"deletions":9}}},{"hash":"6be93e61ab74c4c5f8dd77d40052a77f64953457","messageTitle":"Fix macOS check style error","messageBody":"","fileTypesAndContributionMap":{"functional-code":{"insertions":4,"deletions":4}}},{"hash":"ef4f940172cc3b45dfbbbb386def9b16c06464f6","messageTitle":"Implement note function with new command and parser class implemented by my teammates","messageBody":"","fileTypesAndContributionMap":{"functional-code":{"insertions":28,"deletions":8}}},{"hash":"e33979c66e61e05480fe3e131f461a940bfab719","messageTitle":"Fixing coding style","messageBody":"","fileTypesAndContributionMap":{"functional-code":{"insertions":6,"deletions":1}}},{"hash":"e19e2ec3ea6532cf76425591d1e3f4f3268c7224","messageTitle":"Add delete note function","messageBody":"","fileTypesAndContributionMap":{"functional-code":{"insertions":28,"deletions":2}}},{"hash":"adb7ca078d3909936b1ff171dce318d2477729c5","messageTitle":"Fix coding style problem","messageBody":"","fileTypesAndContributionMap":{"functional-code":{"insertions":2,"deletions":2}}}]},{"date":"2021-10-23","commitResults":[{"hash":"7c84968a43f72919e9915d18f6ea13000af8cf4f","messageTitle":"Add note developer guide","messageBody":"","fileTypesAndContributionMap":{"functional-code":{"insertions":4,"deletions":1},"docs":{"insertions":8,"deletions":0}}},{"hash":"5c071ff0194dfcfe8b25cfb7b775401baf028329","messageTitle":"Add test code for Note and NoteList class","messageBody":"","fileTypesAndContributionMap":{"test-code":{"insertions":107,"deletions":0}}},{"hash":"0200550d2ed8c073e398d2a85b5efa7ff61296ee","messageTitle":"Bug fix for test Note and NoteList","messageBody":"","fileTypesAndContributionMap":{"functional-code":{"insertions":2,"deletions":3}}},{"hash":"ea59ac3a32f282c5c6d4a346ddd60653a300fae0","messageTitle":"Import syntax fixing.","messageBody":"","fileTypesAndContributionMap":{"test-code":{"insertions":7,"deletions":4}}},{"hash":"39817cbc31567108538d4b1f4a53cd2950391c9a","messageTitle":"Fix those failure test cases","messageBody":"","fileTypesAndContributionMap":{"test-code":{"insertions":11,"deletions":3}}},{"hash":"8e64da0278b1e6f5220ae81d6b732075e9e69869","messageTitle":"Fix those failure testcase","messageBody":"","fileTypesAndContributionMap":{"test-code":{"insertions":7,"deletions":7}}},{"hash":"09fd5bf5d7ccb5e103e8bb75563a8436efcd4a9f","messageTitle":"Fix failure test cases","messageBody":"","fileTypesAndContributionMap":{"test-code":{"insertions":4,"deletions":4}}},{"hash":"5e80cb39c3a95efd06703384b27c37a13df16c9a","messageTitle":"Fixing bug of note creating","messageBody":"","fileTypesAndContributionMap":{"functional-code":{"insertions":2,"deletions":2}}},{"hash":"2695d7c6c158956f4ef7e087437a0c7c391c60f8","messageTitle":"Minor bug fix","messageBody":"","fileTypesAndContributionMap":{"test-code":{"insertions":2,"deletions":2}}}]},{"date":"2021-10-26","commitResults":[{"hash":"8c8db792fe667549b43834d9f55b72565ee7a771","messageTitle":"Add note component in DG and remove two lines of unused comment","messageBody":"","fileTypesAndContributionMap":{"docs":{"insertions":10,"deletions":0},"test-code":{"insertions":0,"deletions":2}}},{"hash":"cdda69671e531440a27c00bf0daa1d399597bd54","messageTitle":"Implementing DG (not finish)","messageBody":"","fileTypesAndContributionMap":{"docs":{"insertions":14,"deletions":3}}},{"hash":"c3bcde0c8f71e747b2e31e0e8baf7944cfdf54a6","messageTitle":"Refactor Investigation class","messageBody":"","fileTypesAndContributionMap":{"functional-code":{"insertions":79,"deletions":40}}},{"hash":"ca613d6fc3510d56d0899ffaab3cf8ba76dea076","messageTitle":"syntax fix","messageBody":"","fileTypesAndContributionMap":{"functional-code":{"insertions":2,"deletions":1}}},{"hash":"b639ee2fa8a50c17a61234d34e9a5ed30a0856c2","messageTitle":"Allow user to delete all notes.","messageBody":"","fileTypesAndContributionMap":{"functional-code":{"insertions":62,"deletions":29},"test-code":{"insertions":10,"deletions":10}}},{"hash":"ef9f0e0b7ea8bae76d888d4becb449110377b5e8","messageTitle":"minor bug fix","messageBody":"","fileTypesAndContributionMap":{"functional-code":{"insertions":1,"deletions":1}}}]},{"date":"2021-10-27","commitResults":[{"hash":"8c8c63ed7cb3ff9e487f280536ed4c08b28fcb37","messageTitle":"improvements","messageBody":"","fileTypesAndContributionMap":{"functional-code":{"insertions":334,"deletions":441},"docs":{"insertions":137,"deletions":19},"test-code":{"insertions":76,"deletions":72}}},{"hash":"b52b90de37f22681426770f63335d3664bc47bae","messageTitle":"Add Ui UML","messageBody":"","fileTypesAndContributionMap":{"functional-code":{"insertions":11,"deletions":2},"docs":{"insertions":23,"deletions":4},"test-code":{"insertions":2,"deletions":0}}},{"hash":"c188619fc4d0293aaaf03bbed95543dc83bdfb44","messageTitle":"minor bug fixed","messageBody":"","fileTypesAndContributionMap":{"functional-code":{"insertions":17,"deletions":12},"docs":{"insertions":10,"deletions":1},"test-code":{"insertions":2,"deletions":2}}},{"hash":"e0460200bda1c9627234b9c5dc85837a33db553c","messageTitle":"a","messageBody":"","fileTypesAndContributionMap":{"functional-code":{"insertions":1,"deletions":0}}},{"hash":"4ac2347e15d3066221bb7553fe9c49962356d1b4","messageTitle":"Multiple Improvements","messageBody":"","fileTypesAndContributionMap":{"functional-code":{"insertions":34,"deletions":15},"docs":{"insertions":90,"deletions":0},"test-code":{"insertions":10,"deletions":10}}},{"hash":"4e637383465a7b5e4620cf4bec053d4d3969ef18","messageTitle":"Update Developer Guide","messageBody":"","fileTypesAndContributionMap":{"docs":{"insertions":1,"deletions":0}}},{"hash":"1154b3080036bd0e4d20b053f26ca1f031484bad","messageTitle":"Bug fix","messageBody":"","fileTypesAndContributionMap":{"functional-code":{"insertions":0,"deletions":3}}},{"hash":"bafe7d72fdb25b6e2ca30236b799705164ff562d","messageTitle":"Code syntax fix","messageBody":"","fileTypesAndContributionMap":{"functional-code":{"insertions":8,"deletions":3}}},{"hash":"9c5e6774e1be17c58bf6b31636f104efbbd93478","messageTitle":"Bug fix","messageBody":"","fileTypesAndContributionMap":{"functional-code":{"insertions":1,"deletions":9},"docs":{"insertions":7,"deletions":54}}},{"hash":"6460eda4e6a2cd7806ecf2eaf4502c8b892c9a66","messageTitle":"FIx code syntax","messageBody":"","fileTypesAndContributionMap":{"test-code":{"insertions":2,"deletions":0}}},{"hash":"5fd09f928f53ddbb7caa8bb4e9c68f9d2e5a3814","messageTitle":"Fix test failure","messageBody":"","fileTypesAndContributionMap":{"test-code":{"insertions":2,"deletions":1}}},{"hash":"07d98602f462da64bfd7f845d30cd1e23cb5e653","messageTitle":"Bug fix","messageBody":"","fileTypesAndContributionMap":{"test-code":{"insertions":2,"deletions":2}}},{"hash":"cd554b0a75d3c27c1ce0028eb9b4a194599284df","messageTitle":"bug fix","messageBody":"","fileTypesAndContributionMap":{"test-code":{"insertions":2,"deletions":2}}},{"hash":"730e71cab65208c233027e7613b6c494d8af9bd9","messageTitle":"Fix test","messageBody":"","fileTypesAndContributionMap":{"test-code":{"insertions":3,"deletions":3}}},{"hash":"b671508ef1444d34cb0d629654f9535ff361a26d","messageTitle":"fix test issue","messageBody":"","fileTypesAndContributionMap":{"test-code":{"insertions":1,"deletions":0}}},{"hash":"e111251a75531364eb07e4600d9e039d40febfaf","messageTitle":"Change author tag","messageBody":"","fileTypesAndContributionMap":{"functional-code":{"insertions":0,"deletions":2}}},{"hash":"de52a7fc44f72ab80bbe9b0dc3cf86c1fcf5e171","messageTitle":"Logic improments","messageBody":"","fileTypesAndContributionMap":{"functional-code":{"insertions":25,"deletions":15}}},{"hash":"7c646e23c9ce428a049ad5ca1aa7e5252a5e0f1b","messageTitle":"Fix code syntax","messageBody":"","fileTypesAndContributionMap":{"functional-code":{"insertions":2,"deletions":2}}}]},{"date":"2021-10-28","commitResults":[{"hash":"7503cae8d31ed662aaf98e0a828ea783d92d8827","messageTitle":"Fix nested if-else","messageBody":"","fileTypesAndContributionMap":{"functional-code":{"insertions":9,"deletions":5}}}]},{"date":"2021-10-30","commitResults":[{"hash":"31b84b417fb853514f58f2a39fd18cb2360f7805","messageTitle":"add InvalidNote exception \u0026 easier way to select option","messageBody":"","fileTypesAndContributionMap":{"functional-code":{"insertions":12,"deletions":1}}},{"hash":"0028d967ca2636c52717deb476b0ca46f9f897b3","messageTitle":"Add note search exception and note command exception, simplfy the user input (from word -\u003e int)","messageBody":"","fileTypesAndContributionMap":{"functional-code":{"insertions":74,"deletions":23}}},{"hash":"b05cc6bc7fc594905445d9a947c7af377ec0c464","messageTitle":"Fix code syntax","messageBody":"","fileTypesAndContributionMap":{"functional-code":{"insertions":3,"deletions":4}}},{"hash":"8bc60249a85bd58b4fa102c536161a077ff7543c","messageTitle":"Syntax fix","messageBody":"","fileTypesAndContributionMap":{"functional-code":{"insertions":1,"deletions":1}}},{"hash":"c512ba217ec818d3a763afaa7e748708b529396f","messageTitle":"Combined exceptions","messageBody":"","fileTypesAndContributionMap":{"functional-code":{"insertions":35,"deletions":34}}},{"hash":"39000a856c75122c9de3445f3e641299f4a16419","messageTitle":"Syntax fix","messageBody":"","fileTypesAndContributionMap":{"functional-code":{"insertions":1,"deletions":1}}}]},{"date":"2021-10-31","commitResults":[{"hash":"9166a312dcd7d45a4373299135dc2b5dbdd5cd3f","messageTitle":"Remove unused methods","messageBody":"","fileTypesAndContributionMap":{"functional-code":{"insertions":4,"deletions":20}}},{"hash":"2eb8e6dc066aeefc683eb24a5e7db99735bacd04","messageTitle":"Add more scenario for note process to print error message and allow user to re-input","messageBody":"","fileTypesAndContributionMap":{"functional-code":{"insertions":30,"deletions":13}}},{"hash":"731211af837a5db311dc9192e8555908567d1201","messageTitle":"Syntax fix","messageBody":"","fileTypesAndContributionMap":{"functional-code":{"insertions":1,"deletions":0}}},{"hash":"ccf3d52e88ab4b58ec6b419a332f63a5ccd6f130","messageTitle":"minor change","messageBody":"","fileTypesAndContributionMap":{"functional-code":{"insertions":7,"deletions":7}}}]}],"arcturusz":[{"date":"2021-09-30","commitResults":[{"hash":"598ee2e45547c51334c5cbcc71751f60bde2950a","messageTitle":"Update about us","messageBody":"","fileTypesAndContributionMap":{"docs":{"insertions":1,"deletions":1}}}]},{"date":"2021-10-06","commitResults":[{"hash":"7729db1f161499f61298bcda75252f620cd4d879","messageTitle":"Implement suspect class","messageBody":"","fileTypesAndContributionMap":{"functional-code":{"insertions":31,"deletions":0},"test-code":{"insertions":31,"deletions":0}}},{"hash":"e3b48616452464e5e3d04da9fb7e2fc9020bbe35","messageTitle":"Implement suspect list class for all suspects","messageBody":"","fileTypesAndContributionMap":{"functional-code":{"insertions":76,"deletions":60},"test-code":{"insertions":65,"deletions":31}}},{"hash":"accaa78a99980fbe62009a39836aa539c202c43c","messageTitle":"Fix bugs","messageBody":"","fileTypesAndContributionMap":{"test-code":{"insertions":4,"deletions":9}}}]},{"date":"2021-10-07","commitResults":[{"hash":"d9b1f0ec39d3735537a4a517cd305ca74e0f0c07","messageTitle":"Add utility function for suspect list","messageBody":"","fileTypesAndContributionMap":{"functional-code":{"insertions":19,"deletions":0},"test-code":{"insertions":32,"deletions":0}}},{"hash":"ff692b08c9e58f4a06296c681a3d346729adc9a4","messageTitle":"Fix checkstyle issue","messageBody":"","fileTypesAndContributionMap":{"test-code":{"insertions":0,"deletions":2}}},{"hash":"7884f483ee344c816e16cdcddbcd3a556ceecdae","messageTitle":"Fix bugs","messageBody":"","fileTypesAndContributionMap":{"functional-code":{"insertions":13,"deletions":9}}}]},{"date":"2021-10-10","commitResults":[{"hash":"46487c69665a57ca3838a7f9ac2f092147617e40","messageTitle":"Implement scene list class for multiple scenes","messageBody":"","fileTypesAndContributionMap":{"functional-code":{"insertions":24,"deletions":22},"test-code":{"insertions":49,"deletions":0}}},{"hash":"06686a8885fdb4382868a0b3334b9656e7fde4c4","messageTitle":"Fix checkstyle issue","messageBody":"","fileTypesAndContributionMap":{"functional-code":{"insertions":1,"deletions":1}}}]},{"date":"2021-10-13","commitResults":[{"hash":"680edd6234b5999e44045a90af55ce8adb6d1f3e","messageTitle":"Implement scene list builder","messageBody":"","fileTypesAndContributionMap":{"functional-code":{"insertions":141,"deletions":59},"test-code":{"insertions":17,"deletions":66}}},{"hash":"bd99d5b0f17591cc25b88e5acb12695af334070b","messageTitle":"Modify Ui print at start","messageBody":"","fileTypesAndContributionMap":{"functional-code":{"insertions":6,"deletions":5}}},{"hash":"d7e20880469ba66eb59826461061424c0d20c425","messageTitle":"Fix bug","messageBody":"","fileTypesAndContributionMap":{"functional-code":{"insertions":1,"deletions":4}}},{"hash":"7551ab2f796add1a807ccf1bd8ed7590917f054a","messageTitle":"Implement version 1.0","messageBody":"","fileTypesAndContributionMap":{"functional-code":{"insertions":164,"deletions":50},"test-code":{"insertions":18,"deletions":0}}},{"hash":"448f7b40cf976a01b2b240f6da1153576069b0bc","messageTitle":"Fix checkstyle","messageBody":"","fileTypesAndContributionMap":{"functional-code":{"insertions":42,"deletions":29}}},{"hash":"964331ae3d614cf64b28ada82df96c8c33d75220","messageTitle":"Fix test case assertion","messageBody":"","fileTypesAndContributionMap":{"test-code":{"insertions":1,"deletions":1}}},{"hash":"eb018243eebb0e39d68d7b7c4de8c00cc73d9a93","messageTitle":"Refactor duke to another class","messageBody":"","fileTypesAndContributionMap":{"functional-code":{"insertions":142,"deletions":130}}},{"hash":"12b817009e893606e4cf488c0b2d00424bdfe0e9","messageTitle":"Refactor get suspect from index to parser class","messageBody":"","fileTypesAndContributionMap":{"functional-code":{"insertions":31,"deletions":30}}}]},{"date":"2021-10-19","commitResults":[{"hash":"14b6f82d4fb029ed3f984f56ca4684049baf2bca","messageTitle":"hotfix brackets","messageBody":"","fileTypesAndContributionMap":{"functional-code":{"insertions":1,"deletions":2}}},{"hash":"d78d737f089b3e1c66c93009b4c6e5ea0ccf5f6e","messageTitle":"remove text ui","messageBody":"","fileTypesAndContributionMap":{"other":{"insertions":4,"deletions":3}}}]},{"date":"2021-10-21","commitResults":[{"hash":"d3956a1b3ab20f9ee9a90ea68de38b390f83fa76","messageTitle":"Implement auto restart after guessing killer","messageBody":"","fileTypesAndContributionMap":{"functional-code":{"insertions":9,"deletions":7}}},{"hash":"59b37901c8d0e7f13c17e78cf1f0d438748b3c91","messageTitle":"Allow user to restart game with /restart","messageBody":"","fileTypesAndContributionMap":{"functional-code":{"insertions":35,"deletions":0}}}]},{"date":"2021-10-26","commitResults":[{"hash":"e2ad63e49faddc760bfe94e2865ee5c74b7c1edf","messageTitle":"Add assertions","messageBody":"","fileTypesAndContributionMap":{"functional-code":{"insertions":2,"deletions":0}}},{"hash":"4dd269f0bf6185da7ea6de55495155103b74720b","messageTitle":"Add assertions for suspect and suspectlist","messageBody":"","fileTypesAndContributionMap":{"functional-code":{"insertions":21,"deletions":9}}},{"hash":"f978d8dc0ad20d8ccc5c3c95d757d0b6957a2a84","messageTitle":"Fix test files assertions","messageBody":"","fileTypesAndContributionMap":{"test-code":{"insertions":16,"deletions":16}}},{"hash":"9c11542581f8303a0dcd2000106851d274071a4b","messageTitle":"Fix assertion error","messageBody":"","fileTypesAndContributionMap":{"test-code":{"insertions":1,"deletions":1}}}]},{"date":"2021-10-27","commitResults":[{"hash":"27d5c4851cfcb62a091f15b577031c7ec9e5a592","messageTitle":"Revert \"Allow user to delete all notes.\"","messageBody":"","fileTypesAndContributionMap":{"functional-code":{"insertions":1,"deletions":1}}},{"hash":"a1fec49d0fc6fea044225963be6acb620e937c0c","messageTitle":"Revert \"Allow user to delete all notes.\"","messageBody":"","fileTypesAndContributionMap":{"functional-code":{"insertions":11,"deletions":141},"test-code":{"insertions":10,"deletions":10}}},{"hash":"0d210127c83872a38e524a77ac3f4cb0fa828911","messageTitle":"Add DG","messageBody":"","fileTypesAndContributionMap":{"docs":{"insertions":79,"deletions":5}}},{"hash":"6481bb40d821272c99e92b39cc6ef371bcd436ce","messageTitle":"add back command in ui","messageBody":"","fileTypesAndContributionMap":{"functional-code":{"insertions":2,"deletions":0}}},{"hash":"8528529806f174addca584323cdfd47567acd7c9","messageTitle":"update DG","messageBody":"","fileTypesAndContributionMap":{"docs":{"insertions":0,"deletions":16}}},{"hash":"d0664c19755c65870e3ac3bdbcb5904e31266196","messageTitle":"Allow user to input number of lines to print for narrative","messageBody":"","fileTypesAndContributionMap":{"functional-code":{"insertions":16,"deletions":12}}},{"hash":"cc37371da0721e769e3e8e7267609d144cf36d92","messageTitle":"Delete search refactor clue and add author","messageBody":"","fileTypesAndContributionMap":{"functional-code":{"insertions":6,"deletions":43},"other":{"insertions":109,"deletions":61},"test-code":{"insertions":9,"deletions":15}}},{"hash":"5837478be42ab0f05be44ecb27c35fad115ae2c6","messageTitle":"Refactor suspect and narrative to scene package","messageBody":"","fileTypesAndContributionMap":{"functional-code":{"insertions":12,"deletions":14},"other":{"insertions":7,"deletions":9},"test-code":{"insertions":7,"deletions":10}}},{"hash":"8fae35dcd3f7bb94264629161476500f0df151b1","messageTitle":"Add content page to DG","messageBody":"","fileTypesAndContributionMap":{"docs":{"insertions":16,"deletions":3}}}]},{"date":"2021-10-29","commitResults":[{"hash":"92b4d8ae41f06dff048802e05024d1554f15b82c","messageTitle":"Implement narrative lines command","messageBody":"","fileTypesAndContributionMap":{"functional-code":{"insertions":56,"deletions":13}}},{"hash":"b8cfdc28c1cd37075227f4d01ad814cc344bbea9","messageTitle":"Add narrative lines command to ui help","messageBody":"","fileTypesAndContributionMap":{"functional-code":{"insertions":3,"deletions":0}}},{"hash":"7ccf85086b3454e397a1043291e994cc1abd11f6","messageTitle":"Remove need for /next at guess killer scene and allow user to choose if show truth if wrong guess","messageBody":"","fileTypesAndContributionMap":{"functional-code":{"insertions":17,"deletions":26}}},{"hash":"75ce42c994d3862f273cde11b454a672db1ddd19","messageTitle":"Remove unnecessary method","messageBody":"","fileTypesAndContributionMap":{"functional-code":{"insertions":0,"deletions":7}}}]},{"date":"2021-10-30","commitResults":[{"hash":"4e19f890d8ce48cf18ea48dc7d6ac438f2a95911","messageTitle":"Improve readability","messageBody":"","fileTypesAndContributionMap":{"functional-code":{"insertions":2,"deletions":2}}}]},{"date":"2021-10-31","commitResults":[{"hash":"50382b05a2651ad7e67bfea7a3402d8c55ce3a10","messageTitle":"Improve SLAP on narrative class","messageBody":"","fileTypesAndContributionMap":{"functional-code":{"insertions":17,"deletions":11}}},{"hash":"3506348a302e08697835f2305ff32e8bd69d933c","messageTitle":"Add javadocs","messageBody":"","fileTypesAndContributionMap":{"functional-code":{"insertions":91,"deletions":5}}},{"hash":"951f6a1246477326c28b93744dcff3f6d803902b","messageTitle":"Add punctuation to javadocs","messageBody":"","fileTypesAndContributionMap":{"functional-code":{"insertions":45,"deletions":40}}},{"hash":"ca703fb331b5d4dd739c82b731e09aa3cd49ae94","messageTitle":"Add javadocs","messageBody":"","fileTypesAndContributionMap":{"functional-code":{"insertions":16,"deletions":9}}},{"hash":"965979dfda6aea9bfb2eb25468c91f18ee844616","messageTitle":"Add missing puncutations","messageBody":"","fileTypesAndContributionMap":{"functional-code":{"insertions":2,"deletions":2}}},{"hash":"c1b04e77f2039bc29f26426bf039eeafab32900f","messageTitle":"Add more javadocs for narrative class","messageBody":"","fileTypesAndContributionMap":{"functional-code":{"insertions":12,"deletions":3}}},{"hash":"8b2c4400c588c0048570a7ef2a1465348723bbf9","messageTitle":"Add javadocs for SceneList and SceneListBuilder class","messageBody":"","fileTypesAndContributionMap":{"functional-code":{"insertions":24,"deletions":9}}},{"hash":"12d8e4d0a1c29897e46dcb3bef0177f7c21419d1","messageTitle":"Minor changes","messageBody":"","fileTypesAndContributionMap":{"functional-code":{"insertions":2,"deletions":3}}}]}],"ShaoYurui":[{"date":"2021-09-30","commitResults":[{"hash":"d8661872b9595e2608ead6c83dfc6840c6da3532","messageTitle":"Change about us","messageBody":"","fileTypesAndContributionMap":{"docs":{"insertions":1,"deletions":1}}}]},{"date":"2021-10-07","commitResults":[{"hash":"4fc0316acb05b63fa397a981654da9078d2e02ac","messageTitle":"Implment ClueList and SearchedClueTracker","messageBody":"","fileTypesAndContributionMap":{"functional-code":{"insertions":45,"deletions":0}}}]},{"date":"2021-10-14","commitResults":[{"hash":"c8feba440289965ec3ca60be3eec4d2efa5d850c","messageTitle":"Change FIle import from File to InputStream","messageBody":"","fileTypesAndContributionMap":{"functional-code":{"insertions":5,"deletions":2}}}]},{"date":"2021-10-16","commitResults":[{"hash":"14d7772fb2660dd05bdc265a31e4c040a46b2f35","messageTitle":"Fix CI display narrative bug","messageBody":"","fileTypesAndContributionMap":{"functional-code":{"insertions":4,"deletions":4}}}]},{"date":"2021-10-20","commitResults":[{"hash":"d3351636ccc80f7ec0894c0954fe674a1a800b8b","messageTitle":"Update J Unit Test for SearchedClueTracker","messageBody":"","fileTypesAndContributionMap":{"functional-code":{"insertions":18,"deletions":3},"test-code":{"insertions":38,"deletions":0}}},{"hash":"ff24e545c896062ab7927715039a9ba282a15e6c","messageTitle":"Fix Coding Standard","messageBody":"","fileTypesAndContributionMap":{"functional-code":{"insertions":6,"deletions":6},"test-code":{"insertions":1,"deletions":5}}},{"hash":"c54d678f1902dbb52dd67da96515606d15832bd2","messageTitle":"Fix Coding Standard","messageBody":"","fileTypesAndContributionMap":{"functional-code":{"insertions":3,"deletions":3}}},{"hash":"b0606d23ce3c94d6af82c1493e11f0ce126dd762","messageTitle":"Fix Coding Standard","messageBody":"","fileTypesAndContributionMap":{"functional-code":{"insertions":3,"deletions":3}}},{"hash":"9190c61e180569028b2e7377598c44908aa48311","messageTitle":"Add Assertion to SearchedClueTracker","messageBody":"","fileTypesAndContributionMap":{"functional-code":{"insertions":1,"deletions":0}}},{"hash":"bcec4dc90b16847e03d158b5fda9de037df3c9b3","messageTitle":"Add Local Game Data Storage into Developer Guide","messageBody":"","fileTypesAndContributionMap":{"docs":{"insertions":15,"deletions":0}}}]},{"date":"2021-10-21","commitResults":[{"hash":"394c334637625088b31afb380ccdb020fbee0395","messageTitle":"Resolve conflicts","messageBody":"","fileTypesAndContributionMap":{"functional-code":{"insertions":152,"deletions":7},"test-code":{"insertions":8,"deletions":2}}},{"hash":"f8c98e4df21b3e3da69c308d61b8b4a428db4da8","messageTitle":"Fix Coding Standard","messageBody":"","fileTypesAndContributionMap":{"functional-code":{"insertions":6,"deletions":5}}},{"hash":"2631af7bfeec0a80650501a426956b96b8adf474","messageTitle":"Fix Coding Standard","messageBody":"","fileTypesAndContributionMap":{"functional-code":{"insertions":3,"deletions":3}}},{"hash":"6bc8ef3ecec28b8a53b19e3f96a3a1a624a18794","messageTitle":"Fix Coding Standard","messageBody":"","fileTypesAndContributionMap":{"functional-code":{"insertions":2,"deletions":2}}},{"hash":"59b3a6382bbd97eb7f9a6eeae4d44b97bce4cf95","messageTitle":"FIX CODING STANDARD","messageBody":"","fileTypesAndContributionMap":{"functional-code":{"insertions":3,"deletions":4}}},{"hash":"0feb4fec37393d77dbd26a4a324f3d98687c94c7","messageTitle":"FIX CODING STANDARD :(","messageBody":"","fileTypesAndContributionMap":{"functional-code":{"insertions":2,"deletions":2}}},{"hash":"3f48ba66ad4ed9256931735db126d36bdb1c1195","messageTitle":"FIX CODING STANDARD :(((((","messageBody":"","fileTypesAndContributionMap":{"functional-code":{"insertions":1,"deletions":1}}}]},{"date":"2021-10-27","commitResults":[{"hash":"9ebe15c90fbfce655032e50f523d7cfc04b9c8fb","messageTitle":"Improve UI","messageBody":"","fileTypesAndContributionMap":{"functional-code":{"insertions":39,"deletions":9},"test-code":{"insertions":2,"deletions":2}}},{"hash":"70e1526819c651770b1bef0593a10a8b6493f284","messageTitle":"Resolve Conflicts","messageBody":"","fileTypesAndContributionMap":{"functional-code":{"insertions":51,"deletions":14}}},{"hash":"e62e2bbbfa147af0d3514699bf44cf4e55dc7815","messageTitle":"Resolve Conflicts","messageBody":"","fileTypesAndContributionMap":{"functional-code":{"insertions":0,"deletions":5}}},{"hash":"748483a2caa955e2a3220f54e2deb85caed48c20","messageTitle":"Disabled some CI test","messageBody":"","fileTypesAndContributionMap":{"functional-code":{"insertions":6,"deletions":1},"test-code":{"insertions":10,"deletions":13}}},{"hash":"1a0d67e2e4105d285b149ffa2c313c3cfc1b89cf","messageTitle":"fix coding standard","messageBody":"","fileTypesAndContributionMap":{"functional-code":{"insertions":19,"deletions":19}}},{"hash":"4d2a9836cd9263baa3f636c3c2dcbc5a4a5dd8a0","messageTitle":"Fix Coding Standard","messageBody":"","fileTypesAndContributionMap":{"functional-code":{"insertions":3,"deletions":2}}},{"hash":"5f99f97f711e5cd3f13aca3785e55c330dbccfe9","messageTitle":"Add Storage Component to DG","messageBody":"","fileTypesAndContributionMap":{"docs":{"insertions":10,"deletions":0}}},{"hash":"38db4bbc3e27c3aca22fef76abaaed8391ce8a66","messageTitle":"Fix Narrative bug","messageBody":"","fileTypesAndContributionMap":{"functional-code":{"insertions":3,"deletions":2}}}]},{"date":"2021-11-04","commitResults":[{"hash":"41f3eec3dd6bfe5a7b0bb704251d39be7dee0266","messageTitle":"Implement Encryption","messageBody":"","fileTypesAndContributionMap":{"functional-code":{"insertions":281,"deletions":138}}},{"hash":"28b8f4cd137a4d35250830a9c1f2c1ac2ec065ba","messageTitle":"Check Style","messageBody":"","fileTypesAndContributionMap":{"functional-code":{"insertions":41,"deletions":18}}},{"hash":"4bf64ef7c4ceb8ceecf50a1f2aa597359f204aac","messageTitle":"Check Style","messageBody":"","fileTypesAndContributionMap":{"functional-code":{"insertions":4,"deletions":3}}},{"hash":"b10e82f2bf09e2083c37ac7891c4f87f23c7f4f9","messageTitle":"Fix CI test","messageBody":"","fileTypesAndContributionMap":{"test-code":{"insertions":8,"deletions":4}}},{"hash":"35232e65f7140e0b07bf186848dc26b3f1415ace","messageTitle":"Fix CI test","messageBody":"","fileTypesAndContributionMap":{"functional-code":{"insertions":1,"deletions":0},"test-code":{"insertions":1,"deletions":2}}},{"hash":"1a6595a6546957cafcd74abf4950e93fb5856899","messageTitle":"Update BackCommand.java","messageBody":"","fileTypesAndContributionMap":{"functional-code":{"insertions":2,"deletions":1}}},{"hash":"7acf993728531738214dd0d5f70f671a059186ae","messageTitle":"Update SceneList.java","messageBody":"","fileTypesAndContributionMap":{"functional-code":{"insertions":9,"deletions":9}}},{"hash":"56f22a294bf7adf897f480fdb6c01d4e70ba0183","messageTitle":"Update SceneList.java","messageBody":"","fileTypesAndContributionMap":{"functional-code":{"insertions":5,"deletions":5}}}]}],"Herrekt":[{"date":"2021-09-30","commitResults":[{"hash":"35c8c3fa4f78ae5b606e2072d3a3336399694ab2","messageTitle":"Changing about us to my name and link","messageBody":"","fileTypesAndContributionMap":{"docs":{"insertions":1,"deletions":1}}}]},{"date":"2021-10-01","commitResults":[{"hash":"44946fc270a1eb1ea5b61babacc5b3af29d94ce3","messageTitle":"Added the first iteration of Player and Item","messageBody":"","fileTypesAndContributionMap":{"functional-code":{"insertions":62,"deletions":0}}}]},{"date":"2021-10-03","commitResults":[{"hash":"86067f3acf51439f844d4e6d3ec3a65231a8d5ba","messageTitle":"Changed requested method names","messageBody":"","fileTypesAndContributionMap":{"functional-code":{"insertions":2,"deletions":2}}}]},{"date":"2021-10-06","commitResults":[{"hash":"6664486e83260a1dcdbd1810e13a29b7cf67988c","messageTitle":"Created the backbone of Scene and the class it\u0027s referred to. Will implement a proper Scenelist in another commit","messageBody":"","fileTypesAndContributionMap":{"functional-code":{"insertions":32,"deletions":0}}}]},{"date":"2021-10-07","commitResults":[{"hash":"2957fe8767972b4d8b4df0effd2c39eb29fb66e2","messageTitle":"Updated Scene class and added tests relating to it.","messageBody":"","fileTypesAndContributionMap":{"functional-code":{"insertions":25,"deletions":16},"test-code":{"insertions":29,"deletions":0}}}]},{"date":"2021-10-10","commitResults":[{"hash":"6f07ffc3eb526f4b4b4327b41d05939e621f4b68","messageTitle":"Implemented Search Class","messageBody":"","fileTypesAndContributionMap":{"functional-code":{"insertions":46,"deletions":5},"test-code":{"insertions":34,"deletions":3}}},{"hash":"e5221f5e28c558e9279c593c943ef56631a44c41","messageTitle":"Fixed the checkstyle error","messageBody":"","fileTypesAndContributionMap":{"functional-code":{"insertions":4,"deletions":2}}}]},{"date":"2021-10-18","commitResults":[{"hash":"273ac0da0eed7745521d0450738a83422e030106","messageTitle":"Exceptions, Invalid command, edits to try catch to make it flowy","messageBody":"","fileTypesAndContributionMap":{"functional-code":{"insertions":119,"deletions":54}}},{"hash":"a15cffeed69c1baea492f7bfcd01079065b2e502","messageTitle":"checkstyle change","messageBody":"","fileTypesAndContributionMap":{"functional-code":{"insertions":1,"deletions":1}}}]},{"date":"2021-10-19","commitResults":[{"hash":"716c84579e46409fd19b9f074da2b2607b415349","messageTitle":"Fixed abstraction case in Narrative.","messageBody":"","fileTypesAndContributionMap":{"functional-code":{"insertions":9,"deletions":33}}}]},{"date":"2021-10-21","commitResults":[{"hash":"d614bbe7c11ab2ecda4bf2de9b2e79e0e78cbfa1","messageTitle":"Added a proposed change that will be implemented next milestone","messageBody":"","fileTypesAndContributionMap":{"docs":{"insertions":10,"deletions":0}}}]},{"date":"2021-10-22","commitResults":[{"hash":"56c093c08aa5b0b96b568dcdbb497347feff9c75","messageTitle":"Added tests for exceptions","messageBody":"","fileTypesAndContributionMap":{"test-code":{"insertions":22,"deletions":0}}},{"hash":"2d4c7b94e7dbabb6bb089ba7c4771b5944cd6a9f","messageTitle":"Used a suspectlistbuilder to obtain all the clues and suspect for each scene from txt files. Also did the same for cluetracker. Lastly, I kept theh clues so that incase of troubleshooting or need of referencing they can be sourced quickly","messageBody":"","fileTypesAndContributionMap":{"functional-code":{"insertions":72,"deletions":125}}}]},{"date":"2021-10-23","commitResults":[{"hash":"305282be1c7ca658fbe7bd66fc7d8ac78f0f05ef","messageTitle":"Fixed ClueTest issue","messageBody":"","fileTypesAndContributionMap":{"test-code":{"insertions":21,"deletions":3}}},{"hash":"5d51115ff5d7247605b8cfd656276be5f5b7ff4c","messageTitle":"fixed checkstyle","messageBody":"","fileTypesAndContributionMap":{"test-code":{"insertions":2,"deletions":1}}},{"hash":"3d0194bf3dc294872acd5d8dbf81af649f8f7284","messageTitle":"fixed indentation error","messageBody":"","fileTypesAndContributionMap":{"test-code":{"insertions":2,"deletions":2}}}]},{"date":"2021-10-24","commitResults":[{"hash":"33e2b391949599a5b129aa9931f2b8b39cdfbff5","messageTitle":"Refactored SceneList, Scene, a bit of Investigation. Added scene4clues as without it the program did not work. Removed extra Ui variables in many different classes as it was redundant. Added Exceptions for missing Scene and Narrative files","messageBody":"","fileTypesAndContributionMap":{"functional-code":{"insertions":75,"deletions":45},"test-code":{"insertions":10,"deletions":14}}}]},{"date":"2021-10-26","commitResults":[{"hash":"1d40014e5f9019f3fef4ae2c2060c4c8f279b531","messageTitle":"Refactored Investigation to set it up to be separated from sceneList. Made it so that obtaining the suspect is more fluid in Parser.","messageBody":"","fileTypesAndContributionMap":{"functional-code":{"insertions":42,"deletions":83},"test-code":{"insertions":36,"deletions":21}}},{"hash":"183441ce76128052d862df8c0fe6ca63b684d25b","messageTitle":"Refactoring of Investigation to run less sceneList commands. Tidied up some methods too","messageBody":"","fileTypesAndContributionMap":{"functional-code":{"insertions":96,"deletions":215},"test-code":{"insertions":4,"deletions":5}}},{"hash":"cfa71d5889d0650fe965db8620dd305098e897fa","messageTitle":"Fixed Clue and Suspect exceptions, changed a minor problem in investigation. Moved Notes outside of Investigation to prevent conflicts. Updated NoteCommand to be more fluid.","messageBody":"","fileTypesAndContributionMap":{"functional-code":{"insertions":159,"deletions":84},"test-code":{"insertions":26,"deletions":36}}}]},{"date":"2021-10-27","commitResults":[{"hash":"cf3ac7e49f58e8f405212f7d1a05b9efe5cca633","messageTitle":"Added some assertions. Rough sketch of /note UG, made the DG and sequence diagram for suspects","messageBody":"","fileTypesAndContributionMap":{"functional-code":{"insertions":6,"deletions":5},"docs":{"insertions":72,"deletions":5}}},{"hash":"3865e67bce4903ebcfa4f6c500b57670ff072668","messageTitle":"Made UML for Scene","messageBody":"","fileTypesAndContributionMap":{"functional-code":{"insertions":4,"deletions":3},"docs":{"insertions":40,"deletions":0},"test-code":{"insertions":3,"deletions":7}}},{"hash":"53506fda05c712afef1f9d5554c9aab9f4678cf0","messageTitle":"UG for /note extra commands","messageBody":"","fileTypesAndContributionMap":{"docs":{"insertions":20,"deletions":14}}}]},{"date":"2021-10-31","commitResults":[{"hash":"2dffce9a5a7a7918e830cd01b1e601c4c65c0512","messageTitle":"Dynamic note","messageBody":"","fileTypesAndContributionMap":{"functional-code":{"insertions":96,"deletions":21}}},{"hash":"d068d4910b1afc1fa1f2b33926b1efec42a53cca","messageTitle":"Refactoring SuspectListBuilder","messageBody":"","fileTypesAndContributionMap":{"functional-code":{"insertions":60,"deletions":49}}}]},{"date":"2021-11-01","commitResults":[{"hash":"4e14bee401d9df18b2f8fe98fadde5ccdd089a48","messageTitle":"Update based on review comments","messageBody":"","fileTypesAndContributionMap":{"functional-code":{"insertions":7,"deletions":26}}},{"hash":"5a9d17bab9b739cccbde87ad0f9bdc2652ca9069","messageTitle":"checkstyle changes","messageBody":"","fileTypesAndContributionMap":{"functional-code":{"insertions":5,"deletions":5}}},{"hash":"77e4db5374ace1226d160c10194e49c6b7f68c64","messageTitle":"fixed if else condition for startswith","messageBody":"","fileTypesAndContributionMap":{"functional-code":{"insertions":1,"deletions":1}}}]},{"date":"2021-11-03","commitResults":[{"hash":"c6445234294f07ee468aa41d27e83fe37c52e797","messageTitle":"Javadocs for certain class creation that differs from the rest, and scene. Also fixed Parser\u0027s exception as it\u0027s the same thing","messageBody":"","fileTypesAndContributionMap":{"functional-code":{"insertions":21,"deletions":4}}},{"hash":"9a945b9df7fcd740cdc8d99a613e5661d1316fbd","messageTitle":"Removed extra line in params for NoteCommand","messageBody":"","fileTypesAndContributionMap":{"functional-code":{"insertions":0,"deletions":1}}},{"hash":"e494afa973172af29ea74ddd51ec2c5b4384ed56","messageTitle":"Grammar fixing","messageBody":"","fileTypesAndContributionMap":{"functional-code":{"insertions":3,"deletions":3}}}]},{"date":"2021-11-04","commitResults":[{"hash":"adce1a70beb1928ca20ba73e5701721afdb96c22","messageTitle":"Fixed Ui for invalid suspect and clue","messageBody":"","fileTypesAndContributionMap":{"functional-code":{"insertions":2,"deletions":2}}},{"hash":"05920239470f084ba9b5c3aad1a2aede432a5e04","messageTitle":"Ui changes","messageBody":"","fileTypesAndContributionMap":{"functional-code":{"insertions":2,"deletions":1}}},{"hash":"52a0818055102806f5786de9c80dbd15a9fdea5e","messageTitle":"Ui changes again","messageBody":"","fileTypesAndContributionMap":{"functional-code":{"insertions":1,"deletions":1}}},{"hash":"3b0e4ddc9de03326dadd8b33976b6e1e08c70869","messageTitle":"Fixed suspectListBuilder sequence diagram","messageBody":"","fileTypesAndContributionMap":{"docs":{"insertions":13,"deletions":12}}},{"hash":"8f84cb5136c033a4174ed680a2392c6e121233e0","messageTitle":"Created constructors for Scene and Suspect puml","messageBody":"","fileTypesAndContributionMap":{"docs":{"insertions":13,"deletions":6}}},{"hash":"3f26f51ca996371ed70868e7197737793627e32e","messageTitle":"checkstyle fix","messageBody":"","fileTypesAndContributionMap":{"functional-code":{"insertions":2,"deletions":2}}}]}],"WU-LUOYU-SERENA":[{"date":"2021-09-30","commitResults":[{"hash":"0f321643da420c83f7eb4a001d20687b8c55dad6","messageTitle":"Change first line of aboutus.md","messageBody":"","fileTypesAndContributionMap":{"docs":{"insertions":1,"deletions":1}}}]},{"date":"2021-10-06","commitResults":[{"hash":"4f1e7ce01f567c663032a295fac56aba11e4e71d","messageTitle":"Implement a Clue Class and four clues for Father in first scene","messageBody":"-FatherInsurance\n-FatherMap\n-FatherPhoneCall\n-FatherTextMessage\n","fileTypesAndContributionMap":{"functional-code":{"insertions":125,"deletions":3}}},{"hash":"3ddc901292358b3f34628d550dd64a7f4951fd19","messageTitle":"Implement Narrative Class and three narratives","messageBody":"Corresponding narrative txt files are created under the docs folder\n","fileTypesAndContributionMap":{"functional-code":{"insertions":52,"deletions":0}}},{"hash":"300f595ab585aac79bc6103a48f02f166a3bed75","messageTitle":"Revert Duke to the original state","messageBody":"","fileTypesAndContributionMap":{"functional-code":{"insertions":3,"deletions":11}}},{"hash":"05f297f5696615f33ee970cee788b139cc03f5c7","messageTitle":"Bring \"+\" to the front of the line","messageBody":"","fileTypesAndContributionMap":{"functional-code":{"insertions":54,"deletions":51}}},{"hash":"5a4e0ac709753741f1a4ab4f1b88cfd370576228","messageTitle":"Format indentation of four lines","messageBody":"","fileTypesAndContributionMap":{"functional-code":{"insertions":2,"deletions":2}}},{"hash":"4b2b6d51e2d5f3b36698fc6de3f2ad79053e9127","messageTitle":"Add JUnit test to test failed invocation of display method of an Narrative object","messageBody":"","fileTypesAndContributionMap":{"test-code":{"insertions":16,"deletions":0}}},{"hash":"95ee91cad6b231cd00ca779854da6673056caf87","messageTitle":"Implement JUnit test for toString of default Clue","messageBody":"","fileTypesAndContributionMap":{"functional-code":{"insertions":2,"deletions":2},"test-code":{"insertions":19,"deletions":0}}},{"hash":"d216bb3b78903f0190f02cbba61caa89f4d16a34","messageTitle":"Fix a testing bug","messageBody":"","fileTypesAndContributionMap":{"functional-code":{"insertions":3,"deletions":3}}},{"hash":"75e3d21bb3b6af22a07ba6589a7344d925fc4c5c","messageTitle":"Add checked status getter method","messageBody":"","fileTypesAndContributionMap":{"functional-code":{"insertions":4,"deletions":0}}}]},{"date":"2021-10-10","commitResults":[{"hash":"eeb41413ea033d53669fa97c85884dfcdbf1687c","messageTitle":"Move clues into respective scene packages","messageBody":"","fileTypesAndContributionMap":{"functional-code":{"insertions":4,"deletions":4},"other":{"insertions":12,"deletions":4},"test-code":{"insertions":6,"deletions":6}}}]},{"date":"2021-10-11","commitResults":[{"hash":"bfee1303ca3054f4d6343addb1ab5786a488f9a7","messageTitle":"Put all clues except one in the living room in.","messageBody":"","fileTypesAndContributionMap":{"functional-code":{"insertions":429,"deletions":1}}},{"hash":"94a90844af4a92ea7c9748e4b56787b2a89e7c9f","messageTitle":"Update KevinGift clue","messageBody":"","fileTypesAndContributionMap":{"functional-code":{"insertions":10,"deletions":4}}},{"hash":"c49fa7dd029621d144d9b37e477b31f4a8e8e332","messageTitle":"Add LivingRoom clue","messageBody":"All clues are added\n","fileTypesAndContributionMap":{"functional-code":{"insertions":19,"deletions":0}}},{"hash":"d35c10c553551dc611f2628c59afe193316338ff","messageTitle":"Fix some checkstyle errors","messageBody":"","fileTypesAndContributionMap":{"functional-code":{"insertions":34,"deletions":34}}},{"hash":"6abd54b3feb7edcb2e28da1e51e43d07306368ff","messageTitle":"Fix another checkstyle error","messageBody":"","fileTypesAndContributionMap":{"functional-code":{"insertions":1,"deletions":1}}},{"hash":"4ea4902e5b9d708dee1c39533dbafa7fc15642ac","messageTitle":"Add assertions for Clue class","messageBody":"","fileTypesAndContributionMap":{"functional-code":{"insertions":3,"deletions":0}}},{"hash":"429255d5b2a434c75a8682385d06530f0038ff3b","messageTitle":"Fix import errors","messageBody":"","fileTypesAndContributionMap":{"test-code":{"insertions":3,"deletions":3}}}]},{"date":"2021-10-12","commitResults":[{"hash":"f878c26d5801b9fae17abe67d23abbf374647405","messageTitle":"Fix bugs in ClueTest","messageBody":"","fileTypesAndContributionMap":{"test-code":{"insertions":20,"deletions":6}}},{"hash":"f80026c74a9440ecb4c6f1c955cf37c666f9fa0f","messageTitle":"Fix ClueTest","messageBody":"","fileTypesAndContributionMap":{"test-code":{"insertions":4,"deletions":3}}}]},{"date":"2021-10-14","commitResults":[{"hash":"0c09497f958d9cdcb175315253c076c593e8f8c8","messageTitle":"Comment out SceneTest and NarrativeTest for now","messageBody":"","fileTypesAndContributionMap":{"test-code":{"insertions":5,"deletions":3}}}]},{"date":"2021-10-18","commitResults":[{"hash":"aeb5e344e7b2340b1a6eef266690c80e5498b7ce","messageTitle":"Revert some changes in narrative and scene tests","messageBody":"","fileTypesAndContributionMap":{"test-code":{"insertions":3,"deletions":5}}},{"hash":"55b962bf39aa0a7ae7bb6ca996cba1ab302ec230","messageTitle":"Add intro, different endings and truth scene","messageBody":"","fileTypesAndContributionMap":{"functional-code":{"insertions":90,"deletions":25},"test-code":{"insertions":3,"deletions":3}}},{"hash":"1c6ca36f246262bb03c09ddb38a4190a5c96ee7f","messageTitle":"Fix some style errors","messageBody":"","fileTypesAndContributionMap":{"functional-code":{"insertions":11,"deletions":5}}}]},{"date":"2021-10-19","commitResults":[{"hash":"93157e09dc23a67dcac33d5601cabbafdba98b7b","messageTitle":"Remove a line of irrelevant comment","messageBody":"","fileTypesAndContributionMap":{"functional-code":{"insertions":1,"deletions":2}}}]},{"date":"2021-10-20","commitResults":[{"hash":"862dab2910699d6b1542014ca215e0144c38784c","messageTitle":"Implement the view clue feature but with some bugs to be fixed","messageBody":"","fileTypesAndContributionMap":{"functional-code":{"insertions":145,"deletions":33}}},{"hash":"82d0b3fc1ee6693211b0a6ecde53defe780d1815","messageTitle":"Fix some checkstyle errors","messageBody":"","fileTypesAndContributionMap":{"functional-code":{"insertions":29,"deletions":12}}},{"hash":"ed8877c8d2467cba2c77261e57f3dd1548101c3a","messageTitle":"Fix some bugs when clues are not marked as checked","messageBody":"","fileTypesAndContributionMap":{"functional-code":{"insertions":17,"deletions":5},"other":{"insertions":1,"deletions":1}}},{"hash":"7315c88a76454434bdcd9b2c96900221210805a0","messageTitle":"Enable assertions in build.gradle","messageBody":"","fileTypesAndContributionMap":{"other":{"insertions":1,"deletions":0}}},{"hash":"6d42c8046db8359bf6c01881069748efc21c922c","messageTitle":"Add brief intro of the view feature","messageBody":"","fileTypesAndContributionMap":{"docs":{"insertions":8,"deletions":0}}},{"hash":"26d564886366672cc6db4aac07089fb9532a08f9","messageTitle":"Fix bugs","messageBody":"","fileTypesAndContributionMap":{"functional-code":{"insertions":1,"deletions":1}}},{"hash":"332fade810a1b2927e6d8b7e000b88ec48b95261","messageTitle":"Finish implementing view feature (basic version)","messageBody":"","fileTypesAndContributionMap":{"functional-code":{"insertions":160,"deletions":15}}},{"hash":"2019b75889e564a9a28a1a8df07ee26538f801a5","messageTitle":"Fix some checkstyle errors","messageBody":"","fileTypesAndContributionMap":{"functional-code":{"insertions":24,"deletions":11}}},{"hash":"33659e6059a288f034ed4f8f26da0c20967f3808","messageTitle":"Fix some bugs when clues are not marked as checked","messageBody":"","fileTypesAndContributionMap":{"functional-code":{"insertions":10,"deletions":85}}},{"hash":"a233cf77eb61538ff39505671fe1b16863315005","messageTitle":"Fix bugs","messageBody":"","fileTypesAndContributionMap":{"functional-code":{"insertions":1,"deletions":1}}},{"hash":"0ea50c566e4fabd588237e05a631858aff992ca0","messageTitle":"Remove one duplicate of method","messageBody":"","fileTypesAndContributionMap":{"functional-code":{"insertions":0,"deletions":10}}},{"hash":"ee35c6f9a8f92d4eecf552f34b2be1e5c4b1962b","messageTitle":"Update PaserTest","messageBody":"","fileTypesAndContributionMap":{"test-code":{"insertions":3,"deletions":3}}}]},{"date":"2021-10-22","commitResults":[{"hash":"bb9bd22344418c2ac3b7fbc1327f028c0210ee3e","messageTitle":"Allow view command to take in more arguments","messageBody":"There are still some bugs\n","fileTypesAndContributionMap":{"functional-code":{"insertions":24,"deletions":1}}},{"hash":"0c16f1a370534e1255caca93efbacd16f9fbb78d","messageTitle":"Catch invalid arguments for view command","messageBody":"","fileTypesAndContributionMap":{"functional-code":{"insertions":34,"deletions":0}}},{"hash":"e909924ccaea0201e1d14eaf2ce4ffc5789cd21f","messageTitle":"Fix Stylecheck error","messageBody":"","fileTypesAndContributionMap":{"functional-code":{"insertions":2,"deletions":3}}}]},{"date":"2021-10-23","commitResults":[{"hash":"744a21b84f2b807b4f6879fe1192b19f8c9e59f5","messageTitle":"Rename three clue text files","messageBody":"","fileTypesAndContributionMap":{"functional-code":{"insertions":3,"deletions":3}}},{"hash":"c4b429d1520689cc4b2a4a5fe90162b4334277a0","messageTitle":"Complete factoring out adding scenes","messageBody":"","fileTypesAndContributionMap":{"functional-code":{"insertions":75,"deletions":27}}},{"hash":"0fba54f6111396f5592efb3fc84ba362824627be","messageTitle":"Update SceneTest","messageBody":"","fileTypesAndContributionMap":{"functional-code":{"insertions":0,"deletions":37},"test-code":{"insertions":3,"deletions":3}}}]},{"date":"2021-10-26","commitResults":[{"hash":"71eaa1db61d79b8cce67654f43fae14dfbb4c879","messageTitle":"Update DG for Command Component","messageBody":"","fileTypesAndContributionMap":{"functional-code":{"insertions":3,"deletions":2},"docs":{"insertions":135,"deletions":18}}}]},{"date":"2021-10-27","commitResults":[{"hash":"57bc757b3d81d60318640b25cd8989b55584e5cc","messageTitle":"Update uml diagrams for command component","messageBody":"","fileTypesAndContributionMap":{"docs":{"insertions":127,"deletions":58}}},{"hash":"8db475ebbcd9fa419487d95fa4ac6090f0fad0e9","messageTitle":"Update architecture part of DG and clean it up","messageBody":"","fileTypesAndContributionMap":{"docs":{"insertions":114,"deletions":36}}},{"hash":"f073b75183ae47c9199438f440adb1607bda8d8c","messageTitle":"Update /view command of UG and clean it up a bit","messageBody":"","fileTypesAndContributionMap":{"docs":{"insertions":26,"deletions":8}}},{"hash":"bf1df4499a547f1c139350bf9ab4c57d0dd5a74b","messageTitle":"Update UG for number of lines to be printed","messageBody":"","fileTypesAndContributionMap":{"docs":{"insertions":19,"deletions":13}}}]},{"date":"2021-10-29","commitResults":[{"hash":"99e8e8d180fce55e3568c626a8ee542d62e10461","messageTitle":"Update DG content page","messageBody":"","fileTypesAndContributionMap":{"docs":{"insertions":16,"deletions":12}}},{"hash":"db4fd8f6658a85e0710df2f5e885dbc110133055","messageTitle":"Update README.md","messageBody":"","fileTypesAndContributionMap":{"docs":{"insertions":1,"deletions":1}}},{"hash":"799bf6f16f76ff41428c45208671663941a300f0","messageTitle":"Improve DG","messageBody":"","fileTypesAndContributionMap":{"functional-code":{"insertions":0,"deletions":1},"docs":{"insertions":4,"deletions":6}}}]},{"date":"2021-10-30","commitResults":[{"hash":"4f3cc381f36e291e3ec8173eb6462a638177a65b","messageTitle":"Update some instructions and ending","messageBody":"","fileTypesAndContributionMap":{"functional-code":{"insertions":5,"deletions":3}}}]},{"date":"2021-11-02","commitResults":[{"hash":"940d8744444578eaf49124b84c9200a7c6ab1536","messageTitle":"Improve code quality according to Stephanie\u0027s comments","messageBody":"","fileTypesAndContributionMap":{"functional-code":{"insertions":67,"deletions":28}}},{"hash":"9ef7025efd45a1f4e7831bd2719a07c3fdbf4da0","messageTitle":"Improve introduction, content page and FAQ for UG","messageBody":"","fileTypesAndContributionMap":{"docs":{"insertions":45,"deletions":24}}},{"hash":"61f22cdad891289f2e5cd690d74ecf55f6746924","messageTitle":"Improve Javadoc code quality","messageBody":"","fileTypesAndContributionMap":{"functional-code":{"insertions":3,"deletions":1}}},{"hash":"f8a01fc3b1360092dd81593117d78e7da23cf80f","messageTitle":"Update Javadoc","messageBody":"","fileTypesAndContributionMap":{"functional-code":{"insertions":18,"deletions":18}}}]},{"date":"2021-11-03","commitResults":[{"hash":"ffa5ad8b98e7fcac043a7b29dcc403f68208d439","messageTitle":"Use minimal notation for overall sequence diagram","messageBody":"","fileTypesAndContributionMap":{"docs":{"insertions":18,"deletions":49}}},{"hash":"75864c4e3ac2c9da7a2bda0d2a59dc8815bc0c30","messageTitle":"Update sequence diagram for command class","messageBody":"","fileTypesAndContributionMap":{"docs":{"insertions":64,"deletions":104}}},{"hash":"bcca69ed13dc1770d05a50175d568eb29fbd984d","messageTitle":"Update command class diagram and description","messageBody":"","fileTypesAndContributionMap":{"docs":{"insertions":3,"deletions":2}}},{"hash":"28843ca3224b373b19ef64353e39db29dbafea03","messageTitle":"Add output messages specific to no searched clues found.","messageBody":"","fileTypesAndContributionMap":{"functional-code":{"insertions":25,"deletions":2}}},{"hash":"368cb0e2f550469f91e4b80051e70d20828bfb34","messageTitle":"Make view command insensitive to letter casing of user input","messageBody":"","fileTypesAndContributionMap":{"functional-code":{"insertions":19,"deletions":4}}},{"hash":"eb5886a4c9cf19c9435de3550591b73a73abc077","messageTitle":"Fix checkstyle errors","messageBody":"","fileTypesAndContributionMap":{"functional-code":{"insertions":2,"deletions":2}}}]},{"date":"2021-11-04","commitResults":[{"hash":"43c4bde2e9f8ef49e6eac7a05be51ca44b8bd304","messageTitle":"Update DG and narratives","messageBody":"","fileTypesAndContributionMap":{"docs":{"insertions":2,"deletions":1}}}]}]},"authorFileTypeContributionMap":{"MaifengNg":{"docs":392,"functional-code":699,"test-code":41},"peng-217":{"docs":211,"functional-code":675,"test-code":123},"arcturusz":{"docs":94,"functional-code":455,"test-code":144,"other":4},"ShaoYurui":{"docs":26,"functional-code":412,"test-code":43},"Herrekt":{"docs":130,"functional-code":410,"test-code":76},"WU-LUOYU-SERENA":{"docs":279,"functional-code":886,"test-code":66,"other":1}},"authorContributionVariance":{"MaifengNg":13851.561,"peng-217":54329.066,"arcturusz":31551.729,"ShaoYurui":8382.346,"Herrekt":17688.723,"WU-LUOYU-SERENA":21407.422},"authorDisplayNameMap":{"MaifengNg":"CS2113-T14-1 NG M..FENG","peng-217":"CS2113-T14-1 PENG.. FEI","arcturusz":"CS2113-T14-1 ELJE..CHUA","ShaoYurui":"CS2113-T14-1 SHAO..URUI","Herrekt":"CS2113-T14-1 HERR.. KAN","WU-LUOYU-SERENA":"CS2113-T14-1 WU L..UOYU"}}
