{"authorDailyContributionsMap":{"MaifengNg":[{"date":"2021-09-30","commitResults":[{"hash":"f64b5b52699e9f76dff4d54537fae277cce87af9","messageTitle":"Update change aboutus.md","messageBody":"","fileTypesAndContributionMap":{"docs":{"insertions":1,"deletions":1}}}]},{"date":"2021-10-06","commitResults":[{"hash":"cf4b7d57aaecc1e36b95c1ddc26ef9dbfdc33f6b","messageTitle":"Add JUnit test for player","messageBody":"","fileTypesAndContributionMap":{"test-code":{"insertions":16,"deletions":0}}}]}],"peng-217":[{"date":"2021-09-30","commitResults":[{"hash":"68f2e0aebc9ccf422195b667f66a899c4b904e87","messageTitle":"edit AboutUs","messageBody":"","fileTypesAndContributionMap":{"docs":{"insertions":1,"deletions":1}}}]},{"date":"2021-10-06","commitResults":[{"hash":"c8930115e22b4af3afad00b1eb67532852219ce4","messageTitle":"implement exit game command and allow","messageBody":"","fileTypesAndContributionMap":{"functional-code":{"insertions":79,"deletions":0}}},{"hash":"4f36788fc24696128c859b101172433c47384453","messageTitle":"bug fix","messageBody":"","fileTypesAndContributionMap":{"functional-code":{"insertions":3,"deletions":2}}},{"hash":"b50215d0289dccaa4969937d44fa96f9c621063e","messageTitle":"bug fix","messageBody":"","fileTypesAndContributionMap":{"functional-code":{"insertions":5,"deletions":5}}},{"hash":"c4429102efc29b4b18c1e1542ad7101a0c87e10f","messageTitle":"bug fix","messageBody":"","fileTypesAndContributionMap":{"functional-code":{"insertions":7,"deletions":7}}},{"hash":"556d73e87f1d261b7d2e92b5ad09a75116a8cde2","messageTitle":"bug fix","messageBody":"","fileTypesAndContributionMap":{"functional-code":{"insertions":1,"deletions":1}}}]}],"arcturusz":[{"date":"2021-09-30","commitResults":[{"hash":"598ee2e45547c51334c5cbcc71751f60bde2950a","messageTitle":"Update about us","messageBody":"","fileTypesAndContributionMap":{"docs":{"insertions":1,"deletions":1}}}]},{"date":"2021-10-06","commitResults":[{"hash":"7729db1f161499f61298bcda75252f620cd4d879","messageTitle":"Implement suspect class","messageBody":"","fileTypesAndContributionMap":{"functional-code":{"insertions":31,"deletions":0},"test-code":{"insertions":31,"deletions":0}}},{"hash":"e3b48616452464e5e3d04da9fb7e2fc9020bbe35","messageTitle":"Implement suspect list class for all suspects","messageBody":"","fileTypesAndContributionMap":{"functional-code":{"insertions":76,"deletions":60},"test-code":{"insertions":65,"deletions":31}}},{"hash":"accaa78a99980fbe62009a39836aa539c202c43c","messageTitle":"Fix bugs","messageBody":"","fileTypesAndContributionMap":{"test-code":{"insertions":4,"deletions":9}}}]},{"date":"2021-10-07","commitResults":[{"hash":"d9b1f0ec39d3735537a4a517cd305ca74e0f0c07","messageTitle":"Add utility function for suspect list","messageBody":"","fileTypesAndContributionMap":{"functional-code":{"insertions":19,"deletions":0},"test-code":{"insertions":32,"deletions":0}}},{"hash":"ff692b08c9e58f4a06296c681a3d346729adc9a4","messageTitle":"Fix checkstyle issue","messageBody":"","fileTypesAndContributionMap":{"test-code":{"insertions":0,"deletions":2}}},{"hash":"7884f483ee344c816e16cdcddbcd3a556ceecdae","messageTitle":"Fix bugs","messageBody":"","fileTypesAndContributionMap":{"functional-code":{"insertions":13,"deletions":9}}}]}],"ShaoYurui":[{"date":"2021-09-30","commitResults":[{"hash":"d8661872b9595e2608ead6c83dfc6840c6da3532","messageTitle":"Change about us","messageBody":"","fileTypesAndContributionMap":{"docs":{"insertions":1,"deletions":1}}}]},{"date":"2021-10-07","commitResults":[{"hash":"4fc0316acb05b63fa397a981654da9078d2e02ac","messageTitle":"Implment ClueList and SearchedClueTracker","messageBody":"","fileTypesAndContributionMap":{"functional-code":{"insertions":45,"deletions":0}}}]}],"Herrekt":[{"date":"2021-09-30","commitResults":[{"hash":"35c8c3fa4f78ae5b606e2072d3a3336399694ab2","messageTitle":"Changing about us to my name and link","messageBody":"","fileTypesAndContributionMap":{"docs":{"insertions":1,"deletions":1}}}]},{"date":"2021-10-01","commitResults":[{"hash":"44946fc270a1eb1ea5b61babacc5b3af29d94ce3","messageTitle":"Added the first iteration of Player and Item","messageBody":"","fileTypesAndContributionMap":{"functional-code":{"insertions":62,"deletions":0}}}]},{"date":"2021-10-03","commitResults":[{"hash":"86067f3acf51439f844d4e6d3ec3a65231a8d5ba","messageTitle":"Changed requested method names","messageBody":"","fileTypesAndContributionMap":{"functional-code":{"insertions":2,"deletions":2}}}]},{"date":"2021-10-06","commitResults":[{"hash":"6664486e83260a1dcdbd1810e13a29b7cf67988c","messageTitle":"Created the backbone of Scene and the class it\u0027s referred to. Will implement a proper Scenelist in another commit","messageBody":"","fileTypesAndContributionMap":{"functional-code":{"insertions":32,"deletions":0}}}]},{"date":"2021-10-07","commitResults":[{"hash":"2957fe8767972b4d8b4df0effd2c39eb29fb66e2","messageTitle":"Updated Scene class and added tests relating to it.","messageBody":"","fileTypesAndContributionMap":{"functional-code":{"insertions":25,"deletions":16},"test-code":{"insertions":29,"deletions":0}}}]}],"WU-LUOYU-SERENA":[{"date":"2021-09-30","commitResults":[{"hash":"0f321643da420c83f7eb4a001d20687b8c55dad6","messageTitle":"Change first line of aboutus.md","messageBody":"","fileTypesAndContributionMap":{"docs":{"insertions":1,"deletions":1}}}]},{"date":"2021-10-06","commitResults":[{"hash":"4f1e7ce01f567c663032a295fac56aba11e4e71d","messageTitle":"Implement a Clue Class and four clues for Father in first scene","messageBody":"-FatherInsurance\n-FatherMap\n-FatherPhoneCall\n-FatherTextMessage\n","fileTypesAndContributionMap":{"functional-code":{"insertions":125,"deletions":3}}},{"hash":"3ddc901292358b3f34628d550dd64a7f4951fd19","messageTitle":"Implement Narrative Class and three narratives","messageBody":"Corresponding narrative txt files are created under the docs folder\n","fileTypesAndContributionMap":{"functional-code":{"insertions":52,"deletions":0}}},{"hash":"300f595ab585aac79bc6103a48f02f166a3bed75","messageTitle":"Revert Duke to the original state","messageBody":"","fileTypesAndContributionMap":{"functional-code":{"insertions":3,"deletions":11}}},{"hash":"05f297f5696615f33ee970cee788b139cc03f5c7","messageTitle":"Bring \"+\" to the front of the line","messageBody":"","fileTypesAndContributionMap":{"functional-code":{"insertions":54,"deletions":51}}},{"hash":"5a4e0ac709753741f1a4ab4f1b88cfd370576228","messageTitle":"Format indentation of four lines","messageBody":"","fileTypesAndContributionMap":{"functional-code":{"insertions":2,"deletions":2}}},{"hash":"4b2b6d51e2d5f3b36698fc6de3f2ad79053e9127","messageTitle":"Add JUnit test to test failed invocation of display method of an Narrative object","messageBody":"","fileTypesAndContributionMap":{"test-code":{"insertions":16,"deletions":0}}},{"hash":"95ee91cad6b231cd00ca779854da6673056caf87","messageTitle":"Implement JUnit test for toString of default Clue","messageBody":"","fileTypesAndContributionMap":{"functional-code":{"insertions":2,"deletions":2},"test-code":{"insertions":19,"deletions":0}}},{"hash":"d216bb3b78903f0190f02cbba61caa89f4d16a34","messageTitle":"Fix a testing bug","messageBody":"","fileTypesAndContributionMap":{"functional-code":{"insertions":3,"deletions":3}}},{"hash":"75e3d21bb3b6af22a07ba6589a7344d925fc4c5c","messageTitle":"Add checked status getter method","messageBody":"","fileTypesAndContributionMap":{"functional-code":{"insertions":4,"deletions":0}}}]}]},"authorFileTypeContributionMap":{"MaifengNg":{"docs":1,"functional-code":0,"test-code":16},"peng-217":{"docs":1,"functional-code":51,"test-code":0},"arcturusz":{"docs":1,"functional-code":108,"test-code":90},"ShaoYurui":{"docs":1,"functional-code":36,"test-code":0},"Herrekt":{"docs":1,"functional-code":108,"test-code":29},"WU-LUOYU-SERENA":{"docs":1,"functional-code":171,"test-code":35}},"authorContributionVariance":{"MaifengNg":18.082842,"peng-217":856.852,"arcturusz":6810.403,"ShaoYurui":143.00592,"Herrekt":581.9172,"WU-LUOYU-SERENA":8789.869},"authorDisplayNameMap":{"MaifengNg":"CS2113-T14-1 NG M..FENG","peng-217":"CS2113-T14-1 PENG.. FEI","arcturusz":"CS2113-T14-1 ELJE..CHUA","ShaoYurui":"CS2113-T14-1 SHAO..URUI","Herrekt":"CS2113-T14-1 HERR.. KAN","WU-LUOYU-SERENA":"CS2113-T14-1 WU L..UOYU"}}
