[{"path":"docs/AboutUs.md","fileType":"docs","lines":[{"lineNumber":1,"author":{"gitId":"-"},"content":"# About us","lastModifiedDate":"2020-05-24"},{"lineNumber":2,"author":{"gitId":"-"},"content":"","lastModifiedDate":"2020-05-24"},{"lineNumber":3,"author":{"gitId":"-"},"content":"Display | Name | Github Profile | Portfolio ","lastModifiedDate":"2020-05-24"},{"lineNumber":4,"author":{"gitId":"-"},"content":"--------|:----:|:--------------:|:---------:","lastModifiedDate":"2020-05-24"},{"lineNumber":5,"author":{"gitId":"EdwardZYWang"},"content":"![Imgur](https://i.imgur.com/3ubqQJI.jpg) | Edward Wang | [Github](https://github.com/EdwardZYWang) | [Portfolio](https://www.linkedin.com/in/edward-w-220218206/)","lastModifiedDate":"2021-10-04"},{"lineNumber":6,"author":{"gitId":"pragyan01"},"content":"![](https://user-images.githubusercontent.com/69446495/135881811-957f79eb-0afe-48dd-94f0-d237edce256a.jpg) | Samal Sthitipragyan | [Github](https://github.com/pragyan01) | [Portfolio](https://www.linkedin.com/in/pragyan01/)","lastModifiedDate":"2021-10-04"},{"lineNumber":7,"author":{"gitId":"arvejw"},"content":"![](https://avatars0.githubusercontent.com/arvejw?s\u003d100) | Teh Jiewen | [Github](https://github.com/arvejw) | [Portfolio](www.linkedin.com/in/jiewen-teh)","lastModifiedDate":"2021-10-06"},{"lineNumber":8,"author":{"gitId":"teoziyiivy"},"content":"![](https://avatars0.githubusercontent.com/teoziyiivy?s\u003d100) | Teo Ziyi Ivy | [Github](https://github.com/teoziyiivy) | [Portfolio](https://www.linkedin.com/in/teoziyiivy/)","lastModifiedDate":"2021-10-04"},{"lineNumber":9,"author":{"gitId":"VishalJeyaram"},"content":"![](https://via.placeholder.com/100.png?text\u003dPhoto) | Vishal Jeyaram | [Github](https://github.com/VishalJeyaram) | [Portfolio](https://www.linkedin.com/in/vishal-j-a43b581a2)","lastModifiedDate":"2021-10-04"}],"authorContributionMap":{"pragyan01":1,"teoziyiivy":1,"-":4,"VishalJeyaram":1,"arvejw":1,"EdwardZYWang":1}},{"path":"src/main/java/seedu/duke/AddWeightException.java","fileType":"functional-code","lines":[{"lineNumber":1,"author":{"gitId":"teoziyiivy"},"content":"package seedu.duke;","lastModifiedDate":"2021-10-06"},{"lineNumber":2,"author":{"gitId":"teoziyiivy"},"content":"","lastModifiedDate":"2021-10-06"},{"lineNumber":3,"author":{"gitId":"teoziyiivy"},"content":"public class AddWeightException extends Exception {","lastModifiedDate":"2021-10-06"},{"lineNumber":4,"author":{"gitId":"teoziyiivy"},"content":"}","lastModifiedDate":"2021-10-06"}],"authorContributionMap":{"teoziyiivy":4}},{"path":"src/main/java/seedu/duke/CommandManager.java","fileType":"functional-code","lines":[{"lineNumber":1,"author":{"gitId":"EdwardZYWang"},"content":"package seedu.duke;","lastModifiedDate":"2021-10-07"},{"lineNumber":2,"author":{"gitId":"EdwardZYWang"},"content":"","lastModifiedDate":"2021-10-07"},{"lineNumber":3,"author":{"gitId":"EdwardZYWang"},"content":"import seedu.duke.gym.GymManager;","lastModifiedDate":"2021-10-07"},{"lineNumber":4,"author":{"gitId":"EdwardZYWang"},"content":"","lastModifiedDate":"2021-10-07"},{"lineNumber":5,"author":{"gitId":"EdwardZYWang"},"content":"import java.util.Scanner;","lastModifiedDate":"2021-10-07"},{"lineNumber":6,"author":{"gitId":"EdwardZYWang"},"content":"","lastModifiedDate":"2021-10-07"},{"lineNumber":7,"author":{"gitId":"EdwardZYWang"},"content":"public class CommandManager {","lastModifiedDate":"2021-10-07"},{"lineNumber":8,"author":{"gitId":"VishalJeyaram"},"content":"    protected GymManager gymManager;","lastModifiedDate":"2021-10-07"},{"lineNumber":9,"author":{"gitId":"VishalJeyaram"},"content":"    protected Meal meal;","lastModifiedDate":"2021-10-07"},{"lineNumber":10,"author":{"gitId":"VishalJeyaram"},"content":"    protected Fluid fluid;","lastModifiedDate":"2021-10-07"},{"lineNumber":11,"author":{"gitId":"EdwardZYWang"},"content":"    protected WeightTracker weightTracker;","lastModifiedDate":"2021-10-07"},{"lineNumber":12,"author":{"gitId":"VishalJeyaram"},"content":"","lastModifiedDate":"2021-10-07"},{"lineNumber":13,"author":{"gitId":"EdwardZYWang"},"content":"    public CommandManager(Fluid fluid, Meal meal, GymManager gymManager, WeightTracker weightTracker) {","lastModifiedDate":"2021-10-07"},{"lineNumber":14,"author":{"gitId":"VishalJeyaram"},"content":"        this.fluid \u003d fluid;","lastModifiedDate":"2021-10-07"},{"lineNumber":15,"author":{"gitId":"VishalJeyaram"},"content":"        this.meal \u003d meal;","lastModifiedDate":"2021-10-07"},{"lineNumber":16,"author":{"gitId":"VishalJeyaram"},"content":"        this.gymManager \u003d gymManager;","lastModifiedDate":"2021-10-07"},{"lineNumber":17,"author":{"gitId":"EdwardZYWang"},"content":"        this.weightTracker \u003d weightTracker;","lastModifiedDate":"2021-10-07"},{"lineNumber":18,"author":{"gitId":"VishalJeyaram"},"content":"    }","lastModifiedDate":"2021-10-07"},{"lineNumber":19,"author":{"gitId":"EdwardZYWang"},"content":"","lastModifiedDate":"2021-10-07"},{"lineNumber":20,"author":{"gitId":"EdwardZYWang"},"content":"    public void commandChecker() {","lastModifiedDate":"2021-10-07"},{"lineNumber":21,"author":{"gitId":"EdwardZYWang"},"content":"        String input;","lastModifiedDate":"2021-10-07"},{"lineNumber":22,"author":{"gitId":"EdwardZYWang"},"content":"        Scanner in \u003d new Scanner(System.in);","lastModifiedDate":"2021-10-07"},{"lineNumber":23,"author":{"gitId":"EdwardZYWang"},"content":"        input \u003d in.nextLine();","lastModifiedDate":"2021-10-07"},{"lineNumber":24,"author":{"gitId":"VishalJeyaram"},"content":"        String[] inputArguments \u003d input.trim().split(\" \", 2);","lastModifiedDate":"2021-10-08"},{"lineNumber":25,"author":{"gitId":"VishalJeyaram"},"content":"        String command \u003d inputArguments[0];","lastModifiedDate":"2021-10-08"},{"lineNumber":26,"author":{"gitId":"EdwardZYWang"},"content":"","lastModifiedDate":"2021-10-07"},{"lineNumber":27,"author":{"gitId":"EdwardZYWang"},"content":"","lastModifiedDate":"2021-10-07"},{"lineNumber":28,"author":{"gitId":"EdwardZYWang"},"content":"        while (!(command.equals(Keywords.INPUT_BYE))) {","lastModifiedDate":"2021-10-07"},{"lineNumber":29,"author":{"gitId":"EdwardZYWang"},"content":"","lastModifiedDate":"2021-10-07"},{"lineNumber":30,"author":{"gitId":"EdwardZYWang"},"content":"            if (command.equals(Keywords.INPUT_MEAL)) {","lastModifiedDate":"2021-10-07"},{"lineNumber":31,"author":{"gitId":"VishalJeyaram"},"content":"                meal.addMeal(input);","lastModifiedDate":"2021-10-07"},{"lineNumber":32,"author":{"gitId":"EdwardZYWang"},"content":"","lastModifiedDate":"2021-10-07"},{"lineNumber":33,"author":{"gitId":"EdwardZYWang"},"content":"            } else if (command.equals(Keywords.INPUT_WORKOUT)) {","lastModifiedDate":"2021-10-07"},{"lineNumber":34,"author":{"gitId":"VishalJeyaram"},"content":"                gymManager.doneGymWorkout(inputArguments[1]);","lastModifiedDate":"2021-10-08"},{"lineNumber":35,"author":{"gitId":"EdwardZYWang"},"content":"","lastModifiedDate":"2021-10-07"},{"lineNumber":36,"author":{"gitId":"EdwardZYWang"},"content":"            } else if (command.equals(Keywords.INPUT_WORKOUT_SCHEDULE)) {","lastModifiedDate":"2021-10-07"},{"lineNumber":37,"author":{"gitId":"VishalJeyaram"},"content":"                gymManager.addGymWorkout(inputArguments[1]);","lastModifiedDate":"2021-10-08"},{"lineNumber":38,"author":{"gitId":"EdwardZYWang"},"content":"","lastModifiedDate":"2021-10-07"},{"lineNumber":39,"author":{"gitId":"EdwardZYWang"},"content":"            } else if (command.equals(Keywords.INPUT_DRINKS)) {","lastModifiedDate":"2021-10-07"},{"lineNumber":40,"author":{"gitId":"VishalJeyaram"},"content":"                fluid.sayDrank(input);","lastModifiedDate":"2021-10-07"},{"lineNumber":41,"author":{"gitId":"EdwardZYWang"},"content":"","lastModifiedDate":"2021-10-07"},{"lineNumber":42,"author":{"gitId":"EdwardZYWang"},"content":"            } else if (command.equals(Keywords.INPUT_ADD_WEIGHT)) {","lastModifiedDate":"2021-10-07"},{"lineNumber":43,"author":{"gitId":"EdwardZYWang"},"content":"                weightTracker.readInput(input);","lastModifiedDate":"2021-10-07"},{"lineNumber":44,"author":{"gitId":"EdwardZYWang"},"content":"","lastModifiedDate":"2021-10-07"},{"lineNumber":45,"author":{"gitId":"EdwardZYWang"},"content":"            } else if (command.equals(Keywords.INPUT_CHECK_WEIGHT)) {","lastModifiedDate":"2021-10-07"},{"lineNumber":46,"author":{"gitId":"EdwardZYWang"},"content":"                weightTracker.readInput(input);","lastModifiedDate":"2021-10-07"},{"lineNumber":47,"author":{"gitId":"EdwardZYWang"},"content":"","lastModifiedDate":"2021-10-07"},{"lineNumber":48,"author":{"gitId":"EdwardZYWang"},"content":"            } else {","lastModifiedDate":"2021-10-07"},{"lineNumber":49,"author":{"gitId":"EdwardZYWang"},"content":"                System.out.println(\"☹ OOPS!!! I\u0027m sorry, but I don\u0027t know what that means :-(\");//overall error check","lastModifiedDate":"2021-10-07"},{"lineNumber":50,"author":{"gitId":"EdwardZYWang"},"content":"            }","lastModifiedDate":"2021-10-07"},{"lineNumber":51,"author":{"gitId":"EdwardZYWang"},"content":"            input \u003d in.nextLine();","lastModifiedDate":"2021-10-07"},{"lineNumber":52,"author":{"gitId":"VishalJeyaram"},"content":"            inputArguments \u003d input.trim().split(\" \", 2);","lastModifiedDate":"2021-10-08"},{"lineNumber":53,"author":{"gitId":"VishalJeyaram"},"content":"            command \u003d inputArguments[0];","lastModifiedDate":"2021-10-08"},{"lineNumber":54,"author":{"gitId":"EdwardZYWang"},"content":"","lastModifiedDate":"2021-10-07"},{"lineNumber":55,"author":{"gitId":"EdwardZYWang"},"content":"        }","lastModifiedDate":"2021-10-07"},{"lineNumber":56,"author":{"gitId":"EdwardZYWang"},"content":"        System.out.println(\"    Bye! Hope to see you again soon!\");","lastModifiedDate":"2021-10-07"},{"lineNumber":57,"author":{"gitId":"EdwardZYWang"},"content":"","lastModifiedDate":"2021-10-07"},{"lineNumber":58,"author":{"gitId":"EdwardZYWang"},"content":"    }","lastModifiedDate":"2021-10-07"},{"lineNumber":59,"author":{"gitId":"EdwardZYWang"},"content":"","lastModifiedDate":"2021-10-07"},{"lineNumber":60,"author":{"gitId":"EdwardZYWang"},"content":"}","lastModifiedDate":"2021-10-07"}],"authorContributionMap":{"VishalJeyaram":16,"EdwardZYWang":44}},{"path":"src/main/java/seedu/duke/Duke.java","fileType":"functional-code","lines":[{"lineNumber":1,"author":{"gitId":"-"},"content":"package seedu.duke;","lastModifiedDate":"2020-05-24"},{"lineNumber":2,"author":{"gitId":"-"},"content":"","lastModifiedDate":"2020-05-24"},{"lineNumber":3,"author":{"gitId":"VishalJeyaram"},"content":"import seedu.duke.gym.GymManager;","lastModifiedDate":"2021-10-07"},{"lineNumber":4,"author":{"gitId":"-"},"content":"","lastModifiedDate":"2021-10-07"},{"lineNumber":5,"author":{"gitId":"EdwardZYWang"},"content":"@SuppressWarnings(\"ALL\")","lastModifiedDate":"2021-10-07"},{"lineNumber":6,"author":{"gitId":"-"},"content":"public class Duke {","lastModifiedDate":"2019-07-29"},{"lineNumber":7,"author":{"gitId":"VishalJeyaram"},"content":"","lastModifiedDate":"2021-10-07"},{"lineNumber":8,"author":{"gitId":"VishalJeyaram"},"content":"    private Meal meal;","lastModifiedDate":"2021-10-07"},{"lineNumber":9,"author":{"gitId":"VishalJeyaram"},"content":"    private Ui ui;","lastModifiedDate":"2021-10-07"},{"lineNumber":10,"author":{"gitId":"VishalJeyaram"},"content":"    private Fluid fluid;","lastModifiedDate":"2021-10-07"},{"lineNumber":11,"author":{"gitId":"VishalJeyaram"},"content":"    private GymManager gymManager;","lastModifiedDate":"2021-10-07"},{"lineNumber":12,"author":{"gitId":"EdwardZYWang"},"content":"    private WeightTracker weightTracker;","lastModifiedDate":"2021-10-07"},{"lineNumber":13,"author":{"gitId":"VishalJeyaram"},"content":"    private CommandManager commandManager;","lastModifiedDate":"2021-10-07"},{"lineNumber":14,"author":{"gitId":"pragyan01"},"content":"","lastModifiedDate":"2021-10-07"},{"lineNumber":15,"author":{"gitId":"VishalJeyaram"},"content":"","lastModifiedDate":"2021-10-07"},{"lineNumber":16,"author":{"gitId":"VishalJeyaram"},"content":"    public Duke() {","lastModifiedDate":"2021-10-07"},{"lineNumber":17,"author":{"gitId":"arvejw"},"content":"        String logo \u003d \"   ______  _____     _____            __       ________  _   _\\n\"","lastModifiedDate":"2021-10-08"},{"lineNumber":18,"author":{"gitId":"arvejw"},"content":"                + \" .\u0027 ___  ||_   _|   |_   _|          [  |  _  |_   __  |(_) / |_\\n\"","lastModifiedDate":"2021-10-08"},{"lineNumber":19,"author":{"gitId":"arvejw"},"content":"                + \"/ .\u0027   \\\\_|  | |       | |      .---.  | | / ]   | |_ \\\\_|__ `| |-\u0027\\n\"","lastModifiedDate":"2021-10-08"},{"lineNumber":20,"author":{"gitId":"arvejw"},"content":"                + \"| |         | |   _   | |     / /\u0027`\\\\] | \u0027\u0027 \u003c    |  _|  [  | | |\\n\"","lastModifiedDate":"2021-10-08"},{"lineNumber":21,"author":{"gitId":"arvejw"},"content":"                + \"\\\\ `.___.\u0027\\\\ _| |__/ | _| |_  _ | \\\\__.  | |`\\\\ \\\\  _| |_    | | | |,\\n\"","lastModifiedDate":"2021-10-08"},{"lineNumber":22,"author":{"gitId":"arvejw"},"content":"                + \" `.____ .\u0027|________||_____|(_)\u0027.___.\u0027[__|  \\\\_]|_____|  [___]\\\\__/\";","lastModifiedDate":"2021-10-08"},{"lineNumber":23,"author":{"gitId":"pragyan01"},"content":"","lastModifiedDate":"2021-10-07"},{"lineNumber":24,"author":{"gitId":"pragyan01"},"content":"        System.out.println(\"Hello from\\n\" + logo + \"\\n\");","lastModifiedDate":"2021-10-07"},{"lineNumber":25,"author":{"gitId":"VishalJeyaram"},"content":"        System.out.println(\"What is your command?\");","lastModifiedDate":"2021-10-07"},{"lineNumber":26,"author":{"gitId":"VishalJeyaram"},"content":"        meal \u003d new Meal();","lastModifiedDate":"2021-10-07"},{"lineNumber":27,"author":{"gitId":"VishalJeyaram"},"content":"        ui \u003d new Ui();","lastModifiedDate":"2021-10-07"},{"lineNumber":28,"author":{"gitId":"VishalJeyaram"},"content":"        fluid \u003d new Fluid();","lastModifiedDate":"2021-10-07"},{"lineNumber":29,"author":{"gitId":"VishalJeyaram"},"content":"        gymManager \u003d new GymManager();","lastModifiedDate":"2021-10-07"},{"lineNumber":30,"author":{"gitId":"EdwardZYWang"},"content":"        weightTracker \u003d new WeightTracker();","lastModifiedDate":"2021-10-07"},{"lineNumber":31,"author":{"gitId":"EdwardZYWang"},"content":"        commandManager \u003d new CommandManager(fluid, meal, gymManager, weightTracker);","lastModifiedDate":"2021-10-07"},{"lineNumber":32,"author":{"gitId":"VishalJeyaram"},"content":"    }","lastModifiedDate":"2021-10-07"},{"lineNumber":33,"author":{"gitId":"-"},"content":"","lastModifiedDate":"2020-05-24"},{"lineNumber":34,"author":{"gitId":"VishalJeyaram"},"content":"    public void run() {","lastModifiedDate":"2021-10-07"},{"lineNumber":35,"author":{"gitId":"VishalJeyaram"},"content":"        commandManager.commandChecker();","lastModifiedDate":"2021-10-07"},{"lineNumber":36,"author":{"gitId":"VishalJeyaram"},"content":"    }","lastModifiedDate":"2021-10-07"},{"lineNumber":37,"author":{"gitId":"VishalJeyaram"},"content":"","lastModifiedDate":"2021-10-07"},{"lineNumber":38,"author":{"gitId":"-"},"content":"","lastModifiedDate":"2020-05-24"},{"lineNumber":39,"author":{"gitId":"-"},"content":"    public static void main(String[] args) {","lastModifiedDate":"2021-10-07"},{"lineNumber":40,"author":{"gitId":"VishalJeyaram"},"content":"        new Duke().run();","lastModifiedDate":"2021-10-07"},{"lineNumber":41,"author":{"gitId":"-"},"content":"    }","lastModifiedDate":"2019-07-29"},{"lineNumber":42,"author":{"gitId":"-"},"content":"}","lastModifiedDate":"2019-07-29"}],"authorContributionMap":{"pragyan01":3,"-":9,"VishalJeyaram":20,"arvejw":6,"EdwardZYWang":4}},{"path":"src/main/java/seedu/duke/DukeException.java","fileType":"functional-code","lines":[{"lineNumber":1,"author":{"gitId":"VishalJeyaram"},"content":"package seedu.duke;","lastModifiedDate":"2021-10-07"},{"lineNumber":2,"author":{"gitId":"VishalJeyaram"},"content":"","lastModifiedDate":"2021-10-07"},{"lineNumber":3,"author":{"gitId":"VishalJeyaram"},"content":"public class DukeException extends Exception {","lastModifiedDate":"2021-10-07"},{"lineNumber":4,"author":{"gitId":"VishalJeyaram"},"content":"    public DukeException(String errorMessage) {","lastModifiedDate":"2021-10-07"},{"lineNumber":5,"author":{"gitId":"VishalJeyaram"},"content":"        super(errorMessage);","lastModifiedDate":"2021-10-07"},{"lineNumber":6,"author":{"gitId":"VishalJeyaram"},"content":"        System.out.println(errorMessage);","lastModifiedDate":"2021-10-07"},{"lineNumber":7,"author":{"gitId":"VishalJeyaram"},"content":"    }","lastModifiedDate":"2021-10-07"},{"lineNumber":8,"author":{"gitId":"VishalJeyaram"},"content":"}","lastModifiedDate":"2021-10-07"}],"authorContributionMap":{"VishalJeyaram":8}},{"path":"src/main/java/seedu/duke/Fluid.java","fileType":"functional-code","lines":[{"lineNumber":1,"author":{"gitId":"pragyan01"},"content":"package seedu.duke;","lastModifiedDate":"2021-10-07"},{"lineNumber":2,"author":{"gitId":"pragyan01"},"content":"","lastModifiedDate":"2021-10-07"},{"lineNumber":3,"author":{"gitId":"VishalJeyaram"},"content":"import java.time.LocalDate;","lastModifiedDate":"2021-10-07"},{"lineNumber":4,"author":{"gitId":"VishalJeyaram"},"content":"import java.time.format.DateTimeFormatter;","lastModifiedDate":"2021-10-07"},{"lineNumber":5,"author":{"gitId":"VishalJeyaram"},"content":"import java.util.ArrayList;","lastModifiedDate":"2021-10-07"},{"lineNumber":6,"author":{"gitId":"pragyan01"},"content":"","lastModifiedDate":"2021-10-07"},{"lineNumber":7,"author":{"gitId":"VishalJeyaram"},"content":"public class Fluid {","lastModifiedDate":"2021-10-07"},{"lineNumber":8,"author":{"gitId":"pragyan01"},"content":"","lastModifiedDate":"2021-10-07"},{"lineNumber":9,"author":{"gitId":"VishalJeyaram"},"content":"    protected ArrayList\u003cString\u003e fluidArray;","lastModifiedDate":"2021-10-07"},{"lineNumber":10,"author":{"gitId":"VishalJeyaram"},"content":"    protected int numberOfFluids;","lastModifiedDate":"2021-10-07"},{"lineNumber":11,"author":{"gitId":"pragyan01"},"content":"","lastModifiedDate":"2021-10-07"},{"lineNumber":12,"author":{"gitId":"VishalJeyaram"},"content":"    public Fluid() {","lastModifiedDate":"2021-10-07"},{"lineNumber":13,"author":{"gitId":"VishalJeyaram"},"content":"        this.fluidArray \u003d new ArrayList\u003c\u003e();","lastModifiedDate":"2021-10-07"},{"lineNumber":14,"author":{"gitId":"VishalJeyaram"},"content":"        this.numberOfFluids \u003d 0;","lastModifiedDate":"2021-10-07"},{"lineNumber":15,"author":{"gitId":"pragyan01"},"content":"    }","lastModifiedDate":"2021-10-07"},{"lineNumber":16,"author":{"gitId":"pragyan01"},"content":"","lastModifiedDate":"2021-10-07"},{"lineNumber":17,"author":{"gitId":"VishalJeyaram"},"content":"    public void toPrint(String fluidName, int volume, String date) {","lastModifiedDate":"2021-10-07"},{"lineNumber":18,"author":{"gitId":"pragyan01"},"content":"        System.out.println(\"Noted! CLI.ckFit has recorded your drink of \" + fluidName + \" of \" + volume","lastModifiedDate":"2021-10-07"},{"lineNumber":19,"author":{"gitId":"pragyan01"},"content":"                + \" ml on \" + date + \".\" + \"\\n\");","lastModifiedDate":"2021-10-07"},{"lineNumber":20,"author":{"gitId":"pragyan01"},"content":"    }","lastModifiedDate":"2021-10-07"},{"lineNumber":21,"author":{"gitId":"VishalJeyaram"},"content":"","lastModifiedDate":"2021-10-07"},{"lineNumber":22,"author":{"gitId":"pragyan01"},"content":"    public void sayDrank(String input) {","lastModifiedDate":"2021-10-07"},{"lineNumber":23,"author":{"gitId":"VishalJeyaram"},"content":"        String[] arrayString \u003d input.split(\" \");","lastModifiedDate":"2021-10-07"},{"lineNumber":24,"author":{"gitId":"pragyan01"},"content":"        int lastIndex \u003d arrayString.length - 1;","lastModifiedDate":"2021-10-07"},{"lineNumber":25,"author":{"gitId":"pragyan01"},"content":"        int secondLastIndex \u003d arrayString.length - 2;","lastModifiedDate":"2021-10-07"},{"lineNumber":26,"author":{"gitId":"VishalJeyaram"},"content":"        DateTimeFormatter formatter \u003d DateTimeFormatter.ofPattern(\"dd/MM/yyyy\");","lastModifiedDate":"2021-10-07"},{"lineNumber":27,"author":{"gitId":"VishalJeyaram"},"content":"        String dateTime \u003d arrayString[lastIndex];","lastModifiedDate":"2021-10-07"},{"lineNumber":28,"author":{"gitId":"VishalJeyaram"},"content":"        LocalDate localDate \u003d LocalDate.parse(dateTime, formatter);","lastModifiedDate":"2021-10-07"},{"lineNumber":29,"author":{"gitId":"VishalJeyaram"},"content":"        System.out.println(\"Date Entered: \" + formatter.format(localDate) + \"\\n\");","lastModifiedDate":"2021-10-07"},{"lineNumber":30,"author":{"gitId":"VishalJeyaram"},"content":"        String fluidDescription \u003d arrayString[1];","lastModifiedDate":"2021-10-07"},{"lineNumber":31,"author":{"gitId":"VishalJeyaram"},"content":"        for (int i \u003d 2; i \u003c secondLastIndex; i++) {","lastModifiedDate":"2021-10-07"},{"lineNumber":32,"author":{"gitId":"VishalJeyaram"},"content":"            fluidDescription \u003d fluidDescription.concat(\" \" + arrayString[i]);","lastModifiedDate":"2021-10-07"},{"lineNumber":33,"author":{"gitId":"VishalJeyaram"},"content":"        }","lastModifiedDate":"2021-10-07"},{"lineNumber":34,"author":{"gitId":"VishalJeyaram"},"content":"        int volume \u003d Integer.parseInt(arrayString[secondLastIndex]);","lastModifiedDate":"2021-10-07"},{"lineNumber":35,"author":{"gitId":"VishalJeyaram"},"content":"        String date \u003d arrayString[lastIndex];","lastModifiedDate":"2021-10-07"},{"lineNumber":36,"author":{"gitId":"VishalJeyaram"},"content":"        toPrint(fluidDescription, volume, date);","lastModifiedDate":"2021-10-07"},{"lineNumber":37,"author":{"gitId":"EdwardZYWang"},"content":"        fluidArray.add(input);","lastModifiedDate":"2021-10-07"},{"lineNumber":38,"author":{"gitId":"EdwardZYWang"},"content":"        numberOfFluids +\u003d 1;","lastModifiedDate":"2021-10-07"},{"lineNumber":39,"author":{"gitId":"VishalJeyaram"},"content":"    }","lastModifiedDate":"2021-10-07"},{"lineNumber":40,"author":{"gitId":"pragyan01"},"content":"}","lastModifiedDate":"2021-10-07"}],"authorContributionMap":{"pragyan01":14,"VishalJeyaram":24,"EdwardZYWang":2}},{"path":"src/main/java/seedu/duke/InvalidArgumentException.java","fileType":"functional-code","lines":[{"lineNumber":1,"author":{"gitId":"arvejw"},"content":"package seedu.duke;","lastModifiedDate":"2021-10-08"},{"lineNumber":2,"author":{"gitId":"arvejw"},"content":"","lastModifiedDate":"2021-10-08"},{"lineNumber":3,"author":{"gitId":"arvejw"},"content":"public class InvalidArgumentException extends Exception {","lastModifiedDate":"2021-10-08"},{"lineNumber":4,"author":{"gitId":"arvejw"},"content":"    public String getMessage() {","lastModifiedDate":"2021-10-08"},{"lineNumber":5,"author":{"gitId":"arvejw"},"content":"        return \"Invalid arguments encountered, please enter valid arguments!\";","lastModifiedDate":"2021-10-08"},{"lineNumber":6,"author":{"gitId":"arvejw"},"content":"    }","lastModifiedDate":"2021-10-08"},{"lineNumber":7,"author":{"gitId":"arvejw"},"content":"}","lastModifiedDate":"2021-10-08"}],"authorContributionMap":{"arvejw":7}},{"path":"src/main/java/seedu/duke/InvalidSeparatorException.java","fileType":"functional-code","lines":[{"lineNumber":1,"author":{"gitId":"arvejw"},"content":"package seedu.duke;","lastModifiedDate":"2021-10-08"},{"lineNumber":2,"author":{"gitId":"arvejw"},"content":"","lastModifiedDate":"2021-10-08"},{"lineNumber":3,"author":{"gitId":"arvejw"},"content":"public class InvalidSeparatorException extends Exception {","lastModifiedDate":"2021-10-08"},{"lineNumber":4,"author":{"gitId":"arvejw"},"content":"    public String getMessage() {","lastModifiedDate":"2021-10-08"},{"lineNumber":5,"author":{"gitId":"arvejw"},"content":"        return \"Invalid separator encountered, please enter a valid separator!\";","lastModifiedDate":"2021-10-08"},{"lineNumber":6,"author":{"gitId":"arvejw"},"content":"    }","lastModifiedDate":"2021-10-08"},{"lineNumber":7,"author":{"gitId":"arvejw"},"content":"}","lastModifiedDate":"2021-10-08"}],"authorContributionMap":{"arvejw":7}},{"path":"src/main/java/seedu/duke/Keywords.java","fileType":"functional-code","lines":[{"lineNumber":1,"author":{"gitId":"EdwardZYWang"},"content":"package seedu.duke;","lastModifiedDate":"2021-10-07"},{"lineNumber":2,"author":{"gitId":"EdwardZYWang"},"content":"","lastModifiedDate":"2021-10-07"},{"lineNumber":3,"author":{"gitId":"EdwardZYWang"},"content":"public class Keywords {","lastModifiedDate":"2021-10-07"},{"lineNumber":4,"author":{"gitId":"EdwardZYWang"},"content":"    public static final String INPUT_MEAL \u003d \"ate\";","lastModifiedDate":"2021-10-07"},{"lineNumber":5,"author":{"gitId":"EdwardZYWang"},"content":"    public static final String INPUT_WORKOUT \u003d \"workout\";","lastModifiedDate":"2021-10-07"},{"lineNumber":6,"author":{"gitId":"EdwardZYWang"},"content":"    public static final String INPUT_WORKOUT_SCHEDULE \u003d \"schedule\";","lastModifiedDate":"2021-10-07"},{"lineNumber":7,"author":{"gitId":"EdwardZYWang"},"content":"    public static final String INPUT_DRINKS \u003d \"drank\";","lastModifiedDate":"2021-10-07"},{"lineNumber":8,"author":{"gitId":"EdwardZYWang"},"content":"    public static final String INPUT_ADD_WEIGHT \u003d \"addweight\";","lastModifiedDate":"2021-10-07"},{"lineNumber":9,"author":{"gitId":"EdwardZYWang"},"content":"    public static final String INPUT_CHECK_WEIGHT \u003d \"checkweight\";","lastModifiedDate":"2021-10-07"},{"lineNumber":10,"author":{"gitId":"EdwardZYWang"},"content":"    public static final String INPUT_BYE \u003d \"bye\";","lastModifiedDate":"2021-10-07"},{"lineNumber":11,"author":{"gitId":"EdwardZYWang"},"content":"","lastModifiedDate":"2021-10-07"},{"lineNumber":12,"author":{"gitId":"EdwardZYWang"},"content":"}","lastModifiedDate":"2021-10-07"}],"authorContributionMap":{"EdwardZYWang":12}},{"path":"src/main/java/seedu/duke/Meal.java","fileType":"functional-code","lines":[{"lineNumber":1,"author":{"gitId":"VishalJeyaram"},"content":"package seedu.duke;","lastModifiedDate":"2021-10-07"},{"lineNumber":2,"author":{"gitId":"VishalJeyaram"},"content":"","lastModifiedDate":"2021-10-07"},{"lineNumber":3,"author":{"gitId":"VishalJeyaram"},"content":"import java.time.LocalDate;","lastModifiedDate":"2021-10-07"},{"lineNumber":4,"author":{"gitId":"VishalJeyaram"},"content":"import java.time.LocalTime;","lastModifiedDate":"2021-10-08"},{"lineNumber":5,"author":{"gitId":"VishalJeyaram"},"content":"import java.time.format.DateTimeFormatter;","lastModifiedDate":"2021-10-07"},{"lineNumber":6,"author":{"gitId":"VishalJeyaram"},"content":"import java.time.format.DateTimeParseException;","lastModifiedDate":"2021-10-07"},{"lineNumber":7,"author":{"gitId":"VishalJeyaram"},"content":"import java.util.ArrayList;","lastModifiedDate":"2021-10-07"},{"lineNumber":8,"author":{"gitId":"VishalJeyaram"},"content":"","lastModifiedDate":"2021-10-07"},{"lineNumber":9,"author":{"gitId":"VishalJeyaram"},"content":"public class Meal extends Tracker{","lastModifiedDate":"2021-10-08"},{"lineNumber":10,"author":{"gitId":"VishalJeyaram"},"content":"    protected ArrayList\u003cString\u003e meals;","lastModifiedDate":"2021-10-07"},{"lineNumber":11,"author":{"gitId":"VishalJeyaram"},"content":"    protected int mealNumber;","lastModifiedDate":"2021-10-07"},{"lineNumber":12,"author":{"gitId":"VishalJeyaram"},"content":"    protected int calories;","lastModifiedDate":"2021-10-08"},{"lineNumber":13,"author":{"gitId":"VishalJeyaram"},"content":"    protected String description;","lastModifiedDate":"2021-10-08"},{"lineNumber":14,"author":{"gitId":"VishalJeyaram"},"content":"    protected LocalDate date;","lastModifiedDate":"2021-10-08"},{"lineNumber":15,"author":{"gitId":"VishalJeyaram"},"content":"    protected LocalTime time;","lastModifiedDate":"2021-10-08"},{"lineNumber":16,"author":{"gitId":"VishalJeyaram"},"content":"","lastModifiedDate":"2021-10-07"},{"lineNumber":17,"author":{"gitId":"VishalJeyaram"},"content":"    public Meal() {","lastModifiedDate":"2021-10-07"},{"lineNumber":18,"author":{"gitId":"VishalJeyaram"},"content":"        this.meals \u003d new ArrayList\u003c\u003e();","lastModifiedDate":"2021-10-07"},{"lineNumber":19,"author":{"gitId":"VishalJeyaram"},"content":"        this.mealNumber \u003d 0;","lastModifiedDate":"2021-10-07"},{"lineNumber":20,"author":{"gitId":"VishalJeyaram"},"content":"    }","lastModifiedDate":"2021-10-07"},{"lineNumber":21,"author":{"gitId":"VishalJeyaram"},"content":"","lastModifiedDate":"2021-10-07"},{"lineNumber":22,"author":{"gitId":"VishalJeyaram"},"content":"    public void generateMealParameters(String inputArguments) {","lastModifiedDate":"2021-10-08"},{"lineNumber":23,"author":{"gitId":"VishalJeyaram"},"content":"        try {","lastModifiedDate":"2021-10-08"},{"lineNumber":24,"author":{"gitId":"VishalJeyaram"},"content":"            calories \u003d Parser.getCalories(inputArguments);","lastModifiedDate":"2021-10-08"},{"lineNumber":25,"author":{"gitId":"VishalJeyaram"},"content":"            description \u003d Parser.getDescription(inputArguments);","lastModifiedDate":"2021-10-08"},{"lineNumber":26,"author":{"gitId":"VishalJeyaram"},"content":"            date \u003d Parser.getDate(inputArguments);","lastModifiedDate":"2021-10-08"},{"lineNumber":27,"author":{"gitId":"VishalJeyaram"},"content":"            time \u003d Parser.getTime(inputArguments);","lastModifiedDate":"2021-10-08"},{"lineNumber":28,"author":{"gitId":"VishalJeyaram"},"content":"        } catch (NumberFormatException e) {","lastModifiedDate":"2021-10-08"},{"lineNumber":29,"author":{"gitId":"VishalJeyaram"},"content":"","lastModifiedDate":"2021-10-08"},{"lineNumber":30,"author":{"gitId":"VishalJeyaram"},"content":"        } catch (DukeException e) {","lastModifiedDate":"2021-10-08"},{"lineNumber":31,"author":{"gitId":"VishalJeyaram"},"content":"","lastModifiedDate":"2021-10-08"},{"lineNumber":32,"author":{"gitId":"VishalJeyaram"},"content":"        } catch (DateTimeParseException e) {","lastModifiedDate":"2021-10-08"},{"lineNumber":33,"author":{"gitId":"VishalJeyaram"},"content":"","lastModifiedDate":"2021-10-08"},{"lineNumber":34,"author":{"gitId":"VishalJeyaram"},"content":"        }","lastModifiedDate":"2021-10-08"},{"lineNumber":35,"author":{"gitId":"VishalJeyaram"},"content":"    }","lastModifiedDate":"2021-10-08"},{"lineNumber":36,"author":{"gitId":"VishalJeyaram"},"content":"","lastModifiedDate":"2021-10-08"},{"lineNumber":37,"author":{"gitId":"VishalJeyaram"},"content":"    public void addMeal(String meal) throws DateTimeParseException, NumberFormatException {","lastModifiedDate":"2021-10-07"},{"lineNumber":38,"author":{"gitId":"VishalJeyaram"},"content":"        String[] userInput \u003d meal.split(\" \");","lastModifiedDate":"2021-10-07"},{"lineNumber":39,"author":{"gitId":"VishalJeyaram"},"content":"        int calorieIndex \u003d userInput.length - 2;","lastModifiedDate":"2021-10-07"},{"lineNumber":40,"author":{"gitId":"VishalJeyaram"},"content":"        int dateIndex \u003d userInput.length - 1;","lastModifiedDate":"2021-10-07"},{"lineNumber":41,"author":{"gitId":"VishalJeyaram"},"content":"        int calories \u003d Integer.parseInt(userInput[calorieIndex]);","lastModifiedDate":"2021-10-07"},{"lineNumber":42,"author":{"gitId":"VishalJeyaram"},"content":"        String mealDescription \u003d userInput[1];","lastModifiedDate":"2021-10-07"},{"lineNumber":43,"author":{"gitId":"VishalJeyaram"},"content":"        for (int i \u003d 2; i \u003c calorieIndex; i++) {","lastModifiedDate":"2021-10-07"},{"lineNumber":44,"author":{"gitId":"VishalJeyaram"},"content":"            mealDescription \u003d mealDescription.concat(\" \" + userInput[i]);","lastModifiedDate":"2021-10-07"},{"lineNumber":45,"author":{"gitId":"VishalJeyaram"},"content":"        }","lastModifiedDate":"2021-10-07"},{"lineNumber":46,"author":{"gitId":"VishalJeyaram"},"content":"        DateTimeFormatter formatter \u003d DateTimeFormatter.ofPattern(\"dd/MM/yyyy\");","lastModifiedDate":"2021-10-07"},{"lineNumber":47,"author":{"gitId":"VishalJeyaram"},"content":"        String date \u003d userInput[dateIndex];","lastModifiedDate":"2021-10-07"},{"lineNumber":48,"author":{"gitId":"VishalJeyaram"},"content":"        LocalDate localDate \u003d LocalDate.parse(date, formatter);","lastModifiedDate":"2021-10-07"},{"lineNumber":49,"author":{"gitId":"EdwardZYWang"},"content":"        System.out.println(\"Noted! CLI.ckFit has recorded your meal of \"","lastModifiedDate":"2021-10-07"},{"lineNumber":50,"author":{"gitId":"EdwardZYWang"},"content":"                + mealDescription + \" on \" + formatter.format(localDate)","lastModifiedDate":"2021-10-07"},{"lineNumber":51,"author":{"gitId":"EdwardZYWang"},"content":"                + \". \" + calories + \" calories has been added to the calorie count!\\n\");","lastModifiedDate":"2021-10-07"},{"lineNumber":52,"author":{"gitId":"VishalJeyaram"},"content":"        meals.add(meal);","lastModifiedDate":"2021-10-07"},{"lineNumber":53,"author":{"gitId":"VishalJeyaram"},"content":"        mealNumber +\u003d 1;","lastModifiedDate":"2021-10-07"},{"lineNumber":54,"author":{"gitId":"VishalJeyaram"},"content":"    }","lastModifiedDate":"2021-10-07"},{"lineNumber":55,"author":{"gitId":"VishalJeyaram"},"content":"","lastModifiedDate":"2021-10-07"},{"lineNumber":56,"author":{"gitId":"VishalJeyaram"},"content":"}","lastModifiedDate":"2021-10-07"}],"authorContributionMap":{"VishalJeyaram":53,"EdwardZYWang":3}},{"path":"src/main/java/seedu/duke/Parser.java","fileType":"functional-code","lines":[{"lineNumber":1,"author":{"gitId":"arvejw"},"content":"package seedu.duke;","lastModifiedDate":"2021-10-08"},{"lineNumber":2,"author":{"gitId":"arvejw"},"content":"","lastModifiedDate":"2021-10-08"},{"lineNumber":3,"author":{"gitId":"VishalJeyaram"},"content":"import java.time.LocalDate;","lastModifiedDate":"2021-10-08"},{"lineNumber":4,"author":{"gitId":"VishalJeyaram"},"content":"import java.time.LocalTime;","lastModifiedDate":"2021-10-08"},{"lineNumber":5,"author":{"gitId":"VishalJeyaram"},"content":"import java.time.format.DateTimeFormatter;","lastModifiedDate":"2021-10-08"},{"lineNumber":6,"author":{"gitId":"VishalJeyaram"},"content":"import java.time.format.DateTimeParseException;","lastModifiedDate":"2021-10-08"},{"lineNumber":7,"author":{"gitId":"VishalJeyaram"},"content":"import java.util.Locale;","lastModifiedDate":"2021-10-08"},{"lineNumber":8,"author":{"gitId":"VishalJeyaram"},"content":"","lastModifiedDate":"2021-10-08"},{"lineNumber":9,"author":{"gitId":"arvejw"},"content":"public class Parser {","lastModifiedDate":"2021-10-08"},{"lineNumber":10,"author":{"gitId":"arvejw"},"content":"","lastModifiedDate":"2021-10-08"},{"lineNumber":11,"author":{"gitId":"arvejw"},"content":"    public static int parseStringToInteger(String input) throws NumberFormatException {","lastModifiedDate":"2021-10-08"},{"lineNumber":12,"author":{"gitId":"arvejw"},"content":"        return Integer.parseInt(input);","lastModifiedDate":"2021-10-08"},{"lineNumber":13,"author":{"gitId":"arvejw"},"content":"    }","lastModifiedDate":"2021-10-08"},{"lineNumber":14,"author":{"gitId":"VishalJeyaram"},"content":"","lastModifiedDate":"2021-10-08"},{"lineNumber":15,"author":{"gitId":"VishalJeyaram"},"content":"    public static int getCalories(String inputArguments) throws DukeException {","lastModifiedDate":"2021-10-08"},{"lineNumber":16,"author":{"gitId":"VishalJeyaram"},"content":"        String[] userInput \u003d inputArguments.split(\" \");","lastModifiedDate":"2021-10-08"},{"lineNumber":17,"author":{"gitId":"VishalJeyaram"},"content":"        int length \u003d userInput.length;","lastModifiedDate":"2021-10-08"},{"lineNumber":18,"author":{"gitId":"VishalJeyaram"},"content":"        int calories \u003d 0;","lastModifiedDate":"2021-10-08"},{"lineNumber":19,"author":{"gitId":"VishalJeyaram"},"content":"        for (int i \u003d 1; i \u003c length ; i++) {","lastModifiedDate":"2021-10-08"},{"lineNumber":20,"author":{"gitId":"VishalJeyaram"},"content":"            if (userInput[i].equals(\"/c\")) {","lastModifiedDate":"2021-10-08"},{"lineNumber":21,"author":{"gitId":"VishalJeyaram"},"content":"                calories \u003d parseStringToInteger(userInput[i+1]);","lastModifiedDate":"2021-10-08"},{"lineNumber":22,"author":{"gitId":"VishalJeyaram"},"content":"                break;","lastModifiedDate":"2021-10-08"},{"lineNumber":23,"author":{"gitId":"VishalJeyaram"},"content":"            }","lastModifiedDate":"2021-10-08"},{"lineNumber":24,"author":{"gitId":"VishalJeyaram"},"content":"        }","lastModifiedDate":"2021-10-08"},{"lineNumber":25,"author":{"gitId":"VishalJeyaram"},"content":"        if (calories \u003c 0) {","lastModifiedDate":"2021-10-08"},{"lineNumber":26,"author":{"gitId":"VishalJeyaram"},"content":"            throw new DukeException(\"Negative calories\");","lastModifiedDate":"2021-10-08"},{"lineNumber":27,"author":{"gitId":"VishalJeyaram"},"content":"        }","lastModifiedDate":"2021-10-08"},{"lineNumber":28,"author":{"gitId":"VishalJeyaram"},"content":"        return calories;","lastModifiedDate":"2021-10-08"},{"lineNumber":29,"author":{"gitId":"VishalJeyaram"},"content":"    }","lastModifiedDate":"2021-10-08"},{"lineNumber":30,"author":{"gitId":"VishalJeyaram"},"content":"","lastModifiedDate":"2021-10-08"},{"lineNumber":31,"author":{"gitId":"VishalJeyaram"},"content":"    public static String getDescription(String inputArguments) throws DukeException {","lastModifiedDate":"2021-10-08"},{"lineNumber":32,"author":{"gitId":"VishalJeyaram"},"content":"        String[] userInput \u003d inputArguments.split(\" /c \");","lastModifiedDate":"2021-10-08"},{"lineNumber":33,"author":{"gitId":"VishalJeyaram"},"content":"        String description \u003d userInput[0];","lastModifiedDate":"2021-10-08"},{"lineNumber":34,"author":{"gitId":"VishalJeyaram"},"content":"        return description;","lastModifiedDate":"2021-10-08"},{"lineNumber":35,"author":{"gitId":"VishalJeyaram"},"content":"    }","lastModifiedDate":"2021-10-08"},{"lineNumber":36,"author":{"gitId":"VishalJeyaram"},"content":"","lastModifiedDate":"2021-10-08"},{"lineNumber":37,"author":{"gitId":"VishalJeyaram"},"content":"    public static LocalDate getDate(String inputArguments) throws DukeException, DateTimeParseException {","lastModifiedDate":"2021-10-08"},{"lineNumber":38,"author":{"gitId":"VishalJeyaram"},"content":"        String[] userInput \u003d inputArguments.split(\" \");","lastModifiedDate":"2021-10-08"},{"lineNumber":39,"author":{"gitId":"VishalJeyaram"},"content":"        int length \u003d userInput.length;","lastModifiedDate":"2021-10-08"},{"lineNumber":40,"author":{"gitId":"VishalJeyaram"},"content":"        String date \u003d \"\";","lastModifiedDate":"2021-10-08"},{"lineNumber":41,"author":{"gitId":"VishalJeyaram"},"content":"        for (int i \u003d 1; i \u003c length ; i++) {","lastModifiedDate":"2021-10-08"},{"lineNumber":42,"author":{"gitId":"VishalJeyaram"},"content":"            if (userInput[i].equals(\"/d\")) {","lastModifiedDate":"2021-10-08"},{"lineNumber":43,"author":{"gitId":"VishalJeyaram"},"content":"                date \u003d userInput[i+1];","lastModifiedDate":"2021-10-08"},{"lineNumber":44,"author":{"gitId":"VishalJeyaram"},"content":"                break;","lastModifiedDate":"2021-10-08"},{"lineNumber":45,"author":{"gitId":"VishalJeyaram"},"content":"            }","lastModifiedDate":"2021-10-08"},{"lineNumber":46,"author":{"gitId":"VishalJeyaram"},"content":"        }","lastModifiedDate":"2021-10-08"},{"lineNumber":47,"author":{"gitId":"VishalJeyaram"},"content":"        DateTimeFormatter formatter \u003d DateTimeFormatter.ofPattern(\"dd/MM/yyyy\");","lastModifiedDate":"2021-10-08"},{"lineNumber":48,"author":{"gitId":"VishalJeyaram"},"content":"        return LocalDate.parse(date, formatter);","lastModifiedDate":"2021-10-08"},{"lineNumber":49,"author":{"gitId":"VishalJeyaram"},"content":"    }","lastModifiedDate":"2021-10-08"},{"lineNumber":50,"author":{"gitId":"VishalJeyaram"},"content":"","lastModifiedDate":"2021-10-08"},{"lineNumber":51,"author":{"gitId":"VishalJeyaram"},"content":"    public static LocalTime getTime(String inputArguments) throws DukeException, DateTimeParseException {","lastModifiedDate":"2021-10-08"},{"lineNumber":52,"author":{"gitId":"VishalJeyaram"},"content":"        String[] userInput \u003d inputArguments.split(\" \");","lastModifiedDate":"2021-10-08"},{"lineNumber":53,"author":{"gitId":"VishalJeyaram"},"content":"        int length \u003d userInput.length;","lastModifiedDate":"2021-10-08"},{"lineNumber":54,"author":{"gitId":"VishalJeyaram"},"content":"        String time \u003d \"\";","lastModifiedDate":"2021-10-08"},{"lineNumber":55,"author":{"gitId":"VishalJeyaram"},"content":"        for (int i \u003d 1; i \u003c length ; i++) {","lastModifiedDate":"2021-10-08"},{"lineNumber":56,"author":{"gitId":"VishalJeyaram"},"content":"            if (userInput[i].equals(\"/t\")) {","lastModifiedDate":"2021-10-08"},{"lineNumber":57,"author":{"gitId":"VishalJeyaram"},"content":"                time \u003d userInput[i+1];","lastModifiedDate":"2021-10-08"},{"lineNumber":58,"author":{"gitId":"VishalJeyaram"},"content":"                break;","lastModifiedDate":"2021-10-08"},{"lineNumber":59,"author":{"gitId":"VishalJeyaram"},"content":"            }","lastModifiedDate":"2021-10-08"},{"lineNumber":60,"author":{"gitId":"VishalJeyaram"},"content":"        }","lastModifiedDate":"2021-10-08"},{"lineNumber":61,"author":{"gitId":"VishalJeyaram"},"content":"        DateTimeFormatter formatter \u003d DateTimeFormatter.ofPattern(\"h:mma\");","lastModifiedDate":"2021-10-08"},{"lineNumber":62,"author":{"gitId":"VishalJeyaram"},"content":"        return LocalTime.parse(time, formatter);","lastModifiedDate":"2021-10-08"},{"lineNumber":63,"author":{"gitId":"VishalJeyaram"},"content":"    }","lastModifiedDate":"2021-10-08"},{"lineNumber":64,"author":{"gitId":"VishalJeyaram"},"content":"","lastModifiedDate":"2021-10-08"},{"lineNumber":65,"author":{"gitId":"VishalJeyaram"},"content":"    public static int getWeight(String inputArguments) throws DukeException {","lastModifiedDate":"2021-10-08"},{"lineNumber":66,"author":{"gitId":"VishalJeyaram"},"content":"        String[] userInput \u003d inputArguments.split(\" /d \");","lastModifiedDate":"2021-10-08"},{"lineNumber":67,"author":{"gitId":"VishalJeyaram"},"content":"        int weight \u003d parseStringToInteger(userInput[0]);","lastModifiedDate":"2021-10-08"},{"lineNumber":68,"author":{"gitId":"VishalJeyaram"},"content":"        if (weight \u003c 0) {","lastModifiedDate":"2021-10-08"},{"lineNumber":69,"author":{"gitId":"VishalJeyaram"},"content":"            throw new DukeException(\"Negative weight\");","lastModifiedDate":"2021-10-08"},{"lineNumber":70,"author":{"gitId":"VishalJeyaram"},"content":"        }","lastModifiedDate":"2021-10-08"},{"lineNumber":71,"author":{"gitId":"VishalJeyaram"},"content":"        return weight;","lastModifiedDate":"2021-10-08"},{"lineNumber":72,"author":{"gitId":"VishalJeyaram"},"content":"    }","lastModifiedDate":"2021-10-08"},{"lineNumber":73,"author":{"gitId":"VishalJeyaram"},"content":"","lastModifiedDate":"2021-10-08"},{"lineNumber":74,"author":{"gitId":"VishalJeyaram"},"content":"    public static String getScheduleDescription(String inputArguments) throws DukeException {","lastModifiedDate":"2021-10-08"},{"lineNumber":75,"author":{"gitId":"VishalJeyaram"},"content":"        String[] userInput \u003d inputArguments.split(\" /d \");","lastModifiedDate":"2021-10-08"},{"lineNumber":76,"author":{"gitId":"VishalJeyaram"},"content":"        String description \u003d userInput[0];","lastModifiedDate":"2021-10-08"},{"lineNumber":77,"author":{"gitId":"VishalJeyaram"},"content":"        return description;","lastModifiedDate":"2021-10-08"},{"lineNumber":78,"author":{"gitId":"VishalJeyaram"},"content":"    }","lastModifiedDate":"2021-10-08"},{"lineNumber":79,"author":{"gitId":"VishalJeyaram"},"content":"","lastModifiedDate":"2021-10-08"},{"lineNumber":80,"author":{"gitId":"VishalJeyaram"},"content":"","lastModifiedDate":"2021-10-08"},{"lineNumber":81,"author":{"gitId":"VishalJeyaram"},"content":"","lastModifiedDate":"2021-10-08"},{"lineNumber":82,"author":{"gitId":"VishalJeyaram"},"content":"","lastModifiedDate":"2021-10-08"},{"lineNumber":83,"author":{"gitId":"arvejw"},"content":"}","lastModifiedDate":"2021-10-08"}],"authorContributionMap":{"VishalJeyaram":75,"arvejw":8}},{"path":"src/main/java/seedu/duke/TaskList.java","fileType":"functional-code","lines":[{"lineNumber":1,"author":{"gitId":"EdwardZYWang"},"content":"package seedu.duke;","lastModifiedDate":"2021-10-07"},{"lineNumber":2,"author":{"gitId":"EdwardZYWang"},"content":"","lastModifiedDate":"2021-10-07"},{"lineNumber":3,"author":{"gitId":"EdwardZYWang"},"content":"public class TaskList {","lastModifiedDate":"2021-10-07"},{"lineNumber":4,"author":{"gitId":"EdwardZYWang"},"content":"}","lastModifiedDate":"2021-10-07"}],"authorContributionMap":{"EdwardZYWang":4}},{"path":"src/main/java/seedu/duke/Tracker.java","fileType":"functional-code","lines":[{"lineNumber":1,"author":{"gitId":"VishalJeyaram"},"content":"package seedu.duke;","lastModifiedDate":"2021-10-08"},{"lineNumber":2,"author":{"gitId":"VishalJeyaram"},"content":"","lastModifiedDate":"2021-10-08"},{"lineNumber":3,"author":{"gitId":"VishalJeyaram"},"content":"public abstract class Tracker {","lastModifiedDate":"2021-10-08"},{"lineNumber":4,"author":{"gitId":"VishalJeyaram"},"content":"}","lastModifiedDate":"2021-10-08"}],"authorContributionMap":{"VishalJeyaram":4}},{"path":"src/main/java/seedu/duke/Ui.java","fileType":"functional-code","lines":[{"lineNumber":1,"author":{"gitId":"VishalJeyaram"},"content":"package seedu.duke;","lastModifiedDate":"2021-10-07"},{"lineNumber":2,"author":{"gitId":"VishalJeyaram"},"content":"","lastModifiedDate":"2021-10-07"},{"lineNumber":3,"author":{"gitId":"VishalJeyaram"},"content":"public class Ui {","lastModifiedDate":"2021-10-07"},{"lineNumber":4,"author":{"gitId":"VishalJeyaram"},"content":"","lastModifiedDate":"2021-10-07"},{"lineNumber":5,"author":{"gitId":"VishalJeyaram"},"content":"}","lastModifiedDate":"2021-10-07"}],"authorContributionMap":{"VishalJeyaram":5}},{"path":"src/main/java/seedu/duke/WeightTracker.java","fileType":"functional-code","lines":[{"lineNumber":1,"author":{"gitId":"teoziyiivy"},"content":"package seedu.duke;","lastModifiedDate":"2021-10-06"},{"lineNumber":2,"author":{"gitId":"teoziyiivy"},"content":"","lastModifiedDate":"2021-10-06"},{"lineNumber":3,"author":{"gitId":"EdwardZYWang"},"content":"import java.util.ArrayList;","lastModifiedDate":"2021-10-07"},{"lineNumber":4,"author":{"gitId":"EdwardZYWang"},"content":"","lastModifiedDate":"2021-10-07"},{"lineNumber":5,"author":{"gitId":"teoziyiivy"},"content":"public class WeightTracker {","lastModifiedDate":"2021-10-06"},{"lineNumber":6,"author":{"gitId":"EdwardZYWang"},"content":"    protected ArrayList\u003cString\u003e weightsArray;","lastModifiedDate":"2021-10-07"},{"lineNumber":7,"author":{"gitId":"EdwardZYWang"},"content":"    protected int numberOfWeights;","lastModifiedDate":"2021-10-07"},{"lineNumber":8,"author":{"gitId":"EdwardZYWang"},"content":"","lastModifiedDate":"2021-10-07"},{"lineNumber":9,"author":{"gitId":"EdwardZYWang"},"content":"","lastModifiedDate":"2021-10-07"},{"lineNumber":10,"author":{"gitId":"EdwardZYWang"},"content":"    public WeightTracker() {","lastModifiedDate":"2021-10-07"},{"lineNumber":11,"author":{"gitId":"EdwardZYWang"},"content":"        this.weightsArray \u003d new ArrayList\u003c\u003e();","lastModifiedDate":"2021-10-07"},{"lineNumber":12,"author":{"gitId":"EdwardZYWang"},"content":"        this.numberOfWeights \u003d 0;","lastModifiedDate":"2021-10-07"},{"lineNumber":13,"author":{"gitId":"EdwardZYWang"},"content":"    }","lastModifiedDate":"2021-10-07"},{"lineNumber":14,"author":{"gitId":"EdwardZYWang"},"content":"","lastModifiedDate":"2021-10-07"},{"lineNumber":15,"author":{"gitId":"EdwardZYWang"},"content":"    public void readInput(String input) {","lastModifiedDate":"2021-10-07"},{"lineNumber":16,"author":{"gitId":"EdwardZYWang"},"content":"        String[] splitLine \u003d input.split(\" \", 2);","lastModifiedDate":"2021-10-07"},{"lineNumber":17,"author":{"gitId":"EdwardZYWang"},"content":"        String command \u003d splitLine[0];","lastModifiedDate":"2021-10-07"},{"lineNumber":18,"author":{"gitId":"EdwardZYWang"},"content":"        input \u003d input.replaceAll(\"^\" + command + \" \", \"\");","lastModifiedDate":"2021-10-07"},{"lineNumber":19,"author":{"gitId":"EdwardZYWang"},"content":"        if (command.equals(\"checkweight\")) {","lastModifiedDate":"2021-10-07"},{"lineNumber":20,"author":{"gitId":"EdwardZYWang"},"content":"            printWeight();","lastModifiedDate":"2021-10-07"},{"lineNumber":21,"author":{"gitId":"EdwardZYWang"},"content":"        } else if (command.equals(\"addweight\")) {","lastModifiedDate":"2021-10-07"},{"lineNumber":22,"author":{"gitId":"EdwardZYWang"},"content":"            try {","lastModifiedDate":"2021-10-07"},{"lineNumber":23,"author":{"gitId":"EdwardZYWang"},"content":"                addWeight(input);","lastModifiedDate":"2021-10-07"},{"lineNumber":24,"author":{"gitId":"EdwardZYWang"},"content":"            } catch (AddWeightException e) {","lastModifiedDate":"2021-10-07"},{"lineNumber":25,"author":{"gitId":"EdwardZYWang"},"content":"                printAddWeightException();","lastModifiedDate":"2021-10-07"},{"lineNumber":26,"author":{"gitId":"EdwardZYWang"},"content":"            }","lastModifiedDate":"2021-10-07"},{"lineNumber":27,"author":{"gitId":"EdwardZYWang"},"content":"        }","lastModifiedDate":"2021-10-07"},{"lineNumber":28,"author":{"gitId":"EdwardZYWang"},"content":"    }","lastModifiedDate":"2021-10-07"},{"lineNumber":29,"author":{"gitId":"teoziyiivy"},"content":"","lastModifiedDate":"2021-10-06"},{"lineNumber":30,"author":{"gitId":"EdwardZYWang"},"content":"    public void printAddWeightResponse(String weight, String date) {","lastModifiedDate":"2021-10-07"},{"lineNumber":31,"author":{"gitId":"EdwardZYWang"},"content":"        System.out.println(\"Noted! CLI.ckFit has recorded your weight as \"","lastModifiedDate":"2021-10-07"},{"lineNumber":32,"author":{"gitId":"EdwardZYWang"},"content":"                + weight + \" on \" + date + \". Check back for your progress!\");","lastModifiedDate":"2021-10-07"},{"lineNumber":33,"author":{"gitId":"teoziyiivy"},"content":"    }","lastModifiedDate":"2021-10-06"},{"lineNumber":34,"author":{"gitId":"teoziyiivy"},"content":"","lastModifiedDate":"2021-10-06"},{"lineNumber":35,"author":{"gitId":"EdwardZYWang"},"content":"    public void printAddWeightException() {","lastModifiedDate":"2021-10-07"},{"lineNumber":36,"author":{"gitId":"EdwardZYWang"},"content":"        System.out.println(\"There was a problem adding your weight.\");","lastModifiedDate":"2021-10-07"},{"lineNumber":37,"author":{"gitId":"teoziyiivy"},"content":"    }","lastModifiedDate":"2021-10-06"},{"lineNumber":38,"author":{"gitId":"teoziyiivy"},"content":"","lastModifiedDate":"2021-10-06"},{"lineNumber":39,"author":{"gitId":"EdwardZYWang"},"content":"    public void addWeight(String input) throws AddWeightException {","lastModifiedDate":"2021-10-07"},{"lineNumber":40,"author":{"gitId":"EdwardZYWang"},"content":"        if (!input.matches(\"(.*) (.*)\")) {","lastModifiedDate":"2021-10-07"},{"lineNumber":41,"author":{"gitId":"EdwardZYWang"},"content":"            throw new AddWeightException();","lastModifiedDate":"2021-10-07"},{"lineNumber":42,"author":{"gitId":"EdwardZYWang"},"content":"        } else {","lastModifiedDate":"2021-10-07"},{"lineNumber":43,"author":{"gitId":"EdwardZYWang"},"content":"            //extracting the weight and date","lastModifiedDate":"2021-10-07"},{"lineNumber":44,"author":{"gitId":"EdwardZYWang"},"content":"            String weight \u003d input.replaceAll(\" .+\", \"\");","lastModifiedDate":"2021-10-07"},{"lineNumber":45,"author":{"gitId":"EdwardZYWang"},"content":"            String date \u003d input.replaceAll(\".+ \", \"\");","lastModifiedDate":"2021-10-07"},{"lineNumber":46,"author":{"gitId":"EdwardZYWang"},"content":"            //weights.add(new WeightTracker(weight, date));","lastModifiedDate":"2021-10-07"},{"lineNumber":47,"author":{"gitId":"EdwardZYWang"},"content":"            printAddWeightResponse(weight, date);","lastModifiedDate":"2021-10-07"},{"lineNumber":48,"author":{"gitId":"EdwardZYWang"},"content":"            weightsArray.add(input);","lastModifiedDate":"2021-10-07"},{"lineNumber":49,"author":{"gitId":"EdwardZYWang"},"content":"            numberOfWeights +\u003d 1;","lastModifiedDate":"2021-10-07"},{"lineNumber":50,"author":{"gitId":"EdwardZYWang"},"content":"        }","lastModifiedDate":"2021-10-07"},{"lineNumber":51,"author":{"gitId":"teoziyiivy"},"content":"    }","lastModifiedDate":"2021-10-06"},{"lineNumber":52,"author":{"gitId":"teoziyiivy"},"content":"","lastModifiedDate":"2021-10-06"},{"lineNumber":53,"author":{"gitId":"EdwardZYWang"},"content":"    public void printWeight() {","lastModifiedDate":"2021-10-07"},{"lineNumber":54,"author":{"gitId":"EdwardZYWang"},"content":"        System.out.println(\"Here are your recorded weights:\");","lastModifiedDate":"2021-10-07"},{"lineNumber":55,"author":{"gitId":"EdwardZYWang"},"content":"        for (String a : weightsArray) {","lastModifiedDate":"2021-10-07"},{"lineNumber":56,"author":{"gitId":"EdwardZYWang"},"content":"            System.out.println(a);","lastModifiedDate":"2021-10-07"},{"lineNumber":57,"author":{"gitId":"EdwardZYWang"},"content":"        }","lastModifiedDate":"2021-10-07"},{"lineNumber":58,"author":{"gitId":"teoziyiivy"},"content":"    }","lastModifiedDate":"2021-10-06"},{"lineNumber":59,"author":{"gitId":"teoziyiivy"},"content":"}","lastModifiedDate":"2021-10-06"}],"authorContributionMap":{"teoziyiivy":12,"EdwardZYWang":47}},{"path":"src/main/java/seedu/duke/gym/CompletedGymWorkout.java","fileType":"functional-code","lines":[{"lineNumber":1,"author":{"gitId":"arvejw"},"content":"package seedu.duke.gym;","lastModifiedDate":"2021-10-06"},{"lineNumber":2,"author":{"gitId":"arvejw"},"content":"","lastModifiedDate":"2021-10-06"},{"lineNumber":3,"author":{"gitId":"arvejw"},"content":"public class CompletedGymWorkout extends GymWorkout {","lastModifiedDate":"2021-10-06"},{"lineNumber":4,"author":{"gitId":"arvejw"},"content":"    private int caloriesBurned;","lastModifiedDate":"2021-10-06"},{"lineNumber":5,"author":{"gitId":"arvejw"},"content":"","lastModifiedDate":"2021-10-06"},{"lineNumber":6,"author":{"gitId":"arvejw"},"content":"    public CompletedGymWorkout(String activityDescription, String activityAt, int caloriesBurned) {","lastModifiedDate":"2021-10-06"},{"lineNumber":7,"author":{"gitId":"arvejw"},"content":"        super(activityDescription, activityAt);","lastModifiedDate":"2021-10-06"},{"lineNumber":8,"author":{"gitId":"arvejw"},"content":"        this.caloriesBurned \u003d caloriesBurned;","lastModifiedDate":"2021-10-06"},{"lineNumber":9,"author":{"gitId":"arvejw"},"content":"    }","lastModifiedDate":"2021-10-06"},{"lineNumber":10,"author":{"gitId":"arvejw"},"content":"","lastModifiedDate":"2021-10-06"},{"lineNumber":11,"author":{"gitId":"arvejw"},"content":"    public int getCaloriesBurned() {","lastModifiedDate":"2021-10-06"},{"lineNumber":12,"author":{"gitId":"arvejw"},"content":"        return caloriesBurned;","lastModifiedDate":"2021-10-06"},{"lineNumber":13,"author":{"gitId":"arvejw"},"content":"    }","lastModifiedDate":"2021-10-06"},{"lineNumber":14,"author":{"gitId":"arvejw"},"content":"","lastModifiedDate":"2021-10-06"},{"lineNumber":15,"author":{"gitId":"arvejw"},"content":"    public void setCaloriesBurned(int caloriesBurned) {","lastModifiedDate":"2021-10-06"},{"lineNumber":16,"author":{"gitId":"arvejw"},"content":"        this.caloriesBurned \u003d caloriesBurned;","lastModifiedDate":"2021-10-06"},{"lineNumber":17,"author":{"gitId":"arvejw"},"content":"    }","lastModifiedDate":"2021-10-06"},{"lineNumber":18,"author":{"gitId":"arvejw"},"content":"}","lastModifiedDate":"2021-10-06"}],"authorContributionMap":{"arvejw":18}},{"path":"src/main/java/seedu/duke/gym/GymManager.java","fileType":"functional-code","lines":[{"lineNumber":1,"author":{"gitId":"arvejw"},"content":"package seedu.duke.gym;","lastModifiedDate":"2021-10-06"},{"lineNumber":2,"author":{"gitId":"arvejw"},"content":"","lastModifiedDate":"2021-10-06"},{"lineNumber":3,"author":{"gitId":"arvejw"},"content":"import java.util.ArrayList;","lastModifiedDate":"2021-10-06"},{"lineNumber":4,"author":{"gitId":"arvejw"},"content":"","lastModifiedDate":"2021-10-06"},{"lineNumber":5,"author":{"gitId":"arvejw"},"content":"public class GymManager {","lastModifiedDate":"2021-10-06"},{"lineNumber":6,"author":{"gitId":"arvejw"},"content":"    private ArrayList\u003cGymWorkout\u003e gymScheduleList;","lastModifiedDate":"2021-10-06"},{"lineNumber":7,"author":{"gitId":"arvejw"},"content":"    private ArrayList\u003cCompletedGymWorkout\u003e completedGymWorkoutList;","lastModifiedDate":"2021-10-06"},{"lineNumber":8,"author":{"gitId":"arvejw"},"content":"    private static final int LOWER_BOUND_INDEX_NON_EMPTY_LIST_ONES_INDEXING \u003d 1;","lastModifiedDate":"2021-10-06"},{"lineNumber":9,"author":{"gitId":"arvejw"},"content":"    private static final int OFFSET_BY_1 \u003d 1; //OFFSET to convert between 0 \u0026 1\u0027s Indexing","lastModifiedDate":"2021-10-06"},{"lineNumber":10,"author":{"gitId":"arvejw"},"content":"","lastModifiedDate":"2021-10-06"},{"lineNumber":11,"author":{"gitId":"arvejw"},"content":"    public GymManager() {","lastModifiedDate":"2021-10-06"},{"lineNumber":12,"author":{"gitId":"arvejw"},"content":"        gymScheduleList \u003d new ArrayList\u003cGymWorkout\u003e();","lastModifiedDate":"2021-10-06"},{"lineNumber":13,"author":{"gitId":"arvejw"},"content":"        completedGymWorkoutList \u003d new ArrayList\u003cCompletedGymWorkout\u003e();","lastModifiedDate":"2021-10-06"},{"lineNumber":14,"author":{"gitId":"arvejw"},"content":"    }","lastModifiedDate":"2021-10-06"},{"lineNumber":15,"author":{"gitId":"arvejw"},"content":"","lastModifiedDate":"2021-10-06"},{"lineNumber":16,"author":{"gitId":"arvejw"},"content":"    // e.g. schedule chest day /at 12pm","lastModifiedDate":"2021-10-07"},{"lineNumber":17,"author":{"gitId":"arvejw"},"content":"    public void addGymWorkout(String input) {","lastModifiedDate":"2021-10-07"},{"lineNumber":18,"author":{"gitId":"arvejw"},"content":"        String[] arguments \u003d input.trim().split(\"/at\", 2);","lastModifiedDate":"2021-10-07"},{"lineNumber":19,"author":{"gitId":"arvejw"},"content":"        gymScheduleList.add(new GymWorkout(arguments[0].trim(), arguments[1].trim()));","lastModifiedDate":"2021-10-07"},{"lineNumber":20,"author":{"gitId":"arvejw"},"content":"        System.out.println(\"Noted! CLI.ckFit has scheduled your workout of \" + arguments[0].trim()","lastModifiedDate":"2021-10-07"},{"lineNumber":21,"author":{"gitId":"arvejw"},"content":"                + \" at \" + arguments[1].trim() + \".\");","lastModifiedDate":"2021-10-07"},{"lineNumber":22,"author":{"gitId":"arvejw"},"content":"    }","lastModifiedDate":"2021-10-07"},{"lineNumber":23,"author":{"gitId":"arvejw"},"content":"","lastModifiedDate":"2021-10-07"},{"lineNumber":24,"author":{"gitId":"arvejw"},"content":"    public void addGymWorkout(String activityDescription, String activityAt) {","lastModifiedDate":"2021-10-07"},{"lineNumber":25,"author":{"gitId":"arvejw"},"content":"        gymScheduleList.add(new GymWorkout(activityDescription, activityAt));","lastModifiedDate":"2021-10-07"},{"lineNumber":26,"author":{"gitId":"arvejw"},"content":"    }","lastModifiedDate":"2021-10-07"},{"lineNumber":27,"author":{"gitId":"arvejw"},"content":"","lastModifiedDate":"2021-10-07"},{"lineNumber":28,"author":{"gitId":"arvejw"},"content":"    // e.g. workout chest day /at 12pm /c 356","lastModifiedDate":"2021-10-07"},{"lineNumber":29,"author":{"gitId":"arvejw"},"content":"    public void doneGymWorkout(String input) {","lastModifiedDate":"2021-10-07"},{"lineNumber":30,"author":{"gitId":"arvejw"},"content":"        String[] arguments \u003d input.trim().split(\"/at\", 2);","lastModifiedDate":"2021-10-07"},{"lineNumber":31,"author":{"gitId":"arvejw"},"content":"        String[] arguments2 \u003d arguments[1].trim().split(\"/c\", 2);","lastModifiedDate":"2021-10-07"},{"lineNumber":32,"author":{"gitId":"arvejw"},"content":"        int calories \u003d Integer.parseInt(arguments2[1].trim());","lastModifiedDate":"2021-10-07"},{"lineNumber":33,"author":{"gitId":"arvejw"},"content":"        completedGymWorkoutList.add(","lastModifiedDate":"2021-10-07"},{"lineNumber":34,"author":{"gitId":"arvejw"},"content":"                new CompletedGymWorkout(arguments[0].trim(), arguments2[0].trim(), calories)","lastModifiedDate":"2021-10-07"},{"lineNumber":35,"author":{"gitId":"arvejw"},"content":"        );","lastModifiedDate":"2021-10-07"},{"lineNumber":36,"author":{"gitId":"arvejw"},"content":"        System.out.println(\"Noted! CLI.ckFit has recorded your workout of \" + arguments[0].trim()","lastModifiedDate":"2021-10-07"},{"lineNumber":37,"author":{"gitId":"arvejw"},"content":"                + \" at \" + arguments2[0].trim() + \". \" + calories + \" calories have been burned. Keep working!\");","lastModifiedDate":"2021-10-07"},{"lineNumber":38,"author":{"gitId":"arvejw"},"content":"    }","lastModifiedDate":"2021-10-07"},{"lineNumber":39,"author":{"gitId":"arvejw"},"content":"","lastModifiedDate":"2021-10-07"},{"lineNumber":40,"author":{"gitId":"arvejw"},"content":"    // if activity exists in schedule list can use activity number","lastModifiedDate":"2021-10-07"},{"lineNumber":41,"author":{"gitId":"arvejw"},"content":"    // once date/time properly implemented only workouts on the current date can be \"done\"","lastModifiedDate":"2021-10-07"},{"lineNumber":42,"author":{"gitId":"arvejw"},"content":"    public void doneGymWorkout(int workoutNumber, int caloriesBurned) {","lastModifiedDate":"2021-10-07"},{"lineNumber":43,"author":{"gitId":"arvejw"},"content":"        //short circuit if empty","lastModifiedDate":"2021-10-06"},{"lineNumber":44,"author":{"gitId":"arvejw"},"content":"        if (gymScheduleList.isEmpty()) {","lastModifiedDate":"2021-10-06"},{"lineNumber":45,"author":{"gitId":"arvejw"},"content":"            System.out.println(\"List is empty\");","lastModifiedDate":"2021-10-06"},{"lineNumber":46,"author":{"gitId":"arvejw"},"content":"            return;","lastModifiedDate":"2021-10-06"},{"lineNumber":47,"author":{"gitId":"arvejw"},"content":"        }","lastModifiedDate":"2021-10-06"},{"lineNumber":48,"author":{"gitId":"arvejw"},"content":"        if (isWorkoutNumberWithinRange(workoutNumber)) {","lastModifiedDate":"2021-10-06"},{"lineNumber":49,"author":{"gitId":"arvejw"},"content":"            completedGymWorkoutList.add(","lastModifiedDate":"2021-10-07"},{"lineNumber":50,"author":{"gitId":"arvejw"},"content":"                    new CompletedGymWorkout(gymScheduleList.get(workoutNumber - OFFSET_BY_1).getWorkoutDescription(),","lastModifiedDate":"2021-10-07"},{"lineNumber":51,"author":{"gitId":"arvejw"},"content":"                            gymScheduleList.get(workoutNumber - OFFSET_BY_1).getWorkoutAt(), caloriesBurned)","lastModifiedDate":"2021-10-07"},{"lineNumber":52,"author":{"gitId":"arvejw"},"content":"            );","lastModifiedDate":"2021-10-07"},{"lineNumber":53,"author":{"gitId":"arvejw"},"content":"        } else {","lastModifiedDate":"2021-10-06"},{"lineNumber":54,"author":{"gitId":"arvejw"},"content":"            System.out.println(\"Invalid Activity number\");","lastModifiedDate":"2021-10-06"},{"lineNumber":55,"author":{"gitId":"arvejw"},"content":"        }","lastModifiedDate":"2021-10-06"},{"lineNumber":56,"author":{"gitId":"arvejw"},"content":"    }","lastModifiedDate":"2021-10-06"},{"lineNumber":57,"author":{"gitId":"arvejw"},"content":"","lastModifiedDate":"2021-10-06"},{"lineNumber":58,"author":{"gitId":"arvejw"},"content":"    // completing activity that is not in gym schedule","lastModifiedDate":"2021-10-07"},{"lineNumber":59,"author":{"gitId":"arvejw"},"content":"    public void doneGymWorkout(String workoutDescription, String workoutAt, int caloriesBurned) {","lastModifiedDate":"2021-10-07"},{"lineNumber":60,"author":{"gitId":"arvejw"},"content":"        completedGymWorkoutList.add(","lastModifiedDate":"2021-10-07"},{"lineNumber":61,"author":{"gitId":"arvejw"},"content":"                new CompletedGymWorkout(workoutDescription, workoutAt, caloriesBurned)","lastModifiedDate":"2021-10-07"},{"lineNumber":62,"author":{"gitId":"arvejw"},"content":"        );","lastModifiedDate":"2021-10-07"},{"lineNumber":63,"author":{"gitId":"arvejw"},"content":"    }","lastModifiedDate":"2021-10-06"},{"lineNumber":64,"author":{"gitId":"arvejw"},"content":"","lastModifiedDate":"2021-10-06"},{"lineNumber":65,"author":{"gitId":"arvejw"},"content":"    public void deleteGymWorkout(int workoutNumber) {","lastModifiedDate":"2021-10-07"},{"lineNumber":66,"author":{"gitId":"arvejw"},"content":"        // short circuit if empty","lastModifiedDate":"2021-10-06"},{"lineNumber":67,"author":{"gitId":"arvejw"},"content":"        if (gymScheduleList.isEmpty()) {","lastModifiedDate":"2021-10-06"},{"lineNumber":68,"author":{"gitId":"arvejw"},"content":"            System.out.println(\"List is empty\");","lastModifiedDate":"2021-10-06"},{"lineNumber":69,"author":{"gitId":"arvejw"},"content":"            return;","lastModifiedDate":"2021-10-06"},{"lineNumber":70,"author":{"gitId":"arvejw"},"content":"        }","lastModifiedDate":"2021-10-06"},{"lineNumber":71,"author":{"gitId":"arvejw"},"content":"        if (isWorkoutNumberWithinRange(workoutNumber)) {","lastModifiedDate":"2021-10-06"},{"lineNumber":72,"author":{"gitId":"arvejw"},"content":"            gymScheduleList.remove(workoutNumber - OFFSET_BY_1);","lastModifiedDate":"2021-10-07"},{"lineNumber":73,"author":{"gitId":"arvejw"},"content":"        } else {","lastModifiedDate":"2021-10-06"},{"lineNumber":74,"author":{"gitId":"arvejw"},"content":"            System.out.println(\"Invalid Activity number\");","lastModifiedDate":"2021-10-06"},{"lineNumber":75,"author":{"gitId":"arvejw"},"content":"        }","lastModifiedDate":"2021-10-06"},{"lineNumber":76,"author":{"gitId":"arvejw"},"content":"    }","lastModifiedDate":"2021-10-06"},{"lineNumber":77,"author":{"gitId":"arvejw"},"content":"","lastModifiedDate":"2021-10-06"},{"lineNumber":78,"author":{"gitId":"arvejw"},"content":"    public boolean isWorkoutNumberWithinRange(int workoutNumber) {","lastModifiedDate":"2021-10-07"},{"lineNumber":79,"author":{"gitId":"arvejw"},"content":"        //short circuit if empty","lastModifiedDate":"2021-10-07"},{"lineNumber":80,"author":{"gitId":"arvejw"},"content":"        if (gymScheduleList.isEmpty()) {","lastModifiedDate":"2021-10-07"},{"lineNumber":81,"author":{"gitId":"arvejw"},"content":"            return false;","lastModifiedDate":"2021-10-07"},{"lineNumber":82,"author":{"gitId":"arvejw"},"content":"        }","lastModifiedDate":"2021-10-07"},{"lineNumber":83,"author":{"gitId":"arvejw"},"content":"        int upperBound \u003d gymScheduleList.size();","lastModifiedDate":"2021-10-07"},{"lineNumber":84,"author":{"gitId":"arvejw"},"content":"        int lowerBound \u003d LOWER_BOUND_INDEX_NON_EMPTY_LIST_ONES_INDEXING; // equals 1","lastModifiedDate":"2021-10-07"},{"lineNumber":85,"author":{"gitId":"arvejw"},"content":"        return (workoutNumber \u003e\u003d lowerBound) \u0026\u0026 (workoutNumber \u003c\u003d upperBound) ? true : false;","lastModifiedDate":"2021-10-07"},{"lineNumber":86,"author":{"gitId":"arvejw"},"content":"    }","lastModifiedDate":"2021-10-06"},{"lineNumber":87,"author":{"gitId":"arvejw"},"content":"","lastModifiedDate":"2021-10-06"},{"lineNumber":88,"author":{"gitId":"arvejw"},"content":"    public void deleteCompletedGymWorkout(int activityWorkout) {","lastModifiedDate":"2021-10-06"},{"lineNumber":89,"author":{"gitId":"arvejw"},"content":"        // short circuit if empty","lastModifiedDate":"2021-10-06"},{"lineNumber":90,"author":{"gitId":"arvejw"},"content":"        if (completedGymWorkoutList.isEmpty()) {","lastModifiedDate":"2021-10-06"},{"lineNumber":91,"author":{"gitId":"arvejw"},"content":"            System.out.println(\"List is empty\");","lastModifiedDate":"2021-10-06"},{"lineNumber":92,"author":{"gitId":"arvejw"},"content":"            return;","lastModifiedDate":"2021-10-06"},{"lineNumber":93,"author":{"gitId":"arvejw"},"content":"        }","lastModifiedDate":"2021-10-06"},{"lineNumber":94,"author":{"gitId":"arvejw"},"content":"        if (isWorkoutNumberWithinRange(activityWorkout)) {","lastModifiedDate":"2021-10-06"},{"lineNumber":95,"author":{"gitId":"arvejw"},"content":"            completedGymWorkoutList.remove(activityWorkout - OFFSET_BY_1);","lastModifiedDate":"2021-10-06"},{"lineNumber":96,"author":{"gitId":"arvejw"},"content":"        } else {","lastModifiedDate":"2021-10-06"},{"lineNumber":97,"author":{"gitId":"arvejw"},"content":"            System.out.println(\"Invalid Activity number\");","lastModifiedDate":"2021-10-06"},{"lineNumber":98,"author":{"gitId":"arvejw"},"content":"        }","lastModifiedDate":"2021-10-06"},{"lineNumber":99,"author":{"gitId":"arvejw"},"content":"    }","lastModifiedDate":"2021-10-06"},{"lineNumber":100,"author":{"gitId":"arvejw"},"content":"","lastModifiedDate":"2021-10-06"},{"lineNumber":101,"author":{"gitId":"arvejw"},"content":"    public void printGymSchedule() {","lastModifiedDate":"2021-10-06"},{"lineNumber":102,"author":{"gitId":"arvejw"},"content":"        // short circuit if empty","lastModifiedDate":"2021-10-06"},{"lineNumber":103,"author":{"gitId":"arvejw"},"content":"        if (gymScheduleList.isEmpty()) {","lastModifiedDate":"2021-10-06"},{"lineNumber":104,"author":{"gitId":"arvejw"},"content":"            System.out.println(\"List is empty\");","lastModifiedDate":"2021-10-06"},{"lineNumber":105,"author":{"gitId":"arvejw"},"content":"            return;","lastModifiedDate":"2021-10-06"},{"lineNumber":106,"author":{"gitId":"arvejw"},"content":"        }","lastModifiedDate":"2021-10-06"},{"lineNumber":107,"author":{"gitId":"arvejw"},"content":"        int currentIndex \u003d 1;","lastModifiedDate":"2021-10-06"},{"lineNumber":108,"author":{"gitId":"arvejw"},"content":"        for (GymWorkout a : gymScheduleList) {","lastModifiedDate":"2021-10-06"},{"lineNumber":109,"author":{"gitId":"arvejw"},"content":"            //placeholder before user interface class implemented","lastModifiedDate":"2021-10-06"},{"lineNumber":110,"author":{"gitId":"arvejw"},"content":"            System.out.println(currentIndex + \". \" + a.getWorkoutDescription() + \"(at: \" + a.getWorkoutAt() + \")\");","lastModifiedDate":"2021-10-06"},{"lineNumber":111,"author":{"gitId":"arvejw"},"content":"            currentIndex++;","lastModifiedDate":"2021-10-06"},{"lineNumber":112,"author":{"gitId":"arvejw"},"content":"        }","lastModifiedDate":"2021-10-06"},{"lineNumber":113,"author":{"gitId":"arvejw"},"content":"    }","lastModifiedDate":"2021-10-06"},{"lineNumber":114,"author":{"gitId":"arvejw"},"content":"","lastModifiedDate":"2021-10-06"},{"lineNumber":115,"author":{"gitId":"arvejw"},"content":"    public void printCompletedGymWorkouts() {","lastModifiedDate":"2021-10-06"},{"lineNumber":116,"author":{"gitId":"arvejw"},"content":"        // short circuit if empty","lastModifiedDate":"2021-10-06"},{"lineNumber":117,"author":{"gitId":"arvejw"},"content":"        if (completedGymWorkoutList.isEmpty()) {","lastModifiedDate":"2021-10-06"},{"lineNumber":118,"author":{"gitId":"arvejw"},"content":"            System.out.println(\"Completed list is empty\");","lastModifiedDate":"2021-10-06"},{"lineNumber":119,"author":{"gitId":"arvejw"},"content":"            return;","lastModifiedDate":"2021-10-06"},{"lineNumber":120,"author":{"gitId":"arvejw"},"content":"        }","lastModifiedDate":"2021-10-06"},{"lineNumber":121,"author":{"gitId":"arvejw"},"content":"        int currentIndex \u003d 1;","lastModifiedDate":"2021-10-06"},{"lineNumber":122,"author":{"gitId":"arvejw"},"content":"        for (CompletedGymWorkout a : completedGymWorkoutList) {","lastModifiedDate":"2021-10-06"},{"lineNumber":123,"author":{"gitId":"arvejw"},"content":"            //placeholder before user interface class implemented","lastModifiedDate":"2021-10-06"},{"lineNumber":124,"author":{"gitId":"arvejw"},"content":"            System.out.println(currentIndex + \". \" + a.getWorkoutDescription() + \"(at: \" + a.getWorkoutAt()","lastModifiedDate":"2021-10-06"},{"lineNumber":125,"author":{"gitId":"arvejw"},"content":"                    + \")(calories burned: \" + a.getCaloriesBurned() + \")\");","lastModifiedDate":"2021-10-06"},{"lineNumber":126,"author":{"gitId":"arvejw"},"content":"            currentIndex++;","lastModifiedDate":"2021-10-06"},{"lineNumber":127,"author":{"gitId":"arvejw"},"content":"        }","lastModifiedDate":"2021-10-06"},{"lineNumber":128,"author":{"gitId":"arvejw"},"content":"    }","lastModifiedDate":"2021-10-06"},{"lineNumber":129,"author":{"gitId":"arvejw"},"content":"}","lastModifiedDate":"2021-10-06"}],"authorContributionMap":{"arvejw":129}},{"path":"src/main/java/seedu/duke/gym/GymWorkout.java","fileType":"functional-code","lines":[{"lineNumber":1,"author":{"gitId":"arvejw"},"content":"package seedu.duke.gym;","lastModifiedDate":"2021-10-06"},{"lineNumber":2,"author":{"gitId":"arvejw"},"content":"","lastModifiedDate":"2021-10-06"},{"lineNumber":3,"author":{"gitId":"arvejw"},"content":"public class GymWorkout {","lastModifiedDate":"2021-10-06"},{"lineNumber":4,"author":{"gitId":"arvejw"},"content":"    private String workoutDescription;","lastModifiedDate":"2021-10-06"},{"lineNumber":5,"author":{"gitId":"arvejw"},"content":"    private String workoutAt; //todo: store as DateTime instead of String","lastModifiedDate":"2021-10-06"},{"lineNumber":6,"author":{"gitId":"arvejw"},"content":"","lastModifiedDate":"2021-10-06"},{"lineNumber":7,"author":{"gitId":"arvejw"},"content":"    public GymWorkout(String workoutDescription, String workoutAt) {","lastModifiedDate":"2021-10-06"},{"lineNumber":8,"author":{"gitId":"arvejw"},"content":"        this.workoutDescription \u003d workoutDescription;","lastModifiedDate":"2021-10-06"},{"lineNumber":9,"author":{"gitId":"arvejw"},"content":"        this.workoutAt \u003d workoutAt;","lastModifiedDate":"2021-10-06"},{"lineNumber":10,"author":{"gitId":"arvejw"},"content":"    }","lastModifiedDate":"2021-10-06"},{"lineNumber":11,"author":{"gitId":"arvejw"},"content":"","lastModifiedDate":"2021-10-06"},{"lineNumber":12,"author":{"gitId":"arvejw"},"content":"    public String getWorkoutDescription() {","lastModifiedDate":"2021-10-06"},{"lineNumber":13,"author":{"gitId":"arvejw"},"content":"        return workoutDescription;","lastModifiedDate":"2021-10-06"},{"lineNumber":14,"author":{"gitId":"arvejw"},"content":"    }","lastModifiedDate":"2021-10-06"},{"lineNumber":15,"author":{"gitId":"arvejw"},"content":"","lastModifiedDate":"2021-10-06"},{"lineNumber":16,"author":{"gitId":"arvejw"},"content":"    public void setWorkoutDescription(String workoutDescription) {","lastModifiedDate":"2021-10-06"},{"lineNumber":17,"author":{"gitId":"arvejw"},"content":"        this.workoutDescription \u003d workoutDescription;","lastModifiedDate":"2021-10-06"},{"lineNumber":18,"author":{"gitId":"arvejw"},"content":"    }","lastModifiedDate":"2021-10-06"},{"lineNumber":19,"author":{"gitId":"arvejw"},"content":"","lastModifiedDate":"2021-10-06"},{"lineNumber":20,"author":{"gitId":"arvejw"},"content":"    public String getWorkoutAt() {","lastModifiedDate":"2021-10-06"},{"lineNumber":21,"author":{"gitId":"arvejw"},"content":"        return workoutAt;","lastModifiedDate":"2021-10-06"},{"lineNumber":22,"author":{"gitId":"arvejw"},"content":"    }","lastModifiedDate":"2021-10-06"},{"lineNumber":23,"author":{"gitId":"arvejw"},"content":"","lastModifiedDate":"2021-10-06"},{"lineNumber":24,"author":{"gitId":"arvejw"},"content":"    public void setWorkoutAt(String workoutAt) {","lastModifiedDate":"2021-10-06"},{"lineNumber":25,"author":{"gitId":"arvejw"},"content":"        this.workoutAt \u003d workoutAt;","lastModifiedDate":"2021-10-06"},{"lineNumber":26,"author":{"gitId":"arvejw"},"content":"    }","lastModifiedDate":"2021-10-06"},{"lineNumber":27,"author":{"gitId":"arvejw"},"content":"}","lastModifiedDate":"2021-10-06"}],"authorContributionMap":{"arvejw":27}},{"path":"src/test/java/seedu/duke/CommandManagerTest.java","fileType":"test-code","lines":[{"lineNumber":1,"author":{"gitId":"EdwardZYWang"},"content":"package seedu.duke;","lastModifiedDate":"2021-10-08"},{"lineNumber":2,"author":{"gitId":"EdwardZYWang"},"content":"","lastModifiedDate":"2021-10-08"},{"lineNumber":3,"author":{"gitId":"EdwardZYWang"},"content":"import org.junit.jupiter.api.Test;","lastModifiedDate":"2021-10-08"},{"lineNumber":4,"author":{"gitId":"EdwardZYWang"},"content":"","lastModifiedDate":"2021-10-08"},{"lineNumber":5,"author":{"gitId":"EdwardZYWang"},"content":"class CommandManagerTest {","lastModifiedDate":"2021-10-08"},{"lineNumber":6,"author":{"gitId":"EdwardZYWang"},"content":"    @Test","lastModifiedDate":"2021-10-08"},{"lineNumber":7,"author":{"gitId":"EdwardZYWang"},"content":"    void commandManager() {","lastModifiedDate":"2021-10-08"},{"lineNumber":8,"author":{"gitId":"EdwardZYWang"},"content":"        String input \u003d \"drank cola 300 12/12/2021\";","lastModifiedDate":"2021-10-08"},{"lineNumber":9,"author":{"gitId":"EdwardZYWang"},"content":"        String[] result \u003d input.trim().split(\" \", 2);","lastModifiedDate":"2021-10-08"},{"lineNumber":10,"author":{"gitId":"EdwardZYWang"},"content":"        String command \u003d result[0];","lastModifiedDate":"2021-10-08"},{"lineNumber":11,"author":{"gitId":"EdwardZYWang"},"content":"        assert command.equals(\"drank\");","lastModifiedDate":"2021-10-08"},{"lineNumber":12,"author":{"gitId":"EdwardZYWang"},"content":"    }","lastModifiedDate":"2021-10-08"},{"lineNumber":13,"author":{"gitId":"EdwardZYWang"},"content":"","lastModifiedDate":"2021-10-08"},{"lineNumber":14,"author":{"gitId":"EdwardZYWang"},"content":"    @Test","lastModifiedDate":"2021-10-08"},{"lineNumber":15,"author":{"gitId":"EdwardZYWang"},"content":"    void commandManager1() {","lastModifiedDate":"2021-10-08"},{"lineNumber":16,"author":{"gitId":"EdwardZYWang"},"content":"        String input \u003d \"workout leg day /at 23:59 /c 388\";","lastModifiedDate":"2021-10-08"},{"lineNumber":17,"author":{"gitId":"EdwardZYWang"},"content":"        String[] result \u003d input.trim().split(\" \", 2);","lastModifiedDate":"2021-10-08"},{"lineNumber":18,"author":{"gitId":"EdwardZYWang"},"content":"        String command \u003d result[0];","lastModifiedDate":"2021-10-08"},{"lineNumber":19,"author":{"gitId":"EdwardZYWang"},"content":"        assert command.equals(\"workout\");","lastModifiedDate":"2021-10-08"},{"lineNumber":20,"author":{"gitId":"EdwardZYWang"},"content":"    }","lastModifiedDate":"2021-10-08"},{"lineNumber":21,"author":{"gitId":"EdwardZYWang"},"content":"","lastModifiedDate":"2021-10-08"},{"lineNumber":22,"author":{"gitId":"EdwardZYWang"},"content":"    @Test","lastModifiedDate":"2021-10-08"},{"lineNumber":23,"author":{"gitId":"EdwardZYWang"},"content":"    void commandManager2() {","lastModifiedDate":"2021-10-08"},{"lineNumber":24,"author":{"gitId":"EdwardZYWang"},"content":"        String input \u003d \"ate risotto and noodle 200 12/12/2022\";","lastModifiedDate":"2021-10-08"},{"lineNumber":25,"author":{"gitId":"EdwardZYWang"},"content":"        String[] result \u003d input.trim().split(\" \", 2);","lastModifiedDate":"2021-10-08"},{"lineNumber":26,"author":{"gitId":"EdwardZYWang"},"content":"        String command \u003d result[0];","lastModifiedDate":"2021-10-08"},{"lineNumber":27,"author":{"gitId":"EdwardZYWang"},"content":"        assert command.equals(\"ate\");","lastModifiedDate":"2021-10-08"},{"lineNumber":28,"author":{"gitId":"EdwardZYWang"},"content":"    }","lastModifiedDate":"2021-10-08"},{"lineNumber":29,"author":{"gitId":"EdwardZYWang"},"content":"","lastModifiedDate":"2021-10-08"},{"lineNumber":30,"author":{"gitId":"EdwardZYWang"},"content":"    @Test","lastModifiedDate":"2021-10-08"},{"lineNumber":31,"author":{"gitId":"EdwardZYWang"},"content":"    void commandManager3() {","lastModifiedDate":"2021-10-08"},{"lineNumber":32,"author":{"gitId":"EdwardZYWang"},"content":"        String input \u003d \"addweight 30 12/12/2021\";","lastModifiedDate":"2021-10-08"},{"lineNumber":33,"author":{"gitId":"EdwardZYWang"},"content":"        String[] result \u003d input.trim().split(\" \", 2);","lastModifiedDate":"2021-10-08"},{"lineNumber":34,"author":{"gitId":"EdwardZYWang"},"content":"        String command \u003d result[0];","lastModifiedDate":"2021-10-08"},{"lineNumber":35,"author":{"gitId":"EdwardZYWang"},"content":"        assert command.equals(\"addweight\");","lastModifiedDate":"2021-10-08"},{"lineNumber":36,"author":{"gitId":"EdwardZYWang"},"content":"    }","lastModifiedDate":"2021-10-08"},{"lineNumber":37,"author":{"gitId":"EdwardZYWang"},"content":"}","lastModifiedDate":"2021-10-08"}],"authorContributionMap":{"EdwardZYWang":37}},{"path":"src/test/java/seedu/duke/FluidTest.java","fileType":"test-code","lines":[{"lineNumber":1,"author":{"gitId":"pragyan01"},"content":"package seedu.duke;","lastModifiedDate":"2021-10-07"},{"lineNumber":2,"author":{"gitId":"pragyan01"},"content":"","lastModifiedDate":"2021-10-07"},{"lineNumber":3,"author":{"gitId":"pragyan01"},"content":"import org.junit.jupiter.api.Test;","lastModifiedDate":"2021-10-07"},{"lineNumber":4,"author":{"gitId":"pragyan01"},"content":"","lastModifiedDate":"2021-10-07"},{"lineNumber":5,"author":{"gitId":"pragyan01"},"content":"import java.time.format.DateTimeParseException;","lastModifiedDate":"2021-10-07"},{"lineNumber":6,"author":{"gitId":"pragyan01"},"content":"","lastModifiedDate":"2021-10-07"},{"lineNumber":7,"author":{"gitId":"pragyan01"},"content":"import static org.junit.jupiter.api.Assertions.assertThrows;","lastModifiedDate":"2021-10-07"},{"lineNumber":8,"author":{"gitId":"pragyan01"},"content":"","lastModifiedDate":"2021-10-07"},{"lineNumber":9,"author":{"gitId":"pragyan01"},"content":"","lastModifiedDate":"2021-10-07"},{"lineNumber":10,"author":{"gitId":"pragyan01"},"content":"class FluidTest {","lastModifiedDate":"2021-10-07"},{"lineNumber":11,"author":{"gitId":"pragyan01"},"content":"","lastModifiedDate":"2021-10-07"},{"lineNumber":12,"author":{"gitId":"pragyan01"},"content":"    @Test","lastModifiedDate":"2021-10-07"},{"lineNumber":13,"author":{"gitId":"pragyan01"},"content":"    void sayDrank() {","lastModifiedDate":"2021-10-07"},{"lineNumber":14,"author":{"gitId":"pragyan01"},"content":"        Fluid fluid \u003d new Fluid();","lastModifiedDate":"2021-10-07"},{"lineNumber":15,"author":{"gitId":"arvejw"},"content":"        String input \u003d \"drank cola 300 12-12-2021\";","lastModifiedDate":"2021-10-08"},{"lineNumber":16,"author":{"gitId":"pragyan01"},"content":"        assertThrows(DateTimeParseException.class, () -\u003e fluid.sayDrank(input));","lastModifiedDate":"2021-10-07"},{"lineNumber":17,"author":{"gitId":"pragyan01"},"content":"    }","lastModifiedDate":"2021-10-07"},{"lineNumber":18,"author":{"gitId":"pragyan01"},"content":"}","lastModifiedDate":"2021-10-07"}],"authorContributionMap":{"pragyan01":17,"arvejw":1}},{"path":"src/test/java/seedu/duke/MealTest.java","fileType":"test-code","lines":[{"lineNumber":1,"author":{"gitId":"VishalJeyaram"},"content":"package seedu.duke;","lastModifiedDate":"2021-10-07"},{"lineNumber":2,"author":{"gitId":"VishalJeyaram"},"content":"","lastModifiedDate":"2021-10-07"},{"lineNumber":3,"author":{"gitId":"VishalJeyaram"},"content":"import org.junit.jupiter.api.Assertions;","lastModifiedDate":"2021-10-07"},{"lineNumber":4,"author":{"gitId":"VishalJeyaram"},"content":"import org.junit.jupiter.api.Test;","lastModifiedDate":"2021-10-07"},{"lineNumber":5,"author":{"gitId":"VishalJeyaram"},"content":"","lastModifiedDate":"2021-10-07"},{"lineNumber":6,"author":{"gitId":"VishalJeyaram"},"content":"class MealTest {","lastModifiedDate":"2021-10-07"},{"lineNumber":7,"author":{"gitId":"VishalJeyaram"},"content":"","lastModifiedDate":"2021-10-07"},{"lineNumber":8,"author":{"gitId":"VishalJeyaram"},"content":"    @Test","lastModifiedDate":"2021-10-07"},{"lineNumber":9,"author":{"gitId":"VishalJeyaram"},"content":"    void addMeal() {","lastModifiedDate":"2021-10-07"},{"lineNumber":10,"author":{"gitId":"VishalJeyaram"},"content":"        Meal meal \u003d new Meal();","lastModifiedDate":"2021-10-07"},{"lineNumber":11,"author":{"gitId":"VishalJeyaram"},"content":"        String input \u003d \"ate pasta 14/09/2021\";","lastModifiedDate":"2021-10-07"},{"lineNumber":12,"author":{"gitId":"VishalJeyaram"},"content":"        Assertions.assertThrows(NumberFormatException.class, () -\u003e {","lastModifiedDate":"2021-10-07"},{"lineNumber":13,"author":{"gitId":"VishalJeyaram"},"content":"            meal.addMeal(input);","lastModifiedDate":"2021-10-07"},{"lineNumber":14,"author":{"gitId":"VishalJeyaram"},"content":"        });","lastModifiedDate":"2021-10-07"},{"lineNumber":15,"author":{"gitId":"VishalJeyaram"},"content":"    }","lastModifiedDate":"2021-10-07"},{"lineNumber":16,"author":{"gitId":"VishalJeyaram"},"content":"}","lastModifiedDate":"2021-10-07"}],"authorContributionMap":{"VishalJeyaram":16}},{"path":"src/test/java/seedu/duke/WeightTrackerTest.java","fileType":"test-code","lines":[{"lineNumber":1,"author":{"gitId":"teoziyiivy"},"content":"package seedu.duke;","lastModifiedDate":"2021-10-08"},{"lineNumber":2,"author":{"gitId":"teoziyiivy"},"content":"","lastModifiedDate":"2021-10-08"},{"lineNumber":3,"author":{"gitId":"teoziyiivy"},"content":"import org.junit.jupiter.api.Assertions;","lastModifiedDate":"2021-10-08"},{"lineNumber":4,"author":{"gitId":"teoziyiivy"},"content":"import org.junit.jupiter.api.Test;","lastModifiedDate":"2021-10-08"},{"lineNumber":5,"author":{"gitId":"teoziyiivy"},"content":"","lastModifiedDate":"2021-10-08"},{"lineNumber":6,"author":{"gitId":"teoziyiivy"},"content":"public class WeightTrackerTest {","lastModifiedDate":"2021-10-08"},{"lineNumber":7,"author":{"gitId":"teoziyiivy"},"content":"","lastModifiedDate":"2021-10-08"},{"lineNumber":8,"author":{"gitId":"teoziyiivy"},"content":"    @Test","lastModifiedDate":"2021-10-08"},{"lineNumber":9,"author":{"gitId":"teoziyiivy"},"content":"    void addWeight() {","lastModifiedDate":"2021-10-08"},{"lineNumber":10,"author":{"gitId":"teoziyiivy"},"content":"        WeightTracker weights \u003d new WeightTracker();","lastModifiedDate":"2021-10-08"},{"lineNumber":11,"author":{"gitId":"arvejw"},"content":"        String input \u003d \"addweight\";","lastModifiedDate":"2021-10-08"},{"lineNumber":12,"author":{"gitId":"arvejw"},"content":"        Assertions.assertThrows(AddWeightException.class, () -\u003e weights.addWeight(input));","lastModifiedDate":"2021-10-08"},{"lineNumber":13,"author":{"gitId":"teoziyiivy"},"content":"    }","lastModifiedDate":"2021-10-08"},{"lineNumber":14,"author":{"gitId":"teoziyiivy"},"content":"}","lastModifiedDate":"2021-10-08"}],"authorContributionMap":{"teoziyiivy":12,"arvejw":2}},{"path":"src/test/java/seedu/duke/gym/GymManagerTest.java","fileType":"test-code","lines":[{"lineNumber":1,"author":{"gitId":"arvejw"},"content":"package seedu.duke.gym;","lastModifiedDate":"2021-10-07"},{"lineNumber":2,"author":{"gitId":"arvejw"},"content":"","lastModifiedDate":"2021-10-07"},{"lineNumber":3,"author":{"gitId":"arvejw"},"content":"import org.junit.jupiter.api.Test;","lastModifiedDate":"2021-10-07"},{"lineNumber":4,"author":{"gitId":"arvejw"},"content":"","lastModifiedDate":"2021-10-07"},{"lineNumber":5,"author":{"gitId":"arvejw"},"content":"import static org.junit.jupiter.api.Assertions.assertThrows;","lastModifiedDate":"2021-10-07"},{"lineNumber":6,"author":{"gitId":"arvejw"},"content":"","lastModifiedDate":"2021-10-07"},{"lineNumber":7,"author":{"gitId":"arvejw"},"content":"class GymManagerTest {","lastModifiedDate":"2021-10-07"},{"lineNumber":8,"author":{"gitId":"arvejw"},"content":"","lastModifiedDate":"2021-10-07"},{"lineNumber":9,"author":{"gitId":"arvejw"},"content":"    @Test","lastModifiedDate":"2021-10-07"},{"lineNumber":10,"author":{"gitId":"arvejw"},"content":"    // test for exception thrown in event of non-integer input for calories","lastModifiedDate":"2021-10-07"},{"lineNumber":11,"author":{"gitId":"arvejw"},"content":"    void doneGymWorkout_non_integer_input() {","lastModifiedDate":"2021-10-07"},{"lineNumber":12,"author":{"gitId":"arvejw"},"content":"        GymManager gm \u003d new GymManager();","lastModifiedDate":"2021-10-07"},{"lineNumber":13,"author":{"gitId":"arvejw"},"content":"        String input \u003d \"chest day /at 23:59 /c $@$!\";","lastModifiedDate":"2021-10-07"},{"lineNumber":14,"author":{"gitId":"arvejw"},"content":"        assertThrows(NumberFormatException.class, () -\u003e gm.doneGymWorkout(input));","lastModifiedDate":"2021-10-07"},{"lineNumber":15,"author":{"gitId":"arvejw"},"content":"    }","lastModifiedDate":"2021-10-07"},{"lineNumber":16,"author":{"gitId":"arvejw"},"content":"}","lastModifiedDate":"2021-10-07"}],"authorContributionMap":{"arvejw":16}}]
