{"authorDailyContributionsMap":{"pragyan01":[{"date":"2021-10-04","commitResults":[{"hash":"24516a636992eaadad9b85e44745419bccd20fc9","messageTitle":"Add AboutUs","messageBody":"","fileTypesAndContributionMap":{"docs":{"insertions":1,"deletions":1}}},{"hash":"37752987c706ed923bbe6e21b03e08520aaab3ef","messageTitle":"Add avatar-AboutUs","messageBody":"","fileTypesAndContributionMap":{"docs":{"insertions":1,"deletions":1}}},{"hash":"93cb4d80f8b8475e61e5940b1a9d8e591fbe9f5f","messageTitle":"Add avatar-AboutUs","messageBody":"","fileTypesAndContributionMap":{"docs":{"insertions":1,"deletions":1}}},{"hash":"27132a5da8c2ee01cf106e53de2193e5789ae661","messageTitle":"Add avatar","messageBody":"","fileTypesAndContributionMap":{"docs":{"insertions":1,"deletions":1}}}]},{"date":"2021-10-07","commitResults":[{"hash":"8e53bc2832907cdaf598c1053336405e888e8252","messageTitle":"add fluid intake capabilities v1.0","messageBody":"","fileTypesAndContributionMap":{"functional-code":{"insertions":65,"deletions":4}}},{"hash":"19741a0a160639a9c327e64ac63cad538c32932f","messageTitle":"Add JUnit testing for fluid intake","messageBody":"","fileTypesAndContributionMap":{"functional-code":{"insertions":4,"deletions":11},"test-code":{"insertions":17,"deletions":0}}},{"hash":"c29ab6b6f852f5889d3d3fb73adeca325543b316","messageTitle":"Add JUnit testing for Fluid intake","messageBody":"","fileTypesAndContributionMap":{"functional-code":{"insertions":2,"deletions":1},"test-code":{"insertions":2,"deletions":1}}},{"hash":"2db3da86af36d24f2905a8ccd4d76b7e58990916","messageTitle":"Add JUnit testing","messageBody":"","fileTypesAndContributionMap":{"functional-code":{"insertions":0,"deletions":2},"test-code":{"insertions":0,"deletions":1}}}]},{"date":"2021-10-11","commitResults":[{"hash":"c3e2df0e10b78d26d0c5a07134c0396e6a819303","messageTitle":"add fluid basics: add, delete, list","messageBody":"","fileTypesAndContributionMap":{"functional-code":{"insertions":85,"deletions":35}}},{"hash":"a3c871ea7d7efa81107aada443d5ce304a709bae","messageTitle":"add basic functionalities add delete list","messageBody":"","fileTypesAndContributionMap":{"functional-code":{"insertions":35,"deletions":36}}},{"hash":"ba4bc6d365e7c893398cad45ae1bcc52e756b46b","messageTitle":"Add indentation and small fixes for bye function","messageBody":"","fileTypesAndContributionMap":{"functional-code":{"insertions":2,"deletions":8}}},{"hash":"5ba9b317da258fda591482d5054df777ac542c8e","messageTitle":"add gradle checks","messageBody":"","fileTypesAndContributionMap":{"functional-code":{"insertions":4,"deletions":4}}}]},{"date":"2021-10-14","commitResults":[{"hash":"2e6665a439556f7419bbdedfe634130deb363cf4","messageTitle":"Add JUnit, assertions and logging","messageBody":"","fileTypesAndContributionMap":{"functional-code":{"insertions":29,"deletions":6},"test-code":{"insertions":44,"deletions":2}}},{"hash":"dc3d71674dbd00e4fc2746364c51a39331ca5fbb","messageTitle":"Add exceptions","messageBody":"","fileTypesAndContributionMap":{"functional-code":{"insertions":37,"deletions":5},"test-code":{"insertions":2,"deletions":1}}},{"hash":"894fbf340a1c29bb37ae7084067e8599c95ed96d","messageTitle":"add indentation","messageBody":"","fileTypesAndContributionMap":{"test-code":{"insertions":0,"deletions":11}}}]},{"date":"2021-10-15","commitResults":[{"hash":"576919be1e1382b76959bce86fc7ab47eb75fac4","messageTitle":"add minor code fixes","messageBody":"","fileTypesAndContributionMap":{"functional-code":{"insertions":3,"deletions":17},"test-code":{"insertions":0,"deletions":3}}},{"hash":"6eea52f3e0170a1b83df963b2432f6e10fa4376f","messageTitle":"Add indentation, fixed conflicts","messageBody":"","fileTypesAndContributionMap":{"functional-code":{"insertions":0,"deletions":5},"docs":{"insertions":0,"deletions":11}}},{"hash":"3f104b951200c09b2f47c903bce4db72263c315a","messageTitle":"Add editing","messageBody":"","fileTypesAndContributionMap":{"docs":{"insertions":11,"deletions":10}}},{"hash":"4944d497d4f266300b509ca4a6b32dcc221c6a72","messageTitle":"add UG for fluid","messageBody":"","fileTypesAndContributionMap":{"docs":{"insertions":25,"deletions":4}}},{"hash":"4abba8a2529c9a8ba54642e67f70e2398d9f9218","messageTitle":"Add UG for fluids, some edits made","messageBody":"","fileTypesAndContributionMap":{"docs":{"insertions":7,"deletions":4}}},{"hash":"cef4aeddf29edc0399b0b752d2c7db0431b85aff","messageTitle":"Add code fixes","messageBody":"","fileTypesAndContributionMap":{"functional-code":{"insertions":12,"deletions":0}}},{"hash":"de8785f72317c14af9ef70e8682611ce832f332c","messageTitle":"Add UG","messageBody":"","fileTypesAndContributionMap":{"docs":{"insertions":5,"deletions":0}}},{"hash":"173942f80d6d402e1ba695c5b96e22a8511422bb","messageTitle":"Add FluidExceptions class","messageBody":"","fileTypesAndContributionMap":{"functional-code":{"insertions":28,"deletions":16}}},{"hash":"d06fa2fa68691f9ac3f8e2ffe8a4bbe96bac607e","messageTitle":"Add exceptions fixes","messageBody":"","fileTypesAndContributionMap":{"functional-code":{"insertions":5,"deletions":7}}}]},{"date":"2021-10-16","commitResults":[{"hash":"a0e75767cfba5294df9b5ff96b724b771adbc909","messageTitle":"add fluid logger fixes","messageBody":"","fileTypesAndContributionMap":{"functional-code":{"insertions":3,"deletions":3}}},{"hash":"85d709fc7a67c5ce0a2070b08fe5112eb2c4de53","messageTitle":"Add more JUnit for fluid","messageBody":"","fileTypesAndContributionMap":{"functional-code":{"insertions":2,"deletions":2},"test-code":{"insertions":54,"deletions":2}}},{"hash":"64bff888262c3a60b5e425e6a48e8a4eacda4b5e","messageTitle":"Add gradle fixes","messageBody":"","fileTypesAndContributionMap":{"functional-code":{"insertions":2,"deletions":2},"test-code":{"insertions":3,"deletions":3}}}]},{"date":"2021-10-17","commitResults":[{"hash":"7f840c3485af6807770174d42476cc1c80609625","messageTitle":"Add small code fixes","messageBody":"","fileTypesAndContributionMap":{"functional-code":{"insertions":1,"deletions":7}}}]},{"date":"2021-10-18","commitResults":[{"hash":"74559beb322b0e50a4b92ea65053d58aebda126a","messageTitle":"Add FoodBank","messageBody":"","fileTypesAndContributionMap":{"functional-code":{"insertions":118,"deletions":22},"docs":{"insertions":1,"deletions":1},"test-code":{"insertions":7,"deletions":4}}},{"hash":"ccad3275c46c17df3c03c7e6386b923468576359","messageTitle":"Add food bank to command manager","messageBody":"","fileTypesAndContributionMap":{"functional-code":{"insertions":29,"deletions":2}}},{"hash":"613b2a8f3f2287903fb3dff69a64ac7dbb8d97df","messageTitle":"Add code fixes","messageBody":"","fileTypesAndContributionMap":{"functional-code":{"insertions":19,"deletions":19}}},{"hash":"d37c67da2e62bb846873c05f592d5de0a0a7b8c7","messageTitle":"Add dateTracker sorting","messageBody":"","fileTypesAndContributionMap":{"functional-code":{"insertions":92,"deletions":45},"test-code":{"insertions":2,"deletions":2}}},{"hash":"4737914da3caa8c397f632325bc0f84175e84c2c","messageTitle":"Add delete, load, save sorting features for .txt file","messageBody":"","fileTypesAndContributionMap":{"functional-code":{"insertions":24,"deletions":0}}},{"hash":"4c1d3ae4ce2c39aea556fffc4c30a47a2f0ecf5a","messageTitle":"add save \u0026 load","messageBody":"","fileTypesAndContributionMap":{"functional-code":{"insertions":13,"deletions":0}}}]},{"date":"2021-10-21","commitResults":[{"hash":"1f79dc822eaceaa3ace478dad27aaf7ef7e0aa85","messageTitle":"Merge branch \u0027master\u0027 of https://github.com/AY2122S1-CS2113T-F14-3/tp","messageBody":"# Conflicts:\nAdd fluid load\n#\tsrc/main/java/seedu/duke/DateTracker.java\n#\tuserData.txt\n","fileTypesAndContributionMap":{"functional-code":{"insertions":69,"deletions":82}}},{"hash":"b1ed3fcb0c8c465b09299f23deec71b6c2d00f06","messageTitle":"Add list methods","messageBody":"","fileTypesAndContributionMap":{"functional-code":{"insertions":45,"deletions":8}}},{"hash":"003c0c368e976b1c06afddcea0e0a38c2ec4737e","messageTitle":"Add calorie count","messageBody":"","fileTypesAndContributionMap":{"functional-code":{"insertions":32,"deletions":4}}},{"hash":"880b12704e3bcef58a6e78c45d0849891f6e1cb3","messageTitle":"Add volume list","messageBody":"","fileTypesAndContributionMap":{"functional-code":{"insertions":16,"deletions":0}}},{"hash":"0d51847c1ec9bc9d743ef237897b69ec75ea61e2","messageTitle":"list calories and volume code fixes","messageBody":"","fileTypesAndContributionMap":{"functional-code":{"insertions":4,"deletions":16}}},{"hash":"bed02eb38029cbdeeb3dcdd38a67311669fe7b88","messageTitle":"code fixes","messageBody":"","fileTypesAndContributionMap":{"functional-code":{"insertions":0,"deletions":17}}},{"hash":"d817f7d1cf785ad7157f09ad577c10bb2462f176","messageTitle":"Add IO exception for load fail scenario","messageBody":"","fileTypesAndContributionMap":{"functional-code":{"insertions":1,"deletions":1}}},{"hash":"2b76da8c858fc5a3d2c7eedb7d5e4caa176e1647","messageTitle":"Add DG for class Fluid","messageBody":"","fileTypesAndContributionMap":{"docs":{"insertions":38,"deletions":0}}}]},{"date":"2021-10-25","commitResults":[{"hash":"0d17ed63a56b97dd0c08d389307e9437361a7a2c","messageTitle":"UG updates","messageBody":"","fileTypesAndContributionMap":{"functional-code":{"insertions":35,"deletions":35},"docs":{"insertions":62,"deletions":42}}},{"hash":"c2daedcdb2f5f1eb8937cfea537508ae02295b04","messageTitle":"List fluids","messageBody":"","fileTypesAndContributionMap":{"functional-code":{"insertions":34,"deletions":19}}}]},{"date":"2021-10-26","commitResults":[{"hash":"2d1ba485de0d132f990a4fcb4d5c79a8a9916af9","messageTitle":"Add text edits DG","messageBody":"","fileTypesAndContributionMap":{"docs":{"insertions":3,"deletions":5}}},{"hash":"8ff1190b784e73012b2d706f3414e03560a4177d","messageTitle":"Sequence Diagram for Fluid : addFluid","messageBody":"","fileTypesAndContributionMap":{"docs":{"insertions":31,"deletions":1}}}]},{"date":"2021-10-27","commitResults":[{"hash":"700475fe011364d606a85f1db22ba42713e53af0","messageTitle":"Add commented out Jiewens code (vars)","messageBody":"","fileTypesAndContributionMap":{"functional-code":{"insertions":10,"deletions":10}}}]},{"date":"2021-10-28","commitResults":[{"hash":"a66f0ea57ac0973ddf22087791475a4261af8592","messageTitle":"Fluid Class Exceptions","messageBody":"","fileTypesAndContributionMap":{"functional-code":{"insertions":109,"deletions":52},"test-code":{"insertions":1,"deletions":3}}},{"hash":"b44b70dd8f2439fb32ccd77ba98f37513cfec388","messageTitle":"Add UG","messageBody":"","fileTypesAndContributionMap":{"functional-code":{"insertions":35,"deletions":28}}}]}],"teoziyiivy":[{"date":"2021-10-04","commitResults":[{"hash":"f638e131c82c859de5c5ad9cb7a3d4767ac1a4ca","messageTitle":"Edit About Us","messageBody":"","fileTypesAndContributionMap":{"docs":{"insertions":1,"deletions":1}}}]},{"date":"2021-10-06","commitResults":[{"hash":"30705f417794e2aa04e31fbcbd804c35cb830dc6","messageTitle":"Added weight tracker","messageBody":"","fileTypesAndContributionMap":{"functional-code":{"insertions":80,"deletions":12}}}]},{"date":"2021-10-07","commitResults":[{"hash":"837e8861bde52907c191874153a3bf7b30f29d2d","messageTitle":"Update Duke.java","messageBody":"","fileTypesAndContributionMap":{"functional-code":{"insertions":2,"deletions":1}}}]},{"date":"2021-10-08","commitResults":[{"hash":"0ba5f319fd699010f9663ebab8bd7307085246e9","messageTitle":"Add j-unit test for adding weight","messageBody":"","fileTypesAndContributionMap":{"functional-code":{"insertions":2,"deletions":1},"test-code":{"insertions":15,"deletions":0}}}]},{"date":"2021-10-11","commitResults":[{"hash":"b85474d1b86f04cfff1851f22b32ffb1836c97f0","messageTitle":"Added Add,Delete,List to WeightTracker","messageBody":"","fileTypesAndContributionMap":{"functional-code":{"insertions":55,"deletions":15}}},{"hash":"819e0b1a80b916e32701414fb60f67330c02ce0e","messageTitle":"Added bug fixes","messageBody":"","fileTypesAndContributionMap":{"functional-code":{"insertions":23,"deletions":7}}},{"hash":"1c8bcd2c3ffdd463f9ab45b5fc672804db6f574d","messageTitle":"Added bug fixes + Edit WeightTrackerTest","messageBody":"","fileTypesAndContributionMap":{"functional-code":{"insertions":25,"deletions":9},"test-code":{"insertions":20,"deletions":0}}},{"hash":"29c13e0f49980bd576fe5c8b0976b4ee8c258a73","messageTitle":"Adding Add,Delete,List with usage of Parser class","messageBody":"","fileTypesAndContributionMap":{"functional-code":{"insertions":63,"deletions":43}}},{"hash":"856beba85f8b7be2952fc807d932af0e15a68c30","messageTitle":"Editing exception catches","messageBody":"","fileTypesAndContributionMap":{"functional-code":{"insertions":2,"deletions":5}}}]},{"date":"2021-10-12","commitResults":[{"hash":"d7c84f94649e05a0b3650115d3ae783485856ef2","messageTitle":"Added logging and assertions to WeightTracker class","messageBody":"","fileTypesAndContributionMap":{"functional-code":{"insertions":43,"deletions":4}}}]},{"date":"2021-10-14","commitResults":[{"hash":"26d6a1840a343bf1a89046d0882640532577b976","messageTitle":"Added minimal UserGuide","messageBody":"","fileTypesAndContributionMap":{"docs":{"insertions":121,"deletions":19}}},{"hash":"564c146633e62f0c41ba08ddd78f18ad27699ad8","messageTitle":"Update userguide","messageBody":"","fileTypesAndContributionMap":{"docs":{"insertions":0,"deletions":8}}},{"hash":"e0d76a8a96cbde461ceac5315ef3b0dc2597bfe9","messageTitle":"Fixed errors","messageBody":"","fileTypesAndContributionMap":{"functional-code":{"insertions":5,"deletions":1}}}]},{"date":"2021-10-21","commitResults":[{"hash":"bdc9ad747a7d08e30ba1fbfcd3908b0c1dc355d9","messageTitle":"Add WeightTracker Developer Guide","messageBody":"","fileTypesAndContributionMap":{"functional-code":{"insertions":38,"deletions":35},"docs":{"insertions":136,"deletions":3}}}]},{"date":"2021-10-22","commitResults":[{"hash":"45825515391330d5e91701e60e2c0dffe65777fa","messageTitle":"Added edits to WeightTracker, WeightTrackerTest and DG. Added Storage for weights.","messageBody":"","fileTypesAndContributionMap":{"functional-code":{"insertions":52,"deletions":10},"docs":{"insertions":1,"deletions":0},"test-code":{"insertions":2,"deletions":2}}},{"hash":"39f908a49bbbc843a8c63f2fe21a1c67869829c1","messageTitle":"Edit Storage for weights.","messageBody":"","fileTypesAndContributionMap":{"functional-code":{"insertions":46,"deletions":6}}},{"hash":"dbf680c7af7ddc0967df9da0ef8f3a7d5b0daee0","messageTitle":"Add list for weights","messageBody":"","fileTypesAndContributionMap":{"functional-code":{"insertions":4,"deletions":12},"docs":{"insertions":8,"deletions":0}}}]},{"date":"2021-10-25","commitResults":[{"hash":"be1a846bb763fca93b9095a2af4d398a5643f195","messageTitle":"Add WeightTracker to use double and standardise with other functions","messageBody":"","fileTypesAndContributionMap":{"functional-code":{"insertions":86,"deletions":102},"test-code":{"insertions":3,"deletions":1}}},{"hash":"f5c6e0c92f45f2f35c2af69714225738cbc9deef","messageTitle":"Move messages to ClickfitMessages and edit WeightTrackerTest file","messageBody":"","fileTypesAndContributionMap":{"functional-code":{"insertions":15,"deletions":23},"test-code":{"insertions":2,"deletions":3}}},{"hash":"ec21e4f76cf118b0767f9d9be5721609aed9de4f","messageTitle":"Fix checkstyles","messageBody":"","fileTypesAndContributionMap":{"functional-code":{"insertions":2,"deletions":3}}},{"hash":"28e9555c01295f95103ae824a7585f51b3489c1b","messageTitle":"Fix delete and change weights keyword to weight","messageBody":"","fileTypesAndContributionMap":{"functional-code":{"insertions":14,"deletions":5}}},{"hash":"c716da77e62e15f037a46146016ccfb89008bbda","messageTitle":"Edit weight tracker test","messageBody":"","fileTypesAndContributionMap":{"test-code":{"insertions":2,"deletions":3}}}]},{"date":"2021-10-26","commitResults":[{"hash":"a76d4b834ffe2f061e37e3c8b88a93861f3d7e9e","messageTitle":"Refractoring WeightTracker and editing DG","messageBody":"","fileTypesAndContributionMap":{"functional-code":{"insertions":73,"deletions":48},"docs":{"insertions":56,"deletions":86},"test-code":{"insertions":5,"deletions":5}}}]}],"VishalJeyaram":[{"date":"2021-10-04","commitResults":[{"hash":"18a77ab99408ba5fde34d3291994ca8ee2f5a421","messageTitle":"About us name and link added","messageBody":"","fileTypesAndContributionMap":{"docs":{"insertions":1,"deletions":1}}}]},{"date":"2021-10-07","commitResults":[{"hash":"a2b8850e127a50c1a3180147f93fea037d81df21","messageTitle":"Meal, DukeException and Ui classes added to allow user to add meals.","messageBody":"","fileTypesAndContributionMap":{"functional-code":{"insertions":94,"deletions":8}}},{"hash":"b2449608e90cfaee7b79c263cbfe33ac80ac169d","messageTitle":"Fixed error in input","messageBody":"","fileTypesAndContributionMap":{"functional-code":{"insertions":3,"deletions":0}}},{"hash":"003d47df6a312cbafd6b952a0d9752f1f0e19b92","messageTitle":"ArrayList added to Meal","messageBody":"","fileTypesAndContributionMap":{"functional-code":{"insertions":4,"deletions":4}}},{"hash":"67af5fd88aa5ab5e9afa526f367f54eab58840b4","messageTitle":"JUnit added for Meal class methods","messageBody":"","fileTypesAndContributionMap":{"test-code":{"insertions":16,"deletions":0}}}]},{"date":"2021-10-08","commitResults":[{"hash":"5973ef60405cfc0c41cac21ad991dbce48bf06a6","messageTitle":"Parser updated and parent class created","messageBody":"","fileTypesAndContributionMap":{"functional-code":{"insertions":106,"deletions":15}}}]},{"date":"2021-10-11","commitResults":[{"hash":"e730e9bb822fd9f454515ad5b2e025aa22f8d752","messageTitle":"Delete and List added","messageBody":"","fileTypesAndContributionMap":{"functional-code":{"insertions":56,"deletions":31}}}]},{"date":"2021-10-13","commitResults":[{"hash":"d1e4715e289da616eece722d5e645fbb0ac1907e","messageTitle":"Messages updated","messageBody":"","fileTypesAndContributionMap":{"functional-code":{"insertions":11,"deletions":0}}},{"hash":"0e187ea6a2b8e9c08578e863129bdae1fce78899","messageTitle":"Gradle check errors fixed","messageBody":"","fileTypesAndContributionMap":{"functional-code":{"insertions":4,"deletions":4}}}]},{"date":"2021-10-14","commitResults":[{"hash":"04ab38d0715167ec12c97980a2cadbca703672e9","messageTitle":"package exceptions created","messageBody":"","fileTypesAndContributionMap":{"functional-code":{"insertions":13,"deletions":6},"other":{"insertions":5,"deletions":5},"test-code":{"insertions":6,"deletions":2}}},{"hash":"cc0bbf525055cfce0ddc8d430073f515c4c9e311","messageTitle":"Grade checks bugs fixed","messageBody":"","fileTypesAndContributionMap":{"functional-code":{"insertions":5,"deletions":1}}},{"hash":"1593571679ca3bf76756b279f42479984581dce4","messageTitle":"Meal JUnit tests, java assertions, exceptions and logging done","messageBody":"","fileTypesAndContributionMap":{"functional-code":{"insertions":70,"deletions":7},"test-code":{"insertions":32,"deletions":2}}},{"hash":"bd9550b395a9175e9cc986f1d0bce57253ce4b33","messageTitle":"Gradle check bugs fixed","messageBody":"","fileTypesAndContributionMap":{"test-code":{"insertions":2,"deletions":2}}}]},{"date":"2021-10-17","commitResults":[{"hash":"a3e6e0c72570e9bb3685998b6b2cf6e0111e348b","messageTitle":"Calculator class added with method to obtain ideal calories","messageBody":"","fileTypesAndContributionMap":{"functional-code":{"insertions":48,"deletions":0}}}]},{"date":"2021-10-18","commitResults":[{"hash":"03491e71a0906516801afb956d5a64f76fcec08f","messageTitle":"Foodbank added","messageBody":"","fileTypesAndContributionMap":{"functional-code":{"insertions":117,"deletions":17}}},{"hash":"b7a7f58361d2f201c62b647a8889a0fc56a523f1","messageTitle":"Foodbank Meal portion completed","messageBody":"","fileTypesAndContributionMap":{"functional-code":{"insertions":27,"deletions":2}}},{"hash":"4ed85e95b6fe5b7468a64ac548859e1d945e1696","messageTitle":"Save all tasks to text file implemented","messageBody":"","fileTypesAndContributionMap":{"functional-code":{"insertions":112,"deletions":6}}},{"hash":"d5565594d8752ecf7c2241589b1aca663fbb03d6","messageTitle":"save all tasks updated","messageBody":"","fileTypesAndContributionMap":{"functional-code":{"insertions":58,"deletions":41}}},{"hash":"da803bbb2a5942d2d5a248c505bc6b26bd1c3930","messageTitle":"Save all tasks implemented","messageBody":"","fileTypesAndContributionMap":{"functional-code":{"insertions":0,"deletions":31}}}]},{"date":"2021-10-20","commitResults":[{"hash":"1099194f12b6d92d65f34cd938a906fa141b794d","messageTitle":"Date tracker","messageBody":"","fileTypesAndContributionMap":{"functional-code":{"insertions":44,"deletions":1}}},{"hash":"e03252ee0b98b40c99ff292bf0e939b15b2bee64","messageTitle":"Gradle errors fixed","messageBody":"","fileTypesAndContributionMap":{"functional-code":{"insertions":25,"deletions":8},"test-code":{"insertions":6,"deletions":6}}},{"hash":"a82c6bd26498a2409dcbb0e8d5d7f1a97a9b23ec","messageTitle":"Load tasks method implemented","messageBody":"","fileTypesAndContributionMap":{"functional-code":{"insertions":27,"deletions":20}}},{"hash":"1cae69adfc7909cf30c0aad0ce5d947fe4f381ce","messageTitle":"Load meals and fluids implemented","messageBody":"","fileTypesAndContributionMap":{"functional-code":{"insertions":72,"deletions":25}}}]},{"date":"2021-10-21","commitResults":[{"hash":"8f46baf413d4357ff1643fed67dc652f098d6048","messageTitle":"List methods added","messageBody":"","fileTypesAndContributionMap":{"functional-code":{"insertions":119,"deletions":52}}},{"hash":"3e8d2c6a79c63ec0349500417799365ccfd8a30a","messageTitle":"Added Load and Save for Foodbank","messageBody":"","fileTypesAndContributionMap":{"functional-code":{"insertions":73,"deletions":30}}},{"hash":"654c3ac31a494b2c54ee7549f3c9fcb2c3b1c513","messageTitle":"JUnit tests and Gradle checks passed","messageBody":"","fileTypesAndContributionMap":{"functional-code":{"insertions":35,"deletions":28},"test-code":{"insertions":12,"deletions":1}}},{"hash":"2676c1d0c639b45146248deb98069455e6b07c1f","messageTitle":"puml diagrams added","messageBody":"","fileTypesAndContributionMap":{"docs":{"insertions":36,"deletions":0}}}]},{"date":"2021-10-24","commitResults":[{"hash":"dbd344487cbf8fa4ae1c7afb305679dc68fa4bc1","messageTitle":"Duke and Command Manager refactoring done","messageBody":"","fileTypesAndContributionMap":{"functional-code":{"insertions":121,"deletions":136}}},{"hash":"948730898c6dbd4854584adcf52c6d7b300bf364","messageTitle":"Clean up of most classes done","messageBody":"","fileTypesAndContributionMap":{"functional-code":{"insertions":104,"deletions":76},"test-code":{"insertions":4,"deletions":0}}}]},{"date":"2021-10-26","commitResults":[{"hash":"dd75f3c523e6165c4a1182d3f14377b91a5c0054","messageTitle":"Meal Sequence diagram added","messageBody":"","fileTypesAndContributionMap":{"functional-code":{"insertions":31,"deletions":0},"docs":{"insertions":3,"deletions":0}}}]},{"date":"2021-10-28","commitResults":[{"hash":"0fed6b14ece8c5cc50a83f82b37afa6d9c9aabf0","messageTitle":"Meal class exception classes created","messageBody":"","fileTypesAndContributionMap":{"functional-code":{"insertions":130,"deletions":32},"test-code":{"insertions":0,"deletions":2}}}]}],"arvejw":[{"date":"2021-10-04","commitResults":[{"hash":"0603c12c4bd13d9fc6ca8b807af5182cb2d0cfbb","messageTitle":"Add name and github profile to AboutUs.md","messageBody":"","fileTypesAndContributionMap":{"docs":{"insertions":1,"deletions":1}}},{"hash":"079925a3b0a60bd648ad7c647eb6db98697cbbcd","messageTitle":"Add portfolio to AboutUs.md","messageBody":"","fileTypesAndContributionMap":{"docs":{"insertions":1,"deletions":1}}}]},{"date":"2021-10-06","commitResults":[{"hash":"2f7e4c7a4f9b3efc0681c84c362c0a0a3d510f71","messageTitle":"Add basic gym related functionalities","messageBody":"","fileTypesAndContributionMap":{"functional-code":{"insertions":154,"deletions":0}}},{"hash":"fcf88d232c53a4e4ae14e460135365e034388f99","messageTitle":"Update AboutUs image","messageBody":"","fileTypesAndContributionMap":{"docs":{"insertions":1,"deletions":1}}}]},{"date":"2021-10-07","commitResults":[{"hash":"8ed7288343f250ecd400142a0c60ea9d8e886b01","messageTitle":"Change GymManager implementation Parse within method","messageBody":"","fileTypesAndContributionMap":{"functional-code":{"insertions":25,"deletions":0}}},{"hash":"762cdc99c9518a238311e6b6c17cdf11cc1a0a89","messageTitle":"Minor tweak and comments","messageBody":"","fileTypesAndContributionMap":{"functional-code":{"insertions":2,"deletions":4}}},{"hash":"d41b5cf216ce0e0f4aaecc19a2aa497b55f24211","messageTitle":"Fix checkstyle errors","messageBody":"","fileTypesAndContributionMap":{"functional-code":{"insertions":31,"deletions":32}}},{"hash":"5ddc73d586774e7cc2ecccd2e02a8a83bdb5bb77","messageTitle":"Add JUnit for doneGymWorkout exception","messageBody":"","fileTypesAndContributionMap":{"functional-code":{"insertions":1,"deletions":1},"test-code":{"insertions":16,"deletions":0}}},{"hash":"c18c2355699b98fe476a67e97248e841995ee9a1","messageTitle":"Edit for checkstyle","messageBody":"","fileTypesAndContributionMap":{"test-code":{"insertions":2,"deletions":2}}},{"hash":"7be349b6b8e176008fcdec2dc9d137cc73639c04","messageTitle":"Edit whitespace problems in logo","messageBody":"","fileTypesAndContributionMap":{"functional-code":{"insertions":2,"deletions":2}}}]},{"date":"2021-10-08","commitResults":[{"hash":"6c9e6c9f64b721182c4c33295643b9fe8333b91f","messageTitle":"Change logo and I/O test","messageBody":"","fileTypesAndContributionMap":{"functional-code":{"insertions":6,"deletions":5}}},{"hash":"6298fe08c39c6a1af9904f6d22bdb81d37c7c9c1","messageTitle":"Edit some JUnit due to CI failure","messageBody":"","fileTypesAndContributionMap":{"test-code":{"insertions":3,"deletions":5}}},{"hash":"54d178100e343b6e6d5173f64d996bb796aac10d","messageTitle":"Add minimal classes for parser","messageBody":"","fileTypesAndContributionMap":{"functional-code":{"insertions":22,"deletions":0}}},{"hash":"e092fe5ba62c7f831eb8774b64918f8aab4bc289","messageTitle":"Tweak and add functions for other gym related features","messageBody":"","fileTypesAndContributionMap":{"functional-code":{"insertions":142,"deletions":126},"test-code":{"insertions":1,"deletions":1}}}]},{"date":"2021-10-09","commitResults":[{"hash":"7ef029d0f4d0b7d0ec7b60e29579bb0e06b569c1","messageTitle":"Rename some classes","messageBody":"","fileTypesAndContributionMap":{"other":{"insertions":8,"deletions":7}}},{"hash":"42a10d3dcaa46afe935e85560c49460a19b22126","messageTitle":"Add more helper methods to Parser class","messageBody":"","fileTypesAndContributionMap":{"functional-code":{"insertions":29,"deletions":10}}},{"hash":"35805f0b8cc5690d7f9d6a027803da892dd761de","messageTitle":"Tweak CommandManager to handle single word inputs correctly","messageBody":"","fileTypesAndContributionMap":{"functional-code":{"insertions":12,"deletions":8}}},{"hash":"f6605e48c864c68bf1b1afdfc6ec094a40e402e0","messageTitle":"Add new features to GymManager","messageBody":"Some relevent JUnit tests also added\n","fileTypesAndContributionMap":{"functional-code":{"insertions":95,"deletions":40},"test-code":{"insertions":70,"deletions":4}}}]},{"date":"2021-10-11","commitResults":[{"hash":"55c71ba848958084ac44bcf32a28fc5e19715a72","messageTitle":"Minor tweak","messageBody":"","fileTypesAndContributionMap":{"functional-code":{"insertions":1,"deletions":1}}},{"hash":"42ec66f16e32d298e4fa3f6b4d114923f67109fb","messageTitle":"Tweak date time to string","messageBody":"","fileTypesAndContributionMap":{"functional-code":{"insertions":32,"deletions":50}}},{"hash":"91402904bc77ab718db02c777aa2fe321b94f082","messageTitle":"Update JUnit","messageBody":"","fileTypesAndContributionMap":{"test-code":{"insertions":8,"deletions":6}}},{"hash":"872ac0f622acf71c47040bdeb063ec1257ff2354","messageTitle":"Tweak date time to string","messageBody":"","fileTypesAndContributionMap":{"functional-code":{"insertions":28,"deletions":12}}},{"hash":"bef2c9dffed333bbf988f7da1c5dc718ae78090f","messageTitle":"Refactor class and add methods","messageBody":"","fileTypesAndContributionMap":{"functional-code":{"insertions":237,"deletions":254},"test-code":{"insertions":179,"deletions":82}}}]},{"date":"2021-10-12","commitResults":[{"hash":"2b6e29ddeaa629e3fa1de44aa9f63195c9e8cf67","messageTitle":"Update JUnit","messageBody":"","fileTypesAndContributionMap":{"functional-code":{"insertions":36,"deletions":4},"test-code":{"insertions":33,"deletions":15}}},{"hash":"e0bcc9f1ef8396bcecc8e527b02e3abb892912d1","messageTitle":"Minor tweak","messageBody":"","fileTypesAndContributionMap":{"functional-code":{"insertions":0,"deletions":1}}},{"hash":"a7eae4ba668b59bb863dc25d0d40b6a6078a8066","messageTitle":"Update some exception messages","messageBody":"","fileTypesAndContributionMap":{"functional-code":{"insertions":16,"deletions":11}}},{"hash":"2c89890baa7abc9dc1392b944e195c665899c4e6","messageTitle":"Add GlobalLogger class","messageBody":"","fileTypesAndContributionMap":{"functional-code":{"insertions":35,"deletions":0}}},{"hash":"0844d86075b97ef26a3f95db845a14ef0b7486b1","messageTitle":"Add logging to some classes","messageBody":"","fileTypesAndContributionMap":{"functional-code":{"insertions":42,"deletions":6}}},{"hash":"38c3fd15607addfdc0352eb32cd4b336dd5e7597","messageTitle":"Change FileHandler to write over log file","messageBody":"Basically write over log file for each instance of the app, no appending\n","fileTypesAndContributionMap":{"functional-code":{"insertions":4,"deletions":3}}},{"hash":"88d17287984b38fd56602f9f3cb7e9a31346f412","messageTitle":"Add more logging","messageBody":"","fileTypesAndContributionMap":{"functional-code":{"insertions":2,"deletions":1}}},{"hash":"d1635171fa09185c66b7e32d14c254b852d76ffe","messageTitle":"Tweak some log messages","messageBody":"","fileTypesAndContributionMap":{"functional-code":{"insertions":11,"deletions":2}}}]},{"date":"2021-10-13","commitResults":[{"hash":"e05e8b9540dd618cc00199e60ae71f87c321faf0","messageTitle":"Edit logging and imports","messageBody":"","fileTypesAndContributionMap":{"functional-code":{"insertions":43,"deletions":77}}},{"hash":"1a6205ab05cf46deed5e4116afec3711f71c88a6","messageTitle":"Fix some whitespace","messageBody":"","fileTypesAndContributionMap":{"functional-code":{"insertions":0,"deletions":2}}}]},{"date":"2021-10-14","commitResults":[{"hash":"f9217edb07a617c822d69e98a91dbc3f24a80107","messageTitle":"Tweak some messages","messageBody":"","fileTypesAndContributionMap":{"functional-code":{"insertions":5,"deletions":2}}},{"hash":"716b1a5766683fdad4fe9473fc1bdf9ca3defc88","messageTitle":"Fix whitespace issue","messageBody":"","fileTypesAndContributionMap":{"functional-code":{"insertions":1,"deletions":1}}},{"hash":"175c1c0308bc9c324eab3c173d5f1254b70a43a9","messageTitle":"Update build.gradle to enable assertions","messageBody":"","fileTypesAndContributionMap":{"other":{"insertions":1,"deletions":0}}},{"hash":"a30425fe90e319b1c5b9020cb90529ab71f85e88","messageTitle":"Edit some logic","messageBody":"","fileTypesAndContributionMap":{"functional-code":{"insertions":43,"deletions":49},"test-code":{"insertions":2,"deletions":2}}},{"hash":"89654877dd48f611a37b6251f7a4736e1828bf1a","messageTitle":"Edit some logic and assertions","messageBody":"","fileTypesAndContributionMap":{"functional-code":{"insertions":6,"deletions":8},"test-code":{"insertions":2,"deletions":2}}},{"hash":"5209e2af458573088784d06fb7bcce694bb30b70","messageTitle":"Fix whitespace","messageBody":"","fileTypesAndContributionMap":{"functional-code":{"insertions":0,"deletions":1}}},{"hash":"bb545e8518507e56d1dd52aecf093daac8d41866","messageTitle":"Resolve some bugs and violations","messageBody":"","fileTypesAndContributionMap":{"functional-code":{"insertions":4,"deletions":17}}},{"hash":"35f7e9afa1b9fae1cfc0463b02ce9abd90c91374","messageTitle":"Fix some logic","messageBody":"","fileTypesAndContributionMap":{"functional-code":{"insertions":4,"deletions":0}}},{"hash":"be2979977c210a776daa9b125cb4dc23db4c9be8","messageTitle":"Edit some logic","messageBody":"","fileTypesAndContributionMap":{"functional-code":{"insertions":23,"deletions":14}}},{"hash":"9c9ca938acedc5b050ebda798fa29e13a8f58283","messageTitle":"Minor changes","messageBody":"","fileTypesAndContributionMap":{"functional-code":{"insertions":1,"deletions":1}}}]},{"date":"2021-10-15","commitResults":[{"hash":"b952f5e7e22494e2e97bd42ad04133e630b8bd8d","messageTitle":"Edit UserGuide","messageBody":"","fileTypesAndContributionMap":{"docs":{"insertions":71,"deletions":14}}},{"hash":"80b93eca9ffed3b7a318ef61dc2b9a1410c40709","messageTitle":"Add sorting of schedules","messageBody":"","fileTypesAndContributionMap":{"functional-code":{"insertions":22,"deletions":0}}},{"hash":"993b0cd8174fc82d7b4039311794f5f9419bfe55","messageTitle":"Add tracking of recurring scheduled workouts","messageBody":"Minor formatting tweaks\n","fileTypesAndContributionMap":{"functional-code":{"insertions":93,"deletions":18}}},{"hash":"78d1337dee158cfb640e68e1e9be36160629c1af","messageTitle":"Change method calls and remove unused import","messageBody":"","fileTypesAndContributionMap":{"functional-code":{"insertions":1,"deletions":2}}},{"hash":"15cae1f1ad2f1fb4472dbc171d6d22b726fd063c","messageTitle":"Update some messages for scheduler","messageBody":"","fileTypesAndContributionMap":{"functional-code":{"insertions":17,"deletions":13}}},{"hash":"1942e797b1e5c892902ef47fe66fc7ebf8420b4c","messageTitle":"Tweak Ui and some CLI output to be more user friendly","messageBody":"","fileTypesAndContributionMap":{"functional-code":{"insertions":5,"deletions":0}}},{"hash":"d0682092a1a03ecef92eb4eff74d5cc5e7aa5be6","messageTitle":"Refactor and minor JUnit tweaks","messageBody":"","fileTypesAndContributionMap":{"functional-code":{"insertions":2,"deletions":1},"test-code":{"insertions":7,"deletions":7}}}]},{"date":"2021-10-17","commitResults":[{"hash":"8ed5faecaac552ce4815355758e751ef9cbed836","messageTitle":"Update JUnits and WorkoutTracker logic","messageBody":"Workout tracker incorporates the newly added auto generation of date/time\n","fileTypesAndContributionMap":{"functional-code":{"insertions":8,"deletions":21},"test-code":{"insertions":0,"deletions":14}}},{"hash":"42744e6299429e87c759553961c39b47f427bcbc","messageTitle":"Comment assert calls in JUnit to squelch CI","messageBody":"","fileTypesAndContributionMap":{"test-code":{"insertions":4,"deletions":2}}}]},{"date":"2021-10-18","commitResults":[{"hash":"4d35fb39548e7fea6397eeec197ba4f7646549d3","messageTitle":"Add diagrams folder and some PlantUML diagrams","messageBody":"","fileTypesAndContributionMap":{"docs":{"insertions":83,"deletions":0}}},{"hash":"caa530545c01890678b285fd84613bc7ff352156","messageTitle":"Change naming in ScheduleTracker","messageBody":"","fileTypesAndContributionMap":{"functional-code":{"insertions":13,"deletions":13}}},{"hash":"4ed5bff27df44fb9221f2fe338f03e1b3eb60fa7","messageTitle":"Edit DeveloperGuide","messageBody":"","fileTypesAndContributionMap":{"docs":{"insertions":31,"deletions":4}}},{"hash":"72b4bbd9e25b7edd2effb76bf4d5e277eeb0233c","messageTitle":"Change to UML diagram","messageBody":"","fileTypesAndContributionMap":{"docs":{"insertions":2,"deletions":2}}},{"hash":"6a2f96b1e813a998d24b47182e0658c997a76892","messageTitle":"Fix checkstyle","messageBody":"","fileTypesAndContributionMap":{"functional-code":{"insertions":19,"deletions":14},"test-code":{"insertions":2,"deletions":1}}}]},{"date":"2021-10-20","commitResults":[{"hash":"27b2cb87670b70a64a6b929ed6da07de83775af2","messageTitle":"Add list schedule by date","messageBody":"","fileTypesAndContributionMap":{"functional-code":{"insertions":31,"deletions":4}}},{"hash":"52b14a861db42e241ab8bbf6ebee845a0636b305","messageTitle":"Add saving of user schedule data","messageBody":"","fileTypesAndContributionMap":{"functional-code":{"insertions":65,"deletions":8}}},{"hash":"1677e4f277808cc1381038a0e44106f7a36b604c","messageTitle":"Add storing and loading ScheduleTracker data","messageBody":"","fileTypesAndContributionMap":{"functional-code":{"insertions":73,"deletions":17},"test-code":{"insertions":4,"deletions":21}}},{"hash":"70c1e96262e02729d8a98cc52f89b0dd0070fa1a","messageTitle":"Add additional features to listing workouts","messageBody":"","fileTypesAndContributionMap":{"functional-code":{"insertions":128,"deletions":56}}},{"hash":"5c7704c936d5db27964177bdf26020ab34b3737b","messageTitle":"Add loading of WorkoutTracker data","messageBody":"","fileTypesAndContributionMap":{"functional-code":{"insertions":101,"deletions":20},"test-code":{"insertions":5,"deletions":14}}},{"hash":"b23e931f3a991dbfcca355148c5fc17b21f746b6","messageTitle":"Add activities to ScheduleWorkouts","messageBody":"","fileTypesAndContributionMap":{"functional-code":{"insertions":142,"deletions":11},"other":{"insertions":74,"deletions":14},"docs":{"insertions":2,"deletions":2}}}]},{"date":"2021-10-21","commitResults":[{"hash":"616b1a72177db6e384de0d52e40bf40c79d14c7e","messageTitle":"Tweak DG","messageBody":"","fileTypesAndContributionMap":{"docs":{"insertions":38,"deletions":32}}},{"hash":"874dfce687ab56437c0e3791e1f517e1b74f1b5b","messageTitle":"Update some imports","messageBody":"","fileTypesAndContributionMap":{"functional-code":{"insertions":2,"deletions":4}}},{"hash":"a365b973aa55e66ccea9f5e777799ff48f5406fb","messageTitle":"Tweak some WorkoutActivity bad input handling","messageBody":"","fileTypesAndContributionMap":{"functional-code":{"insertions":18,"deletions":5}}},{"hash":"f93b3a5216ea750add85823cb91091d97e25b61f","messageTitle":"Fix some checkstyle","messageBody":"","fileTypesAndContributionMap":{"functional-code":{"insertions":5,"deletions":6}}},{"hash":"b8692c2851f23861a4f4f8e4d3f3254844914156","messageTitle":"Tweak UML diagram","messageBody":"","fileTypesAndContributionMap":{"docs":{"insertions":16,"deletions":7}}},{"hash":"13acff602d18cf705e657b6dd32f5d7a6ba33fa5","messageTitle":"Fix I/O test","messageBody":"","fileTypesAndContributionMap":{"functional-code":{"insertions":27,"deletions":6}}},{"hash":"4bc61ffed57d5964248dbdd8d4ecfcdbdd5bfb86","messageTitle":"Update to arraylist hashmap","messageBody":"","fileTypesAndContributionMap":{"functional-code":{"insertions":43,"deletions":21}}},{"hash":"fd8c931a9d480ced544dc631733d53db2fa54c93","messageTitle":"Uncomment some parts","messageBody":"","fileTypesAndContributionMap":{"functional-code":{"insertions":0,"deletions":2}}}]},{"date":"2021-10-22","commitResults":[{"hash":"cf3dff6396cdac3267de8e2c5a66fa72d0887aed","messageTitle":"Update some UG","messageBody":"","fileTypesAndContributionMap":{"docs":{"insertions":21,"deletions":6}}},{"hash":"8ed4b03a0add9e03fa109dd5712f46fdd77c594c","messageTitle":"Edit UML diagrams","messageBody":"","fileTypesAndContributionMap":{"docs":{"insertions":4,"deletions":4}}},{"hash":"3739f5883457884a3b4fa0e823099ad16c344a08","messageTitle":"Integrate schedule and workout list into central list parser","messageBody":"","fileTypesAndContributionMap":{"functional-code":{"insertions":61,"deletions":37},"test-code":{"insertions":2,"deletions":1}}},{"hash":"ce52287096a15dd928cae25f6c32843088273c9c","messageTitle":"Integrate more listing for workouts and schedule","messageBody":"","fileTypesAndContributionMap":{"functional-code":{"insertions":8,"deletions":4}}},{"hash":"b278477b32e62eb39bf2edc07b32db666ef96911","messageTitle":"Some repackaging and adding author","messageBody":"","fileTypesAndContributionMap":{"functional-code":{"insertions":52,"deletions":55},"other":{"insertions":69,"deletions":113}}}]},{"date":"2021-10-24","commitResults":[{"hash":"2654cb68f6c3e8bcfd9c8b3a20d9ccca0cdc5c66","messageTitle":"Fix saving and loading workout/schedule data","messageBody":"","fileTypesAndContributionMap":{"functional-code":{"insertions":59,"deletions":39}}},{"hash":"bc80baeaa67aa615437484f084ae8a83b8a31e8a","messageTitle":"Add more intuitive exception for schedule and workout","messageBody":"Refactor some messages out\n","fileTypesAndContributionMap":{"functional-code":{"insertions":260,"deletions":87},"other":{"insertions":3,"deletions":3},"test-code":{"insertions":15,"deletions":16}}}]},{"date":"2021-10-25","commitResults":[{"hash":"f13f502b345a84577fbbc871f0059205524798b8","messageTitle":"Update userguide","messageBody":"","fileTypesAndContributionMap":{"docs":{"insertions":209,"deletions":98}}},{"hash":"06d2b5057af123ff231ade018dda47848d4eb15d","messageTitle":"Update some logic and edit DG","messageBody":"","fileTypesAndContributionMap":{"functional-code":{"insertions":95,"deletions":44},"docs":{"insertions":43,"deletions":7}}}]},{"date":"2021-10-26","commitResults":[{"hash":"3f457f0359ea79385a3afc7d038747fa66a454e9","messageTitle":"Refactor some methods","messageBody":"","fileTypesAndContributionMap":{"functional-code":{"insertions":48,"deletions":57},"test-code":{"insertions":10,"deletions":6}}}]},{"date":"2021-10-28","commitResults":[{"hash":"12b4e0d0470eaf78ecc26cb91b2a03f889bd169b","messageTitle":"Add new exception","messageBody":"","fileTypesAndContributionMap":{"functional-code":{"insertions":26,"deletions":3}}}]}],"EdwardZYWang":[{"date":"2021-10-04","commitResults":[{"hash":"54a96cdaee951e4b464dae13cde6c592aae96761","messageTitle":"add name plus particulars","messageBody":"","fileTypesAndContributionMap":{"docs":{"insertions":1,"deletions":1}}},{"hash":"de08215fdb301c0ffab0913c6524b58af656da58","messageTitle":"add picture","messageBody":"","fileTypesAndContributionMap":{"docs":{"insertions":1,"deletions":1}}}]},{"date":"2021-10-07","commitResults":[{"hash":"94b7facd356bcbe2e41722b1e55c539a403e52c6","messageTitle":"add command manager","messageBody":"","fileTypesAndContributionMap":{"functional-code":{"insertions":95,"deletions":7}}},{"hash":"8d8b2d3410a9656bff00df5c3893e0492727d634","messageTitle":"gradle edits","messageBody":"","fileTypesAndContributionMap":{"functional-code":{"insertions":4,"deletions":24}}},{"hash":"3dc972d7b3a6cba4eab3b21e29caa05058da9231","messageTitle":"edit","messageBody":"","fileTypesAndContributionMap":{"functional-code":{"insertions":2,"deletions":0}}},{"hash":"fa1579ccc8f6be97269233aaf4eddeffc09407a2","messageTitle":"edits","messageBody":"","fileTypesAndContributionMap":{"functional-code":{"insertions":0,"deletions":4}}},{"hash":"f8d474799010abe75210a2e8fc8848441dfca845","messageTitle":"added weight and command manager","messageBody":"","fileTypesAndContributionMap":{"functional-code":{"insertions":70,"deletions":87}}}]},{"date":"2021-10-08","commitResults":[{"hash":"81f560a63ede75cbd0d7df7357c8107e7acba512","messageTitle":"Add junit test for command checker","messageBody":"","fileTypesAndContributionMap":{"test-code":{"insertions":37,"deletions":0}}}]},{"date":"2021-10-11","commitResults":[{"hash":"de51fa7433fe509fe193fb23d322c270b6c4e504","messageTitle":"add UI, UserHelp class, junit for userhelp class","messageBody":"","fileTypesAndContributionMap":{"functional-code":{"insertions":144,"deletions":17},"test-code":{"insertions":15,"deletions":0}}}]},{"date":"2021-10-14","commitResults":[{"hash":"05e6e8fee1e7a5dc5dd35bd89f3b82086fe64ca8","messageTitle":"add assert statements, logger, command manager junits","messageBody":"","fileTypesAndContributionMap":{"functional-code":{"insertions":14,"deletions":0},"test-code":{"insertions":36,"deletions":4}}},{"hash":"8be79d7be7269e5412e37e54ad708ab53d316b80","messageTitle":"edits","messageBody":"","fileTypesAndContributionMap":{"functional-code":{"insertions":2,"deletions":2}}},{"hash":"40e91fc764b443986c74df0dca900d8e031fdeb4","messageTitle":"edit to comandmanager","messageBody":"","fileTypesAndContributionMap":{"functional-code":{"insertions":2,"deletions":2}}},{"hash":"be20abbd33437101df963e20076b43b01f0fbc88","messageTitle":"edit minor bugs","messageBody":"","fileTypesAndContributionMap":{"functional-code":{"insertions":18,"deletions":13}}}]},{"date":"2021-10-16","commitResults":[{"hash":"2675a8da98a568dd1bc72fd2c542954a86f549b8","messageTitle":"edit UG and edit clickfitmesssages","messageBody":"","fileTypesAndContributionMap":{"functional-code":{"insertions":7,"deletions":3},"docs":{"insertions":24,"deletions":0}}},{"hash":"f52e43657c9de80395db8a31eee807ee3ccb43de","messageTitle":"add new way to store time and date unique to an input if user leaves date and time empty","messageBody":"","fileTypesAndContributionMap":{"functional-code":{"insertions":69,"deletions":20},"docs":{"insertions":1,"deletions":1}}}]},{"date":"2021-10-17","commitResults":[{"hash":"04cde7a90ce183e1b3d6185eaa997511a17e40f3","messageTitle":"Add BMI calculator","messageBody":"","fileTypesAndContributionMap":{"functional-code":{"insertions":54,"deletions":6}}},{"hash":"c17132b550d6f28a92396d05b0d6bec6bfaa7667","messageTitle":"EDIT UI class to skip calculator if needed","messageBody":"","fileTypesAndContributionMap":{"functional-code":{"insertions":50,"deletions":34}}}]},{"date":"2021-10-19","commitResults":[{"hash":"d48afbafd9bfeb40db28675d93bb8aea7734f989","messageTitle":"edit UG","messageBody":"","fileTypesAndContributionMap":{"functional-code":{"insertions":2,"deletions":1},"docs":{"insertions":98,"deletions":60},"test-code":{"insertions":3,"deletions":0}}},{"hash":"55aa5618ceb494c1de49ece7d0e127f0c97bf93e","messageTitle":"fixed bugs in UG","messageBody":"","fileTypesAndContributionMap":{"docs":{"insertions":17,"deletions":17}}}]},{"date":"2021-10-21","commitResults":[{"hash":"d02bae8801da3ad7692f5e388ffc4e892e583351","messageTitle":"add summary from memory for UI. added default date input for weightracker. changed logic for calculator etc.","messageBody":"","fileTypesAndContributionMap":{"functional-code":{"insertions":176,"deletions":24}}},{"hash":"08d745de0f98254e57389da6c2e88541c6b548c7","messageTitle":"add to DG","messageBody":"","fileTypesAndContributionMap":{"docs":{"insertions":70,"deletions":1}}},{"hash":"27f4709fc8ab17679066dceba67331f9a067780d","messageTitle":"edit UG","messageBody":"","fileTypesAndContributionMap":{"docs":{"insertions":2,"deletions":2}}}]},{"date":"2021-10-24","commitResults":[{"hash":"05332700ca1cd0a6bb81d6e535e9e5c108d7d64b","messageTitle":"edit bugs calculator class","messageBody":"","fileTypesAndContributionMap":{"functional-code":{"insertions":4,"deletions":4}}}]},{"date":"2021-10-26","commitResults":[{"hash":"6551e5323ff5e842f1b51ff31249654575b4b035","messageTitle":"edit UG","messageBody":"","fileTypesAndContributionMap":{"docs":{"insertions":84,"deletions":33}}},{"hash":"4fb68e5123b78efef7b61e9bf011c0f3ef1a8804","messageTitle":"fixed UG","messageBody":"","fileTypesAndContributionMap":{"docs":{"insertions":1,"deletions":1}}},{"hash":"2bb4918b5a55e07d017f8b1888e1d68920edcda4","messageTitle":"edit ug","messageBody":"","fileTypesAndContributionMap":{"docs":{"insertions":2,"deletions":2}}}]},{"date":"2021-10-27","commitResults":[{"hash":"562a93d5f894935ec50c0ac053c6082976414caa","messageTitle":"edit UG and claim code","messageBody":"","fileTypesAndContributionMap":{"functional-code":{"insertions":74,"deletions":39},"docs":{"insertions":137,"deletions":178}}}]},{"date":"2021-10-28","commitResults":[{"hash":"f803b8fd94d086b14e5e855e3d3124e44ebf2e82","messageTitle":"edit UI logic","messageBody":"","fileTypesAndContributionMap":{"functional-code":{"insertions":96,"deletions":35}}}]}]},"authorFileTypeContributionMap":{"pragyan01":{"docs":109,"functional-code":411,"test-code":90},"teoziyiivy":{"docs":163,"functional-code":240,"test-code":39},"VishalJeyaram":{"docs":72,"functional-code":615,"test-code":64},"arvejw":{"docs":346,"functional-code":1575,"test-code":171,"other":1},"EdwardZYWang":{"docs":302,"functional-code":303,"test-code":86}},"authorContributionVariance":{"pragyan01":10963.435,"teoziyiivy":7401.2954,"VishalJeyaram":15144.206,"arvejw":50856.12,"EdwardZYWang":10934.891},"authorDisplayNameMap":{"pragyan01":"CS2113T-F14-3 STHI..AMAL","teoziyiivy":"CS2113T-F14-3 TEO .. IVY","VishalJeyaram":"CS2113T-F14-3 VISH..ARAM","arvejw":"CS2113T-F14-3 TEH ..EWEN","EdwardZYWang":"CS2113T-F14-3 WANG..WARD"}}
