{"authorDailyContributionsMap":{"aditichadha1310":[{"date":"2021-10-06","commitResults":[{"hash":"dd240018e25a363862a497d4466437a6dea70515","messageTitle":"Level-Help","messageBody":"Implemented the HELP feature\n","fileTypesAndContributionMap":{"functional-code":{"insertions":35,"deletions":9}}},{"hash":"9ead9f8340a3d8674dc78f91e89a4245564e05cd","messageTitle":"branch-Help-2","messageBody":"Implemented the HELP feature and improved the code\n","fileTypesAndContributionMap":{"functional-code":{"insertions":8,"deletions":8}}},{"hash":"5dea8db653b61cb2de05a7bf0af0c6216fe756d1","messageTitle":"Added Help","messageBody":"Added help which was removed earlier\n","fileTypesAndContributionMap":{"functional-code":{"insertions":4,"deletions":9}}},{"hash":"2159bc9ef84f0011dd25edc074637e3bf0eb2849","messageTitle":"Aditi-AboutUs","messageBody":"Aditi-AboutUs (Tutorial 7 activity)\n","fileTypesAndContributionMap":{"functional-code":{"insertions":13,"deletions":14}}}]},{"date":"2021-10-09","commitResults":[{"hash":"e41d76e311f60310bce96787ab547a3f5d988eca","messageTitle":"Branch-Level-Delete-1","messageBody":"Delete Module feature completed with exceptions\n","fileTypesAndContributionMap":{"functional-code":{"insertions":143,"deletions":17}}},{"hash":"b7e12ebacb6a31f4caafeb2a4fd3d9116ae5a0c3","messageTitle":"branch_level_delete-2","messageBody":"Implemented delete and remove all static variables\n","fileTypesAndContributionMap":{"functional-code":{"insertions":25,"deletions":23}}},{"hash":"1daea5f54bfa8856ef63a37c58f74ec95276702b","messageTitle":"branch-Level_delete-3","messageBody":"Updated java docs\n","fileTypesAndContributionMap":{"functional-code":{"insertions":13,"deletions":1}}},{"hash":"824963af5024152e802fa87b964be351f5cdc948","messageTitle":"branch-Level-delete-4","messageBody":"Simplified the code\n","fileTypesAndContributionMap":{"functional-code":{"insertions":7,"deletions":30}}},{"hash":"7c8fca9578314fea15fec48b34d992738e5d0673","messageTitle":"branch-level-delete-5","messageBody":"Simplified the code and improved on the neatness\n","fileTypesAndContributionMap":{"functional-code":{"insertions":2,"deletions":5}}},{"hash":"f7bd9107610df2a964e188e77abc0b86fa8507ff","messageTitle":"Branch-Level-Clear -1","messageBody":"Implemented the clear feature\n","fileTypesAndContributionMap":{"functional-code":{"insertions":75,"deletions":3}}}]},{"date":"2021-10-10","commitResults":[{"hash":"d3e20621e87858a0214dd27353f5c9c5ed07b7d4","messageTitle":"UserGuide-1","messageBody":"User Guide-1\n","fileTypesAndContributionMap":{"docs":{"insertions":100,"deletions":33}}},{"hash":"8199eede474cb1fec6dbe0ab12c9cab2bc3d87df","messageTitle":"branch-level-Junits-1","messageBody":"","fileTypesAndContributionMap":{"functional-code":{"insertions":2,"deletions":2},"test-code":{"insertions":83,"deletions":0}}}]},{"date":"2021-10-11","commitResults":[{"hash":"841626da1905fae31608e49d24e785431cc79f5d","messageTitle":"Added one more test","messageBody":"","fileTypesAndContributionMap":{"test-code":{"insertions":13,"deletions":3}}},{"hash":"4635237c28e4acdca980f9a536b3a1916f162ba7","messageTitle":"Commit-3","messageBody":"","fileTypesAndContributionMap":{"test-code":{"insertions":1,"deletions":0}}},{"hash":"e6ebc901eeca031719265314a701578f8502404b","messageTitle":"Made one test case to pass","messageBody":"made one test case to pass out of 4\n","fileTypesAndContributionMap":{"test-code":{"insertions":2,"deletions":1}}},{"hash":"50f56f291c6aa83f6e3dc66e5647da2d363ccb18","messageTitle":"removed empty timetable from clear","messageBody":"Removed empty timetable from clear\n","fileTypesAndContributionMap":{"docs":{"insertions":0,"deletions":39}}},{"hash":"80219397c7574d6fdd84f466525d3eb832175515","messageTitle":"Added junit tests","messageBody":"All the added Junit tests are working\n","fileTypesAndContributionMap":{"docs":{"insertions":1,"deletions":1},"test-code":{"insertions":55,"deletions":58}}},{"hash":"3850a175ebbf25f252c0e8da2f2b6138eb61deed","messageTitle":"J-units Test","messageBody":"J-units Test\n","fileTypesAndContributionMap":{"test-code":{"insertions":3,"deletions":3}}},{"hash":"60f02bfcb5a00ed95857e44c7dd7626bf15be109","messageTitle":"Final Junits test","messageBody":"Final Junits test\n","fileTypesAndContributionMap":{"functional-code":{"insertions":13,"deletions":1},"test-code":{"insertions":59,"deletions":27}}},{"hash":"acd5eddb36e6c5d33ed7e67436c83a6d15b819c2","messageTitle":"Final Junit tests implemented using comparator","messageBody":"Working Junit tests using comparators were added\n","fileTypesAndContributionMap":{"functional-code":{"insertions":1,"deletions":1}}}]},{"date":"2021-10-12","commitResults":[{"hash":"3c1f6515bc2d6d3a0820bb98cbcc536b628ff3ae","messageTitle":"Added assert and basic logging","messageBody":"Added assert and basic logging\n","fileTypesAndContributionMap":{"functional-code":{"insertions":13,"deletions":1}}}]}],"adricpjw":[{"date":"2021-09-29","commitResults":[{"hash":"a2992be97327e297607a2ba03139b59abf249e0a","messageTitle":"added AboutUs for andy Samberg","messageBody":"","fileTypesAndContributionMap":{"docs":{"insertions":1,"deletions":1}}}]},{"date":"2021-09-30","commitResults":[{"hash":"948993e928fb89b644260b7e64e0f786b16f0a63","messageTitle":"added Timetable and Class, designed UI display for timetable","messageBody":"","fileTypesAndContributionMap":{"functional-code":{"insertions":488,"deletions":61},"other":{"insertions":25,"deletions":3}}},{"hash":"2fdb1058f0618b34cb7482f3ef34dbeb2ac6d989","messageTitle":"resolved Timetable discrepancies","messageBody":"","fileTypesAndContributionMap":{"functional-code":{"insertions":53,"deletions":377},"other":{"insertions":34,"deletions":29}}},{"hash":"02e167f7f6c4d7222f0cc40fa413b6dcf9bf1130","messageTitle":"refactored some variable names","messageBody":"","fileTypesAndContributionMap":{"functional-code":{"insertions":19,"deletions":18}}},{"hash":"852a968c1e1153954f8006381a9ad497ad8a358f","messageTitle":"touched up code","messageBody":"","fileTypesAndContributionMap":{"functional-code":{"insertions":6,"deletions":2},"other":{"insertions":4,"deletions":3}}},{"hash":"0e3edf1eccc0d2347115893143c254bafbe6013a","messageTitle":"touched up checkstyle","messageBody":"","fileTypesAndContributionMap":{"functional-code":{"insertions":12,"deletions":7}}},{"hash":"f3205f60d9fea997c066575cbf1137b46dbda1a5","messageTitle":"fixed bug","messageBody":"","fileTypesAndContributionMap":{"functional-code":{"insertions":2,"deletions":2}}},{"hash":"ef04726b43ed142556344b4a077c346ea4697a20","messageTitle":"edited runtest.sh to ignore whitespaces","messageBody":"","fileTypesAndContributionMap":{"other":{"insertions":4,"deletions":4}}}]},{"date":"2021-10-03","commitResults":[{"hash":"7997b3995ca209e908eafaec74a4e8bae493ad2c","messageTitle":"refactored some variable naming for better readability","messageBody":"","fileTypesAndContributionMap":{"functional-code":{"insertions":10,"deletions":10}}}]},{"date":"2021-10-06","commitResults":[{"hash":"3568285d73172ce9c65919cf26f618a8a3e4b3a7","messageTitle":"added JUnitTests for Timetable for collision in timeslots","messageBody":"","fileTypesAndContributionMap":{"functional-code":{"insertions":139,"deletions":1},"other":{"insertions":1,"deletions":0},"test-code":{"insertions":77,"deletions":0}}}]},{"date":"2021-10-09","commitResults":[{"hash":"6c30b96677e3c184317274d6a69cb42da4b2bc52","messageTitle":"added UserGuide","messageBody":"","fileTypesAndContributionMap":{"docs":{"insertions":258,"deletions":21},"test-code":{"insertions":63,"deletions":63}}},{"hash":"9af5eceb3f48711f3f4fb2fb0b60d68a97134f0b","messageTitle":"fixed up feature note","messageBody":"","fileTypesAndContributionMap":{"docs":{"insertions":14,"deletions":14}}},{"hash":"4b45e4b8551c89187c2c49e211783cf4908198d1","messageTitle":"fixed merge conflict on CommandParserTest","messageBody":"","fileTypesAndContributionMap":{"test-code":{"insertions":63,"deletions":63}}}]},{"date":"2021-10-12","commitResults":[{"hash":"37f9a7421f1d19c789f0c11a0fe736f99c177d48","messageTitle":"added Javadoc, fixed checkstyles","messageBody":"","fileTypesAndContributionMap":{"functional-code":{"insertions":57,"deletions":28},"test-code":{"insertions":19,"deletions":18}}},{"hash":"716a7de1b6463cd46550bd30d32817196aee4d60","messageTitle":"updated runtest permission","messageBody":"","fileTypesAndContributionMap":{"other":{"insertions":0,"deletions":0}}},{"hash":"b2ba86860c9fdaec63721bb8d3f46c0712da418f","messageTitle":"attempting to fix macOS java CI issues","messageBody":"","fileTypesAndContributionMap":{"functional-code":{"insertions":1,"deletions":1},"test-code":{"insertions":1,"deletions":1}}},{"hash":"ea659561ea72bc180a6ee2bdd7494401ff12f36a","messageTitle":"added few logging and assertions","messageBody":"","fileTypesAndContributionMap":{"functional-code":{"insertions":85,"deletions":3}}},{"hash":"623219e6f4837be6c08f8eb71aa0bfae6c8c191b","messageTitle":"fixed a few checkstyle bugs","messageBody":"","fileTypesAndContributionMap":{"test-code":{"insertions":18,"deletions":14}}},{"hash":"ebc5519b990535d3a20548bbd7c13217c4d1326d","messageTitle":"merged upstream and fixed a bug i created earlier oops","messageBody":"","fileTypesAndContributionMap":{"functional-code":{"insertions":1,"deletions":0}}},{"hash":"912d9ecdfb33f39e80190385611aa4323899ba2e","messageTitle":"Code touch-up","messageBody":"","fileTypesAndContributionMap":{"functional-code":{"insertions":19,"deletions":6},"test-code":{"insertions":25,"deletions":25}}}]},{"date":"2021-10-18","commitResults":[{"hash":"6abb1175a4f2f1146d329ca9918bfaf9d82c7830","messageTitle":"added Json deserializer for prerequisite tree of modules","messageBody":"","fileTypesAndContributionMap":{"functional-code":{"insertions":362,"deletions":34}}},{"hash":"b1c0b9607609887b3e0c366925d7152d1bf237c8","messageTitle":"added functionality to check if a modules prerequisite is met","messageBody":"","fileTypesAndContributionMap":{"functional-code":{"insertions":204,"deletions":42},"test-code":{"insertions":5,"deletions":5}}},{"hash":"9731e8f8f799a5df5de5c45645322104d9dba82c","messageTitle":"Fixed bug with JSON serializing modules when adding items to timetable","messageBody":"","fileTypesAndContributionMap":{"functional-code":{"insertions":6,"deletions":7}}}]}],"Poopies99":[{"date":"2021-09-28","commitResults":[{"hash":"9edadd9c5cf26492d0924efb24d9079058597231","messageTitle":"Added all module details","messageBody":"","fileTypesAndContributionMap":{"functional-code":{"insertions":213,"deletions":3},"other":{"insertions":10821,"deletions":0}}}]},{"date":"2021-09-29","commitResults":[{"hash":"760792df94ab20a95ab9ec1a54cd582aefd272c9","messageTitle":"Added add feature and timetable class","messageBody":"","fileTypesAndContributionMap":{"functional-code":{"insertions":93,"deletions":248},"other":{"insertions":2,"deletions":2}}}]},{"date":"2021-10-01","commitResults":[{"hash":"b0e26814915900ee057291e5a7f69566887c6413","messageTitle":"Updated AboutUs.md","messageBody":"","fileTypesAndContributionMap":{"docs":{"insertions":2,"deletions":2}}}]},{"date":"2021-10-03","commitResults":[{"hash":"ee36aeb6b2d28bfa608a2a90ab429a58d5c70c3e","messageTitle":"Added add feature","messageBody":"","fileTypesAndContributionMap":{"functional-code":{"insertions":2,"deletions":17},"other":{"insertions":12,"deletions":2}}},{"hash":"ec0833bc44d978953c7c92e834494c54bdcd28e1","messageTitle":"1. Removed fetchMod method from Duke class 2. Remove SetupTT metod from Duke class","messageBody":"","fileTypesAndContributionMap":{"functional-code":{"insertions":16,"deletions":52}}},{"hash":"f59c0cd9305cb2438447f8c5687b2299744f9f12","messageTitle":"1. Added modules data back","messageBody":"","fileTypesAndContributionMap":{"functional-code":{"insertions":16,"deletions":1}}},{"hash":"31ad3984b4e89a92e1c1f3de6623d0b9418b8406","messageTitle":"1. Updated AddCommand, changes below is required for command to understand the semester in which the timetable is specified 2. Updated parseCommand to incorporate the semester of the current timetable 3. Updated the run method in Duke after changes from 2. 4. Added getSemesterData method in Module.java 5. Added getSemester method inb TimeTable.java","messageBody":"","fileTypesAndContributionMap":{"functional-code":{"insertions":29,"deletions":10}}},{"hash":"97aa367080a0a6a88ec1fe91bfd87b8c65ad3023","messageTitle":"1. Completed Add Feature 2. Created new directory to store timetable modules that have been added 3. Added Created lessonDetail method in Lesson class to return print values 4. Added addTimetableFile method to save added modules 5. Added comment to clarify return new Semester in get Semester method 6. Added new methods to assist for addCommand 7. Added methods for TextUI","messageBody":"","fileTypesAndContributionMap":{"functional-code":{"insertions":140,"deletions":25},"other":{"insertions":0,"deletions":0}}}]},{"date":"2021-10-06","commitResults":[{"hash":"8f1feafeee95a13fdfb9b527f6accd88fa6ab987","messageTitle":"Completed Add Feature","messageBody":"","fileTypesAndContributionMap":{"functional-code":{"insertions":15,"deletions":19}}},{"hash":"81f09253a6a893745c569653a13651080f3d27b5","messageTitle":"Remove Print Statements","messageBody":"","fileTypesAndContributionMap":{"functional-code":{"insertions":0,"deletions":2}}},{"hash":"dba74d073c6cf2762ecc3ab0c2b7b6cf9f9edcd4","messageTitle":"1. Removed addTimetableFile method from ModStorage 2. Added print method in TextUI 3. Added getSemester method in Timetable 4. Made changes in CommandParser","messageBody":"","fileTypesAndContributionMap":{"functional-code":{"insertions":10,"deletions":9}}}]},{"date":"2021-10-07","commitResults":[{"hash":"952ff02d1e17ebf93ea0dda57d9e94865e06f9ea","messageTitle":"1. Added JUnit Test for Add Command 2. General Code Clean Up","messageBody":"","fileTypesAndContributionMap":{"functional-code":{"insertions":5,"deletions":5},"test-code":{"insertions":21,"deletions":2}}}]},{"date":"2021-10-12","commitResults":[{"hash":"d738917689019d2d2e7197f439ba2d029aa2d169","messageTitle":"Revamped Add Feature","messageBody":"","fileTypesAndContributionMap":{"functional-code":{"insertions":211,"deletions":46},"test-code":{"insertions":1,"deletions":2}}},{"hash":"1c518cc2edc2c9c938d207340b2f72181d010b50","messageTitle":"Refine Add feature and added add exception to handle invalid module codes","messageBody":"","fileTypesAndContributionMap":{"functional-code":{"insertions":208,"deletions":164}}},{"hash":"19423101e890426c666f871091c2e0f720aae07c","messageTitle":"Made changes to add feature from comments made by teammates","messageBody":"","fileTypesAndContributionMap":{"functional-code":{"insertions":114,"deletions":110}}}]},{"date":"2021-10-14","commitResults":[{"hash":"24160919e2c23b507aee729334ea04a6a9573bb6","messageTitle":"Made minor changes to Add Feature","messageBody":"","fileTypesAndContributionMap":{"functional-code":{"insertions":41,"deletions":40}}}]},{"date":"2021-10-16","commitResults":[{"hash":"fef613d54506721698e6eb2e49d798d79f320acd","messageTitle":"Add Assert Statement","messageBody":"","fileTypesAndContributionMap":{"functional-code":{"insertions":1,"deletions":0}}}]}],"xuanlc113":[{"date":"2021-09-29","commitResults":[{"hash":"a6603590bcb61c107b19f572e22b2f5b681a9e0a","messageTitle":"add xuanliang details to aboutus","messageBody":"","fileTypesAndContributionMap":{"docs":{"insertions":1,"deletions":1}}}]},{"date":"2021-09-30","commitResults":[{"hash":"b2173f32ee3ab512f527e06b5bd64b29d5cfbd7f","messageTitle":"add timetableDTO","messageBody":"","fileTypesAndContributionMap":{"functional-code":{"insertions":43,"deletions":0}}},{"hash":"bdf994205358a6b132c5c81d49ba6db91d4df590","messageTitle":"add timetable with storage","messageBody":"","fileTypesAndContributionMap":{"functional-code":{"insertions":332,"deletions":2}}},{"hash":"70512f4b8cd580b6637bc4359dbe184cd835a2c4","messageTitle":"modify add timetable item","messageBody":"","fileTypesAndContributionMap":{"functional-code":{"insertions":0,"deletions":1}}}]},{"date":"2021-10-07","commitResults":[{"hash":"62e2751de0659a92b81e45647fd00a4199ccae82","messageTitle":"load timetable data from file on startup","messageBody":"","fileTypesAndContributionMap":{"functional-code":{"insertions":16,"deletions":6}}},{"hash":"1b0f731289aefa3aef11a0131a2fe706616a5c24","messageTitle":"add timetable storage tests","messageBody":"","fileTypesAndContributionMap":{"test-code":{"insertions":50,"deletions":0}}}]},{"date":"2021-10-11","commitResults":[{"hash":"12288b7a6894ebe623042eb6fb9ed6dc4100347d","messageTitle":"add timetable save after every command","messageBody":"","fileTypesAndContributionMap":{"functional-code":{"insertions":14,"deletions":7}}}]},{"date":"2021-10-14","commitResults":[{"hash":"bcdeedc724a4b5f1d45ea7237cf1d01212842043","messageTitle":"add generic timetable item","messageBody":"","fileTypesAndContributionMap":{"functional-code":{"insertions":365,"deletions":233}}}]},{"date":"2021-10-15","commitResults":[{"hash":"a09badc6b6b7beb15e18ca4608a2861b3c0cf57e","messageTitle":"refactor timetableLesson as timetableItem child","messageBody":"","fileTypesAndContributionMap":{"functional-code":{"insertions":245,"deletions":188}}},{"hash":"6d22a760df3f2f2f904ac6c99d5d6c1f47a2b79e","messageTitle":"add timetable user item class","messageBody":"","fileTypesAndContributionMap":{"functional-code":{"insertions":6,"deletions":0}}},{"hash":"28a0b459d5fb39fba0ebf7cdd9687eb6f199bfd0","messageTitle":"fix failing tests due to timetable refactor","messageBody":"","fileTypesAndContributionMap":{"functional-code":{"insertions":1,"deletions":1},"test-code":{"insertions":39,"deletions":81}}},{"hash":"61038ca79e58fa7edd8f9dbb53d673a233729af9","messageTitle":"fix checkstyle error","messageBody":"","fileTypesAndContributionMap":{"functional-code":{"insertions":1,"deletions":2}}}]},{"date":"2021-10-16","commitResults":[{"hash":"3346a0ff79707986440782262b773201e5190003","messageTitle":"add abstract method for timetableItem classes","messageBody":"","fileTypesAndContributionMap":{"functional-code":{"insertions":70,"deletions":62}}},{"hash":"c241a4b6e0bdc739d30007c9891334e2f0865732","messageTitle":"fix checkstyle errors","messageBody":"","fileTypesAndContributionMap":{"functional-code":{"insertions":6,"deletions":6}}}]}],"ChewyChair":[{"date":"2021-09-28","commitResults":[{"hash":"6b1862fb9199397b3da5d5748ed5d75e12dac0e9","messageTitle":"Implement show and update (pulls from NUSMods, takes ~20mins) functions.","messageBody":"","fileTypesAndContributionMap":{"functional-code":{"insertions":424,"deletions":51},"other":{"insertions":1,"deletions":0}}},{"hash":"e7267d12cbe5ba77fb6c65d4645ac37638ee098d","messageTitle":"Upload data taken from NUSMods as of 28/9/21 for faster testing purposes.","messageBody":"","fileTypesAndContributionMap":{"other":{"insertions":12957,"deletions":0}}}]},{"date":"2021-09-29","commitResults":[{"hash":"02ec82344027e0cd1fc49a0fe5418466990dcb84","messageTitle":"Fix CheckStyle errors.","messageBody":"","fileTypesAndContributionMap":{"functional-code":{"insertions":27,"deletions":19}}},{"hash":"0411c6838be257a404f9fb60f44757d82e630a56","messageTitle":"Add details to AboutUs.","messageBody":"","fileTypesAndContributionMap":{"docs":{"insertions":7,"deletions":1}}},{"hash":"38c043f2e957db0cd2dbac40a76020ac7050fe21","messageTitle":"Update update command, now is 4x as fast. Format of saved jsons changed as well. Upload NUSMods data as of 29/9/21.","messageBody":"","fileTypesAndContributionMap":{"functional-code":{"insertions":64,"deletions":122},"other":{"insertions":12956,"deletions":12957}}}]},{"date":"2021-10-01","commitResults":[{"hash":"700469f60d1cf99b630f1ba55183b14867e67eda","messageTitle":"Change search function to default to fetching from NUSMods, and fetches from local storage instead if unable to connect.","messageBody":"","fileTypesAndContributionMap":{"functional-code":{"insertions":192,"deletions":6}}},{"hash":"70a45cb76de4809003c41eb0b598d26bab7d9670","messageTitle":"Commit some updated .json files.","messageBody":"","fileTypesAndContributionMap":{"other":{"insertions":0,"deletions":23777}}},{"hash":"66d08666adc6b625c1d49942ed761fb3a7087343","messageTitle":"Change show function to show from NUSMods, and load from local storage if unable to connect.","messageBody":"","fileTypesAndContributionMap":{"functional-code":{"insertions":40,"deletions":13}}}]},{"date":"2021-10-02","commitResults":[{"hash":"d015d6d677e5fb3bebe2a6becc5d3f1f293abd64","messageTitle":"Remove ModList and NusModsParser. NusModsParser functions have been moved to NusMods or ModStorage. ModList is no longer loaded.","messageBody":"","fileTypesAndContributionMap":{"functional-code":{"insertions":41,"deletions":238}}},{"hash":"48bf533ab0f697c80c6e8fc713f41af4812103e3","messageTitle":"Update setupTT to work both online and offline.","messageBody":"","fileTypesAndContributionMap":{"functional-code":{"insertions":17,"deletions":8}}}]},{"date":"2021-10-06","commitResults":[{"hash":"b328656a3ee38eaa85b435bf8c175ccb5581c640","messageTitle":"Add JUnit tests for CommandParser.","messageBody":"","fileTypesAndContributionMap":{"functional-code":{"insertions":7,"deletions":3},"test-code":{"insertions":81,"deletions":0}}},{"hash":"01708615a4202f7b9bf06303b2205b5432aa1321","messageTitle":"Remove some redundant code in Duke and ModStorage, add simple JUnit tests for NusMods and ModStorage.","messageBody":"","fileTypesAndContributionMap":{"functional-code":{"insertions":0,"deletions":10},"test-code":{"insertions":55,"deletions":0}}},{"hash":"52a6d8ad10564a8b5ce44797e0ee92e5471b2b62","messageTitle":"Minor change to JUnit tests for NusMods and ModStorage.","messageBody":"","fileTypesAndContributionMap":{"test-code":{"insertions":4,"deletions":6}}}]},{"date":"2021-10-07","commitResults":[{"hash":"c83764bbddceffbbbeecb90435f944435db8de4d","messageTitle":"Fix some minor errors in the code.","messageBody":"","fileTypesAndContributionMap":{"functional-code":{"insertions":0,"deletions":1},"test-code":{"insertions":2,"deletions":2}}}]},{"date":"2021-10-08","commitResults":[{"hash":"13f01cff3f24e953c965c3242c6acbb6b67599ee","messageTitle":"Add searching with flags function. -q for quick, -mc for MCs, -l for level, -f for faculty, -d for department and -e for exams. Left -s for semester.","messageBody":"","fileTypesAndContributionMap":{"functional-code":{"insertions":325,"deletions":35},"test-code":{"insertions":2,"deletions":1}}},{"hash":"4f038f379e9d3db088d32bcee1c406ada0ba2e78","messageTitle":"Add -s (semester flag) for search. Will filter out all mods that are not taught in that semester.","messageBody":"","fileTypesAndContributionMap":{"functional-code":{"insertions":36,"deletions":0}}}]},{"date":"2021-10-11","commitResults":[{"hash":"47edb1cdbd5b3666f51ec2ffd0dcb8f6ec057d9f","messageTitle":"Add simple logging and assertions.","messageBody":"","fileTypesAndContributionMap":{"functional-code":{"insertions":32,"deletions":2}}}]},{"date":"2021-10-12","commitResults":[{"hash":"e430224e50ecd0b2f8dc3a41ce81c8c0dd461ae7","messageTitle":"Fix an edge case on searchCommand and remove JUnit test since InvalidCommand is no longer returned.","messageBody":"","fileTypesAndContributionMap":{"functional-code":{"insertions":1,"deletions":1},"test-code":{"insertions":0,"deletions":6}}},{"hash":"8a7841f67f5e0febba3410ab68a1e9ed22e3f234","messageTitle":"Minor changes","messageBody":"","fileTypesAndContributionMap":{"functional-code":{"insertions":11,"deletions":1}}}]},{"date":"2021-10-14","commitResults":[{"hash":"07360891073d577a6e4e99d635c4d3544aa0b358","messageTitle":"Add TypeAdapter for weeks to differentiate between array and object and deserialize with gson. Seems to work (tested with update and successfully parsed all 12000+ mods.","messageBody":"","fileTypesAndContributionMap":{"functional-code":{"insertions":97,"deletions":2}}}]},{"date":"2021-10-15","commitResults":[{"hash":"d1876706c4285c6b4a393bb891ff52cb38229859","messageTitle":"Add write method for WeeksAdapter, so that timetable can be saved correctly.","messageBody":"","fileTypesAndContributionMap":{"functional-code":{"insertions":39,"deletions":2}}}]},{"date":"2021-10-16","commitResults":[{"hash":"1cf1bc19191c45224e60a06749229afebba2f58e","messageTitle":"Abstract methods in WeeksAdapter, added UML diagrams. Also fixed quicksearch, it was running online.","messageBody":"","fileTypesAndContributionMap":{"functional-code":{"insertions":40,"deletions":20},"docs":{"insertions":191,"deletions":0}}},{"hash":"68dcba369c7031d9673b972c19bad850ea23e229","messageTitle":"Add javaDocs.","messageBody":"","fileTypesAndContributionMap":{"functional-code":{"insertions":175,"deletions":4}}}]},{"date":"2021-10-18","commitResults":[{"hash":"dd48c47bf7df49f00faaefd58f1072b670f9fd32","messageTitle":"Resolve merge conflicts that broke code.","messageBody":"","fileTypesAndContributionMap":{"functional-code":{"insertions":9,"deletions":20}}}]}]},"authorFileTypeContributionMap":{"aditichadha1310":{"docs":49,"functional-code":237,"test-code":70},"adricpjw":{"docs":238,"functional-code":1031,"test-code":99,"other":9},"Poopies99":{"docs":2,"functional-code":372,"test-code":20,"other":1},"xuanlc113":{"docs":1,"functional-code":514,"test-code":55},"ChewyChair":{"docs":198,"functional-code":1103,"test-code":116,"other":1}},"authorContributionVariance":{"aditichadha1310":9085.667,"adricpjw":78159.23,"Poopies99":4834378.0,"xuanlc113":29711.69,"ChewyChair":5.2726708E7},"authorDisplayNameMap":{"aditichadha1310":"CS2113T-W12-2 ADIT..ADHA","adricpjw":"CS2113T-W12-2 PANG..DRIC","Poopies99":"CS2113T-W12-2 CHRI..G QI","xuanlc113":"CS2113T-W12-2 CHON..IANG","ChewyChair":"CS2113T-W12-2 CHEW.. JIE"}}
