{"authorDailyContributionsMap":{"aditichadha1310":[],"adricpjw":[{"date":"2021-09-29","commitResults":[{"hash":"a2992be97327e297607a2ba03139b59abf249e0a","messageTitle":"added AboutUs for andy Samberg","messageBody":"","fileTypesAndContributionMap":{"docs":{"insertions":1,"deletions":1}}}]},{"date":"2021-09-30","commitResults":[{"hash":"948993e928fb89b644260b7e64e0f786b16f0a63","messageTitle":"added Timetable and Class, designed UI display for timetable","messageBody":"","fileTypesAndContributionMap":{"functional-code":{"insertions":488,"deletions":61},"other":{"insertions":25,"deletions":3}}},{"hash":"2fdb1058f0618b34cb7482f3ef34dbeb2ac6d989","messageTitle":"resolved Timetable discrepancies","messageBody":"","fileTypesAndContributionMap":{"functional-code":{"insertions":53,"deletions":377},"other":{"insertions":34,"deletions":29}}},{"hash":"02e167f7f6c4d7222f0cc40fa413b6dcf9bf1130","messageTitle":"refactored some variable names","messageBody":"","fileTypesAndContributionMap":{"functional-code":{"insertions":19,"deletions":18}}},{"hash":"852a968c1e1153954f8006381a9ad497ad8a358f","messageTitle":"touched up code","messageBody":"","fileTypesAndContributionMap":{"functional-code":{"insertions":6,"deletions":2},"other":{"insertions":4,"deletions":3}}},{"hash":"0e3edf1eccc0d2347115893143c254bafbe6013a","messageTitle":"touched up checkstyle","messageBody":"","fileTypesAndContributionMap":{"functional-code":{"insertions":12,"deletions":7}}},{"hash":"f3205f60d9fea997c066575cbf1137b46dbda1a5","messageTitle":"fixed bug","messageBody":"","fileTypesAndContributionMap":{"functional-code":{"insertions":2,"deletions":2}}},{"hash":"ef04726b43ed142556344b4a077c346ea4697a20","messageTitle":"edited runtest.sh to ignore whitespaces","messageBody":"","fileTypesAndContributionMap":{"other":{"insertions":4,"deletions":4}}}]},{"date":"2021-10-03","commitResults":[{"hash":"7997b3995ca209e908eafaec74a4e8bae493ad2c","messageTitle":"refactored some variable naming for better readability","messageBody":"","fileTypesAndContributionMap":{"functional-code":{"insertions":10,"deletions":10}}}]}],"Poopies99":[{"date":"2021-09-28","commitResults":[{"hash":"9edadd9c5cf26492d0924efb24d9079058597231","messageTitle":"Added all module details","messageBody":"","fileTypesAndContributionMap":{"functional-code":{"insertions":213,"deletions":3},"other":{"insertions":10821,"deletions":0}}}]},{"date":"2021-09-29","commitResults":[{"hash":"760792df94ab20a95ab9ec1a54cd582aefd272c9","messageTitle":"Added add feature and timetable class","messageBody":"","fileTypesAndContributionMap":{"functional-code":{"insertions":93,"deletions":248},"other":{"insertions":2,"deletions":2}}}]},{"date":"2021-10-01","commitResults":[{"hash":"b0e26814915900ee057291e5a7f69566887c6413","messageTitle":"Updated AboutUs.md","messageBody":"","fileTypesAndContributionMap":{"docs":{"insertions":2,"deletions":2}}}]}],"xuanlc113":[{"date":"2021-09-29","commitResults":[{"hash":"a6603590bcb61c107b19f572e22b2f5b681a9e0a","messageTitle":"add xuanliang details to aboutus","messageBody":"","fileTypesAndContributionMap":{"docs":{"insertions":1,"deletions":1}}}]},{"date":"2021-09-30","commitResults":[{"hash":"b2173f32ee3ab512f527e06b5bd64b29d5cfbd7f","messageTitle":"add timetableDTO","messageBody":"","fileTypesAndContributionMap":{"functional-code":{"insertions":43,"deletions":0}}},{"hash":"bdf994205358a6b132c5c81d49ba6db91d4df590","messageTitle":"add timetable with storage","messageBody":"","fileTypesAndContributionMap":{"functional-code":{"insertions":332,"deletions":2}}},{"hash":"70512f4b8cd580b6637bc4359dbe184cd835a2c4","messageTitle":"modify add timetable item","messageBody":"","fileTypesAndContributionMap":{"functional-code":{"insertions":0,"deletions":1}}}]}],"ChewyChair":[{"date":"2021-09-28","commitResults":[{"hash":"6b1862fb9199397b3da5d5748ed5d75e12dac0e9","messageTitle":"Implement show and update (pulls from NUSMods, takes ~20mins) functions.","messageBody":"","fileTypesAndContributionMap":{"functional-code":{"insertions":424,"deletions":51},"other":{"insertions":1,"deletions":0}}},{"hash":"e7267d12cbe5ba77fb6c65d4645ac37638ee098d","messageTitle":"Upload data taken from NUSMods as of 28/9/21 for faster testing purposes.","messageBody":"","fileTypesAndContributionMap":{"other":{"insertions":12957,"deletions":0}}}]},{"date":"2021-09-29","commitResults":[{"hash":"02ec82344027e0cd1fc49a0fe5418466990dcb84","messageTitle":"Fix CheckStyle errors.","messageBody":"","fileTypesAndContributionMap":{"functional-code":{"insertions":27,"deletions":19}}},{"hash":"0411c6838be257a404f9fb60f44757d82e630a56","messageTitle":"Add details to AboutUs.","messageBody":"","fileTypesAndContributionMap":{"docs":{"insertions":7,"deletions":1}}},{"hash":"38c043f2e957db0cd2dbac40a76020ac7050fe21","messageTitle":"Update update command, now is 4x as fast. Format of saved jsons changed as well. Upload NUSMods data as of 29/9/21.","messageBody":"","fileTypesAndContributionMap":{"functional-code":{"insertions":64,"deletions":122},"other":{"insertions":12956,"deletions":12957}}}]},{"date":"2021-10-01","commitResults":[{"hash":"700469f60d1cf99b630f1ba55183b14867e67eda","messageTitle":"Change search function to default to fetching from NUSMods, and fetches from local storage instead if unable to connect.","messageBody":"","fileTypesAndContributionMap":{"functional-code":{"insertions":192,"deletions":6}}},{"hash":"70a45cb76de4809003c41eb0b598d26bab7d9670","messageTitle":"Commit some updated .json files.","messageBody":"","fileTypesAndContributionMap":{"other":{"insertions":0,"deletions":23777}}},{"hash":"66d08666adc6b625c1d49942ed761fb3a7087343","messageTitle":"Change show function to show from NUSMods, and load from local storage if unable to connect.","messageBody":"","fileTypesAndContributionMap":{"functional-code":{"insertions":40,"deletions":13}}}]},{"date":"2021-10-02","commitResults":[{"hash":"d015d6d677e5fb3bebe2a6becc5d3f1f293abd64","messageTitle":"Remove ModList and NusModsParser. NusModsParser functions have been moved to NusMods or ModStorage. ModList is no longer loaded.","messageBody":"","fileTypesAndContributionMap":{"functional-code":{"insertions":41,"deletions":238}}},{"hash":"48bf533ab0f697c80c6e8fc713f41af4812103e3","messageTitle":"Update setupTT to work both online and offline.","messageBody":"","fileTypesAndContributionMap":{"functional-code":{"insertions":17,"deletions":8}}}]}]},"authorFileTypeContributionMap":{"aditichadha1310":{"docs":0,"functional-code":0,"test-code":0},"adricpjw":{"docs":1,"functional-code":491,"test-code":0,"other":8},"Poopies99":{"docs":2,"functional-code":32,"test-code":0,"other":1},"xuanlc113":{"docs":1,"functional-code":42,"test-code":0},"ChewyChair":{"docs":7,"functional-code":483,"test-code":0,"other":1}},"authorContributionVariance":{"aditichadha1310":0.0,"adricpjw":130712.25,"Poopies99":1.1947761E7,"xuanlc113":14093.729,"ChewyChair":1.09768496E8},"authorDisplayNameMap":{"aditichadha1310":"CS2113T-W12-2 ADIT..ADHA","adricpjw":"CS2113T-W12-2 PANG..DRIC","Poopies99":"CS2113T-W12-2 CHRI..G QI","xuanlc113":"CS2113T-W12-2 CHON..IANG","ChewyChair":"CS2113T-W12-2 CHEW.. JIE"}}
