[{"path":"docs/AboutUs.md","fileType":"docs","lines":[{"lineNumber":1,"author":{"gitId":"-"},"content":"# About us","lastModifiedDate":"2020-05-24"},{"lineNumber":2,"author":{"gitId":"-"},"content":"","lastModifiedDate":"2020-05-24"},{"lineNumber":3,"author":{"gitId":"-"},"content":"Display | Name | Github Profile | Portfolio ","lastModifiedDate":"2020-05-24"},{"lineNumber":4,"author":{"gitId":"-"},"content":"--------|:----:|:--------------:|:---------:","lastModifiedDate":"2020-05-24"},{"lineNumber":5,"author":{"gitId":"wutdequack"},"content":"![](https://via.placeholder.com/100.png?text\u003dPhoto) | Jonathan Lee | [Github](https://github.com/) | [Portfolio](docs/team/johndoe.md)","lastModifiedDate":"2021-09-30"},{"lineNumber":6,"author":{"gitId":"ruyian"},"content":"![](https://via.placeholder.com/100.png?text\u003dPhoto) | An Ruyi | [Github](https://github.com/) | [Portfolio](docs/team/johndoe.md)","lastModifiedDate":"2021-09-30"},{"lineNumber":7,"author":{"gitId":"owensoh"},"content":"![](https://via.placeholder.com/100.png?text\u003dPhoto) | Soh Jun Han, Owen | [Github](https://github.com/owensoh/tp) | [Portfolio](https://github.com/AY2122S1-CS2113-T16-2/tp/)","lastModifiedDate":"2021-09-30"},{"lineNumber":8,"author":{"gitId":"nguyin"},"content":"![](https://via.placeholder.com/100.png?text\u003dPhoto) | Rebecca Ng | [Github](https://github.com/) | [Portfolio](docs/team/johndoe.md)","lastModifiedDate":"2021-09-30"},{"lineNumber":9,"author":{"gitId":"-"},"content":"![](https://via.placeholder.com/100.png?text\u003dPhoto) | Ron John | [Github](https://github.com/) | [Portfolio](docs/team/johndoe.md)","lastModifiedDate":"2020-05-24"},{"lineNumber":10,"author":{"gitId":"-"},"content":"![](https://via.placeholder.com/100.png?text\u003dPhoto) | John Roe | [Github](https://github.com/) | [Portfolio](docs/team/johndoe.md)","lastModifiedDate":"2020-05-24"},{"lineNumber":11,"author":{"gitId":"-"},"content":"![](https://via.placeholder.com/100.png?text\u003dPhoto) | Don Roe | [Github](https://github.com/) | [Portfolio](docs/team/johndoe.md)","lastModifiedDate":"2020-05-24"}],"authorContributionMap":{"ruyian":1,"wutdequack":1,"nguyin":1,"owensoh":1,"-":7}},{"path":"docs/team/johndoe.md","fileType":"docs","lines":[{"lineNumber":1,"author":{"gitId":"ruyian"},"content":"# An Ruyi - Project Portfolio Page","lastModifiedDate":"2021-09-30"},{"lineNumber":2,"author":{"gitId":"-"},"content":"","lastModifiedDate":"2020-05-24"},{"lineNumber":3,"author":{"gitId":"-"},"content":"## Overview","lastModifiedDate":"2020-05-24"},{"lineNumber":4,"author":{"gitId":"-"},"content":"","lastModifiedDate":"2020-05-24"},{"lineNumber":5,"author":{"gitId":"-"},"content":"","lastModifiedDate":"2020-05-24"},{"lineNumber":6,"author":{"gitId":"-"},"content":"### Summary of Contributions","lastModifiedDate":"2020-05-24"}],"authorContributionMap":{"ruyian":1,"-":5}},{"path":"src/main/java/seedu/duke/Duke.java","fileType":"functional-code","lines":[{"lineNumber":1,"author":{"gitId":"-"},"content":"package seedu.duke;","lastModifiedDate":"2020-05-24"},{"lineNumber":2,"author":{"gitId":"-"},"content":"","lastModifiedDate":"2020-05-24"},{"lineNumber":3,"author":{"gitId":"owensoh"},"content":"import static seedu.duke.common.MagicValues.ADD_APPOINTMENT;","lastModifiedDate":"2021-10-02"},{"lineNumber":4,"author":{"gitId":"owensoh"},"content":"import static seedu.duke.common.MagicValues.ADD_ELDERLY;","lastModifiedDate":"2021-10-02"},{"lineNumber":5,"author":{"gitId":"owensoh"},"content":"import static seedu.duke.common.MagicValues.ADD_MEDICINE;","lastModifiedDate":"2021-10-02"},{"lineNumber":6,"author":{"gitId":"wutdequack"},"content":"import static seedu.duke.common.MagicValues.BYE_STRING;","lastModifiedDate":"2021-10-02"},{"lineNumber":7,"author":{"gitId":"owensoh"},"content":"import static seedu.duke.common.MagicValues.VIEW_APPOINTMENT;","lastModifiedDate":"2021-10-02"},{"lineNumber":8,"author":{"gitId":"owensoh"},"content":"import static seedu.duke.common.MagicValues.VIEW_MEDICINE;","lastModifiedDate":"2021-10-02"},{"lineNumber":9,"author":{"gitId":"owensoh"},"content":"import static seedu.duke.common.MagicValues.elderlyArrayList;","lastModifiedDate":"2021-10-02"},{"lineNumber":10,"author":{"gitId":"owensoh"},"content":"import static seedu.duke.common.MagicValues.INDEX_OF_DATE;","lastModifiedDate":"2021-10-02"},{"lineNumber":11,"author":{"gitId":"owensoh"},"content":"import static seedu.duke.common.MagicValues.INDEX_OF_ELDERLY_NAME;","lastModifiedDate":"2021-10-02"},{"lineNumber":12,"author":{"gitId":"owensoh"},"content":"import static seedu.duke.common.MagicValues.INDEX_OF_LOCATION;","lastModifiedDate":"2021-10-02"},{"lineNumber":13,"author":{"gitId":"owensoh"},"content":"import static seedu.duke.common.MagicValues.INDEX_OF_MEDICINE_NAME;","lastModifiedDate":"2021-10-02"},{"lineNumber":14,"author":{"gitId":"owensoh"},"content":"import static seedu.duke.common.MagicValues.INDEX_OF_FREQUENCY;","lastModifiedDate":"2021-10-02"},{"lineNumber":15,"author":{"gitId":"owensoh"},"content":"import static seedu.duke.common.MagicValues.INDEX_OF_PURPOSE;","lastModifiedDate":"2021-10-02"},{"lineNumber":16,"author":{"gitId":"owensoh"},"content":"import static seedu.duke.common.MagicValues.INDEX_OF_TIME;","lastModifiedDate":"2021-10-02"},{"lineNumber":17,"author":{"gitId":"owensoh"},"content":"import static seedu.duke.common.MagicValues.LENGTH_IF_PURPOSE_EXISTS;","lastModifiedDate":"2021-10-02"},{"lineNumber":18,"author":{"gitId":"wutdequack"},"content":"","lastModifiedDate":"2021-10-02"},{"lineNumber":19,"author":{"gitId":"owensoh"},"content":"import java.util.Objects;","lastModifiedDate":"2021-10-02"},{"lineNumber":20,"author":{"gitId":"owensoh"},"content":"import seedu.duke.common.Elderly;","lastModifiedDate":"2021-10-02"},{"lineNumber":21,"author":{"gitId":"owensoh"},"content":"import seedu.duke.common.Appointment;","lastModifiedDate":"2021-10-02"},{"lineNumber":22,"author":{"gitId":"owensoh"},"content":"import seedu.duke.common.Medicine;","lastModifiedDate":"2021-10-02"},{"lineNumber":23,"author":{"gitId":"wutdequack"},"content":"import seedu.duke.ui.TextUi;","lastModifiedDate":"2021-10-02"},{"lineNumber":24,"author":{"gitId":"wutdequack"},"content":"import seedu.duke.parser.Parser;","lastModifiedDate":"2021-10-02"},{"lineNumber":25,"author":{"gitId":"-"},"content":"","lastModifiedDate":"2020-05-24"},{"lineNumber":26,"author":{"gitId":"owensoh"},"content":"","lastModifiedDate":"2021-10-02"},{"lineNumber":27,"author":{"gitId":"-"},"content":"public class Duke {","lastModifiedDate":"2019-07-29"},{"lineNumber":28,"author":{"gitId":"owensoh"},"content":"","lastModifiedDate":"2021-10-02"},{"lineNumber":29,"author":{"gitId":"wutdequack"},"content":"    /**","lastModifiedDate":"2021-10-02"},{"lineNumber":30,"author":{"gitId":"wutdequack"},"content":"     * Global variable used to show if loop to get user input should continue running.","lastModifiedDate":"2021-10-02"},{"lineNumber":31,"author":{"gitId":"wutdequack"},"content":"     */","lastModifiedDate":"2021-10-02"},{"lineNumber":32,"author":{"gitId":"wutdequack"},"content":"    public static Boolean toContinue \u003d true;","lastModifiedDate":"2021-10-02"},{"lineNumber":33,"author":{"gitId":"wutdequack"},"content":"","lastModifiedDate":"2021-10-02"},{"lineNumber":34,"author":{"gitId":"wutdequack"},"content":"    private TextUi ui;","lastModifiedDate":"2021-10-02"},{"lineNumber":35,"author":{"gitId":"wutdequack"},"content":"","lastModifiedDate":"2021-10-02"},{"lineNumber":36,"author":{"gitId":"-"},"content":"    /**","lastModifiedDate":"2020-05-24"},{"lineNumber":37,"author":{"gitId":"-"},"content":"     * Main entry-point for the java.duke.Duke application.","lastModifiedDate":"2020-05-24"},{"lineNumber":38,"author":{"gitId":"-"},"content":"     */","lastModifiedDate":"2020-05-24"},{"lineNumber":39,"author":{"gitId":"-"},"content":"    public static void main(String[] args) {","lastModifiedDate":"2019-07-29"},{"lineNumber":40,"author":{"gitId":"wutdequack"},"content":"        new Duke().run();","lastModifiedDate":"2021-10-02"},{"lineNumber":41,"author":{"gitId":"wutdequack"},"content":"    }","lastModifiedDate":"2021-10-02"},{"lineNumber":42,"author":{"gitId":"-"},"content":"","lastModifiedDate":"2020-05-24"},{"lineNumber":43,"author":{"gitId":"wutdequack"},"content":"    /**","lastModifiedDate":"2021-10-02"},{"lineNumber":44,"author":{"gitId":"wutdequack"},"content":"     * Handles the running of the program.","lastModifiedDate":"2021-10-02"},{"lineNumber":45,"author":{"gitId":"wutdequack"},"content":"     */","lastModifiedDate":"2021-10-02"},{"lineNumber":46,"author":{"gitId":"wutdequack"},"content":"    private void run() {","lastModifiedDate":"2021-10-02"},{"lineNumber":47,"author":{"gitId":"wutdequack"},"content":"        start();","lastModifiedDate":"2021-10-02"},{"lineNumber":48,"author":{"gitId":"wutdequack"},"content":"        loopUntilByeInitiated();","lastModifiedDate":"2021-10-02"},{"lineNumber":49,"author":{"gitId":"-"},"content":"    }","lastModifiedDate":"2019-07-29"},{"lineNumber":50,"author":{"gitId":"wutdequack"},"content":"","lastModifiedDate":"2021-10-02"},{"lineNumber":51,"author":{"gitId":"wutdequack"},"content":"    /**","lastModifiedDate":"2021-10-02"},{"lineNumber":52,"author":{"gitId":"wutdequack"},"content":"     * Set up objects and prints Welcome Message.","lastModifiedDate":"2021-10-02"},{"lineNumber":53,"author":{"gitId":"wutdequack"},"content":"     */","lastModifiedDate":"2021-10-02"},{"lineNumber":54,"author":{"gitId":"wutdequack"},"content":"    private void start() {","lastModifiedDate":"2021-10-02"},{"lineNumber":55,"author":{"gitId":"wutdequack"},"content":"        ui \u003d new TextUi();","lastModifiedDate":"2021-10-02"},{"lineNumber":56,"author":{"gitId":"wutdequack"},"content":"        ui.printWelcomeMessage();","lastModifiedDate":"2021-10-02"},{"lineNumber":57,"author":{"gitId":"wutdequack"},"content":"    }","lastModifiedDate":"2021-10-02"},{"lineNumber":58,"author":{"gitId":"wutdequack"},"content":"","lastModifiedDate":"2021-10-02"},{"lineNumber":59,"author":{"gitId":"wutdequack"},"content":"    /**","lastModifiedDate":"2021-10-02"},{"lineNumber":60,"author":{"gitId":"wutdequack"},"content":"     * Continues running until bye command is issued.","lastModifiedDate":"2021-10-02"},{"lineNumber":61,"author":{"gitId":"wutdequack"},"content":"     */","lastModifiedDate":"2021-10-02"},{"lineNumber":62,"author":{"gitId":"wutdequack"},"content":"    private void loopUntilByeInitiated() {","lastModifiedDate":"2021-10-02"},{"lineNumber":63,"author":{"gitId":"wutdequack"},"content":"        // Continue Running Loop until bye is called","lastModifiedDate":"2021-10-02"},{"lineNumber":64,"author":{"gitId":"wutdequack"},"content":"        while (toContinue) {","lastModifiedDate":"2021-10-02"},{"lineNumber":65,"author":{"gitId":"wutdequack"},"content":"            // Gets user input","lastModifiedDate":"2021-10-02"},{"lineNumber":66,"author":{"gitId":"wutdequack"},"content":"            String userInput \u003d ui.getUserInput();","lastModifiedDate":"2021-10-02"},{"lineNumber":67,"author":{"gitId":"wutdequack"},"content":"            executeCommand(userInput);","lastModifiedDate":"2021-10-02"},{"lineNumber":68,"author":{"gitId":"wutdequack"},"content":"        }","lastModifiedDate":"2021-10-02"},{"lineNumber":69,"author":{"gitId":"wutdequack"},"content":"    }","lastModifiedDate":"2021-10-02"},{"lineNumber":70,"author":{"gitId":"wutdequack"},"content":"","lastModifiedDate":"2021-10-02"},{"lineNumber":71,"author":{"gitId":"wutdequack"},"content":"    /**","lastModifiedDate":"2021-10-02"},{"lineNumber":72,"author":{"gitId":"wutdequack"},"content":"     * Stops loop and print bye message.","lastModifiedDate":"2021-10-02"},{"lineNumber":73,"author":{"gitId":"wutdequack"},"content":"     */","lastModifiedDate":"2021-10-02"},{"lineNumber":74,"author":{"gitId":"wutdequack"},"content":"    public void handleByeSequence() {","lastModifiedDate":"2021-10-02"},{"lineNumber":75,"author":{"gitId":"wutdequack"},"content":"        toContinue \u003d false;","lastModifiedDate":"2021-10-02"},{"lineNumber":76,"author":{"gitId":"wutdequack"},"content":"        ui.printGoodByeMessage();","lastModifiedDate":"2021-10-02"},{"lineNumber":77,"author":{"gitId":"wutdequack"},"content":"    }","lastModifiedDate":"2021-10-02"},{"lineNumber":78,"author":{"gitId":"wutdequack"},"content":"","lastModifiedDate":"2021-10-02"},{"lineNumber":79,"author":{"gitId":"wutdequack"},"content":"    /**","lastModifiedDate":"2021-10-02"},{"lineNumber":80,"author":{"gitId":"wutdequack"},"content":"     * Executes the command based on what is given by the user.","lastModifiedDate":"2021-10-02"},{"lineNumber":81,"author":{"gitId":"owensoh"},"content":"     *","lastModifiedDate":"2021-10-02"},{"lineNumber":82,"author":{"gitId":"wutdequack"},"content":"     * @param userLine Line that is inputted by the user.","lastModifiedDate":"2021-10-02"},{"lineNumber":83,"author":{"gitId":"wutdequack"},"content":"     */","lastModifiedDate":"2021-10-02"},{"lineNumber":84,"author":{"gitId":"wutdequack"},"content":"    private void executeCommand(String userLine) {","lastModifiedDate":"2021-10-02"},{"lineNumber":85,"author":{"gitId":"wutdequack"},"content":"        String keyword \u003d new Parser().getKeywordFromUserInput(userLine);","lastModifiedDate":"2021-10-02"},{"lineNumber":86,"author":{"gitId":"wutdequack"},"content":"","lastModifiedDate":"2021-10-02"},{"lineNumber":87,"author":{"gitId":"wutdequack"},"content":"        // Checks for the input for keywords","lastModifiedDate":"2021-10-02"},{"lineNumber":88,"author":{"gitId":"wutdequack"},"content":"        switch (keyword.toUpperCase()) {","lastModifiedDate":"2021-10-02"},{"lineNumber":89,"author":{"gitId":"wutdequack"},"content":"        case BYE_STRING:","lastModifiedDate":"2021-10-02"},{"lineNumber":90,"author":{"gitId":"wutdequack"},"content":"            // Stop loop and print Goodbye","lastModifiedDate":"2021-10-02"},{"lineNumber":91,"author":{"gitId":"wutdequack"},"content":"            handleByeSequence();","lastModifiedDate":"2021-10-02"},{"lineNumber":92,"author":{"gitId":"wutdequack"},"content":"            break;","lastModifiedDate":"2021-10-02"},{"lineNumber":93,"author":{"gitId":"owensoh"},"content":"        case ADD_MEDICINE:","lastModifiedDate":"2021-10-02"},{"lineNumber":94,"author":{"gitId":"owensoh"},"content":"            addMedicine(userLine);","lastModifiedDate":"2021-10-02"},{"lineNumber":95,"author":{"gitId":"owensoh"},"content":"            break;","lastModifiedDate":"2021-10-02"},{"lineNumber":96,"author":{"gitId":"owensoh"},"content":"        case VIEW_MEDICINE:","lastModifiedDate":"2021-10-02"},{"lineNumber":97,"author":{"gitId":"owensoh"},"content":"            viewMedicine(userLine);","lastModifiedDate":"2021-10-02"},{"lineNumber":98,"author":{"gitId":"owensoh"},"content":"            break;","lastModifiedDate":"2021-10-02"},{"lineNumber":99,"author":{"gitId":"owensoh"},"content":"        case ADD_APPOINTMENT:","lastModifiedDate":"2021-10-02"},{"lineNumber":100,"author":{"gitId":"owensoh"},"content":"            addAppointment(userLine);","lastModifiedDate":"2021-10-02"},{"lineNumber":101,"author":{"gitId":"owensoh"},"content":"            break;","lastModifiedDate":"2021-10-02"},{"lineNumber":102,"author":{"gitId":"owensoh"},"content":"        case VIEW_APPOINTMENT:","lastModifiedDate":"2021-10-02"},{"lineNumber":103,"author":{"gitId":"owensoh"},"content":"            viewAppointment(userLine);","lastModifiedDate":"2021-10-02"},{"lineNumber":104,"author":{"gitId":"owensoh"},"content":"            break;","lastModifiedDate":"2021-10-02"},{"lineNumber":105,"author":{"gitId":"owensoh"},"content":"        case ADD_ELDERLY:","lastModifiedDate":"2021-10-02"},{"lineNumber":106,"author":{"gitId":"owensoh"},"content":"            addElderly(userLine);","lastModifiedDate":"2021-10-02"},{"lineNumber":107,"author":{"gitId":"owensoh"},"content":"            break;","lastModifiedDate":"2021-10-02"},{"lineNumber":108,"author":{"gitId":"wutdequack"},"content":"        default:","lastModifiedDate":"2021-10-02"},{"lineNumber":109,"author":{"gitId":"wutdequack"},"content":"            // Command is not recognized","lastModifiedDate":"2021-10-02"},{"lineNumber":110,"author":{"gitId":"wutdequack"},"content":"            ui.printUnknownCommandMessage();","lastModifiedDate":"2021-10-02"},{"lineNumber":111,"author":{"gitId":"wutdequack"},"content":"            break;","lastModifiedDate":"2021-10-02"},{"lineNumber":112,"author":{"gitId":"wutdequack"},"content":"        }","lastModifiedDate":"2021-10-02"},{"lineNumber":113,"author":{"gitId":"wutdequack"},"content":"","lastModifiedDate":"2021-10-02"},{"lineNumber":114,"author":{"gitId":"wutdequack"},"content":"    }","lastModifiedDate":"2021-10-02"},{"lineNumber":115,"author":{"gitId":"wutdequack"},"content":"","lastModifiedDate":"2021-10-02"},{"lineNumber":116,"author":{"gitId":"owensoh"},"content":"    /**","lastModifiedDate":"2021-10-02"},{"lineNumber":117,"author":{"gitId":"owensoh"},"content":"     * Adds the elderly into the elderly array list.","lastModifiedDate":"2021-10-02"},{"lineNumber":118,"author":{"gitId":"owensoh"},"content":"     *","lastModifiedDate":"2021-10-02"},{"lineNumber":119,"author":{"gitId":"owensoh"},"content":"     * @param userLine Line that is inputted by the user.","lastModifiedDate":"2021-10-02"},{"lineNumber":120,"author":{"gitId":"owensoh"},"content":"     */","lastModifiedDate":"2021-10-02"},{"lineNumber":121,"author":{"gitId":"owensoh"},"content":"    public void addElderly(String userLine) {","lastModifiedDate":"2021-10-02"},{"lineNumber":122,"author":{"gitId":"owensoh"},"content":"        String[] paramList \u003d userLine.split(\" n/\");","lastModifiedDate":"2021-10-02"},{"lineNumber":123,"author":{"gitId":"owensoh"},"content":"        String elderlyName \u003d paramList[1];","lastModifiedDate":"2021-10-02"},{"lineNumber":124,"author":{"gitId":"owensoh"},"content":"        elderlyArrayList.add(new Elderly(elderlyName));","lastModifiedDate":"2021-10-02"},{"lineNumber":125,"author":{"gitId":"owensoh"},"content":"        ui.printAddElderlyMessage();","lastModifiedDate":"2021-10-02"},{"lineNumber":126,"author":{"gitId":"owensoh"},"content":"    }","lastModifiedDate":"2021-10-02"},{"lineNumber":127,"author":{"gitId":"owensoh"},"content":"","lastModifiedDate":"2021-10-02"},{"lineNumber":128,"author":{"gitId":"owensoh"},"content":"    /**","lastModifiedDate":"2021-10-02"},{"lineNumber":129,"author":{"gitId":"owensoh"},"content":"     * Adds the medicine to the given elderly based on the input.","lastModifiedDate":"2021-10-02"},{"lineNumber":130,"author":{"gitId":"owensoh"},"content":"     *","lastModifiedDate":"2021-10-02"},{"lineNumber":131,"author":{"gitId":"owensoh"},"content":"     * @param userLine Line that is inputted by the user.","lastModifiedDate":"2021-10-02"},{"lineNumber":132,"author":{"gitId":"owensoh"},"content":"     */","lastModifiedDate":"2021-10-02"},{"lineNumber":133,"author":{"gitId":"owensoh"},"content":"    public void addMedicine(String userLine) {","lastModifiedDate":"2021-10-02"},{"lineNumber":134,"author":{"gitId":"owensoh"},"content":"        String[] paramList \u003d userLine.split(\" [nmf]/\");","lastModifiedDate":"2021-10-02"},{"lineNumber":135,"author":{"gitId":"owensoh"},"content":"        String elderlyName \u003d paramList[INDEX_OF_ELDERLY_NAME];","lastModifiedDate":"2021-10-02"},{"lineNumber":136,"author":{"gitId":"owensoh"},"content":"        Elderly elderly \u003d getElderly(elderlyName);","lastModifiedDate":"2021-10-02"},{"lineNumber":137,"author":{"gitId":"owensoh"},"content":"        String medicineName \u003d paramList[INDEX_OF_MEDICINE_NAME];","lastModifiedDate":"2021-10-02"},{"lineNumber":138,"author":{"gitId":"owensoh"},"content":"        String frequency \u003d paramList[INDEX_OF_FREQUENCY];","lastModifiedDate":"2021-10-02"},{"lineNumber":139,"author":{"gitId":"owensoh"},"content":"        elderly.addMedicine(new Medicine(medicineName, frequency));","lastModifiedDate":"2021-10-02"},{"lineNumber":140,"author":{"gitId":"owensoh"},"content":"        ui.printAddMedicineMessage();","lastModifiedDate":"2021-10-02"},{"lineNumber":141,"author":{"gitId":"owensoh"},"content":"    }","lastModifiedDate":"2021-10-02"},{"lineNumber":142,"author":{"gitId":"owensoh"},"content":"","lastModifiedDate":"2021-10-02"},{"lineNumber":143,"author":{"gitId":"owensoh"},"content":"    /**","lastModifiedDate":"2021-10-02"},{"lineNumber":144,"author":{"gitId":"owensoh"},"content":"     * Views all medicine the elderly needs to take based on the input.","lastModifiedDate":"2021-10-02"},{"lineNumber":145,"author":{"gitId":"owensoh"},"content":"     *","lastModifiedDate":"2021-10-02"},{"lineNumber":146,"author":{"gitId":"owensoh"},"content":"     * @param userLine Line that is inputted by the user.","lastModifiedDate":"2021-10-02"},{"lineNumber":147,"author":{"gitId":"owensoh"},"content":"     */","lastModifiedDate":"2021-10-02"},{"lineNumber":148,"author":{"gitId":"owensoh"},"content":"    public void viewMedicine(String userLine) {","lastModifiedDate":"2021-10-02"},{"lineNumber":149,"author":{"gitId":"owensoh"},"content":"        String[] paramList \u003d userLine.split(\" n/\");","lastModifiedDate":"2021-10-02"},{"lineNumber":150,"author":{"gitId":"owensoh"},"content":"        String elderlyName \u003d paramList[INDEX_OF_ELDERLY_NAME];","lastModifiedDate":"2021-10-02"},{"lineNumber":151,"author":{"gitId":"owensoh"},"content":"        Elderly elderly \u003d getElderly(elderlyName);","lastModifiedDate":"2021-10-02"},{"lineNumber":152,"author":{"gitId":"owensoh"},"content":"        printMedicines(elderly);","lastModifiedDate":"2021-10-02"},{"lineNumber":153,"author":{"gitId":"owensoh"},"content":"    }","lastModifiedDate":"2021-10-02"},{"lineNumber":154,"author":{"gitId":"owensoh"},"content":"","lastModifiedDate":"2021-10-02"},{"lineNumber":155,"author":{"gitId":"owensoh"},"content":"    /**","lastModifiedDate":"2021-10-02"},{"lineNumber":156,"author":{"gitId":"owensoh"},"content":"     * Prints all the medicine, given the elderly.","lastModifiedDate":"2021-10-02"},{"lineNumber":157,"author":{"gitId":"owensoh"},"content":"     *","lastModifiedDate":"2021-10-02"},{"lineNumber":158,"author":{"gitId":"owensoh"},"content":"     * @param elderly The elderly in question.","lastModifiedDate":"2021-10-02"},{"lineNumber":159,"author":{"gitId":"owensoh"},"content":"     */","lastModifiedDate":"2021-10-02"},{"lineNumber":160,"author":{"gitId":"owensoh"},"content":"    public void printMedicines(Elderly elderly) {","lastModifiedDate":"2021-10-02"},{"lineNumber":161,"author":{"gitId":"owensoh"},"content":"        int counter \u003d 1;","lastModifiedDate":"2021-10-02"},{"lineNumber":162,"author":{"gitId":"owensoh"},"content":"        System.out.println(\"Medicine of \" + elderly.getName() + \" are shown below:\");","lastModifiedDate":"2021-10-02"},{"lineNumber":163,"author":{"gitId":"owensoh"},"content":"        for (Medicine medicine : elderly.getMedicines()) {","lastModifiedDate":"2021-10-02"},{"lineNumber":164,"author":{"gitId":"owensoh"},"content":"            System.out.format(\"% 3d.\", counter);","lastModifiedDate":"2021-10-02"},{"lineNumber":165,"author":{"gitId":"owensoh"},"content":"            System.out.println(medicine);","lastModifiedDate":"2021-10-02"},{"lineNumber":166,"author":{"gitId":"owensoh"},"content":"            counter++;","lastModifiedDate":"2021-10-02"},{"lineNumber":167,"author":{"gitId":"owensoh"},"content":"        }","lastModifiedDate":"2021-10-02"},{"lineNumber":168,"author":{"gitId":"owensoh"},"content":"    }","lastModifiedDate":"2021-10-02"},{"lineNumber":169,"author":{"gitId":"owensoh"},"content":"","lastModifiedDate":"2021-10-02"},{"lineNumber":170,"author":{"gitId":"owensoh"},"content":"    /**","lastModifiedDate":"2021-10-02"},{"lineNumber":171,"author":{"gitId":"owensoh"},"content":"     * Adds the appointment to the given elderly based on the input.","lastModifiedDate":"2021-10-02"},{"lineNumber":172,"author":{"gitId":"owensoh"},"content":"     *","lastModifiedDate":"2021-10-02"},{"lineNumber":173,"author":{"gitId":"owensoh"},"content":"     * @param userLine Line that is inputted by the user.","lastModifiedDate":"2021-10-02"},{"lineNumber":174,"author":{"gitId":"owensoh"},"content":"     */","lastModifiedDate":"2021-10-02"},{"lineNumber":175,"author":{"gitId":"owensoh"},"content":"    public void addAppointment(String userLine) {","lastModifiedDate":"2021-10-02"},{"lineNumber":176,"author":{"gitId":"owensoh"},"content":"        String[] paramList \u003d userLine.split(\" [nldtp]/\");","lastModifiedDate":"2021-10-02"},{"lineNumber":177,"author":{"gitId":"owensoh"},"content":"        String elderlyName \u003d paramList[INDEX_OF_ELDERLY_NAME];","lastModifiedDate":"2021-10-02"},{"lineNumber":178,"author":{"gitId":"owensoh"},"content":"        Elderly elderly \u003d getElderly(elderlyName);","lastModifiedDate":"2021-10-02"},{"lineNumber":179,"author":{"gitId":"owensoh"},"content":"        String location \u003d paramList[INDEX_OF_LOCATION];","lastModifiedDate":"2021-10-02"},{"lineNumber":180,"author":{"gitId":"owensoh"},"content":"        String date \u003d paramList[INDEX_OF_DATE];","lastModifiedDate":"2021-10-02"},{"lineNumber":181,"author":{"gitId":"owensoh"},"content":"        String time \u003d paramList[INDEX_OF_TIME];","lastModifiedDate":"2021-10-02"},{"lineNumber":182,"author":{"gitId":"owensoh"},"content":"        String purpose;","lastModifiedDate":"2021-10-02"},{"lineNumber":183,"author":{"gitId":"owensoh"},"content":"        if (paramList.length \u003d\u003d LENGTH_IF_PURPOSE_EXISTS) {","lastModifiedDate":"2021-10-02"},{"lineNumber":184,"author":{"gitId":"owensoh"},"content":"            purpose \u003d paramList[INDEX_OF_PURPOSE];","lastModifiedDate":"2021-10-02"},{"lineNumber":185,"author":{"gitId":"owensoh"},"content":"        } else {","lastModifiedDate":"2021-10-02"},{"lineNumber":186,"author":{"gitId":"owensoh"},"content":"            purpose \u003d \"general checkup\";","lastModifiedDate":"2021-10-02"},{"lineNumber":187,"author":{"gitId":"owensoh"},"content":"        }","lastModifiedDate":"2021-10-02"},{"lineNumber":188,"author":{"gitId":"owensoh"},"content":"        elderly.addAppointment(new Appointment(location, date, time, purpose));","lastModifiedDate":"2021-10-02"},{"lineNumber":189,"author":{"gitId":"owensoh"},"content":"        ui.printAddAppointmentMessage();","lastModifiedDate":"2021-10-02"},{"lineNumber":190,"author":{"gitId":"owensoh"},"content":"    }","lastModifiedDate":"2021-10-02"},{"lineNumber":191,"author":{"gitId":"owensoh"},"content":"","lastModifiedDate":"2021-10-02"},{"lineNumber":192,"author":{"gitId":"owensoh"},"content":"    /**","lastModifiedDate":"2021-10-02"},{"lineNumber":193,"author":{"gitId":"owensoh"},"content":"     * Views all appointments the elderly needs to take based on the input.","lastModifiedDate":"2021-10-02"},{"lineNumber":194,"author":{"gitId":"owensoh"},"content":"     *","lastModifiedDate":"2021-10-02"},{"lineNumber":195,"author":{"gitId":"owensoh"},"content":"     * @param userLine Line that is inputted by the user.","lastModifiedDate":"2021-10-02"},{"lineNumber":196,"author":{"gitId":"owensoh"},"content":"     */","lastModifiedDate":"2021-10-02"},{"lineNumber":197,"author":{"gitId":"owensoh"},"content":"    public void viewAppointment(String userLine) {","lastModifiedDate":"2021-10-02"},{"lineNumber":198,"author":{"gitId":"owensoh"},"content":"        String[] paramList \u003d userLine.split(\" n/\");","lastModifiedDate":"2021-10-02"},{"lineNumber":199,"author":{"gitId":"owensoh"},"content":"        String elderlyName \u003d paramList[INDEX_OF_ELDERLY_NAME];","lastModifiedDate":"2021-10-02"},{"lineNumber":200,"author":{"gitId":"owensoh"},"content":"        Elderly elderly \u003d getElderly(elderlyName);","lastModifiedDate":"2021-10-02"},{"lineNumber":201,"author":{"gitId":"owensoh"},"content":"        printAppointments(elderly);","lastModifiedDate":"2021-10-02"},{"lineNumber":202,"author":{"gitId":"owensoh"},"content":"    }","lastModifiedDate":"2021-10-02"},{"lineNumber":203,"author":{"gitId":"owensoh"},"content":"","lastModifiedDate":"2021-10-02"},{"lineNumber":204,"author":{"gitId":"owensoh"},"content":"    /**","lastModifiedDate":"2021-10-02"},{"lineNumber":205,"author":{"gitId":"owensoh"},"content":"     * Prints all the appointments, given the elderly.","lastModifiedDate":"2021-10-02"},{"lineNumber":206,"author":{"gitId":"owensoh"},"content":"     *","lastModifiedDate":"2021-10-02"},{"lineNumber":207,"author":{"gitId":"owensoh"},"content":"     * @param elderly The elderly in question.","lastModifiedDate":"2021-10-02"},{"lineNumber":208,"author":{"gitId":"owensoh"},"content":"     */","lastModifiedDate":"2021-10-02"},{"lineNumber":209,"author":{"gitId":"owensoh"},"content":"    public void printAppointments(Elderly elderly) {","lastModifiedDate":"2021-10-02"},{"lineNumber":210,"author":{"gitId":"owensoh"},"content":"        int counter \u003d 1;","lastModifiedDate":"2021-10-02"},{"lineNumber":211,"author":{"gitId":"owensoh"},"content":"        System.out.println(\"Appointments of \" + elderly.getName() + \" are shown below:\");","lastModifiedDate":"2021-10-02"},{"lineNumber":212,"author":{"gitId":"owensoh"},"content":"        for (Appointment appointment : elderly.getAppointments()) {","lastModifiedDate":"2021-10-02"},{"lineNumber":213,"author":{"gitId":"owensoh"},"content":"            System.out.format(\"% 3d.\", counter);","lastModifiedDate":"2021-10-02"},{"lineNumber":214,"author":{"gitId":"owensoh"},"content":"            System.out.println(appointment);","lastModifiedDate":"2021-10-02"},{"lineNumber":215,"author":{"gitId":"owensoh"},"content":"            counter++;","lastModifiedDate":"2021-10-02"},{"lineNumber":216,"author":{"gitId":"owensoh"},"content":"        }","lastModifiedDate":"2021-10-02"},{"lineNumber":217,"author":{"gitId":"owensoh"},"content":"    }","lastModifiedDate":"2021-10-02"},{"lineNumber":218,"author":{"gitId":"owensoh"},"content":"","lastModifiedDate":"2021-10-02"},{"lineNumber":219,"author":{"gitId":"owensoh"},"content":"    public Elderly getElderly(String name) {","lastModifiedDate":"2021-10-02"},{"lineNumber":220,"author":{"gitId":"owensoh"},"content":"        int counter \u003d 0;","lastModifiedDate":"2021-10-02"},{"lineNumber":221,"author":{"gitId":"owensoh"},"content":"        for (Elderly elderly : elderlyArrayList) {","lastModifiedDate":"2021-10-02"},{"lineNumber":222,"author":{"gitId":"owensoh"},"content":"            if (Objects.equals(elderly.getName(), name)) {","lastModifiedDate":"2021-10-02"},{"lineNumber":223,"author":{"gitId":"owensoh"},"content":"                break;","lastModifiedDate":"2021-10-02"},{"lineNumber":224,"author":{"gitId":"owensoh"},"content":"            }","lastModifiedDate":"2021-10-02"},{"lineNumber":225,"author":{"gitId":"owensoh"},"content":"            counter++;","lastModifiedDate":"2021-10-02"},{"lineNumber":226,"author":{"gitId":"owensoh"},"content":"        }","lastModifiedDate":"2021-10-02"},{"lineNumber":227,"author":{"gitId":"owensoh"},"content":"        return elderlyArrayList.get(counter);","lastModifiedDate":"2021-10-02"},{"lineNumber":228,"author":{"gitId":"owensoh"},"content":"    }","lastModifiedDate":"2021-10-02"},{"lineNumber":229,"author":{"gitId":"owensoh"},"content":"","lastModifiedDate":"2021-10-02"},{"lineNumber":230,"author":{"gitId":"-"},"content":"}","lastModifiedDate":"2019-07-29"}],"authorContributionMap":{"wutdequack":69,"owensoh":150,"-":11}},{"path":"src/main/java/seedu/duke/common/Appointment.java","fileType":"functional-code","lines":[{"lineNumber":1,"author":{"gitId":"owensoh"},"content":"package seedu.duke.common;","lastModifiedDate":"2021-10-02"},{"lineNumber":2,"author":{"gitId":"owensoh"},"content":"","lastModifiedDate":"2021-10-02"},{"lineNumber":3,"author":{"gitId":"owensoh"},"content":"public class Appointment {","lastModifiedDate":"2021-10-02"},{"lineNumber":4,"author":{"gitId":"owensoh"},"content":"","lastModifiedDate":"2021-10-02"},{"lineNumber":5,"author":{"gitId":"owensoh"},"content":"    protected String location;","lastModifiedDate":"2021-10-02"},{"lineNumber":6,"author":{"gitId":"owensoh"},"content":"    protected String date;","lastModifiedDate":"2021-10-02"},{"lineNumber":7,"author":{"gitId":"owensoh"},"content":"    protected String time;","lastModifiedDate":"2021-10-02"},{"lineNumber":8,"author":{"gitId":"owensoh"},"content":"    protected String purpose;","lastModifiedDate":"2021-10-02"},{"lineNumber":9,"author":{"gitId":"owensoh"},"content":"","lastModifiedDate":"2021-10-02"},{"lineNumber":10,"author":{"gitId":"owensoh"},"content":"    public Appointment(String location, String date, String time, String purpose) {","lastModifiedDate":"2021-10-02"},{"lineNumber":11,"author":{"gitId":"owensoh"},"content":"        this.location \u003d location;","lastModifiedDate":"2021-10-02"},{"lineNumber":12,"author":{"gitId":"owensoh"},"content":"        this.date \u003d date;","lastModifiedDate":"2021-10-02"},{"lineNumber":13,"author":{"gitId":"owensoh"},"content":"        this.time \u003d time;","lastModifiedDate":"2021-10-02"},{"lineNumber":14,"author":{"gitId":"owensoh"},"content":"        this.purpose \u003d purpose;","lastModifiedDate":"2021-10-02"},{"lineNumber":15,"author":{"gitId":"owensoh"},"content":"    }","lastModifiedDate":"2021-10-02"},{"lineNumber":16,"author":{"gitId":"owensoh"},"content":"","lastModifiedDate":"2021-10-02"},{"lineNumber":17,"author":{"gitId":"owensoh"},"content":"    public String getLocation() {","lastModifiedDate":"2021-10-02"},{"lineNumber":18,"author":{"gitId":"owensoh"},"content":"        return location;","lastModifiedDate":"2021-10-02"},{"lineNumber":19,"author":{"gitId":"owensoh"},"content":"    }","lastModifiedDate":"2021-10-02"},{"lineNumber":20,"author":{"gitId":"owensoh"},"content":"","lastModifiedDate":"2021-10-02"},{"lineNumber":21,"author":{"gitId":"owensoh"},"content":"    public String getDate() {","lastModifiedDate":"2021-10-02"},{"lineNumber":22,"author":{"gitId":"owensoh"},"content":"        return date;","lastModifiedDate":"2021-10-02"},{"lineNumber":23,"author":{"gitId":"owensoh"},"content":"    }","lastModifiedDate":"2021-10-02"},{"lineNumber":24,"author":{"gitId":"owensoh"},"content":"","lastModifiedDate":"2021-10-02"},{"lineNumber":25,"author":{"gitId":"owensoh"},"content":"    public String getTime() {","lastModifiedDate":"2021-10-02"},{"lineNumber":26,"author":{"gitId":"owensoh"},"content":"        return time;","lastModifiedDate":"2021-10-02"},{"lineNumber":27,"author":{"gitId":"owensoh"},"content":"    }","lastModifiedDate":"2021-10-02"},{"lineNumber":28,"author":{"gitId":"owensoh"},"content":"","lastModifiedDate":"2021-10-02"},{"lineNumber":29,"author":{"gitId":"owensoh"},"content":"    public String getPurpose() {","lastModifiedDate":"2021-10-02"},{"lineNumber":30,"author":{"gitId":"owensoh"},"content":"        return purpose;","lastModifiedDate":"2021-10-02"},{"lineNumber":31,"author":{"gitId":"owensoh"},"content":"    }","lastModifiedDate":"2021-10-02"},{"lineNumber":32,"author":{"gitId":"owensoh"},"content":"","lastModifiedDate":"2021-10-02"},{"lineNumber":33,"author":{"gitId":"owensoh"},"content":"    @Override","lastModifiedDate":"2021-10-02"},{"lineNumber":34,"author":{"gitId":"owensoh"},"content":"    public String toString() {","lastModifiedDate":"2021-10-02"},{"lineNumber":35,"author":{"gitId":"owensoh"},"content":"        return String.format(\"%s, %s, %s, %s\", getLocation(), getDate(), getTime(), getPurpose());","lastModifiedDate":"2021-10-02"},{"lineNumber":36,"author":{"gitId":"owensoh"},"content":"    }","lastModifiedDate":"2021-10-02"},{"lineNumber":37,"author":{"gitId":"owensoh"},"content":"}","lastModifiedDate":"2021-10-02"}],"authorContributionMap":{"owensoh":37}},{"path":"src/main/java/seedu/duke/common/Elderly.java","fileType":"functional-code","lines":[{"lineNumber":1,"author":{"gitId":"owensoh"},"content":"package seedu.duke.common;","lastModifiedDate":"2021-10-02"},{"lineNumber":2,"author":{"gitId":"owensoh"},"content":"","lastModifiedDate":"2021-10-02"},{"lineNumber":3,"author":{"gitId":"owensoh"},"content":"import java.util.ArrayList;","lastModifiedDate":"2021-10-02"},{"lineNumber":4,"author":{"gitId":"owensoh"},"content":"","lastModifiedDate":"2021-10-02"},{"lineNumber":5,"author":{"gitId":"owensoh"},"content":"","lastModifiedDate":"2021-10-02"},{"lineNumber":6,"author":{"gitId":"owensoh"},"content":"public class Elderly {","lastModifiedDate":"2021-10-02"},{"lineNumber":7,"author":{"gitId":"owensoh"},"content":"","lastModifiedDate":"2021-10-02"},{"lineNumber":8,"author":{"gitId":"owensoh"},"content":"    protected ArrayList\u003cMedicine\u003e medicines \u003d new ArrayList\u003cMedicine\u003e();","lastModifiedDate":"2021-10-02"},{"lineNumber":9,"author":{"gitId":"owensoh"},"content":"    protected ArrayList\u003cAppointment\u003e appointments \u003d new ArrayList\u003cAppointment\u003e();","lastModifiedDate":"2021-10-02"},{"lineNumber":10,"author":{"gitId":"owensoh"},"content":"    protected String name;","lastModifiedDate":"2021-10-02"},{"lineNumber":11,"author":{"gitId":"owensoh"},"content":"","lastModifiedDate":"2021-10-02"},{"lineNumber":12,"author":{"gitId":"owensoh"},"content":"    public Elderly(String name) {","lastModifiedDate":"2021-10-02"},{"lineNumber":13,"author":{"gitId":"owensoh"},"content":"        this.name \u003d name;","lastModifiedDate":"2021-10-02"},{"lineNumber":14,"author":{"gitId":"owensoh"},"content":"    }","lastModifiedDate":"2021-10-02"},{"lineNumber":15,"author":{"gitId":"owensoh"},"content":"","lastModifiedDate":"2021-10-02"},{"lineNumber":16,"author":{"gitId":"owensoh"},"content":"    public String getName() {","lastModifiedDate":"2021-10-02"},{"lineNumber":17,"author":{"gitId":"owensoh"},"content":"        return name;","lastModifiedDate":"2021-10-02"},{"lineNumber":18,"author":{"gitId":"owensoh"},"content":"    }","lastModifiedDate":"2021-10-02"},{"lineNumber":19,"author":{"gitId":"owensoh"},"content":"","lastModifiedDate":"2021-10-02"},{"lineNumber":20,"author":{"gitId":"owensoh"},"content":"    public void addMedicine(Medicine medicine) {","lastModifiedDate":"2021-10-02"},{"lineNumber":21,"author":{"gitId":"owensoh"},"content":"        medicines.add(medicine);","lastModifiedDate":"2021-10-02"},{"lineNumber":22,"author":{"gitId":"owensoh"},"content":"    }","lastModifiedDate":"2021-10-02"},{"lineNumber":23,"author":{"gitId":"owensoh"},"content":"","lastModifiedDate":"2021-10-02"},{"lineNumber":24,"author":{"gitId":"owensoh"},"content":"    public void addAppointment(Appointment appointment) {","lastModifiedDate":"2021-10-02"},{"lineNumber":25,"author":{"gitId":"owensoh"},"content":"        appointments.add(appointment);","lastModifiedDate":"2021-10-02"},{"lineNumber":26,"author":{"gitId":"owensoh"},"content":"    }","lastModifiedDate":"2021-10-02"},{"lineNumber":27,"author":{"gitId":"owensoh"},"content":"","lastModifiedDate":"2021-10-02"},{"lineNumber":28,"author":{"gitId":"owensoh"},"content":"    public ArrayList\u003cMedicine\u003e getMedicines() {","lastModifiedDate":"2021-10-02"},{"lineNumber":29,"author":{"gitId":"owensoh"},"content":"        return medicines;","lastModifiedDate":"2021-10-02"},{"lineNumber":30,"author":{"gitId":"owensoh"},"content":"    }","lastModifiedDate":"2021-10-02"},{"lineNumber":31,"author":{"gitId":"owensoh"},"content":"","lastModifiedDate":"2021-10-02"},{"lineNumber":32,"author":{"gitId":"owensoh"},"content":"    public ArrayList\u003cAppointment\u003e getAppointments() {","lastModifiedDate":"2021-10-02"},{"lineNumber":33,"author":{"gitId":"owensoh"},"content":"        return appointments;","lastModifiedDate":"2021-10-02"},{"lineNumber":34,"author":{"gitId":"owensoh"},"content":"    }","lastModifiedDate":"2021-10-02"},{"lineNumber":35,"author":{"gitId":"owensoh"},"content":"","lastModifiedDate":"2021-10-02"},{"lineNumber":36,"author":{"gitId":"owensoh"},"content":"}","lastModifiedDate":"2021-10-02"},{"lineNumber":37,"author":{"gitId":"owensoh"},"content":"","lastModifiedDate":"2021-10-02"}],"authorContributionMap":{"owensoh":37}},{"path":"src/main/java/seedu/duke/common/MagicValues.java","fileType":"functional-code","lines":[{"lineNumber":1,"author":{"gitId":"wutdequack"},"content":"package seedu.duke.common;","lastModifiedDate":"2021-10-02"},{"lineNumber":2,"author":{"gitId":"wutdequack"},"content":"","lastModifiedDate":"2021-10-02"},{"lineNumber":3,"author":{"gitId":"owensoh"},"content":"import java.util.ArrayList;","lastModifiedDate":"2021-10-02"},{"lineNumber":4,"author":{"gitId":"owensoh"},"content":"","lastModifiedDate":"2021-10-02"},{"lineNumber":5,"author":{"gitId":"wutdequack"},"content":"public class MagicValues {","lastModifiedDate":"2021-10-02"},{"lineNumber":6,"author":{"gitId":"wutdequack"},"content":"    /**","lastModifiedDate":"2021-10-02"},{"lineNumber":7,"author":{"gitId":"wutdequack"},"content":"     * Keywords for commands.","lastModifiedDate":"2021-10-02"},{"lineNumber":8,"author":{"gitId":"wutdequack"},"content":"     */","lastModifiedDate":"2021-10-02"},{"lineNumber":9,"author":{"gitId":"wutdequack"},"content":"    public static final String BYE_STRING \u003d \"BYE\";","lastModifiedDate":"2021-10-02"},{"lineNumber":10,"author":{"gitId":"owensoh"},"content":"    public static final String ADD_MEDICINE \u003d \"ADDMED\";","lastModifiedDate":"2021-10-02"},{"lineNumber":11,"author":{"gitId":"owensoh"},"content":"    public static final String ADD_APPOINTMENT \u003d \"ADDAPPT\";","lastModifiedDate":"2021-10-02"},{"lineNumber":12,"author":{"gitId":"owensoh"},"content":"    public static final String VIEW_MEDICINE \u003d \"VIEWMED\";","lastModifiedDate":"2021-10-02"},{"lineNumber":13,"author":{"gitId":"owensoh"},"content":"    public static final String VIEW_APPOINTMENT \u003d \"VIEWAPPT\";","lastModifiedDate":"2021-10-02"},{"lineNumber":14,"author":{"gitId":"owensoh"},"content":"    public static final String ADD_ELDERLY \u003d \"ADDELDERLY\";","lastModifiedDate":"2021-10-02"},{"lineNumber":15,"author":{"gitId":"owensoh"},"content":"","lastModifiedDate":"2021-10-02"},{"lineNumber":16,"author":{"gitId":"wutdequack"},"content":"","lastModifiedDate":"2021-10-02"},{"lineNumber":17,"author":{"gitId":"wutdequack"},"content":"    /**","lastModifiedDate":"2021-10-02"},{"lineNumber":18,"author":{"gitId":"wutdequack"},"content":"     * List of constants used in tokenizing user input.","lastModifiedDate":"2021-10-02"},{"lineNumber":19,"author":{"gitId":"wutdequack"},"content":"     */","lastModifiedDate":"2021-10-02"},{"lineNumber":20,"author":{"gitId":"wutdequack"},"content":"    public static final int INDEX_OF_KEYWORD \u003d 0;","lastModifiedDate":"2021-10-02"},{"lineNumber":21,"author":{"gitId":"owensoh"},"content":"    public static final int INDEX_OF_ELDERLY_NAME \u003d 1;","lastModifiedDate":"2021-10-02"},{"lineNumber":22,"author":{"gitId":"owensoh"},"content":"    public static final int INDEX_OF_LOCATION \u003d 2;","lastModifiedDate":"2021-10-02"},{"lineNumber":23,"author":{"gitId":"owensoh"},"content":"    public static final int INDEX_OF_MEDICINE_NAME \u003d 2;","lastModifiedDate":"2021-10-02"},{"lineNumber":24,"author":{"gitId":"owensoh"},"content":"    public static final int INDEX_OF_DATE \u003d 3;","lastModifiedDate":"2021-10-02"},{"lineNumber":25,"author":{"gitId":"owensoh"},"content":"    public static final int INDEX_OF_FREQUENCY \u003d 3;","lastModifiedDate":"2021-10-02"},{"lineNumber":26,"author":{"gitId":"owensoh"},"content":"    public static final int INDEX_OF_TIME \u003d 4;","lastModifiedDate":"2021-10-02"},{"lineNumber":27,"author":{"gitId":"owensoh"},"content":"    public static final int INDEX_OF_PURPOSE \u003d 5;","lastModifiedDate":"2021-10-02"},{"lineNumber":28,"author":{"gitId":"owensoh"},"content":"    public static final int LENGTH_IF_PURPOSE_EXISTS \u003d 6;","lastModifiedDate":"2021-10-02"},{"lineNumber":29,"author":{"gitId":"owensoh"},"content":"","lastModifiedDate":"2021-10-02"},{"lineNumber":30,"author":{"gitId":"wutdequack"},"content":"","lastModifiedDate":"2021-10-02"},{"lineNumber":31,"author":{"gitId":"owensoh"},"content":"","lastModifiedDate":"2021-10-02"},{"lineNumber":32,"author":{"gitId":"owensoh"},"content":"    /**","lastModifiedDate":"2021-10-02"},{"lineNumber":33,"author":{"gitId":"owensoh"},"content":"     * Elderly arraylist.","lastModifiedDate":"2021-10-02"},{"lineNumber":34,"author":{"gitId":"owensoh"},"content":"     */","lastModifiedDate":"2021-10-02"},{"lineNumber":35,"author":{"gitId":"owensoh"},"content":"    public static ArrayList\u003cElderly\u003e elderlyArrayList \u003d new ArrayList\u003cElderly\u003e();","lastModifiedDate":"2021-10-02"},{"lineNumber":36,"author":{"gitId":"wutdequack"},"content":"}","lastModifiedDate":"2021-10-02"}],"authorContributionMap":{"wutdequack":14,"owensoh":22}},{"path":"src/main/java/seedu/duke/common/Medicine.java","fileType":"functional-code","lines":[{"lineNumber":1,"author":{"gitId":"owensoh"},"content":"package seedu.duke.common;","lastModifiedDate":"2021-10-02"},{"lineNumber":2,"author":{"gitId":"owensoh"},"content":"","lastModifiedDate":"2021-10-02"},{"lineNumber":3,"author":{"gitId":"owensoh"},"content":"public class Medicine {","lastModifiedDate":"2021-10-02"},{"lineNumber":4,"author":{"gitId":"owensoh"},"content":"","lastModifiedDate":"2021-10-02"},{"lineNumber":5,"author":{"gitId":"owensoh"},"content":"    protected String medicineName;","lastModifiedDate":"2021-10-02"},{"lineNumber":6,"author":{"gitId":"owensoh"},"content":"    protected String frequency;","lastModifiedDate":"2021-10-02"},{"lineNumber":7,"author":{"gitId":"owensoh"},"content":"","lastModifiedDate":"2021-10-02"},{"lineNumber":8,"author":{"gitId":"owensoh"},"content":"    public Medicine(String medicineName, String frequency) {","lastModifiedDate":"2021-10-02"},{"lineNumber":9,"author":{"gitId":"owensoh"},"content":"        this.medicineName \u003d medicineName;","lastModifiedDate":"2021-10-02"},{"lineNumber":10,"author":{"gitId":"owensoh"},"content":"        this.frequency \u003d frequency;","lastModifiedDate":"2021-10-02"},{"lineNumber":11,"author":{"gitId":"owensoh"},"content":"    }","lastModifiedDate":"2021-10-02"},{"lineNumber":12,"author":{"gitId":"owensoh"},"content":"","lastModifiedDate":"2021-10-02"},{"lineNumber":13,"author":{"gitId":"owensoh"},"content":"    public String getMedicineName() {","lastModifiedDate":"2021-10-02"},{"lineNumber":14,"author":{"gitId":"owensoh"},"content":"        return medicineName;","lastModifiedDate":"2021-10-02"},{"lineNumber":15,"author":{"gitId":"owensoh"},"content":"    }","lastModifiedDate":"2021-10-02"},{"lineNumber":16,"author":{"gitId":"owensoh"},"content":"","lastModifiedDate":"2021-10-02"},{"lineNumber":17,"author":{"gitId":"owensoh"},"content":"    public String getFrequency() {","lastModifiedDate":"2021-10-02"},{"lineNumber":18,"author":{"gitId":"owensoh"},"content":"        return frequency;","lastModifiedDate":"2021-10-02"},{"lineNumber":19,"author":{"gitId":"owensoh"},"content":"    }","lastModifiedDate":"2021-10-02"},{"lineNumber":20,"author":{"gitId":"owensoh"},"content":"","lastModifiedDate":"2021-10-02"},{"lineNumber":21,"author":{"gitId":"owensoh"},"content":"    @Override","lastModifiedDate":"2021-10-02"},{"lineNumber":22,"author":{"gitId":"owensoh"},"content":"    public String toString() {","lastModifiedDate":"2021-10-02"},{"lineNumber":23,"author":{"gitId":"owensoh"},"content":"        return String.format(\"%s, %s\", getMedicineName(), getFrequency());","lastModifiedDate":"2021-10-02"},{"lineNumber":24,"author":{"gitId":"owensoh"},"content":"    }","lastModifiedDate":"2021-10-02"},{"lineNumber":25,"author":{"gitId":"owensoh"},"content":"","lastModifiedDate":"2021-10-02"},{"lineNumber":26,"author":{"gitId":"owensoh"},"content":"}","lastModifiedDate":"2021-10-02"},{"lineNumber":27,"author":{"gitId":"owensoh"},"content":"","lastModifiedDate":"2021-10-02"}],"authorContributionMap":{"owensoh":27}},{"path":"src/main/java/seedu/duke/common/Messages.java","fileType":"functional-code","lines":[{"lineNumber":1,"author":{"gitId":"wutdequack"},"content":"package seedu.duke.common;","lastModifiedDate":"2021-10-02"},{"lineNumber":2,"author":{"gitId":"wutdequack"},"content":"","lastModifiedDate":"2021-10-02"},{"lineNumber":3,"author":{"gitId":"wutdequack"},"content":"/**","lastModifiedDate":"2021-10-02"},{"lineNumber":4,"author":{"gitId":"wutdequack"},"content":" * Class containing hardcoded Strings.","lastModifiedDate":"2021-10-02"},{"lineNumber":5,"author":{"gitId":"wutdequack"},"content":" */","lastModifiedDate":"2021-10-02"},{"lineNumber":6,"author":{"gitId":"wutdequack"},"content":"public class Messages {","lastModifiedDate":"2021-10-02"},{"lineNumber":7,"author":{"gitId":"wutdequack"},"content":"","lastModifiedDate":"2021-10-02"},{"lineNumber":8,"author":{"gitId":"wutdequack"},"content":"    /**","lastModifiedDate":"2021-10-02"},{"lineNumber":9,"author":{"gitId":"wutdequack"},"content":"     * Used in the printing of Welcome Message.","lastModifiedDate":"2021-10-02"},{"lineNumber":10,"author":{"gitId":"wutdequack"},"content":"     */","lastModifiedDate":"2021-10-02"},{"lineNumber":11,"author":{"gitId":"wutdequack"},"content":"    public static final String LOGO \u003d \" ____ ____ ____ ____ ____ ____ ____ \\n\"","lastModifiedDate":"2021-10-02"},{"lineNumber":12,"author":{"gitId":"wutdequack"},"content":"            + \"||E |||l |||d |||e |||r |||l |||y ||\\n\"","lastModifiedDate":"2021-10-02"},{"lineNumber":13,"author":{"gitId":"wutdequack"},"content":"            + \"||__|||__|||__|||__|||__|||__|||__||\\n\"","lastModifiedDate":"2021-10-02"},{"lineNumber":14,"author":{"gitId":"wutdequack"},"content":"            + \"|/__\\\\|/__\\\\|/__\\\\|/__\\\\|/__\\\\|/__\\\\|/__\\\\|\\n\"","lastModifiedDate":"2021-10-02"},{"lineNumber":15,"author":{"gitId":"wutdequack"},"content":"            + \" ____ ____                          \\n\"","lastModifiedDate":"2021-10-02"},{"lineNumber":16,"author":{"gitId":"wutdequack"},"content":"            + \"||I |||n ||                         \\n\"","lastModifiedDate":"2021-10-02"},{"lineNumber":17,"author":{"gitId":"wutdequack"},"content":"            + \"||__|||__||                         \\n\"","lastModifiedDate":"2021-10-02"},{"lineNumber":18,"author":{"gitId":"wutdequack"},"content":"            + \"|/__\\\\|/__\\\\|                         \\n\"","lastModifiedDate":"2021-10-02"},{"lineNumber":19,"author":{"gitId":"wutdequack"},"content":"            + \" ____ ____ ____ ____                \\n\"","lastModifiedDate":"2021-10-02"},{"lineNumber":20,"author":{"gitId":"wutdequack"},"content":"            + \"||Y |||o |||u |||r ||               \\n\"","lastModifiedDate":"2021-10-02"},{"lineNumber":21,"author":{"gitId":"wutdequack"},"content":"            + \"||__|||__|||__|||__||               \\n\"","lastModifiedDate":"2021-10-02"},{"lineNumber":22,"author":{"gitId":"wutdequack"},"content":"            + \"|/__\\\\|/__\\\\|/__\\\\|/__\\\\|               \\n\"","lastModifiedDate":"2021-10-02"},{"lineNumber":23,"author":{"gitId":"wutdequack"},"content":"            + \" ____ ____ ____ ____                \\n\"","lastModifiedDate":"2021-10-02"},{"lineNumber":24,"author":{"gitId":"wutdequack"},"content":"            + \"||H |||o |||o |||d ||               \\n\"","lastModifiedDate":"2021-10-02"},{"lineNumber":25,"author":{"gitId":"wutdequack"},"content":"            + \"||__|||__|||__|||__||               \\n\"","lastModifiedDate":"2021-10-02"},{"lineNumber":26,"author":{"gitId":"wutdequack"},"content":"            + \"|/__\\\\|/__\\\\|/__\\\\|/__\\\\|               \";","lastModifiedDate":"2021-10-02"},{"lineNumber":27,"author":{"gitId":"wutdequack"},"content":"    public static final String WELCOME_MESSAGE \u003d \"Welcome admin. Type after the \u0027\u003e\u0027 to start.\";","lastModifiedDate":"2021-10-02"},{"lineNumber":28,"author":{"gitId":"wutdequack"},"content":"","lastModifiedDate":"2021-10-02"},{"lineNumber":29,"author":{"gitId":"wutdequack"},"content":"    /**","lastModifiedDate":"2021-10-02"},{"lineNumber":30,"author":{"gitId":"wutdequack"},"content":"     * Used to prompt user to type in commands.","lastModifiedDate":"2021-10-02"},{"lineNumber":31,"author":{"gitId":"wutdequack"},"content":"     */","lastModifiedDate":"2021-10-02"},{"lineNumber":32,"author":{"gitId":"wutdequack"},"content":"    public static final String PROMPT_MESSAGE \u003d \"\u003e \";","lastModifiedDate":"2021-10-02"},{"lineNumber":33,"author":{"gitId":"wutdequack"},"content":"","lastModifiedDate":"2021-10-02"},{"lineNumber":34,"author":{"gitId":"wutdequack"},"content":"    /**","lastModifiedDate":"2021-10-02"},{"lineNumber":35,"author":{"gitId":"wutdequack"},"content":"     * Used to respond to user when command is unrecognized.","lastModifiedDate":"2021-10-02"},{"lineNumber":36,"author":{"gitId":"wutdequack"},"content":"     */","lastModifiedDate":"2021-10-02"},{"lineNumber":37,"author":{"gitId":"wutdequack"},"content":"    public static final String INVALID_COMMAND_MESSAGE \u003d \"Sorry user, I do not recognize this command\";","lastModifiedDate":"2021-10-02"},{"lineNumber":38,"author":{"gitId":"wutdequack"},"content":"","lastModifiedDate":"2021-10-02"},{"lineNumber":39,"author":{"gitId":"wutdequack"},"content":"    /**","lastModifiedDate":"2021-10-02"},{"lineNumber":40,"author":{"gitId":"wutdequack"},"content":"     * Used when exiting the application when the bye command is issued.","lastModifiedDate":"2021-10-02"},{"lineNumber":41,"author":{"gitId":"wutdequack"},"content":"     */","lastModifiedDate":"2021-10-02"},{"lineNumber":42,"author":{"gitId":"wutdequack"},"content":"    public static final String GOODBYE_MESSAGE \u003d \"Bye command has been recognized. Goodbye!\";","lastModifiedDate":"2021-10-02"},{"lineNumber":43,"author":{"gitId":"wutdequack"},"content":"","lastModifiedDate":"2021-10-02"},{"lineNumber":44,"author":{"gitId":"owensoh"},"content":"    /**","lastModifiedDate":"2021-10-02"},{"lineNumber":45,"author":{"gitId":"owensoh"},"content":"     * Used when elderly has been added.","lastModifiedDate":"2021-10-02"},{"lineNumber":46,"author":{"gitId":"owensoh"},"content":"     */","lastModifiedDate":"2021-10-02"},{"lineNumber":47,"author":{"gitId":"owensoh"},"content":"    public static final String ADD_ELDERLY_MESSAGE \u003d \"Elderly has been added!\";","lastModifiedDate":"2021-10-02"},{"lineNumber":48,"author":{"gitId":"owensoh"},"content":"","lastModifiedDate":"2021-10-02"},{"lineNumber":49,"author":{"gitId":"owensoh"},"content":"    /**","lastModifiedDate":"2021-10-02"},{"lineNumber":50,"author":{"gitId":"owensoh"},"content":"     * Used when appointment has been added.","lastModifiedDate":"2021-10-02"},{"lineNumber":51,"author":{"gitId":"owensoh"},"content":"     */","lastModifiedDate":"2021-10-02"},{"lineNumber":52,"author":{"gitId":"owensoh"},"content":"    public static final String ADD_APPOINTMENT_MESSAGE \u003d \"Appointment has been added!\";","lastModifiedDate":"2021-10-02"},{"lineNumber":53,"author":{"gitId":"owensoh"},"content":"","lastModifiedDate":"2021-10-02"},{"lineNumber":54,"author":{"gitId":"owensoh"},"content":"    /**","lastModifiedDate":"2021-10-02"},{"lineNumber":55,"author":{"gitId":"owensoh"},"content":"     * Used when medicine has been added.","lastModifiedDate":"2021-10-02"},{"lineNumber":56,"author":{"gitId":"owensoh"},"content":"     */","lastModifiedDate":"2021-10-02"},{"lineNumber":57,"author":{"gitId":"owensoh"},"content":"    public static final String ADD_MEDICINE_MESSAGE \u003d \"Medicine has been added!\";","lastModifiedDate":"2021-10-02"},{"lineNumber":58,"author":{"gitId":"wutdequack"},"content":"}","lastModifiedDate":"2021-10-02"}],"authorContributionMap":{"wutdequack":44,"owensoh":14}},{"path":"src/main/java/seedu/duke/parser/Parser.java","fileType":"functional-code","lines":[{"lineNumber":1,"author":{"gitId":"wutdequack"},"content":"package seedu.duke.parser;","lastModifiedDate":"2021-10-02"},{"lineNumber":2,"author":{"gitId":"wutdequack"},"content":"","lastModifiedDate":"2021-10-02"},{"lineNumber":3,"author":{"gitId":"wutdequack"},"content":"import static seedu.duke.common.MagicValues.INDEX_OF_KEYWORD;","lastModifiedDate":"2021-10-02"},{"lineNumber":4,"author":{"gitId":"wutdequack"},"content":"","lastModifiedDate":"2021-10-02"},{"lineNumber":5,"author":{"gitId":"wutdequack"},"content":"public class Parser {","lastModifiedDate":"2021-10-02"},{"lineNumber":6,"author":{"gitId":"wutdequack"},"content":"","lastModifiedDate":"2021-10-02"},{"lineNumber":7,"author":{"gitId":"wutdequack"},"content":"    public Parser() {","lastModifiedDate":"2021-10-02"},{"lineNumber":8,"author":{"gitId":"wutdequack"},"content":"    }","lastModifiedDate":"2021-10-02"},{"lineNumber":9,"author":{"gitId":"wutdequack"},"content":"","lastModifiedDate":"2021-10-02"},{"lineNumber":10,"author":{"gitId":"wutdequack"},"content":"    /**","lastModifiedDate":"2021-10-02"},{"lineNumber":11,"author":{"gitId":"wutdequack"},"content":"     * Extracts keyword from user input.","lastModifiedDate":"2021-10-02"},{"lineNumber":12,"author":{"gitId":"wutdequack"},"content":"     * @param userLine Line that is inputted by the user.","lastModifiedDate":"2021-10-02"},{"lineNumber":13,"author":{"gitId":"wutdequack"},"content":"     * @return String containing the keyword.","lastModifiedDate":"2021-10-02"},{"lineNumber":14,"author":{"gitId":"wutdequack"},"content":"     */","lastModifiedDate":"2021-10-02"},{"lineNumber":15,"author":{"gitId":"wutdequack"},"content":"    public String getKeywordFromUserInput(String userLine) {","lastModifiedDate":"2021-10-02"},{"lineNumber":16,"author":{"gitId":"wutdequack"},"content":"        return userLine.split(\" \")[INDEX_OF_KEYWORD];","lastModifiedDate":"2021-10-02"},{"lineNumber":17,"author":{"gitId":"wutdequack"},"content":"    }","lastModifiedDate":"2021-10-02"},{"lineNumber":18,"author":{"gitId":"wutdequack"},"content":"","lastModifiedDate":"2021-10-02"},{"lineNumber":19,"author":{"gitId":"owensoh"},"content":"","lastModifiedDate":"2021-10-02"},{"lineNumber":20,"author":{"gitId":"wutdequack"},"content":"}","lastModifiedDate":"2021-10-02"}],"authorContributionMap":{"wutdequack":19,"owensoh":1}},{"path":"src/main/java/seedu/duke/ui/TextUi.java","fileType":"functional-code","lines":[{"lineNumber":1,"author":{"gitId":"wutdequack"},"content":"package seedu.duke.ui;","lastModifiedDate":"2021-10-02"},{"lineNumber":2,"author":{"gitId":"wutdequack"},"content":"","lastModifiedDate":"2021-10-02"},{"lineNumber":3,"author":{"gitId":"owensoh"},"content":"import static seedu.duke.common.Messages.ADD_APPOINTMENT_MESSAGE;","lastModifiedDate":"2021-10-02"},{"lineNumber":4,"author":{"gitId":"owensoh"},"content":"import static seedu.duke.common.Messages.ADD_ELDERLY_MESSAGE;","lastModifiedDate":"2021-10-02"},{"lineNumber":5,"author":{"gitId":"owensoh"},"content":"import static seedu.duke.common.Messages.ADD_MEDICINE_MESSAGE;","lastModifiedDate":"2021-10-02"},{"lineNumber":6,"author":{"gitId":"wutdequack"},"content":"import static seedu.duke.common.Messages.GOODBYE_MESSAGE;","lastModifiedDate":"2021-10-02"},{"lineNumber":7,"author":{"gitId":"wutdequack"},"content":"import static seedu.duke.common.Messages.INVALID_COMMAND_MESSAGE;","lastModifiedDate":"2021-10-02"},{"lineNumber":8,"author":{"gitId":"wutdequack"},"content":"import static seedu.duke.common.Messages.LOGO;","lastModifiedDate":"2021-10-02"},{"lineNumber":9,"author":{"gitId":"wutdequack"},"content":"import static seedu.duke.common.Messages.PROMPT_MESSAGE;","lastModifiedDate":"2021-10-02"},{"lineNumber":10,"author":{"gitId":"wutdequack"},"content":"import static seedu.duke.common.Messages.WELCOME_MESSAGE;","lastModifiedDate":"2021-10-02"},{"lineNumber":11,"author":{"gitId":"wutdequack"},"content":"","lastModifiedDate":"2021-10-02"},{"lineNumber":12,"author":{"gitId":"wutdequack"},"content":"import java.io.InputStream;","lastModifiedDate":"2021-10-02"},{"lineNumber":13,"author":{"gitId":"wutdequack"},"content":"import java.io.PrintStream;","lastModifiedDate":"2021-10-02"},{"lineNumber":14,"author":{"gitId":"wutdequack"},"content":"import java.util.Scanner;","lastModifiedDate":"2021-10-02"},{"lineNumber":15,"author":{"gitId":"wutdequack"},"content":"","lastModifiedDate":"2021-10-02"},{"lineNumber":16,"author":{"gitId":"wutdequack"},"content":"public class TextUi {","lastModifiedDate":"2021-10-02"},{"lineNumber":17,"author":{"gitId":"wutdequack"},"content":"    private final Scanner in;","lastModifiedDate":"2021-10-02"},{"lineNumber":18,"author":{"gitId":"wutdequack"},"content":"    private final PrintStream out;","lastModifiedDate":"2021-10-02"},{"lineNumber":19,"author":{"gitId":"wutdequack"},"content":"","lastModifiedDate":"2021-10-02"},{"lineNumber":20,"author":{"gitId":"wutdequack"},"content":"    public TextUi() {","lastModifiedDate":"2021-10-02"},{"lineNumber":21,"author":{"gitId":"wutdequack"},"content":"        this(System.in, System.out);","lastModifiedDate":"2021-10-02"},{"lineNumber":22,"author":{"gitId":"wutdequack"},"content":"    }","lastModifiedDate":"2021-10-02"},{"lineNumber":23,"author":{"gitId":"wutdequack"},"content":"","lastModifiedDate":"2021-10-02"},{"lineNumber":24,"author":{"gitId":"wutdequack"},"content":"    /**","lastModifiedDate":"2021-10-02"},{"lineNumber":25,"author":{"gitId":"wutdequack"},"content":"     * Sets the default constructor for interaction with UI.","lastModifiedDate":"2021-10-02"},{"lineNumber":26,"author":{"gitId":"wutdequack"},"content":"     * @param in A Scanner object.","lastModifiedDate":"2021-10-02"},{"lineNumber":27,"author":{"gitId":"wutdequack"},"content":"     * @param out A PrintStream object.","lastModifiedDate":"2021-10-02"},{"lineNumber":28,"author":{"gitId":"wutdequack"},"content":"     */","lastModifiedDate":"2021-10-02"},{"lineNumber":29,"author":{"gitId":"wutdequack"},"content":"    public TextUi(InputStream in, PrintStream out) {","lastModifiedDate":"2021-10-02"},{"lineNumber":30,"author":{"gitId":"wutdequack"},"content":"        this.in \u003d new Scanner(in);","lastModifiedDate":"2021-10-02"},{"lineNumber":31,"author":{"gitId":"wutdequack"},"content":"        this.out \u003d out;","lastModifiedDate":"2021-10-02"},{"lineNumber":32,"author":{"gitId":"wutdequack"},"content":"    }","lastModifiedDate":"2021-10-02"},{"lineNumber":33,"author":{"gitId":"wutdequack"},"content":"","lastModifiedDate":"2021-10-02"},{"lineNumber":34,"author":{"gitId":"wutdequack"},"content":"    /**","lastModifiedDate":"2021-10-02"},{"lineNumber":35,"author":{"gitId":"wutdequack"},"content":"     * Prints the welcome message to the user.","lastModifiedDate":"2021-10-02"},{"lineNumber":36,"author":{"gitId":"wutdequack"},"content":"     */","lastModifiedDate":"2021-10-02"},{"lineNumber":37,"author":{"gitId":"wutdequack"},"content":"    public void printWelcomeMessage() {","lastModifiedDate":"2021-10-02"},{"lineNumber":38,"author":{"gitId":"wutdequack"},"content":"        out.println(LOGO);","lastModifiedDate":"2021-10-02"},{"lineNumber":39,"author":{"gitId":"wutdequack"},"content":"        out.println(WELCOME_MESSAGE);","lastModifiedDate":"2021-10-02"},{"lineNumber":40,"author":{"gitId":"wutdequack"},"content":"    }","lastModifiedDate":"2021-10-02"},{"lineNumber":41,"author":{"gitId":"wutdequack"},"content":"","lastModifiedDate":"2021-10-02"},{"lineNumber":42,"author":{"gitId":"wutdequack"},"content":"    /**","lastModifiedDate":"2021-10-02"},{"lineNumber":43,"author":{"gitId":"wutdequack"},"content":"     * Prompts the user for input and returns the received input.","lastModifiedDate":"2021-10-02"},{"lineNumber":44,"author":{"gitId":"wutdequack"},"content":"     * @return Line entered by the user.","lastModifiedDate":"2021-10-02"},{"lineNumber":45,"author":{"gitId":"wutdequack"},"content":"     */","lastModifiedDate":"2021-10-02"},{"lineNumber":46,"author":{"gitId":"wutdequack"},"content":"    public String getUserInput() {","lastModifiedDate":"2021-10-02"},{"lineNumber":47,"author":{"gitId":"wutdequack"},"content":"        out.print(PROMPT_MESSAGE);","lastModifiedDate":"2021-10-02"},{"lineNumber":48,"author":{"gitId":"wutdequack"},"content":"        String input \u003d in.nextLine();","lastModifiedDate":"2021-10-02"},{"lineNumber":49,"author":{"gitId":"wutdequack"},"content":"        // Keep getting input until its not empty","lastModifiedDate":"2021-10-02"},{"lineNumber":50,"author":{"gitId":"wutdequack"},"content":"        while (input.trim().isEmpty()) {","lastModifiedDate":"2021-10-02"},{"lineNumber":51,"author":{"gitId":"wutdequack"},"content":"            input \u003d in.nextLine();","lastModifiedDate":"2021-10-02"},{"lineNumber":52,"author":{"gitId":"wutdequack"},"content":"        }","lastModifiedDate":"2021-10-02"},{"lineNumber":53,"author":{"gitId":"wutdequack"},"content":"        return input;","lastModifiedDate":"2021-10-02"},{"lineNumber":54,"author":{"gitId":"wutdequack"},"content":"    }","lastModifiedDate":"2021-10-02"},{"lineNumber":55,"author":{"gitId":"wutdequack"},"content":"","lastModifiedDate":"2021-10-02"},{"lineNumber":56,"author":{"gitId":"wutdequack"},"content":"    /**","lastModifiedDate":"2021-10-02"},{"lineNumber":57,"author":{"gitId":"wutdequack"},"content":"     * Prints Goodbye message to user.","lastModifiedDate":"2021-10-02"},{"lineNumber":58,"author":{"gitId":"wutdequack"},"content":"     */","lastModifiedDate":"2021-10-02"},{"lineNumber":59,"author":{"gitId":"wutdequack"},"content":"    public void printGoodByeMessage() {","lastModifiedDate":"2021-10-02"},{"lineNumber":60,"author":{"gitId":"wutdequack"},"content":"        out.println(GOODBYE_MESSAGE);","lastModifiedDate":"2021-10-02"},{"lineNumber":61,"author":{"gitId":"wutdequack"},"content":"    }","lastModifiedDate":"2021-10-02"},{"lineNumber":62,"author":{"gitId":"wutdequack"},"content":"","lastModifiedDate":"2021-10-02"},{"lineNumber":63,"author":{"gitId":"wutdequack"},"content":"    /**","lastModifiedDate":"2021-10-02"},{"lineNumber":64,"author":{"gitId":"wutdequack"},"content":"     * Prints to the screen that you don\u0027t understand the commands.","lastModifiedDate":"2021-10-02"},{"lineNumber":65,"author":{"gitId":"wutdequack"},"content":"     */","lastModifiedDate":"2021-10-02"},{"lineNumber":66,"author":{"gitId":"wutdequack"},"content":"    public void printUnknownCommandMessage() {","lastModifiedDate":"2021-10-02"},{"lineNumber":67,"author":{"gitId":"wutdequack"},"content":"        out.println(INVALID_COMMAND_MESSAGE);","lastModifiedDate":"2021-10-02"},{"lineNumber":68,"author":{"gitId":"wutdequack"},"content":"    }","lastModifiedDate":"2021-10-02"},{"lineNumber":69,"author":{"gitId":"owensoh"},"content":"","lastModifiedDate":"2021-10-02"},{"lineNumber":70,"author":{"gitId":"owensoh"},"content":"    /**","lastModifiedDate":"2021-10-02"},{"lineNumber":71,"author":{"gitId":"owensoh"},"content":"     * Prints Goodbye message to user.","lastModifiedDate":"2021-10-02"},{"lineNumber":72,"author":{"gitId":"owensoh"},"content":"     */","lastModifiedDate":"2021-10-02"},{"lineNumber":73,"author":{"gitId":"owensoh"},"content":"    public void printAddElderlyMessage() {","lastModifiedDate":"2021-10-02"},{"lineNumber":74,"author":{"gitId":"owensoh"},"content":"        out.println(ADD_ELDERLY_MESSAGE);","lastModifiedDate":"2021-10-02"},{"lineNumber":75,"author":{"gitId":"owensoh"},"content":"    }","lastModifiedDate":"2021-10-02"},{"lineNumber":76,"author":{"gitId":"owensoh"},"content":"","lastModifiedDate":"2021-10-02"},{"lineNumber":77,"author":{"gitId":"owensoh"},"content":"    /**","lastModifiedDate":"2021-10-02"},{"lineNumber":78,"author":{"gitId":"owensoh"},"content":"     * Prints Goodbye message to user.","lastModifiedDate":"2021-10-02"},{"lineNumber":79,"author":{"gitId":"owensoh"},"content":"     */","lastModifiedDate":"2021-10-02"},{"lineNumber":80,"author":{"gitId":"owensoh"},"content":"    public void printAddAppointmentMessage() {","lastModifiedDate":"2021-10-02"},{"lineNumber":81,"author":{"gitId":"owensoh"},"content":"        out.println(ADD_APPOINTMENT_MESSAGE);","lastModifiedDate":"2021-10-02"},{"lineNumber":82,"author":{"gitId":"owensoh"},"content":"    }","lastModifiedDate":"2021-10-02"},{"lineNumber":83,"author":{"gitId":"owensoh"},"content":"","lastModifiedDate":"2021-10-02"},{"lineNumber":84,"author":{"gitId":"owensoh"},"content":"    /**","lastModifiedDate":"2021-10-02"},{"lineNumber":85,"author":{"gitId":"owensoh"},"content":"     * Prints Goodbye message to user.","lastModifiedDate":"2021-10-02"},{"lineNumber":86,"author":{"gitId":"owensoh"},"content":"     */","lastModifiedDate":"2021-10-02"},{"lineNumber":87,"author":{"gitId":"owensoh"},"content":"    public void printAddMedicineMessage() {","lastModifiedDate":"2021-10-02"},{"lineNumber":88,"author":{"gitId":"owensoh"},"content":"        out.println(ADD_MEDICINE_MESSAGE);","lastModifiedDate":"2021-10-02"},{"lineNumber":89,"author":{"gitId":"owensoh"},"content":"    }","lastModifiedDate":"2021-10-02"},{"lineNumber":90,"author":{"gitId":"wutdequack"},"content":"}","lastModifiedDate":"2021-10-02"}],"authorContributionMap":{"wutdequack":66,"owensoh":24}}]
