{"authorDailyContributionsMap":{"ruyian":[{"date":"2021-09-30","commitResults":[{"hash":"7d09978b419ef09c5a8bbab0e2de03263bcc6328","messageTitle":"wk7 tutorial changes","messageBody":"","fileTypesAndContributionMap":{"docs":{"insertions":2,"deletions":2}}}]},{"date":"2021-10-10","commitResults":[{"hash":"195171c372496d45acd150b6d2eae30ebb126061","messageTitle":"Add vaccination status view and set function, birthday view and set function, blood pressure view and set function","messageBody":"","fileTypesAndContributionMap":{"functional-code":{"insertions":200,"deletions":55}}},{"hash":"87e5ebdf07c8aa964388ee78cc2093cb53f6b0d0","messageTitle":"Amend coding standard","messageBody":"","fileTypesAndContributionMap":{"functional-code":{"insertions":57,"deletions":13}}},{"hash":"2b68608d14d3c4149f70d119a3e95ac0979e353a","messageTitle":"Amend coding standard","messageBody":"","fileTypesAndContributionMap":{"functional-code":{"insertions":2,"deletions":2}}},{"hash":"8e83f19bc91d0b74443f4f7942d1f7d1c9974f63","messageTitle":"Amend coding standard","messageBody":"","fileTypesAndContributionMap":{"functional-code":{"insertions":22,"deletions":1}}}]},{"date":"2021-10-12","commitResults":[{"hash":"5e447e229d87dd98c0bb5b681b108878bee66056","messageTitle":"Add junit test","messageBody":"","fileTypesAndContributionMap":{"functional-code":{"insertions":35,"deletions":30},"other":{"insertions":1,"deletions":0},"test-code":{"insertions":22,"deletions":1}}},{"hash":"acdf9558e8ac0e5374206a3aa9b86ee77cf04fe4","messageTitle":"Amend code style","messageBody":"","fileTypesAndContributionMap":{"functional-code":{"insertions":2,"deletions":1}}},{"hash":"c192d0997ab294be68f6ee36bb45be696910007d","messageTitle":"Amend coding style","messageBody":"","fileTypesAndContributionMap":{"test-code":{"insertions":4,"deletions":6}}},{"hash":"c2cbda7421b480c825c7326d5c5fb4638f85f210","messageTitle":"Fix bug in naming","messageBody":"","fileTypesAndContributionMap":{"functional-code":{"insertions":1,"deletions":1}}},{"hash":"9751de86bf881c5a3bfdd9e7eb52e504d90e7680","messageTitle":"Amend naming convention","messageBody":"","fileTypesAndContributionMap":{"functional-code":{"insertions":1,"deletions":2}}}]},{"date":"2021-10-13","commitResults":[{"hash":"b671f8a96b00b26836dab7c23c1df7d09980436d","messageTitle":"Fix bug, add exception class","messageBody":"","fileTypesAndContributionMap":{"functional-code":{"insertions":9,"deletions":1},"test-code":{"insertions":1,"deletions":1}}},{"hash":"db0e795370deab0ccdbc4279daf2cece478ff620","messageTitle":"Fix bugs in junit test","messageBody":"","fileTypesAndContributionMap":{"test-code":{"insertions":4,"deletions":2}}},{"hash":"cfc5ce0cdc03d1e06686fba0e99cd6bd7d3abea1","messageTitle":"Amend abstraction","messageBody":"","fileTypesAndContributionMap":{"functional-code":{"insertions":14,"deletions":18},"test-code":{"insertions":1,"deletions":2}}},{"hash":"94067c68b46aa0d598c5143e76ed653d565cd773","messageTitle":"Call specific method to compare array in assertion","messageBody":"","fileTypesAndContributionMap":{"test-code":{"insertions":4,"deletions":5}}},{"hash":"cad9003c5fbd174e908da15c134c5d7f5ab2f032","messageTitle":"Add indexing to readme","messageBody":"","fileTypesAndContributionMap":{"docs":{"insertions":19,"deletions":3}}},{"hash":"b79860e3a68b5bfa3f5689bd2b90d9418e7c22de","messageTitle":"Improve coding standard","messageBody":"","fileTypesAndContributionMap":{"functional-code":{"insertions":11,"deletions":23}}},{"hash":"19d35e17b828aecaed4917189835270dbdf73a0f","messageTitle":"Improve coding standard","messageBody":"","fileTypesAndContributionMap":{"functional-code":{"insertions":2,"deletions":1}}},{"hash":"1361a0fc861d1119eaf0b1941e6767d41ef86748","messageTitle":"Fix the junit test according to the changeds made","messageBody":"","fileTypesAndContributionMap":{"test-code":{"insertions":4,"deletions":4}}}]},{"date":"2021-10-14","commitResults":[{"hash":"56c34b379fb077182597e05e98c6eb055691603d","messageTitle":"Improve coding standard by getting rid of magic values","messageBody":"","fileTypesAndContributionMap":{"functional-code":{"insertions":8,"deletions":4}}}]},{"date":"2021-10-15","commitResults":[{"hash":"341132efebb695346167d55b0db341e816c4ad71","messageTitle":"Enable gradle assertion exception","messageBody":"","fileTypesAndContributionMap":{"other":{"insertions":1,"deletions":0}}},{"hash":"4caa3ec79aa3351daa6633a1fb35e2b8e17e2604","messageTitle":"Add gradle assertion exception","messageBody":"","fileTypesAndContributionMap":{"other":{"insertions":1,"deletions":1}}},{"hash":"c2aa2baf98d9eb7e65204d7e6c4c7e7cb5048a93","messageTitle":"Add function of setting and viewing the elderly\u0027s dietary preference","messageBody":"","fileTypesAndContributionMap":{"functional-code":{"insertions":139,"deletions":1}}},{"hash":"2d3b98009e7269d00336cc04b197a5951645c88b","messageTitle":"Amend coding style","messageBody":"","fileTypesAndContributionMap":{"functional-code":{"insertions":2,"deletions":3}}},{"hash":"41d36b33e67a4fc42fd33f44404d9a44da5fe51b","messageTitle":"Amend coding style","messageBody":"","fileTypesAndContributionMap":{"functional-code":{"insertions":1,"deletions":2}}},{"hash":"237dfad98f608981aa72f2467d4012a70cb5bae7","messageTitle":"Fix bug in output","messageBody":"","fileTypesAndContributionMap":{"functional-code":{"insertions":3,"deletions":2}}}]},{"date":"2021-10-17","commitResults":[{"hash":"0084c8601a6c4c1263dee8af5926551202afaeeb","messageTitle":"Update Developer Guide","messageBody":"","fileTypesAndContributionMap":{"docs":{"insertions":11,"deletions":5}}}]},{"date":"2021-10-19","commitResults":[{"hash":"9d651a75de36c83c451ce6ca27d67726d65eaf7c","messageTitle":"Fit the returning of elderly to Duke to suit the exception handling using Optional class","messageBody":"","fileTypesAndContributionMap":{"functional-code":{"insertions":157,"deletions":149},"test-code":{"insertions":29,"deletions":29}}},{"hash":"b3af0656a2815ba474711c374290cdc181b669eb","messageTitle":"Amend coding style","messageBody":"","fileTypesAndContributionMap":{"functional-code":{"insertions":42,"deletions":19}}},{"hash":"34604b974378d342f5b99a7acfa5553b17d3a9be","messageTitle":"Fix bug in wrong output","messageBody":"","fileTypesAndContributionMap":{"functional-code":{"insertions":3,"deletions":3}}},{"hash":"fa30f6558591c962de22f8fcb766f041d2968287","messageTitle":"Add javadocs","messageBody":"","fileTypesAndContributionMap":{"functional-code":{"insertions":7,"deletions":1}}},{"hash":"9dff5b9b17b45a8b6b27c534b0a457511e45d779","messageTitle":"Add skelton for Elderly\u0027s subclasses","messageBody":"","fileTypesAndContributionMap":{"functional-code":{"insertions":29,"deletions":0}}},{"hash":"fadc33648af3526083ee165e7254b3f5a0fd2263","messageTitle":"Fix bug in compliation","messageBody":"","fileTypesAndContributionMap":{"functional-code":{"insertions":2,"deletions":0}}}]},{"date":"2021-10-20","commitResults":[{"hash":"9b803b3ae4266b3cb17665aa917dad230679c01e","messageTitle":"Amend exception classes","messageBody":"","fileTypesAndContributionMap":{"functional-code":{"insertions":70,"deletions":52}}},{"hash":"564d0efb3eaa5d3184448e43fdd5eb0f45696384","messageTitle":"Amend coding style","messageBody":"","fileTypesAndContributionMap":{"functional-code":{"insertions":7,"deletions":2}}},{"hash":"072e24ca3bf4894b4146d4946b8262ef0e06bb1c","messageTitle":"Fix bug in output","messageBody":"","fileTypesAndContributionMap":{"functional-code":{"insertions":1,"deletions":1}}},{"hash":"fe76d09e7331b41335356768ee5b70384151fd93","messageTitle":"Fix bug in output","messageBody":"","fileTypesAndContributionMap":{"functional-code":{"insertions":2,"deletions":2}}}]},{"date":"2021-10-21","commitResults":[{"hash":"44ad08119e69c2b249e77b6cdf9927ee7af0c6a9","messageTitle":"Fix bug in throwing wrong exception","messageBody":"","fileTypesAndContributionMap":{"functional-code":{"insertions":1,"deletions":1}}}]},{"date":"2021-10-26","commitResults":[{"hash":"1532f3b6bec4135627b85694674f8b2eb95c8707","messageTitle":"Fix bug in new line not found of Scanner class","messageBody":"","fileTypesAndContributionMap":{"functional-code":{"insertions":1,"deletions":1}}},{"hash":"da10eb1e240229c6034f425d3898319cc673822b","messageTitle":"Fix bug in no magic value imported","messageBody":"","fileTypesAndContributionMap":{"functional-code":{"insertions":1,"deletions":0}}},{"hash":"b231b2113f990ee6e8b374e40e38bc58cf86f789","messageTitle":"Add function of viewing and adding medical history","messageBody":"","fileTypesAndContributionMap":{"functional-code":{"insertions":92,"deletions":5}}},{"hash":"91e0c330cf9f8fd0d0ecf429a391ddb63e6cc875","messageTitle":"Update javadoc","messageBody":"","fileTypesAndContributionMap":{"functional-code":{"insertions":2,"deletions":2}}},{"hash":"07e866432d51304cb21fa177c0bf7cd31cbab51d","messageTitle":"Add function to delete medical message","messageBody":"","fileTypesAndContributionMap":{"functional-code":{"insertions":85,"deletions":10}}},{"hash":"e69a572d4e602108681acb72ddcbda71b6030117","messageTitle":"Fix javadoc","messageBody":"","fileTypesAndContributionMap":{"functional-code":{"insertions":3,"deletions":1}}},{"hash":"b968a016e1c2dbf0778b9fd122588a109f79df4e","messageTitle":"Add prompt for garbage collection","messageBody":"","fileTypesAndContributionMap":{"functional-code":{"insertions":6,"deletions":1}}},{"hash":"761ca145e5036b5ffbb9c20706d9f2868cd377e7","messageTitle":"Update user guide","messageBody":"","fileTypesAndContributionMap":{"functional-code":{"insertions":23,"deletions":23},"docs":{"insertions":155,"deletions":0}}},{"hash":"5742ad8af86d1cd3b58d1ad2ca3f9568dd38f624","messageTitle":"Update user guide","messageBody":"","fileTypesAndContributionMap":{"docs":{"insertions":9,"deletions":2}}},{"hash":"ea048a5cff5c6a8cf72f9aaf77851e5f2f9efd8f","messageTitle":"Amend coding style","messageBody":"","fileTypesAndContributionMap":{"functional-code":{"insertions":2,"deletions":1}}},{"hash":"93cdd3ba4d4137c20a5417556e1b035e8ca6a119","messageTitle":"Amend coding style","messageBody":"","fileTypesAndContributionMap":{"functional-code":{"insertions":2,"deletions":2}}},{"hash":"f566356dec1ba3982ba69dc557ab309297e764f7","messageTitle":"Update test","messageBody":"","fileTypesAndContributionMap":{"test-code":{"insertions":3,"deletions":3}}}]},{"date":"2021-10-28","commitResults":[{"hash":"2e9170d26d08ccb06fee2e4238befd7adef421d1","messageTitle":"Support fast typing in adding elderly","messageBody":"","fileTypesAndContributionMap":{"functional-code":{"insertions":24,"deletions":18},"test-code":{"insertions":2,"deletions":2}}},{"hash":"9a56b0f451b716d568c74dd87e47ad91d0300b61","messageTitle":"Add function to catch non-Duke exception","messageBody":"","fileTypesAndContributionMap":{"functional-code":{"insertions":7,"deletions":2}}},{"hash":"ebe6a791acd2a5966e4bdf620a5a6d5ad004e821","messageTitle":"Update userguide with new addelderly function","messageBody":"","fileTypesAndContributionMap":{"docs":{"insertions":3,"deletions":1}}},{"hash":"8a5b808e7add2860258114cc28068c3e58d89db6","messageTitle":"Update user guide","messageBody":"","fileTypesAndContributionMap":{"docs":{"insertions":7,"deletions":3}}},{"hash":"d06c71a8a690335fc1f09ff4afccbf4f9d6260a2","messageTitle":"Update test","messageBody":"","fileTypesAndContributionMap":{"functional-code":{"insertions":3,"deletions":3}}},{"hash":"55046066864fe634f1381f51f9110ae51a60dd68","messageTitle":"Replace magic literals","messageBody":"","fileTypesAndContributionMap":{"functional-code":{"insertions":61,"deletions":35}}},{"hash":"1cde6a724bac2920d0e98c4d4021fbe625c121a1","messageTitle":"Resolve conficts in import statements","messageBody":"","fileTypesAndContributionMap":{"functional-code":{"insertions":1,"deletions":0}}},{"hash":"54f1d77b4854c224004ed7c96943a7537fb2de3a","messageTitle":"Update javadoc","messageBody":"","fileTypesAndContributionMap":{"functional-code":{"insertions":2,"deletions":2}}}]},{"date":"2021-10-29","commitResults":[{"hash":"d725766f72490604b5d1b52f0b388d1eff4709a9","messageTitle":"Categorize all input related exception under one class","messageBody":"","fileTypesAndContributionMap":{"functional-code":{"insertions":34,"deletions":18},"other":{"insertions":2,"deletions":2}}},{"hash":"da64d28587df892c8288cd77fd71a703613caa50","messageTitle":"Fit the programme to the new exception strucutre","messageBody":"","fileTypesAndContributionMap":{"functional-code":{"insertions":12,"deletions":11}}},{"hash":"347269ed7edd91a395ada5240bee25ed2d9c06c1","messageTitle":"Update javadoc","messageBody":"","fileTypesAndContributionMap":{"functional-code":{"insertions":1,"deletions":1}}},{"hash":"d1d3535a6b1dbcf903084a33a327b52cd696bbb7","messageTitle":"Add new UI to handle newly introduced input exception","messageBody":"","fileTypesAndContributionMap":{"functional-code":{"insertions":7,"deletions":6}}},{"hash":"2c373af34ff723a92ff07621a17e4872f75f7034","messageTitle":"Change programme logic to fit to the new exception class","messageBody":"","fileTypesAndContributionMap":{"functional-code":{"insertions":39,"deletions":10}}},{"hash":"3dd3115fa75d6237a314feb98f9b661e60b67ab7","messageTitle":"Fix all imports","messageBody":"","fileTypesAndContributionMap":{"functional-code":{"insertions":14,"deletions":14}}},{"hash":"f12604af7332ed0d760e5fa19345758a1235e3bb","messageTitle":"Update printing message","messageBody":"","fileTypesAndContributionMap":{"functional-code":{"insertions":1,"deletions":1}}},{"hash":"7885119955cb8a84ef35eac61defd8fe1ba49ae3","messageTitle":"Add interface hospitalisable","messageBody":"","fileTypesAndContributionMap":{"functional-code":{"insertions":21,"deletions":4}}},{"hash":"01dab05681d136c2a0ff927334d3ba561068e1be","messageTitle":"Fix bugs in user interface","messageBody":"","fileTypesAndContributionMap":{"functional-code":{"insertions":5,"deletions":5}}},{"hash":"8a6ba95f4289062eb8b21f136da9424a38d772d9","messageTitle":"Make Elderly abstract","messageBody":"","fileTypesAndContributionMap":{"functional-code":{"insertions":1,"deletions":1},"test-code":{"insertions":1,"deletions":1}}},{"hash":"45641bd6614ea6d8fa240abe0ab8e797a19bd8e6","messageTitle":"Fix coding standard","messageBody":"","fileTypesAndContributionMap":{"functional-code":{"insertions":4,"deletions":5}}},{"hash":"c886c055ad005ac88deb51efc4345cb346f1ee8b","messageTitle":"Fix ElderlyTest","messageBody":"","fileTypesAndContributionMap":{"test-code":{"insertions":2,"deletions":0}}}]},{"date":"2021-10-30","commitResults":[{"hash":"f9402ae0d7cc94ca6d476e7a5a5bdc1fd7b42b31","messageTitle":"Add raw files for PPP","messageBody":"","fileTypesAndContributionMap":{"docs":{"insertions":4,"deletions":0}}},{"hash":"48655a5068e2760285781975fdc2ac35895ae2af","messageTitle":"Change the spelling of words","messageBody":"","fileTypesAndContributionMap":{"functional-code":{"insertions":20,"deletions":24}}},{"hash":"96bf9d8e6b7fe42bd2e0a6a2e58a7b639f4383fb","messageTitle":"Add immutability to the fields by declaring as final","messageBody":"","fileTypesAndContributionMap":{"functional-code":{"insertions":4,"deletions":4}}},{"hash":"9074c431742ffe29af6ad61a28c0523efa7514a3","messageTitle":"Correct grammatical mistakes in javadoc","messageBody":"","fileTypesAndContributionMap":{"functional-code":{"insertions":14,"deletions":14}}},{"hash":"f6dedb3c11ab3439ace50ae3ae1dd94660593b1d","messageTitle":"Make Duke abstract to enhance OOP as it is never instantiated","messageBody":"","fileTypesAndContributionMap":{"functional-code":{"insertions":8,"deletions":18}}},{"hash":"78d92961825ff6190ddd8c04233535a0df0b7824","messageTitle":"Make username less mutable as we do not allow change in username","messageBody":"","fileTypesAndContributionMap":{"functional-code":{"insertions":3,"deletions":3}}}]},{"date":"2021-11-01","commitResults":[{"hash":"56dbaccc18a26782d6c5f27de9125980b05e6ae6","messageTitle":"Make essential function private to keep layers of abstraction","messageBody":"","fileTypesAndContributionMap":{"functional-code":{"insertions":2,"deletions":2}}},{"hash":"fd02791ab4eb66ec062813785a41c943a98dde75","messageTitle":"Fix bug of empty viewdiet","messageBody":"","fileTypesAndContributionMap":{"functional-code":{"insertions":34,"deletions":33}}},{"hash":"0bc597819cabc36c8fc2b07fcffe3201d0671ebf","messageTitle":"Fix bug with empty setdiet","messageBody":"","fileTypesAndContributionMap":{"functional-code":{"insertions":54,"deletions":1}}},{"hash":"a29b5f52e2a4c2e6061204e66c301f453df19241","messageTitle":"Fix bug with wrong input of wrong index of set diet","messageBody":"","fileTypesAndContributionMap":{"functional-code":{"insertions":12,"deletions":4}}},{"hash":"dedb5ef1f738ce73b4608a5d835a2ee68feb433c","messageTitle":"Fix bug in vaccination input","messageBody":"","fileTypesAndContributionMap":{"functional-code":{"insertions":49,"deletions":4}}},{"hash":"ae78e8cdd5317d6a22ff95f6e0859b696f00915a","messageTitle":"Fix style","messageBody":"","fileTypesAndContributionMap":{"functional-code":{"insertions":6,"deletions":6}}},{"hash":"aa3e794f8ef1d7da19b9b660941886e25e78333a","messageTitle":"Fix bug with empty birthday input","messageBody":"","fileTypesAndContributionMap":{"functional-code":{"insertions":54,"deletions":2}}},{"hash":"d1b3c2214298afabf2eab833cc3b6457fb936d1f","messageTitle":"Fix style","messageBody":"","fileTypesAndContributionMap":{"functional-code":{"insertions":4,"deletions":3}}},{"hash":"18a5799be2a2b525ed665eaafb698ad0bf7364eb","messageTitle":"Fix bug in wrong date input","messageBody":"","fileTypesAndContributionMap":{"functional-code":{"insertions":57,"deletions":0}}},{"hash":"aaf99a02665b3f7a6b9a0a626ed866dc041f9dc6","messageTitle":"Fix style","messageBody":"","fileTypesAndContributionMap":{"functional-code":{"insertions":7,"deletions":14}}},{"hash":"a33d9d7439905861ca4804a34b7ff060a37ce6b6","messageTitle":"Fix naming of methods","messageBody":"","fileTypesAndContributionMap":{"functional-code":{"insertions":52,"deletions":88},"test-code":{"insertions":3,"deletions":6}}}]},{"date":"2021-11-02","commitResults":[{"hash":"6772251221d4884da6a630ffb997f9d9b56a5e8a","messageTitle":"Add ppp","messageBody":"","fileTypesAndContributionMap":{"docs":{"insertions":12,"deletions":0}}},{"hash":"49dcdf6b55788347586f90c8edb550a16de58b96","messageTitle":"Improve abstraction","messageBody":"","fileTypesAndContributionMap":{"functional-code":{"insertions":37,"deletions":38}}}]}],"wutdequack":[{"date":"2021-09-30","commitResults":[{"hash":"c0b974929822672986fc9c9e439aa3fb71cb0769","messageTitle":"Edit of name","messageBody":"","fileTypesAndContributionMap":{"docs":{"insertions":1,"deletions":1}}}]},{"date":"2021-10-02","commitResults":[{"hash":"c776f66fbf4738fd62b6e4031fbf0a06a71aa970","messageTitle":"Creation of skeleton of program","messageBody":"* Creation of ui, parser and common classes.\n* Allow for user to input.\n* Program will quit after bye command is issued.\n* May want to use regex for parsing in future versions\n","fileTypesAndContributionMap":{"functional-code":{"insertions":213,"deletions":11}}},{"hash":"04cf42deb85bd1116f1575c7a1ba3746a5180f9c","messageTitle":"Edits made to comply with coding standards","messageBody":"* Add white spaces before braces in TextUi.Java\n* Changed order of methods, should be \"static final\"\nnot \"final static\"\n","fileTypesAndContributionMap":{"functional-code":{"insertions":7,"deletions":7}}}]},{"date":"2021-10-06","commitResults":[{"hash":"9050bf66b598365bd5a9af05dd1111766ea6d7b5","messageTitle":"Refactoring of code to have a new helper class.","messageBody":"","fileTypesAndContributionMap":{"functional-code":{"insertions":157,"deletions":120}}},{"hash":"22553be5a473c385b6194fd855c0f6da266be42e","messageTitle":"Fix bug with TextUI in main function.","messageBody":"","fileTypesAndContributionMap":{"functional-code":{"insertions":1,"deletions":1}}}]},{"date":"2021-10-11","commitResults":[{"hash":"b34813f42f07d5c3598de873a344c6caa1e5b407","messageTitle":"Creation of summary for elderly in system","messageBody":"","fileTypesAndContributionMap":{"functional-code":{"insertions":104,"deletions":8}}},{"hash":"374a26254f26226b00b02fa5b1362aa6d5800ef2","messageTitle":"Creation of JUnit Tests for Patient Summary and ToString of Classes","messageBody":"","fileTypesAndContributionMap":{"functional-code":{"insertions":30,"deletions":3},"test-code":{"insertions":146,"deletions":0}}}]},{"date":"2021-10-21","commitResults":[{"hash":"95bb5d162fd51048d286c10ae991ebf5bc659c03","messageTitle":"Creation of functions to search for elderly that take certain medicine","messageBody":"","fileTypesAndContributionMap":{"functional-code":{"insertions":135,"deletions":3},"test-code":{"insertions":153,"deletions":103}}},{"hash":"4625303a225df795daa36bb8a309d417da4c7c07","messageTitle":"Modifies CheckStyleTest to Pass Checks","messageBody":"","fileTypesAndContributionMap":{"test-code":{"insertions":146,"deletions":142}}},{"hash":"18709033b4d159b7da7205324b6217ed728843d2","messageTitle":"Creation of function to get elderly name based on diet preference","messageBody":"","fileTypesAndContributionMap":{"functional-code":{"insertions":111,"deletions":8}}},{"hash":"6aff49806b81be273623cde8b256557f3df61b28","messageTitle":"Creation of tagging of name to elderly username","messageBody":"","fileTypesAndContributionMap":{"functional-code":{"insertions":71,"deletions":64},"test-code":{"insertions":5,"deletions":5}}},{"hash":"4d3967a4f2e78731b214662b9d9e7b48300af949","messageTitle":"Modification done to pass checkStyleMain and textUI tests","messageBody":"","fileTypesAndContributionMap":{"functional-code":{"insertions":1,"deletions":1}}},{"hash":"46c9a1bdebc2e41876a097d9c1c607375e020b5b","messageTitle":"Modification to ElderlyTest to pass tests","messageBody":"","fileTypesAndContributionMap":{"test-code":{"insertions":4,"deletions":2}}},{"hash":"3f9ccb4b45b9158c1188fccd697b808fb1e1cd04","messageTitle":"Creation of searching of elderly information based on real name.","messageBody":"","fileTypesAndContributionMap":{"functional-code":{"insertions":78,"deletions":5}}},{"hash":"6eef9094b858853ed061d8efe7d0e4ebaa0ef38f","messageTitle":"Creation of help function","messageBody":"","fileTypesAndContributionMap":{"functional-code":{"insertions":80,"deletions":45}}},{"hash":"3c49781974c118c21f00de3d8228e8eee1f37c1f","messageTitle":"Fix syntax in TextUI","messageBody":"","fileTypesAndContributionMap":{"functional-code":{"insertions":15,"deletions":15}}},{"hash":"1c5536fd65116aa03d80515f6ea5d6d3ce4715a0","messageTitle":"Allow for autosuggestions and deletion of elderly from list.","messageBody":"","fileTypesAndContributionMap":{"functional-code":{"insertions":208,"deletions":36}}},{"hash":"19f0ce30e3ca1a1ab392333e0a6ce3b5e737293a","messageTitle":"Modify delete elderly function to not be as clunky.","messageBody":"","fileTypesAndContributionMap":{"functional-code":{"insertions":16,"deletions":8}}}]},{"date":"2021-10-22","commitResults":[{"hash":"0b78032ad3818ae11efb757c6413d7ebbcd1576a","messageTitle":"Fix some bugs with assertion and help menu","messageBody":"","fileTypesAndContributionMap":{"functional-code":{"insertions":2,"deletions":0},"test-code":{"insertions":3,"deletions":3}}},{"hash":"a916c8cac31a1c48f9f3da07bb5b05add7784012","messageTitle":"Adds in forgotten break statement","messageBody":"","fileTypesAndContributionMap":{"functional-code":{"insertions":1,"deletions":0}}},{"hash":"a05b4ffd2f0b0331d3e92e76ec82b277d1a2dc06","messageTitle":"Change Exception messages so it will be relayed more clearly","messageBody":"","fileTypesAndContributionMap":{"functional-code":{"insertions":5,"deletions":5}}}]},{"date":"2021-10-23","commitResults":[{"hash":"0138bf5d233cea1e5ceacb05a5feeaaba627ec42","messageTitle":"Creation of write to file","messageBody":"","fileTypesAndContributionMap":{"functional-code":{"insertions":105,"deletions":0},"other":{"insertions":1,"deletions":0}}},{"hash":"512f29f353d54d08372f19e7cfebbd0afa67dd10","messageTitle":"Adds break to Switch Case","messageBody":"","fileTypesAndContributionMap":{"functional-code":{"insertions":1,"deletions":0}}}]},{"date":"2021-10-25","commitResults":[{"hash":"cd1ae231a9ab18fd56858a74f1cdac1c936bd402","messageTitle":"Adds in information about autosuggestion function into Developer Guide","messageBody":"","fileTypesAndContributionMap":{"docs":{"insertions":58,"deletions":3}}},{"hash":"4c3fca6a37db4b1fefaa0940e9f6ec47b96bba44","messageTitle":"Change structure of classes and add in load function along with error checking for syntax formats","messageBody":"","fileTypesAndContributionMap":{"functional-code":{"insertions":164,"deletions":74},"test-code":{"insertions":2,"deletions":1}}}]},{"date":"2021-10-28","commitResults":[{"hash":"17c48073d21a50001b6e2a6bd6ca4d64c4049106","messageTitle":"Fixes made on load to allow for inheritance when loading from json [https://riptutorial.com/gson/example/22968/using-gson-with-inheritance]","messageBody":"","fileTypesAndContributionMap":{"functional-code":{"insertions":38,"deletions":3}}}]},{"date":"2021-10-31","commitResults":[{"hash":"6401bd048812d7b135f71a2826f6968a3342e633","messageTitle":"Changes made to format such that use username for all queries Will update user guide to reflect the changes accordingly","messageBody":"","fileTypesAndContributionMap":{"functional-code":{"insertions":21,"deletions":21}}},{"hash":"548445ba9869791a255ae0ee516dd8ff66048291","messageTitle":"Changes made to variable names and fulfilment of code quality","messageBody":"","fileTypesAndContributionMap":{"functional-code":{"insertions":337,"deletions":338}}},{"hash":"5e2fe4cb855deab450e9d8e93c4d5144e392aa36","messageTitle":"Edits made to tests to standardize formats","messageBody":"","fileTypesAndContributionMap":{"test-code":{"insertions":4,"deletions":4}}},{"hash":"4fe776a68a85458882c59b3c326af7724092842a","messageTitle":"Reject addition of elderly if username already exists.","messageBody":"","fileTypesAndContributionMap":{"functional-code":{"insertions":96,"deletions":61}}},{"hash":"6a252626a02b2055f39a742baa3dbf3e9182dc5d","messageTitle":"Fix bug with elderlyExist function","messageBody":"","fileTypesAndContributionMap":{"functional-code":{"insertions":5,"deletions":5}}},{"hash":"bfdcdf1e0c73ff357f06195f0cf6ebbe3f718bf9","messageTitle":"Changes made to tests to be BeforeAll.","messageBody":"","fileTypesAndContributionMap":{"functional-code":{"insertions":11,"deletions":11},"test-code":{"insertions":101,"deletions":92}}},{"hash":"b36d8b062fdecc0424ab74c9ea112442a2987ea1","messageTitle":"Edits made to UG and help Menu","messageBody":"","fileTypesAndContributionMap":{"functional-code":{"insertions":223,"deletions":155},"docs":{"insertions":538,"deletions":75},"test-code":{"insertions":19,"deletions":13}}},{"hash":"e5c2ac15ecd373f2d095b5e432f5e0f682c6d749","messageTitle":"Addition of todos, so will know which parts need more work","messageBody":"","fileTypesAndContributionMap":{"docs":{"insertions":2,"deletions":1}}},{"hash":"4c62ae9f0ef0db8e254f0b9bbd58517c4741d148","messageTitle":"Change of table of contents for the UG","messageBody":"","fileTypesAndContributionMap":{"docs":{"insertions":38,"deletions":14}}},{"hash":"71535fa05d3890087f4f5757d9a8e2be1ac33cc9","messageTitle":"Made change to the table of commands","messageBody":"","fileTypesAndContributionMap":{"docs":{"insertions":108,"deletions":11}}},{"hash":"f31fa80092acc3ea5f43e48ec14f35df43754451","messageTitle":"Bug fixes to File I/O functions","messageBody":"","fileTypesAndContributionMap":{"functional-code":{"insertions":5,"deletions":1}}},{"hash":"420492cee7e312699a02f43661a75e924fbf2bfb","messageTitle":"Fix bug in UG","messageBody":"","fileTypesAndContributionMap":{"docs":{"insertions":1,"deletions":1}}}]}],"nguyin":[{"date":"2021-09-30","commitResults":[{"hash":"0ba0b8f1d186c908b1e03dab2de751e0e6eaea80","messageTitle":"pls work","messageBody":"","fileTypesAndContributionMap":{"docs":{"insertions":1,"deletions":1}}}]},{"date":"2021-10-07","commitResults":[{"hash":"e9ec04d7874c48591365e12f90d905b099fb2c10","messageTitle":"Added addnok, viewnok, addrec, viewrec","messageBody":"","fileTypesAndContributionMap":{"functional-code":{"insertions":4,"deletions":0}}},{"hash":"e4bd90ee02d74f04e5fb8e8599dd8eca69b4e815","messageTitle":"Added addnok, viewnok, addrec, viewrec","messageBody":"","fileTypesAndContributionMap":{"functional-code":{"insertions":249,"deletions":18}}},{"hash":"56eb4937e1e1afe38f18e8de21ea1882c2e9a964","messageTitle":"Added package line","messageBody":"","fileTypesAndContributionMap":{"functional-code":{"insertions":2,"deletions":0}}}]},{"date":"2021-10-11","commitResults":[{"hash":"6b99735b12096909c9d96455d1f0a9dc005170f2","messageTitle":"Added JUnit tests for NextOfKin and Record","messageBody":"","fileTypesAndContributionMap":{"test-code":{"insertions":47,"deletions":0}}},{"hash":"d149b6502b87f8a4e847e3a78b6c4bb6c35eb0f5","messageTitle":"Eldely List Tests changed","messageBody":"","fileTypesAndContributionMap":{"test-code":{"insertions":15,"deletions":0}}},{"hash":"1169b4cc5b391b0a1e2f6344342f7413da998a06","messageTitle":"Added missing JUnit test lines","messageBody":"","fileTypesAndContributionMap":{"test-code":{"insertions":4,"deletions":3}}},{"hash":"1c021af1b53161966efc2bb20f561d3b7e83b9a4","messageTitle":"Changed JUnit test","messageBody":"","fileTypesAndContributionMap":{"functional-code":{"insertions":1,"deletions":1}}},{"hash":"62c8de46bdcc86624779e394c83bf9775f1eb087","messageTitle":"JUnit tests for NOK","messageBody":"","fileTypesAndContributionMap":{"test-code":{"insertions":3,"deletions":4}}},{"hash":"1dbd3b248160e99b24564db67d1f143a3a8a189a","messageTitle":"Changed Elderly list to pass test","messageBody":"","fileTypesAndContributionMap":{"functional-code":{"insertions":0,"deletions":1}}},{"hash":"a643f8a542f2c773ffdb8610f877f4404768269e","messageTitle":"Comment elderlylisttest","messageBody":"","fileTypesAndContributionMap":{"test-code":{"insertions":96,"deletions":96}}},{"hash":"ecc6163c800f5e0f68a7655ffc6f8d6c445e47c2","messageTitle":"Checkstyle test pass","messageBody":"","fileTypesAndContributionMap":{"test-code":{"insertions":99,"deletions":96}}},{"hash":"6832f9283dfbb4d49a314c4cc345edf9ee95fa43","messageTitle":"Elderly count test","messageBody":"","fileTypesAndContributionMap":{"test-code":{"insertions":4,"deletions":4}}}]},{"date":"2021-10-13","commitResults":[{"hash":"fd459b3134e71300a324a952ca5f84b292634054","messageTitle":"Updated User Guide","messageBody":"","fileTypesAndContributionMap":{"functional-code":{"insertions":1,"deletions":0},"docs":{"insertions":71,"deletions":0}}}]},{"date":"2021-10-19","commitResults":[{"hash":"48eaf1e6f84564dc3fa41026c24c562e38166fd6","messageTitle":"Added exceptions for addnok and viewnok","messageBody":"","fileTypesAndContributionMap":{"functional-code":{"insertions":61,"deletions":7},"test-code":{"insertions":2,"deletions":2}}},{"hash":"3730ee815b05595cabe18dcb6346c4f6249f9e19","messageTitle":"Comply with coding standards","messageBody":"","fileTypesAndContributionMap":{"functional-code":{"insertions":5,"deletions":5}}},{"hash":"04a89b9d49995a83b1508dd425060dfcf1c43632","messageTitle":"Added exceptions for addrec and viewrec","messageBody":"","fileTypesAndContributionMap":{"functional-code":{"insertions":52,"deletions":1}}},{"hash":"83051a6ed30e35d6a12e81aa3a4f40c4c3891fb2","messageTitle":"Coding Style","messageBody":"","fileTypesAndContributionMap":{"functional-code":{"insertions":2,"deletions":2}}},{"hash":"08033a2c5d559f850f9e802e9e78331abf06ec3b","messageTitle":"Added JUnit tests for addrec function","messageBody":"","fileTypesAndContributionMap":{"test-code":{"insertions":16,"deletions":0}}}]},{"date":"2021-10-23","commitResults":[{"hash":"f2765904cadfbb09b8f0a6a2ef5ee66cca0de7b4","messageTitle":"Added deletemed and deletenok function","messageBody":"","fileTypesAndContributionMap":{"functional-code":{"insertions":137,"deletions":0}}},{"hash":"ddfa1f89dbb0cf19a623c44ac02f5693811b6cc4","messageTitle":"Coding convention","messageBody":"","fileTypesAndContributionMap":{"functional-code":{"insertions":2,"deletions":2}}}]},{"date":"2021-10-25","commitResults":[{"hash":"66e804fae2b75d71879c6ac9e1490b279a6beb90","messageTitle":"Added deleteappt function","messageBody":"","fileTypesAndContributionMap":{"functional-code":{"insertions":81,"deletions":3},"other":{"insertions":2,"deletions":2}}},{"hash":"025a27d536090d6765d0e308ac3c01cd4a748eda","messageTitle":"Fixed exceptions","messageBody":"","fileTypesAndContributionMap":{"functional-code":{"insertions":54,"deletions":11},"other":{"insertions":6,"deletions":6}}},{"hash":"b3ac33157ecd6002290b47dffe514950ca30b02e","messageTitle":"Fixed checkstyle","messageBody":"","fileTypesAndContributionMap":{"functional-code":{"insertions":1,"deletions":0}}},{"hash":"30a25aa5da68250df1e6035f17c7be177bab2cdb","messageTitle":"Added toString method to hospital, doctor, mediumrisk, lowrisk and highrisk elderly","messageBody":"","fileTypesAndContributionMap":{"functional-code":{"insertions":170,"deletions":4},"docs":{"insertions":1,"deletions":1}}}]},{"date":"2021-10-26","commitResults":[{"hash":"17afe3bab05d07930abd832627473c772ca98acd","messageTitle":"Edited Developer\u0027s and User\u0027s Guide","messageBody":"","fileTypesAndContributionMap":{"docs":{"insertions":102,"deletions":5}}},{"hash":"667140410b9530c64e5cb864151f58e22e9685b3","messageTitle":"Developer guide","messageBody":"","fileTypesAndContributionMap":{"docs":{"insertions":41,"deletions":0}}}]},{"date":"2021-10-30","commitResults":[{"hash":"22b03d478c7df56347afbe90d958613ad606ac50","messageTitle":"Added to DG","messageBody":"","fileTypesAndContributionMap":{"docs":{"insertions":31,"deletions":1}}}]},{"date":"2021-10-31","commitResults":[{"hash":"806b3af1125d7201854ec1aaaf64cfb9b9498877","messageTitle":"Changed sequence diagrams","messageBody":"","fileTypesAndContributionMap":{"docs":{"insertions":4,"deletions":18}}},{"hash":"7863a3bfe7c9cc3fbc475e1b5572a327b27edf60","messageTitle":"Changed function names to be more specific","messageBody":"","fileTypesAndContributionMap":{"functional-code":{"insertions":4,"deletions":4}}},{"hash":"86c0078b5fbf7aebe96d450ede9f1a95977664ed","messageTitle":"Added function to check if date and time is valid","messageBody":"","fileTypesAndContributionMap":{"functional-code":{"insertions":56,"deletions":2}}}]}],"owensoh":[{"date":"2021-09-30","commitResults":[{"hash":"e30501ef8933f6738bec9467afee333e051dfd3f","messageTitle":"Add name","messageBody":"","fileTypesAndContributionMap":{"docs":{"insertions":1,"deletions":1}}}]},{"date":"2021-10-02","commitResults":[{"hash":"4b831242681fe2a7c699da9aeb30efe0e36251cf","messageTitle":"Add addelderly, addmed, viewmed, addappt, viewappt","messageBody":"","fileTypesAndContributionMap":{"functional-code":{"insertions":312,"deletions":0}}}]},{"date":"2021-10-11","commitResults":[{"hash":"70dbbbc4fdd08788d2bf703cca3db285798a6d36","messageTitle":"Put elderlyarraylist into class","messageBody":"","fileTypesAndContributionMap":{"functional-code":{"insertions":5,"deletions":8},"test-code":{"insertions":32,"deletions":0}}},{"hash":"65bff682784f89766527ee68499c9313f7d45f1e","messageTitle":"Move elderlyArrayList into ElderlyList","messageBody":"","fileTypesAndContributionMap":{"test-code":{"insertions":0,"deletions":32}}},{"hash":"ef81b17b43f4bcacfc3cfa7ec6b2796a2e0d5af3","messageTitle":"Add JUnit tests for Medicine, Appointments and Elderly","messageBody":"","fileTypesAndContributionMap":{"functional-code":{"insertions":13,"deletions":3},"test-code":{"insertions":115,"deletions":0}}},{"hash":"b303165e4490da06f10ee12f58a904152f425fd2","messageTitle":"Add JUnit tests for Medicine, Appointments and Elderly","messageBody":"","fileTypesAndContributionMap":{"test-code":{"insertions":4,"deletions":4}}}]},{"date":"2021-10-12","commitResults":[{"hash":"9bc0c94852202d5ea147a9d8331ca3e04a97ba24","messageTitle":"Add assertions","messageBody":"","fileTypesAndContributionMap":{"functional-code":{"insertions":16,"deletions":1}}}]},{"date":"2021-10-13","commitResults":[{"hash":"b94966e0ee7c24389fe2c08068bbf4814be654e4","messageTitle":"Updated User Guide","messageBody":"","fileTypesAndContributionMap":{"docs":{"insertions":122,"deletions":2}}}]},{"date":"2021-10-18","commitResults":[{"hash":"6362a4d5ea7ff930eeddb6deef3cdf835462c9bd","messageTitle":"Add exceptions","messageBody":"","fileTypesAndContributionMap":{"functional-code":{"insertions":375,"deletions":155},"test-code":{"insertions":58,"deletions":33}}},{"hash":"dc97b4d106e002aa0aab4268008151bcfd112f5b","messageTitle":"Revert \"Add exceptions to Add Elderly, Add Medicine, Add Appointment, View Medicine, View Appointment\"","messageBody":"","fileTypesAndContributionMap":{"functional-code":{"insertions":155,"deletions":375},"test-code":{"insertions":33,"deletions":58}}},{"hash":"18623403cf70db06f40217513aabb0ffedf3351d","messageTitle":"Add Exceptions","messageBody":"","fileTypesAndContributionMap":{"functional-code":{"insertions":0,"deletions":1}}},{"hash":"57ae29fd43f6ca8704fa5c1bc2b3d438f87d2d29","messageTitle":"Revert \"Revert \"Add exceptions to Add Elderly, Add Medicine, Add Appointment, View Medicine, View Appointment\"\"","messageBody":"","fileTypesAndContributionMap":{"functional-code":{"insertions":375,"deletions":155},"test-code":{"insertions":58,"deletions":33}}},{"hash":"6a8f0b0fdc73949f5769dab49f0d6e156698b5ce","messageTitle":"Add Exceptions","messageBody":"","fileTypesAndContributionMap":{"functional-code":{"insertions":2,"deletions":0}}},{"hash":"196095b30036f63e20838723a0fa45f233e09c29","messageTitle":"Fix a bug","messageBody":"","fileTypesAndContributionMap":{"functional-code":{"insertions":1,"deletions":0}}}]},{"date":"2021-10-20","commitResults":[{"hash":"6ee308e5d6934eeb76b5a29d47e737db8b3c165f","messageTitle":"Update DG","messageBody":"","fileTypesAndContributionMap":{"docs":{"insertions":35,"deletions":0}}},{"hash":"f2a92a792f0006ed47150d9d20f17308dc8f0c4e","messageTitle":"Add LowRiskElderly, MediumRiskElderly, HighRiskElderly, Doctor, Hospital skeleton code","messageBody":"","fileTypesAndContributionMap":{"functional-code":{"insertions":125,"deletions":29}}}]},{"date":"2021-10-21","commitResults":[{"hash":"520c24344ad7e488b9389a5a0b043824ea434ba8","messageTitle":"Add initialisation for Hospital and Doctors","messageBody":"","fileTypesAndContributionMap":{"functional-code":{"insertions":177,"deletions":0}}},{"hash":"ae7bee14160d4f8c4eea6156b7e6e4f882ffd05e","messageTitle":"Updated hospital init","messageBody":"","fileTypesAndContributionMap":{"functional-code":{"insertions":73,"deletions":73}}},{"hash":"d317adb21c30f4dbb8a361d9f54f15d059581394","messageTitle":"Add Risk Indication for elderly as subclasses","messageBody":"","fileTypesAndContributionMap":{"functional-code":{"insertions":155,"deletions":13},"test-code":{"insertions":2,"deletions":2}}}]},{"date":"2021-10-22","commitResults":[{"hash":"ac65a08b73a9a8ca68e8d43142c6df17a3405974","messageTitle":"Add javadoc comments","messageBody":"","fileTypesAndContributionMap":{"functional-code":{"insertions":166,"deletions":20},"test-code":{"insertions":1,"deletions":1}}}]},{"date":"2021-10-25","commitResults":[{"hash":"896bc896cbc512c22130b9dfc616f5e1ac916028","messageTitle":"Add regex to subclass inputs","messageBody":"","fileTypesAndContributionMap":{"functional-code":{"insertions":58,"deletions":13}}},{"hash":"532dfccd682be5505e9bbdfb0ccc7a8581b6a735","messageTitle":"Add regex for risk level","messageBody":"","fileTypesAndContributionMap":{"functional-code":{"insertions":24,"deletions":0}}},{"hash":"c12af414b1d507be3503446709d4702533505ed4","messageTitle":"Update UG","messageBody":"","fileTypesAndContributionMap":{"docs":{"insertions":119,"deletions":3}}}]},{"date":"2021-10-26","commitResults":[{"hash":"68169c326213ce58e6bb51c995642462440b7abf","messageTitle":"Update docs","messageBody":"","fileTypesAndContributionMap":{"docs":{"insertions":23,"deletions":3}}}]},{"date":"2021-10-29","commitResults":[{"hash":"9a497b0137e7eb2a77749a76c65c531f1c80cd7a","messageTitle":"Update class diagram","messageBody":"","fileTypesAndContributionMap":{"docs":{"insertions":64,"deletions":71}}},{"hash":"44816426fb3f621f1a8e387919dec3bc3046c486","messageTitle":"Update UG","messageBody":"","fileTypesAndContributionMap":{"docs":{"insertions":20,"deletions":24}}},{"hash":"71eb9f62c79af28f94313fd10a8505480dbb2d5e","messageTitle":"Update JUnit test","messageBody":"","fileTypesAndContributionMap":{"test-code":{"insertions":181,"deletions":0}}}]},{"date":"2021-10-31","commitResults":[{"hash":"0ec68f0a47cc53ccc309ba6d2986e7b974a5ef71","messageTitle":"Update setbloodpressure","messageBody":"","fileTypesAndContributionMap":{"functional-code":{"insertions":43,"deletions":19},"test-code":{"insertions":2,"deletions":2}}},{"hash":"4687c2b87ed5c4395a786f985a495815035ea130","messageTitle":"Update UG according to PE-D","messageBody":"","fileTypesAndContributionMap":{"docs":{"insertions":10,"deletions":6}}},{"hash":"2f181d3797b83e50d6b1cb2967097da0b6cc9cd3","messageTitle":"Update UG","messageBody":"","fileTypesAndContributionMap":{"docs":{"insertions":8,"deletions":8}}},{"hash":"05906a9b57f4bead3025240ee0a712678e9e7907","messageTitle":"Update ug minor","messageBody":"","fileTypesAndContributionMap":{"docs":{"insertions":5,"deletions":5}}},{"hash":"2e47a53c18dc23798f7d1c6302fce565f821a40f","messageTitle":"Split up addelderly into smaller functions","messageBody":"","fileTypesAndContributionMap":{"functional-code":{"insertions":75,"deletions":29}}}]},{"date":"2021-11-01","commitResults":[{"hash":"28c0b6c83796af6bd54d514a70b4c73062484641","messageTitle":"Update DG","messageBody":"","fileTypesAndContributionMap":{"docs":{"insertions":55,"deletions":38}}},{"hash":"007140a93631446ef929d6661084a7f782f77fa9","messageTitle":"Update pic","messageBody":"","fileTypesAndContributionMap":{"docs":{"insertions":2,"deletions":1}}},{"hash":"10509dda74028b36e897e7f33676158c60d93abc","messageTitle":"Update owensoh ppp","messageBody":"","fileTypesAndContributionMap":{"docs":{"insertions":63,"deletions":0}}},{"hash":"ad9cd79c0e81c64dc15911b30b102a68dd542a55","messageTitle":"Update DG table of contents","messageBody":"","fileTypesAndContributionMap":{"docs":{"insertions":29,"deletions":7}}}]}]},"authorFileTypeContributionMap":{"ruyian":{"docs":147,"functional-code":1087,"test-code":37,"other":2},"wutdequack":{"docs":717,"functional-code":1603,"test-code":227,"other":1},"nguyin":{"docs":144,"functional-code":528,"test-code":143},"owensoh":{"docs":447,"functional-code":967,"test-code":231}},"authorContributionVariance":{"ruyian":18869.41,"wutdequack":183247.17,"nguyin":10755.384,"owensoh":95406.375},"authorDisplayNameMap":{"ruyian":"CS2113-T16-2 AN R..RUYI","wutdequack":"CS2113-T16-2 LEE ..THAN","nguyin":"CS2113-T16-2 NG U..ECCA","owensoh":"CS2113-T16-2 SOH ..OWEN"}}
