{"authorDailyContributionsMap":{"ng-andre":[{"date":"2021-09-30","commitResults":[{"hash":"9f3f29f66388f64274b8225b958ecd99f285d820","messageTitle":"Update AboutUs","messageBody":"","fileTypesAndContributionMap":{"docs":{"insertions":1,"deletions":1}}}]},{"date":"2021-10-06","commitResults":[{"hash":"c752454e71fcac0b19d1ba490c001db4a4b9d950","messageTitle":"Add message for editing contact","messageBody":"","fileTypesAndContributionMap":{"functional-code":{"insertions":5,"deletions":0}}},{"hash":"34552e6464205f4e6bee85ee341b5db6fdecaf3e","messageTitle":"Create EditContactCommand command class and implement execute method","messageBody":"","fileTypesAndContributionMap":{"functional-code":{"insertions":19,"deletions":0}}},{"hash":"0db8a5722282df7b96ef646eeba4c4a753eed8de","messageTitle":"Changed ADD_TASK_COMD to ADD_CONTACT_COMD and add edit case","messageBody":"","fileTypesAndContributionMap":{"functional-code":{"insertions":7,"deletions":2}}},{"hash":"4e8bb835365afa1e6b3663c7f875878e7b78030f","messageTitle":"Initialise EditContactParser class with same methods as AddContactParser","messageBody":"","fileTypesAndContributionMap":{"functional-code":{"insertions":35,"deletions":0}}},{"hash":"f4a91feeb49002b93ee7b098d3d3fcca1e7ec627","messageTitle":"Update constants in ContactParser","messageBody":"","fileTypesAndContributionMap":{"functional-code":{"insertions":1,"deletions":0}}},{"hash":"af4890c016f1886793025f55261a29a80106ccc6","messageTitle":"Update imports and constants","messageBody":"","fileTypesAndContributionMap":{"functional-code":{"insertions":22,"deletions":0}}},{"hash":"e1f48d4fa22cf3502b69112d28639cc657259545","messageTitle":"Add UI for invalid index error","messageBody":"","fileTypesAndContributionMap":{"functional-code":{"insertions":9,"deletions":1}}},{"hash":"0b5aabfd43beb955ad3f5b5f8b72f377e3b11e5d","messageTitle":"Update more constants","messageBody":"","fileTypesAndContributionMap":{"functional-code":{"insertions":7,"deletions":0}}},{"hash":"0bd0076b62fce5a251270e968d6d751622ca406b","messageTitle":"Add parseEditContact method for handling user input","messageBody":"","fileTypesAndContributionMap":{"functional-code":{"insertions":18,"deletions":1}}},{"hash":"84483ee957527bcaa8b0cc877e0ab52977a4b8b2","messageTitle":"Bug fix for first flag not being detected","messageBody":"","fileTypesAndContributionMap":{"functional-code":{"insertions":2,"deletions":1}}},{"hash":"f28f169dbcd29b9d850c5fb2a5f8a2274fb9abc4","messageTitle":"Handle exception for invalid index and minor refactoring","messageBody":"","fileTypesAndContributionMap":{"functional-code":{"insertions":5,"deletions":3}}},{"hash":"947c6e099bc4ced69ccde5a44df988aad24a7627","messageTitle":"Refactor parseDetail method into abstract class ContactParser","messageBody":"","fileTypesAndContributionMap":{"functional-code":{"insertions":26,"deletions":40}}},{"hash":"49a9c39674f51f78018547ad87122abbcf821d1b","messageTitle":"Remove debugging print statements","messageBody":"","fileTypesAndContributionMap":{"functional-code":{"insertions":0,"deletions":3}}},{"hash":"2cbee2e1fb3248ae2b354ea33c11045ea7d20606","messageTitle":"Remove unused variables in MainParser","messageBody":"","fileTypesAndContributionMap":{"functional-code":{"insertions":0,"deletions":4}}}]},{"date":"2021-10-07","commitResults":[{"hash":"3af9b7c3963bbd3e013de7d51a8aa1a1d7c33652","messageTitle":"Fix checkstyle","messageBody":"","fileTypesAndContributionMap":{"functional-code":{"insertions":2,"deletions":1}}},{"hash":"36494c233bb666ff1a1605f69e57dbdf6ca4e390","messageTitle":"Catch exception for ArrayIndexOutOfBoundsException","messageBody":"","fileTypesAndContributionMap":{"functional-code":{"insertions":4,"deletions":0}}},{"hash":"ecb9de947ed0d6bd8ee3f8e79ac655d17c481830","messageTitle":"Fix exception errors","messageBody":"","fileTypesAndContributionMap":{"functional-code":{"insertions":54,"deletions":28}}},{"hash":"7f540e2be723eb0d044262f23bac99b8f797f691","messageTitle":"Add exception handling for missing inputs in edit function","messageBody":"","fileTypesAndContributionMap":{"functional-code":{"insertions":9,"deletions":1}}},{"hash":"268c5fd5da2fbe7dcc328509b9967bd0982b79c4","messageTitle":"Require name input for AddContact command","messageBody":"","fileTypesAndContributionMap":{"functional-code":{"insertions":6,"deletions":2}}},{"hash":"abfe8fdaff1b1201e34d68b3c9f6d8a32b1ad233","messageTitle":"Handle exception for missing parameters for edit function","messageBody":"","fileTypesAndContributionMap":{"functional-code":{"insertions":7,"deletions":2}}},{"hash":"41a32ad7edbe72023f1a8bd3ba81428c3b92cc66","messageTitle":"handle exception for index out of bounds","messageBody":"","fileTypesAndContributionMap":{"functional-code":{"insertions":6,"deletions":2}}},{"hash":"1e7066cdf386b542183d46552a7432e5305f98d6","messageTitle":"Add missing name message for textUI and MISSING_NAME FailedCommand and exception","messageBody":"","fileTypesAndContributionMap":{"functional-code":{"insertions":17,"deletions":2}}},{"hash":"15b82f8027796459d4b1b98488304fab2eba392e","messageTitle":"Update constants","messageBody":"","fileTypesAndContributionMap":{"functional-code":{"insertions":2,"deletions":1}}},{"hash":"e43df14dc7c00cc3c4193bb0eb8ba607c5bad25d","messageTitle":"Refactor methods for edit contact","messageBody":"","fileTypesAndContributionMap":{"functional-code":{"insertions":31,"deletions":15}}},{"hash":"b9931277a545b7485b1dd611dbae3faffa6334d9","messageTitle":"CheckStyle fix","messageBody":"","fileTypesAndContributionMap":{"functional-code":{"insertions":2,"deletions":1}}}]},{"date":"2021-10-08","commitResults":[{"hash":"c63075fe1e991510882586bfa43ce11202a31329","messageTitle":"Add test for editContactParser","messageBody":"","fileTypesAndContributionMap":{"test-code":{"insertions":33,"deletions":0}}},{"hash":"78b6106e37e811fd191f31021a3f75d5c7f7e589","messageTitle":"Rename methods","messageBody":"","fileTypesAndContributionMap":{"test-code":{"insertions":2,"deletions":2}}}]},{"date":"2021-10-11","commitResults":[{"hash":"3d19eb18cae8672f346273689a03d10354d6dd1a","messageTitle":"Add new fields for contact with getter and setter methods","messageBody":"","fileTypesAndContributionMap":{"functional-code":{"insertions":36,"deletions":0}}}]},{"date":"2021-10-12","commitResults":[{"hash":"4b5f4c38bd912fb7bdbf3685f1f196d89eed97cb","messageTitle":"Add switch cases for editContact command","messageBody":"","fileTypesAndContributionMap":{"functional-code":{"insertions":16,"deletions":0}}},{"hash":"ae9bd3e9fca5d7b59d38421d609d31bfa60dfb78","messageTitle":"Replace default case with InvalidFlagException","messageBody":"","fileTypesAndContributionMap":{"functional-code":{"insertions":5,"deletions":4}}},{"hash":"42ff741fe4b3957039773495a3de50776576307d","messageTitle":"Handle InvalidFlagException in command method","messageBody":"","fileTypesAndContributionMap":{"functional-code":{"insertions":2,"deletions":1}}},{"hash":"306a7aa1829a1a35d99bd3cc8e21f29c022f050f","messageTitle":"Add assertions for ContactList","messageBody":"","fileTypesAndContributionMap":{"functional-code":{"insertions":2,"deletions":0}}},{"hash":"5e531a9166c0f5c50b71e934f551163750c121c1","messageTitle":"Add assertions for EditContactParser","messageBody":"","fileTypesAndContributionMap":{"functional-code":{"insertions":1,"deletions":0}}},{"hash":"7856f8afcd448511a9f39943d4133ac3f5b8b522","messageTitle":"Handle input with missing params","messageBody":"","fileTypesAndContributionMap":{"functional-code":{"insertions":6,"deletions":0}}}]},{"date":"2021-10-13","commitResults":[{"hash":"e7d3836650a24f9d5b15fb31c5aa00a1aeef7549","messageTitle":"Update dependencies and manifest file","messageBody":"","fileTypesAndContributionMap":{"other":{"insertions":16,"deletions":0}}},{"hash":"6fab9156a228f2e25b9354e1ea65215fbd91b260","messageTitle":"Remove unused imports","messageBody":"","fileTypesAndContributionMap":{"functional-code":{"insertions":0,"deletions":2}}},{"hash":"5ef6cac4088db95bbd99faaccd4b90315dd4e33a","messageTitle":"Remove unused constant","messageBody":"","fileTypesAndContributionMap":{"functional-code":{"insertions":0,"deletions":1}}},{"hash":"57876b0d41cbd9520856f38a1ef3146d3754cb7e","messageTitle":"Remove unused parameter","messageBody":"","fileTypesAndContributionMap":{"functional-code":{"insertions":4,"deletions":4}}},{"hash":"0667f6037ca881f36b9191a8d9f0321031abd79e","messageTitle":"Remove unused code","messageBody":"","fileTypesAndContributionMap":{"functional-code":{"insertions":1,"deletions":1}}}]}],"ashrafjfr":[{"date":"2021-09-30","commitResults":[{"hash":"a427970ce489fba8a12c6129780cebaec2e435e3","messageTitle":"Add details for Ashraf in AboutUs.md","messageBody":"","fileTypesAndContributionMap":{"docs":{"insertions":1,"deletions":1}}}]},{"date":"2021-10-06","commitResults":[{"hash":"8c1c09fa99d31e5d993ab46f67028bbe16321253","messageTitle":"Implement view command in MainParser","messageBody":"","fileTypesAndContributionMap":{"functional-code":{"insertions":5,"deletions":4}}},{"hash":"05e962e797175278c4d9951861ae19f2b9d851fe","messageTitle":"Implement parseViewContact method to get index","messageBody":"","fileTypesAndContributionMap":{"functional-code":{"insertions":5,"deletions":0}}},{"hash":"0cb83c96b38b1718544c03073961d509d653c649","messageTitle":"Implement viewContactMessage in TextUi","messageBody":"","fileTypesAndContributionMap":{"functional-code":{"insertions":8,"deletions":0}}},{"hash":"749c815db96d84c60b372d6d01cb5bff11c3f6e7","messageTitle":"Implement ViewCommand for command execution","messageBody":"","fileTypesAndContributionMap":{"functional-code":{"insertions":17,"deletions":0}}},{"hash":"035a2c8d0b7275afbb5db03e3ded5c31d7bf34b7","messageTitle":"Refactor code according to checkstyle","messageBody":"","fileTypesAndContributionMap":{"functional-code":{"insertions":6,"deletions":2}}}]},{"date":"2021-10-08","commitResults":[{"hash":"d3d16b4df130a77ca6713f8e77700d1a59df4733","messageTitle":"Add getIndex method to ViewCommand","messageBody":"","fileTypesAndContributionMap":{"functional-code":{"insertions":4,"deletions":0}}},{"hash":"7627b222a22d4202795f5a2bbc38a662cf8293e1","messageTitle":"Add JUnit test for View Command","messageBody":"","fileTypesAndContributionMap":{"test-code":{"insertions":9,"deletions":0}}}]},{"date":"2021-10-12","commitResults":[{"hash":"37ff8b2ad7f0322c2a1698f5811f766903a21765","messageTitle":"Implement new ExceptionTextUi class to hold exception messages","messageBody":"","fileTypesAndContributionMap":{"functional-code":{"insertions":109,"deletions":0}}},{"hash":"1f19f1ec4502803fdcdd57a921545e8dbaac5261","messageTitle":"Removal of exception messages from TextUi class and migrated to ExceptionTextUi class","messageBody":"","fileTypesAndContributionMap":{"functional-code":{"insertions":1,"deletions":86}}},{"hash":"5c0af02db3276c1289a5a75c223a3e1ed94f2d6d","messageTitle":"Update ContactsDecoder to call ExceptionTextUi when catching exceptions","messageBody":"","fileTypesAndContributionMap":{"functional-code":{"insertions":2,"deletions":2}}},{"hash":"d552b89d51dd3408c6a81195f101a5dda3bcd2b2","messageTitle":"Update Duke to call ExceptionTextUi when catching exceptions","messageBody":"","fileTypesAndContributionMap":{"functional-code":{"insertions":3,"deletions":2}}},{"hash":"697bcbe0c693131cf7bcc4a1d197b63e385ab538","messageTitle":"Update ViewCommand to call ExceptionTextUi when catching exceptions","messageBody":"","fileTypesAndContributionMap":{"functional-code":{"insertions":2,"deletions":1}}},{"hash":"290001c58fa9e3d6bb03a37dc30a936c7672041a","messageTitle":"Update FailedCommand to call ExceptionTextUi when catching exceptions","messageBody":"","fileTypesAndContributionMap":{"functional-code":{"insertions":11,"deletions":10}}},{"hash":"ed25a62fe8e591d502131d9119ec4e37ce472c77","messageTitle":"Update EditContactCommadn to call ExceptionTextUi when catching exceptions","messageBody":"","fileTypesAndContributionMap":{"functional-code":{"insertions":2,"deletions":1}}},{"hash":"320fa24fec39dd7b148e4d399386404ff2545c9a","messageTitle":"Update DeleteContactCommand to call ExceptionTextUi when catching exceptions","messageBody":"","fileTypesAndContributionMap":{"functional-code":{"insertions":2,"deletions":1}}},{"hash":"2f66525d4805c32e3a69ed9129acaf71477d4454","messageTitle":"Implement new ViewMessageFormatterUi class to format the fields into what is to be printed.","messageBody":"","fileTypesAndContributionMap":{"functional-code":{"insertions":84,"deletions":0}}},{"hash":"440a5b9f8cbaa3df934e6dcfeedd1c38963137f3","messageTitle":"Implement formatContactFields in TextUi to format all fields except name into what we want to print.","messageBody":"","fileTypesAndContributionMap":{"functional-code":{"insertions":9,"deletions":0}}},{"hash":"9408a42690fddcdfdaad9c0e14224b7d1cbbece8","messageTitle":"Refactor viewContactMessage to print all newly added fields in desired format.","messageBody":"","fileTypesAndContributionMap":{"functional-code":{"insertions":2,"deletions":1}}},{"hash":"e58eec542c8d14384a8a7d451ef72d33d5e39e0a","messageTitle":"Refactor addContactMessage to print out all details of newly added contact.","messageBody":"","fileTypesAndContributionMap":{"functional-code":{"insertions":5,"deletions":3}}},{"hash":"b7810fed977ba2c83ee0e83d34dbabbb17902c7e","messageTitle":"Refactor editContactMessage to print out all fields of recently edited contact.","messageBody":"","fileTypesAndContributionMap":{"functional-code":{"insertions":4,"deletions":2}}},{"hash":"abb970e3551f7981022876758a0274b47cfb04c5","messageTitle":"Change addContactMessage to pass Contact type rather than just String for access to all fields in the contact.","messageBody":"","fileTypesAndContributionMap":{"functional-code":{"insertions":1,"deletions":1}}},{"hash":"5248dee662657bb1bac1460cd5fc93761c092b33","messageTitle":"Change editContactMessage to pass Contact type for access to all fields in contact.","messageBody":"","fileTypesAndContributionMap":{"functional-code":{"insertions":1,"deletions":1}}},{"hash":"9960cd87d5b7f972d69675aeca6f492c0d40370c","messageTitle":"Add new JUnit test to test trim function for view command.","messageBody":"","fileTypesAndContributionMap":{"test-code":{"insertions":7,"deletions":0}}},{"hash":"29ceebf91d500d9035fba440898bc5fe8c5bfe2b","messageTitle":"Add new JUnit test to test missing inputs for view command.","messageBody":"","fileTypesAndContributionMap":{"test-code":{"insertions":9,"deletions":0}}},{"hash":"5ce2e7fe3de4e78f9eea50b0b4a13ae0aeee235d","messageTitle":"Add new JUnit test to test invalid inputs for view command.","messageBody":"","fileTypesAndContributionMap":{"test-code":{"insertions":8,"deletions":0}}},{"hash":"dc2d1af6db4e57a211fb8dce086197f1d39d9deb","messageTitle":"Add new JUnit test to test invalid input format for view command.","messageBody":"","fileTypesAndContributionMap":{"test-code":{"insertions":8,"deletions":0}}},{"hash":"d08ecbe494198103f144413acb8db1f88be8b388","messageTitle":"Refactor ViewMessageFormatter for checkstyle.","messageBody":"","fileTypesAndContributionMap":{"functional-code":{"insertions":0,"deletions":6}}},{"hash":"b8d3580edaf180c1430d7e034f17312663e287cc","messageTitle":"Add assertion in viewNameFormatter function.","messageBody":"","fileTypesAndContributionMap":{"functional-code":{"insertions":1,"deletions":0}}},{"hash":"7dd3cc77254705c553e0769f675117e4836dfbe0","messageTitle":"Add assertion in viewGithubFormatter function.","messageBody":"","fileTypesAndContributionMap":{"functional-code":{"insertions":1,"deletions":0}}},{"hash":"393b896250d8e4ea8f705d55fe2b2b3afa4f56fb","messageTitle":"Add assertion in viewEmailFormatter function.","messageBody":"","fileTypesAndContributionMap":{"functional-code":{"insertions":1,"deletions":0}}},{"hash":"4447096736cd4522983c0530c6365cc68f45e8f4","messageTitle":"Add assertion in viewTelegramFormatter function.","messageBody":"","fileTypesAndContributionMap":{"functional-code":{"insertions":1,"deletions":0}}},{"hash":"2ae3b75378a4fb10d4bbd71a421446d687ba192c","messageTitle":"Add assertion in viewLinkedinFormatter function.","messageBody":"","fileTypesAndContributionMap":{"functional-code":{"insertions":1,"deletions":0}}},{"hash":"2e000040afa98e27abf1d4a6ace10e2e5a2da2d1","messageTitle":"Add assertion in viewTwitterFormatter function.","messageBody":"","fileTypesAndContributionMap":{"functional-code":{"insertions":1,"deletions":0}}},{"hash":"b0f514fbac57ef83a278d6d8463004e8aeeeb48b","messageTitle":"Refactor assertions to comply with checkstyle.","messageBody":"","fileTypesAndContributionMap":{"functional-code":{"insertions":6,"deletions":6}}}]},{"date":"2021-10-13","commitResults":[{"hash":"6cb4985bc6ed671741207d48d4e517388535dfa4","messageTitle":"Add help command as a constant string.","messageBody":"","fileTypesAndContributionMap":{"functional-code":{"insertions":2,"deletions":0}}},{"hash":"bf428eae4f661333ada6d2165a401a3b720df09d","messageTitle":"Add help command to command switch case.","messageBody":"","fileTypesAndContributionMap":{"functional-code":{"insertions":3,"deletions":0}}},{"hash":"245bd8e895ea1fb19058d216afc9a61a3f977292","messageTitle":"Add new HelpCommand class to execute command.","messageBody":"","fileTypesAndContributionMap":{"functional-code":{"insertions":9,"deletions":0}}},{"hash":"eb387467bda8224054a61b2c547685760a1701fa","messageTitle":"Add helpMessage to TextUi for help command.","messageBody":"","fileTypesAndContributionMap":{"functional-code":{"insertions":24,"deletions":0}}},{"hash":"6ce4eb1f3f94893ee2d4ca5959d84050b9d05d41","messageTitle":"Refactor helpMessage to comply with checkstyle.","messageBody":"","fileTypesAndContributionMap":{"functional-code":{"insertions":20,"deletions":20}}}]}],"lezongmun":[{"date":"2021-09-30","commitResults":[{"hash":"2bf5fe9ca10989e22cf418d547016b53d2dcb44f","messageTitle":"Add details to docs/AboutUs.md","messageBody":"","fileTypesAndContributionMap":{"docs":{"insertions":1,"deletions":1}}}]},{"date":"2021-10-06","commitResults":[{"hash":"9de05ae71d4d121ab4d65d803745dedf6bffda63","messageTitle":"Add basic delete feature","messageBody":"","fileTypesAndContributionMap":{"functional-code":{"insertions":48,"deletions":0},"test-code":{"insertions":22,"deletions":0}}},{"hash":"706180310a5df92c800628a973d9aacfcb1db558","messageTitle":"Add delete contact feature,some exception handling for delete and add command","messageBody":"","fileTypesAndContributionMap":{"functional-code":{"insertions":83,"deletions":7},"test-code":{"insertions":37,"deletions":22}}},{"hash":"4d157376460a32c9e3ee4d2632c49840349b2606","messageTitle":"Fix CheckStyle checks","messageBody":"","fileTypesAndContributionMap":{"functional-code":{"insertions":2,"deletions":1}}}]},{"date":"2021-10-08","commitResults":[{"hash":"b80565ce5c6bd49643910f4a265a5e3395da5e9d","messageTitle":"Add JUnit tests for delete command and some tweaks to delete and view commands","messageBody":"","fileTypesAndContributionMap":{"functional-code":{"insertions":17,"deletions":17},"test-code":{"insertions":54,"deletions":3}}},{"hash":"62cc6fb0054b103ee8266c0ca12f2dc7af731964","messageTitle":"Fix CheckStyle","messageBody":"","fileTypesAndContributionMap":{"test-code":{"insertions":0,"deletions":2}}}]},{"date":"2021-10-12","commitResults":[{"hash":"c247bbd1b226bb021ec189227a3f7e8b5d730940","messageTitle":"Change getUserInput in TextUi to static","messageBody":"","fileTypesAndContributionMap":{"functional-code":{"insertions":26,"deletions":5}}},{"hash":"b63e4ae90f4fa17ebe3e74d097b7c64ad1f293fe","messageTitle":"Add confirmation message when deleting contact","messageBody":"","fileTypesAndContributionMap":{"functional-code":{"insertions":11,"deletions":4}}},{"hash":"4760a3a1bf64e87efb81f57d41460ed7dcdace4d","messageTitle":"Move confirmation message into getUserDeleteConfirmation","messageBody":"","fileTypesAndContributionMap":{"functional-code":{"insertions":8,"deletions":10}}},{"hash":"727758923e3a523f5b9c6d0e58368d887d7c8cbd","messageTitle":"abstracted parsing of index into IndexParser for DeleteContactCommand and parseDeleteContact method","messageBody":"","fileTypesAndContributionMap":{"functional-code":{"insertions":45,"deletions":10}}},{"hash":"e12bdbbda51749803ca4c4937d4f57d002b3d140","messageTitle":"Change input.txt","messageBody":"","fileTypesAndContributionMap":{"functional-code":{"insertions":0,"deletions":10}}},{"hash":"1e4cb62243155aa646d7364a31f0fa409f1a79f2","messageTitle":"Refactor index parsing from edit command to ParseIndex","messageBody":"","fileTypesAndContributionMap":{"functional-code":{"insertions":13,"deletions":7},"test-code":{"insertions":8,"deletions":14}}},{"hash":"26c4ba47e9513c35af9c4b004abcf014b9589c65","messageTitle":"Fix delete command for corner cases","messageBody":"","fileTypesAndContributionMap":{"functional-code":{"insertions":6,"deletions":5}}},{"hash":"2c59abf974bde0828ef6938140ef54e45e00dc78","messageTitle":"Update input.txt","messageBody":"","fileTypesAndContributionMap":{"functional-code":{"insertions":0,"deletions":1}}},{"hash":"9e4ff235089a9bb1907cd7c57ec1bc9598aad1a7","messageTitle":"Fix according to review by Andre","messageBody":"","fileTypesAndContributionMap":{"functional-code":{"insertions":6,"deletions":9}}},{"hash":"f3e8ced415708507a81b1a1e4d9df2384da892dc","messageTitle":"abstracted parsing of indexes in View Command to ParseIndex","messageBody":"","fileTypesAndContributionMap":{"functional-code":{"insertions":24,"deletions":33}}},{"hash":"1b479f13370623c8b5292f8adf5a67c63e57e300","messageTitle":"Update JUnit tests to allow multiple indexes in View Command and Delete Command","messageBody":"","fileTypesAndContributionMap":{"test-code":{"insertions":10,"deletions":9}}},{"hash":"d1f8f7a22fc92bd0cfa03c77d1cb6cd3ce9249a3","messageTitle":"Add a test input into input.txt","messageBody":"","fileTypesAndContributionMap":{"functional-code":{"insertions":2,"deletions":4},"other":{"insertions":2,"deletions":2},"test-code":{"insertions":5,"deletions":5}}}]},{"date":"2021-10-13","commitResults":[{"hash":"7d2f9dbbe3266e039dc49af6fc2de0acbacc8cf4","messageTitle":"Add assertions","messageBody":"","fileTypesAndContributionMap":{"functional-code":{"insertions":9,"deletions":16}}}]}],"mayankp291":[{"date":"2021-09-30","commitResults":[{"hash":"999da03711bb64a0fe05d9f80bc853450168ad55","messageTitle":"Update AboutUs","messageBody":"","fileTypesAndContributionMap":{"docs":{"insertions":1,"deletions":1}}}]},{"date":"2021-10-06","commitResults":[{"hash":"22bdca9f340fa5a5766f1a1185712df03f1966f2","messageTitle":"Add ListContactsCommand.java class","messageBody":"","fileTypesAndContributionMap":{"functional-code":{"insertions":4,"deletions":0}}},{"hash":"402d5cd88517a80aae8018c36c3e3a0cf2a6c9ff","messageTitle":"Implement function to list all contacts with index","messageBody":"","fileTypesAndContributionMap":{"functional-code":{"insertions":13,"deletions":1}}},{"hash":"c492b2c8e528c335116576a66616d97fc00ac397","messageTitle":"Add case for list command","messageBody":"","fileTypesAndContributionMap":{"functional-code":{"insertions":5,"deletions":0}}},{"hash":"7dfd770cf2c1031ec33c505f1878e598cd36e312","messageTitle":"Add function to print line after data","messageBody":"","fileTypesAndContributionMap":{"functional-code":{"insertions":7,"deletions":0}}},{"hash":"db569526925c6b5f291216e80b696ff5e7d33642","messageTitle":"Add print message for view command","messageBody":"","fileTypesAndContributionMap":{"functional-code":{"insertions":5,"deletions":0}}},{"hash":"b3991b540a90a94c0ceecf70d55bef2903eaa83a","messageTitle":"Add print message for view contacts when empty","messageBody":"","fileTypesAndContributionMap":{"functional-code":{"insertions":6,"deletions":0}}},{"hash":"0ffb00638cfd8b022e217bda366272a0d6fd9a75","messageTitle":"Add print contact with index","messageBody":"","fileTypesAndContributionMap":{"functional-code":{"insertions":4,"deletions":0}}},{"hash":"2dd8f33447243c467947d0317eb7e2f2627b7040","messageTitle":"Refactor code","messageBody":"","fileTypesAndContributionMap":{"functional-code":{"insertions":13,"deletions":2}}},{"hash":"3beb2656e00bef716a14d811aa6440cd93bbe252","messageTitle":"Rename contact print functions","messageBody":"","fileTypesAndContributionMap":{"functional-code":{"insertions":4,"deletions":4}}}]},{"date":"2021-10-08","commitResults":[{"hash":"7463edd6cc95a0dee04dc6be02735cb0303d50ca","messageTitle":"Add JUnit test for valid input with extra characters","messageBody":"","fileTypesAndContributionMap":{"test-code":{"insertions":9,"deletions":0}}},{"hash":"793f802198608e705dd671941117d2314d4bb0d9","messageTitle":"Add JUnit test for view command with invalid index","messageBody":"","fileTypesAndContributionMap":{"test-code":{"insertions":11,"deletions":3}}}]},{"date":"2021-10-12","commitResults":[{"hash":"c430098d87ca476b0220b292b01fe062a01afe82","messageTitle":"Add InvalidEmailExecption.java class","messageBody":"","fileTypesAndContributionMap":{"functional-code":{"insertions":2,"deletions":0}}},{"hash":"16efacc5fdeb4c3c75ecffe2cc747d837eb2d7d0","messageTitle":"Add InvalidGithubUsernameExecption.java class","messageBody":"","fileTypesAndContributionMap":{"functional-code":{"insertions":4,"deletions":0}}},{"hash":"80e5b18c36d141796dfade5157ea0576b9cf071d","messageTitle":"Add InvalidNameExecption.java class","messageBody":"","fileTypesAndContributionMap":{"functional-code":{"insertions":4,"deletions":0}}},{"hash":"1f902a05cfc666459c200d50bb96eab42c2bb95b","messageTitle":"Add InvalidTwitterUsernameException.java class","messageBody":"","fileTypesAndContributionMap":{"functional-code":{"insertions":4,"deletions":0}}},{"hash":"81ec455dccdc4d0a54405dc6935637ae78aae0e0","messageTitle":"Add InvalidLinkedinUsernameException.java class","messageBody":"","fileTypesAndContributionMap":{"functional-code":{"insertions":4,"deletions":0}}},{"hash":"dda1c1102c80ed4adb3285bdb261fcb632d63f7f","messageTitle":"Add InvalidTelegramUsernameException.java class","messageBody":"","fileTypesAndContributionMap":{"functional-code":{"insertions":4,"deletions":0}}},{"hash":"4016e29968b84467a880e977f4e0f7b2eebf5787","messageTitle":"Move variable to comply with checkstyle","messageBody":"","fileTypesAndContributionMap":{"functional-code":{"insertions":1,"deletions":0}}},{"hash":"163df17525d52f50800eb508fa83852b195c4dc6","messageTitle":"Add checkRegex method for input validation","messageBody":"","fileTypesAndContributionMap":{"functional-code":{"insertions":29,"deletions":0}}},{"hash":"5a7b39c15158190262a048947d27d0f1074815fd","messageTitle":"Add method to check email regex","messageBody":"","fileTypesAndContributionMap":{"functional-code":{"insertions":8,"deletions":0}}},{"hash":"381a7707d434ca2cf712dfe5f5f3d15d9bb41bc5","messageTitle":"Add method to check Linkedin username regex","messageBody":"","fileTypesAndContributionMap":{"functional-code":{"insertions":9,"deletions":0}}},{"hash":"462859154704d6a199eda540de9976cc80b0ef14","messageTitle":"Add method to check twitter username regex","messageBody":"","fileTypesAndContributionMap":{"functional-code":{"insertions":8,"deletions":0}}},{"hash":"fe83ba6627ce166289dbf73bedea2440c23e0c4b","messageTitle":"Add method to check telegram username regex","messageBody":"","fileTypesAndContributionMap":{"functional-code":{"insertions":8,"deletions":0}}},{"hash":"eef55771eb1727d7e033b1861ba35ca3c615a51f","messageTitle":"Add method to check github username regex","messageBody":"","fileTypesAndContributionMap":{"functional-code":{"insertions":10,"deletions":0}}},{"hash":"ea9e1d94761eb8e523671e3e8cea2c9ee8cc91de","messageTitle":"Add method to check name regex","messageBody":"","fileTypesAndContributionMap":{"functional-code":{"insertions":10,"deletions":0}}},{"hash":"0e5075722428f38e6ed6e03f58cbef3e40d13df8","messageTitle":"Add regex check exception import statements","messageBody":"","fileTypesAndContributionMap":{"functional-code":{"insertions":6,"deletions":0}}},{"hash":"9115c5cf9fd8cfb942c336fa72f9ec18af406e90","messageTitle":"Add throw exceptions for parseDetail method","messageBody":"","fileTypesAndContributionMap":{"functional-code":{"insertions":3,"deletions":1}}},{"hash":"cd13019162e400b3f8fa034bcff1214035ae9fbe","messageTitle":"Add throw exceptions for parseContactDetails method","messageBody":"","fileTypesAndContributionMap":{"functional-code":{"insertions":3,"deletions":2}}},{"hash":"46ace487dd56bf5df41af9510849c2f62a14a3e0","messageTitle":"Add InvalidEmailException.java class","messageBody":"","fileTypesAndContributionMap":{"functional-code":{"insertions":3,"deletions":1}}},{"hash":"1e1fa9f07396cc61bc916c0cef364a6d0d140ab0","messageTitle":"Add import statements for regex exceptions in MainParser.java class","messageBody":"","fileTypesAndContributionMap":{"functional-code":{"insertions":6,"deletions":0}}},{"hash":"3ad26f088018721ad0245fe7fa0683bb884e84e0","messageTitle":"Update FailedCommandType to add commands for regex exceptions","messageBody":"","fileTypesAndContributionMap":{"functional-code":{"insertions":2,"deletions":1}}},{"hash":"d025adef6593f28b01a1dd8f57bdb4c374c5f441","messageTitle":"Update import statements to include regex exceptions in AddContactParser.java class","messageBody":"","fileTypesAndContributionMap":{"functional-code":{"insertions":6,"deletions":0}}},{"hash":"1c712a1eba3a3a878fe98996cff78a70f9ce0dad","messageTitle":"Update throw exceptions for parseContactDetails method","messageBody":"","fileTypesAndContributionMap":{"functional-code":{"insertions":6,"deletions":0}}},{"hash":"42aace78b1f6cddea28ac53f608977eb8ac66753","messageTitle":"Update import statements to include regex exceptions in EditContactParser.java class","messageBody":"","fileTypesAndContributionMap":{"test-code":{"insertions":6,"deletions":0}}},{"hash":"f1a83fe71aecffa03da3abde978fd6641f6e4bb0","messageTitle":"Update throw exceptions for parseContactDetails method","messageBody":"","fileTypesAndContributionMap":{"test-code":{"insertions":3,"deletions":1}}},{"hash":"35dd9199f1658bbb4e7672bb4d21a2423668c41c","messageTitle":"Update catch statements for added regex exceptions","messageBody":"","fileTypesAndContributionMap":{"functional-code":{"insertions":24,"deletions":0}}},{"hash":"cf6650ffe9822a3312fdf1cb39eb6cd3e529afd9","messageTitle":"Update failed commands to add regex exception handling","messageBody":"","fileTypesAndContributionMap":{"functional-code":{"insertions":18,"deletions":0}}},{"hash":"974a5ad87e0f30907b87f5e5cc9f8a8b9ad18510","messageTitle":"Update throw exceptions for contact parser","messageBody":"","fileTypesAndContributionMap":{"functional-code":{"insertions":6,"deletions":2}}},{"hash":"c7c6984ee1c53ed82e8738e98b1fe4c218eae1c1","messageTitle":"Update exceptions in test class","messageBody":"","fileTypesAndContributionMap":{"test-code":{"insertions":15,"deletions":3}}},{"hash":"e5d20466e8feeee71ce52d08f787d982d6cfa35e","messageTitle":"Add method for invalid name message","messageBody":"","fileTypesAndContributionMap":{"functional-code":{"insertions":5,"deletions":0}}},{"hash":"30d5d62895717805ce4332a20eca39ab404b9356","messageTitle":"Add method for invalid github username message","messageBody":"","fileTypesAndContributionMap":{"functional-code":{"insertions":5,"deletions":0}}},{"hash":"eb279679f3bde06fbe6862df2a2db0ae8bd07d0a","messageTitle":"Add method for invalid telegram username message","messageBody":"","fileTypesAndContributionMap":{"functional-code":{"insertions":5,"deletions":0}}},{"hash":"9f6ce2fc228e33742db361cb5df0b4c039fc17e8","messageTitle":"Add method for invalid twitter username message","messageBody":"","fileTypesAndContributionMap":{"functional-code":{"insertions":5,"deletions":0}}},{"hash":"54ac5433f86ec1beea0d4866b2322cb59f09ebf2","messageTitle":"Add method for invalid email message","messageBody":"","fileTypesAndContributionMap":{"functional-code":{"insertions":5,"deletions":0}}},{"hash":"19512fec3fe41161f4f161ecb78f105a0580ba5a","messageTitle":"Add method for invalid linkedin username message","messageBody":"","fileTypesAndContributionMap":{"functional-code":{"insertions":5,"deletions":0}}},{"hash":"b1858b2f2028b47721e1e872273c6c4c0ec4f137","messageTitle":"Move regex exception messages","messageBody":"","fileTypesAndContributionMap":{"functional-code":{"insertions":30,"deletions":30}}},{"hash":"972871c7523953f8e20849a130cffdb0aaa78181","messageTitle":"Update path for moved methods","messageBody":"","fileTypesAndContributionMap":{"functional-code":{"insertions":6,"deletions":7}}},{"hash":"18c93fe2676d264d5dd2d54b25a644a2d77afe79","messageTitle":"Update ContactParser.java","messageBody":"","fileTypesAndContributionMap":{"functional-code":{"insertions":1,"deletions":1}}},{"hash":"f3caca66348cc0505df4203195bfc50d932f5472","messageTitle":"Update message for invalidNameInput","messageBody":"","fileTypesAndContributionMap":{"functional-code":{"insertions":6,"deletions":1}}},{"hash":"366ad6259f29ce2335d7ebbd7de7fe8680d1b5dc","messageTitle":"Update invalidGithubUsernameInput method","messageBody":"","fileTypesAndContributionMap":{"functional-code":{"insertions":7,"deletions":1}}},{"hash":"6f2fd327cf78a1cb0e7aff771e5d90a274cdd6f3","messageTitle":"Update message for invalidTelegramUsernameInput","messageBody":"","fileTypesAndContributionMap":{"functional-code":{"insertions":5,"deletions":1}}},{"hash":"82c2e14c48bc9637694e13161f7d79e1b1f2692c","messageTitle":"Update invalidTwitterUsernameInput method","messageBody":"","fileTypesAndContributionMap":{"functional-code":{"insertions":5,"deletions":1}}},{"hash":"1ff2e40813574043e5f6def561f252e2846b4d6f","messageTitle":"Update invalidEmailInput method","messageBody":"","fileTypesAndContributionMap":{"functional-code":{"insertions":6,"deletions":1}}},{"hash":"2f3c4bbd50d7dc53a2d9c9905e2f7f92a841fd2f","messageTitle":"Update invalidLinkedinUsernameInput method","messageBody":"","fileTypesAndContributionMap":{"functional-code":{"insertions":5,"deletions":1}}},{"hash":"3ab8ffaa8e1ade53897c8745d390aaf6d3c88433","messageTitle":"Fix merge conflict","messageBody":"","fileTypesAndContributionMap":{"test-code":{"insertions":15,"deletions":14}}},{"hash":"1a9218ea103b06fd2f7713f5dfd5a761207895c7","messageTitle":"Remove extra whitespaces","messageBody":"","fileTypesAndContributionMap":{"functional-code":{"insertions":5,"deletions":5}}},{"hash":"417e46aaecf9d94bc9541ae26f83a79d508100bb","messageTitle":"Add JUnit test to check regex","messageBody":"","fileTypesAndContributionMap":{"test-code":{"insertions":12,"deletions":0}}}]},{"date":"2021-10-13","commitResults":[{"hash":"1577ca2997f8f59844a07227579e471799f73c1d","messageTitle":"Update code to adhere to checkstyle","messageBody":"","fileTypesAndContributionMap":{"functional-code":{"insertions":6,"deletions":6}}},{"hash":"d0b86ff0ff5475a5ef98a319369e3d4ad5c4d771","messageTitle":"Add logging for regex checks","messageBody":"","fileTypesAndContributionMap":{"functional-code":{"insertions":11,"deletions":0}}},{"hash":"975eb830670db1da64bca72f10812ddc9c533c08","messageTitle":"Add assertions","messageBody":"","fileTypesAndContributionMap":{"functional-code":{"insertions":2,"deletions":1}}}]}],"marcusbory":[{"date":"2021-09-30","commitResults":[{"hash":"b9c46336d495a89d00c9a1d68173ab1b15e105b9","messageTitle":"Update AboutUs.md with personal details","messageBody":"","fileTypesAndContributionMap":{"docs":{"insertions":1,"deletions":1}}}]},{"date":"2021-10-05","commitResults":[{"hash":"346fd2f4d55c37b1eb8ee283a0c1c13df542d792","messageTitle":"Replace Duke logo with ConTech logo","messageBody":"","fileTypesAndContributionMap":{"functional-code":{"insertions":8,"deletions":5}}},{"hash":"14cf9976b1a214ff6f0a87b9211624eef2520d9f","messageTitle":"Implement TextUi class to take over initial message printing","messageBody":"","fileTypesAndContributionMap":{"functional-code":{"insertions":39,"deletions":13}}}]},{"date":"2021-10-06","commitResults":[{"hash":"f82af9974aa56e037dd6b1546ea75dc59bba9851","messageTitle":"Create FileErrorException for Storage related exceptions","messageBody":"","fileTypesAndContributionMap":{"functional-code":{"insertions":4,"deletions":0}}},{"hash":"e90158cf8027a4575f0e3827e5851ca4084874d6","messageTitle":"Create two types of message templates, one with single line (bottom), one with double line","messageBody":"","fileTypesAndContributionMap":{"functional-code":{"insertions":12,"deletions":0}}},{"hash":"a68d70d2df1129dfb0d61d2483a89eb48ef771e7","messageTitle":"Introduce DetailType to enumerate indexes for contact details","messageBody":"","fileTypesAndContributionMap":{"functional-code":{"insertions":26,"deletions":0}}},{"hash":"831cea74183d6ef71b7ee7a69bffc85546ad6c3f","messageTitle":"Create basic Contact and ContactList for first iteration/foundation","messageBody":"","fileTypesAndContributionMap":{"functional-code":{"insertions":42,"deletions":0}}},{"hash":"272aeae3d5ac036fbc2b114ac3e79823eff9a587","messageTitle":"Update initMessage in TextUi","messageBody":"","fileTypesAndContributionMap":{"functional-code":{"insertions":1,"deletions":1}}},{"hash":"3a2f5d7bea3c90ab7538a46664ca86d251c8ff34","messageTitle":"Implement messages for creation of new save files and file error messages","messageBody":"","fileTypesAndContributionMap":{"functional-code":{"insertions":12,"deletions":0}}},{"hash":"5dd52de38d4e4db44f75c413bddca4803451b473","messageTitle":"Implement basic local storage feature","messageBody":"","fileTypesAndContributionMap":{"functional-code":{"insertions":41,"deletions":0}}},{"hash":"e5e038da8c220dd25276173ad9f64733330562cd","messageTitle":"Implement method calls to test Storage unit","messageBody":"","fileTypesAndContributionMap":{"functional-code":{"insertions":15,"deletions":4}}},{"hash":"4d77838737c64c46e510f8bbede7a60db1befff3","messageTitle":"Implement ContactDecoder to decode contacts from CSV txt, not yet tested","messageBody":"","fileTypesAndContributionMap":{"functional-code":{"insertions":35,"deletions":0}}},{"hash":"4e210fa0f303f3fd670e6bf1ff40eb74cae87091","messageTitle":"Implement getListSize for ContactList class","messageBody":"","fileTypesAndContributionMap":{"functional-code":{"insertions":4,"deletions":0}}},{"hash":"db3522395d3fa1ec33a64b29e539b57d80439f62","messageTitle":"Add comments specifying usage of single vs double line message templates","messageBody":"","fileTypesAndContributionMap":{"functional-code":{"insertions":2,"deletions":0}}},{"hash":"d3e0784fb6959c8da0a1defc43854e718c488d80","messageTitle":"Add exit and add contact messages","messageBody":"","fileTypesAndContributionMap":{"functional-code":{"insertions":12,"deletions":0}}},{"hash":"016ed7983a4801865ee10c3c4f8c9626d1d85778","messageTitle":"Implement abstract Command class for command creation","messageBody":"","fileTypesAndContributionMap":{"functional-code":{"insertions":17,"deletions":0}}},{"hash":"1ef76ddaeed92357e3f3dc12410e2313cdf46f01","messageTitle":"Implement exit command for app","messageBody":"","fileTypesAndContributionMap":{"functional-code":{"insertions":9,"deletions":0}}},{"hash":"0cf1a91e030089536910ab4d72e68f560da937b6","messageTitle":"Implement Add command for adding contacts","messageBody":"","fileTypesAndContributionMap":{"functional-code":{"insertions":20,"deletions":0}}},{"hash":"a1394cb84c352d30f1b02374d9a964f9f38dbb99","messageTitle":"Remove redundant access modifier from Enum Constructor","messageBody":"","fileTypesAndContributionMap":{"functional-code":{"insertions":1,"deletions":1}}},{"hash":"965bcd1c09b9fdcef92bb1af3e799a688592c011","messageTitle":"Implement FailedCommand and FailedCommandType (enum)","messageBody":"","fileTypesAndContributionMap":{"functional-code":{"insertions":27,"deletions":0}}},{"hash":"f31c654b0d869c187220ecde8e9382f54f2e38fd","messageTitle":"Implement method for getting contact at an index","messageBody":"","fileTypesAndContributionMap":{"functional-code":{"insertions":4,"deletions":0}}},{"hash":"b378983d58d0740956a7e410b2dfc8bf1536f6c8","messageTitle":"Implement contacts encoder for saving","messageBody":"","fileTypesAndContributionMap":{"functional-code":{"insertions":31,"deletions":0}}},{"hash":"3106e96409bb00bd63abde6a4612558ea56b40fd","messageTitle":"Implement parser to parse input into commands","messageBody":"","fileTypesAndContributionMap":{"functional-code":{"insertions":54,"deletions":0}}},{"hash":"b228b5a9cce4ed272a4dadef9ea83d6cbc2897cb","messageTitle":"Implement user input from TextUi","messageBody":"","fileTypesAndContributionMap":{"functional-code":{"insertions":4,"deletions":0}}},{"hash":"1d86ff9b8fb2722137203b9c7fee1d3532fb28d9","messageTitle":"Implement new messages for file errors and invalid commands","messageBody":"","fileTypesAndContributionMap":{"functional-code":{"insertions":14,"deletions":7}}},{"hash":"c05585e02ae94561a4f7b0e2d961a5bb76204485","messageTitle":"Introduce parser into main to implement add contact","messageBody":"","fileTypesAndContributionMap":{"functional-code":{"insertions":25,"deletions":1}}},{"hash":"b0c8d0049de3eb57aed0e54685824e732faf961a","messageTitle":"Added line separator for encoding tasks","messageBody":"","fileTypesAndContributionMap":{"functional-code":{"insertions":1,"deletions":1}}},{"hash":"c5c7491b8952eb75e1b7f9e503f25d84b8ba8857","messageTitle":"Fix CheckStyle problems to become compliant","messageBody":"","fileTypesAndContributionMap":{"functional-code":{"insertions":39,"deletions":39}}},{"hash":"297cc907181da1dd89e1def57e436a997c1622f3","messageTitle":"Rename Parser to MainParser","messageBody":"","fileTypesAndContributionMap":{"other":{"insertions":12,"deletions":16}}},{"hash":"5f0ef6ff18ddfef1a30d48cf7935e5eb14583fea","messageTitle":"Implement abstract class ContactParser for AddContactParser (and EditContactParser)","messageBody":"","fileTypesAndContributionMap":{"functional-code":{"insertions":18,"deletions":0}}},{"hash":"aaf1578b059731f74eb6021c1ae3af0ffb9f7ce9","messageTitle":"Implement AddContactParser to parse user input into contact details to formulate AddCommand","messageBody":"","fileTypesAndContributionMap":{"functional-code":{"insertions":50,"deletions":0}}},{"hash":"2db5f208f21ee3efe62fccab4b0db1f06e24da78","messageTitle":"Update Main class to use MainParser from Parser","messageBody":"","fileTypesAndContributionMap":{"functional-code":{"insertions":3,"deletions":3}}},{"hash":"7b1f57314efbf7faf703a7bd2f2ad25df0060116","messageTitle":"Implement InvalidFlagException and exception handling for it","messageBody":"","fileTypesAndContributionMap":{"functional-code":{"insertions":16,"deletions":1}}},{"hash":"fdcf222f7a062a8fff332a0ab0e0042ec1efdee1","messageTitle":"Revert \"Implement InvalidFlagException and exception handling for it\"","messageBody":"This reverts commit 7b1f57314efbf7faf703a7bd2f2ad25df0060116.\n","fileTypesAndContributionMap":{"functional-code":{"insertions":1,"deletions":16}}},{"hash":"ce6ee36d5a16cbefcc88eaf26eb7217891b55823","messageTitle":"Revert \"Revert \"Implement InvalidFlagException and exception handling for it\"\"","messageBody":"This reverts commit fdcf222f7a062a8fff332a0ab0e0042ec1efdee1.\n","fileTypesAndContributionMap":{"functional-code":{"insertions":16,"deletions":1}}},{"hash":"c802ed44b2d1c622ed82f78a45141489b44d5a4d","messageTitle":"Update documentation to fit CheckStyle","messageBody":"","fileTypesAndContributionMap":{"functional-code":{"insertions":2,"deletions":2}}},{"hash":"cfc0f99cfae76c14f15e618680074fff9c438aff","messageTitle":"Change p tag wrapping in AddContactParser","messageBody":"","fileTypesAndContributionMap":{"functional-code":{"insertions":2,"deletions":1}}}]},{"date":"2021-10-07","commitResults":[{"hash":"933172eb9bca56767606ce9ee548d5037e29f355","messageTitle":"Implement error handling for empty details (full of spaces)","messageBody":"","fileTypesAndContributionMap":{"functional-code":{"insertions":1,"deletions":1}}},{"hash":"1a24ff9f156a0ab9f0cf9c13816fa61eda06941d","messageTitle":"Implement trim for user input to ignore trailing spaces","messageBody":"","fileTypesAndContributionMap":{"functional-code":{"insertions":1,"deletions":1}}},{"hash":"a20cfb95a59f5886d5e0c897a291731ee82a4dc4","messageTitle":"Delete commented out code","messageBody":"","fileTypesAndContributionMap":{"functional-code":{"insertions":0,"deletions":7}}},{"hash":"52ba12d61711c280d858d32a96a62badbb5f0828","messageTitle":"Remove safety code due to trimmed user input implementation","messageBody":"","fileTypesAndContributionMap":{"functional-code":{"insertions":1,"deletions":3}}},{"hash":"caed2a281293e2cecd0159595668c4c6e31ab350","messageTitle":"Remove unnecessary constants","messageBody":"","fileTypesAndContributionMap":{"functional-code":{"insertions":0,"deletions":2}}},{"hash":"bca862874288daaacde8c7071966b3f6894cb74c","messageTitle":"Remove unnecessary @Override","messageBody":"","fileTypesAndContributionMap":{"functional-code":{"insertions":0,"deletions":1}}},{"hash":"e9e436a210bfac77bf6ff0920be66120d52cef7c","messageTitle":"Revert \"Remove unnecessary @Override\"","messageBody":"This reverts commit bca862874288daaacde8c7071966b3f6894cb74c.\n","fileTypesAndContributionMap":{"functional-code":{"insertions":1,"deletions":0}}},{"hash":"ee803a919f6a2addad18c824ec1279a06d95f981","messageTitle":"Remove unnecessary @Overrides","messageBody":"","fileTypesAndContributionMap":{"functional-code":{"insertions":0,"deletions":2}}}]},{"date":"2021-10-08","commitResults":[{"hash":"55c21e6cdd838c1dd8b6fc7cacfec12c6b38b2c7","messageTitle":"Rename to getParsedCommand; Implement trim for input to match TextUi","messageBody":"","fileTypesAndContributionMap":{"test-code":{"insertions":7,"deletions":0}}},{"hash":"255dde0b36288f27ba5847679ee3a187c9c37d66","messageTitle":"Implement unchecked to avoid warnings for unchecked types","messageBody":"","fileTypesAndContributionMap":{"test-code":{"insertions":1,"deletions":0}}},{"hash":"ca9d97f9e9a47c6438d411846e75077a625e0700","messageTitle":"Add docs for getParsedCommand","messageBody":"","fileTypesAndContributionMap":{"test-code":{"insertions":8,"deletions":0}}},{"hash":"80f3b115495239f471192f789ed681eb416ac7b7","messageTitle":"Update rename parseDeleteCommand to match test style","messageBody":"","fileTypesAndContributionMap":{"test-code":{"insertions":5,"deletions":5}}},{"hash":"9a60de854300068f69f6c70d831600340379f35e","messageTitle":"Implement MainParserTest testing for AddContact feature","messageBody":"","fileTypesAndContributionMap":{"test-code":{"insertions":30,"deletions":5}}},{"hash":"f31618872bfe998f6a0d2ecff26271e9f4f3d587","messageTitle":"Implement getters for AddContactCommand and FailedCommand","messageBody":"","fileTypesAndContributionMap":{"functional-code":{"insertions":12,"deletions":0}}},{"hash":"27a008841c00e8cb2ec9c1c796254578c2df6739","messageTitle":"Implement AddContactParser JUnit tests","messageBody":"","fileTypesAndContributionMap":{"test-code":{"insertions":95,"deletions":0}}},{"hash":"d13c09b097a2f5f6f540f36efcfb3f675ad529b5","messageTitle":"Fix trim bug found in JUnit test implemented","messageBody":"","fileTypesAndContributionMap":{"functional-code":{"insertions":2,"deletions":1}}},{"hash":"2cd44c9a270a608ae1a19b5093eadac2541ca0fe","messageTitle":"Update to fix checkstyle errors","messageBody":"","fileTypesAndContributionMap":{"test-code":{"insertions":9,"deletions":12}}}]},{"date":"2021-10-10","commitResults":[{"hash":"1be4cd028e0a5acf59a420940ccd67f41c318c16","messageTitle":"Update TextUi user input to remove commas for command parsing","messageBody":"","fileTypesAndContributionMap":{"functional-code":{"insertions":7,"deletions":1}}},{"hash":"af7196fc2080f8f67ca3a0c8095de91d64b69279","messageTitle":"Add printTopLineMessage into TextUi","messageBody":"","fileTypesAndContributionMap":{"functional-code":{"insertions":4,"deletions":0}}},{"hash":"1115a5756461db1acb1fe6327580b2c3f1f861e7","messageTitle":"Add corruptLineMessage, forbiddenInputMessage, forbiddenDetailMessage to TextUi","messageBody":"","fileTypesAndContributionMap":{"functional-code":{"insertions":17,"deletions":0}}},{"hash":"3d053ca7131159dfa4928030ac8dfa1369a4028a","messageTitle":"Implement failsafe in ContactsDecoder to detect any unparseable save data","messageBody":"","fileTypesAndContributionMap":{"functional-code":{"insertions":27,"deletions":6}}},{"hash":"9e7553bb228f554de1f3e0bddf358ed334157826","messageTitle":"Abstract parseDetail function to abstract ContactParser as it is shared","messageBody":"","fileTypesAndContributionMap":{"functional-code":{"insertions":43,"deletions":2}}},{"hash":"47ee242351acb83d13437ebfe38703117d72dc7a","messageTitle":"Implement \"null\" handling for input details","messageBody":"","fileTypesAndContributionMap":{"functional-code":{"insertions":3,"deletions":0}}},{"hash":"b1249e67dde8fbf88374f0ec911e96e0f12a6738","messageTitle":"Introduce and implement ForbiddenDetailException in parsers and parserTests","messageBody":"","fileTypesAndContributionMap":{"functional-code":{"insertions":10,"deletions":67},"test-code":{"insertions":7,"deletions":4}}},{"hash":"1166be0ac4f466c792caacadf06d71556ec67ed3","messageTitle":"Implement forbidden detail command","messageBody":"","fileTypesAndContributionMap":{"functional-code":{"insertions":11,"deletions":3}}},{"hash":"6f019f70c1187efa3c4b4f03b5c25f65e7547307","messageTitle":"Update to fix checkstyle","messageBody":"","fileTypesAndContributionMap":{"test-code":{"insertions":2,"deletions":1}}},{"hash":"c9c1a06d9cd0fa3de6b5c40a1d52e273a7798c99","messageTitle":"Update to use isBlank() method for string to check missing details in ContactParser","messageBody":"","fileTypesAndContributionMap":{"functional-code":{"insertions":1,"deletions":1}}},{"hash":"d2737c159140b63a187977460a213fa6dffdf0cc","messageTitle":"Update missing detail error message","messageBody":"","fileTypesAndContributionMap":{"functional-code":{"insertions":2,"deletions":1}}}]},{"date":"2021-10-11","commitResults":[{"hash":"4b59221792734e3fa90f6959b286c2b897910ef3","messageTitle":"Update Contact constructor to include additional fields","messageBody":"","fileTypesAndContributionMap":{"functional-code":{"insertions":7,"deletions":3}}},{"hash":"2898c0e495b892d83830f79da340636a2924da74","messageTitle":"Add additional field attributes to AddContactCommand","messageBody":"","fileTypesAndContributionMap":{"functional-code":{"insertions":4,"deletions":0}}},{"hash":"c4e460f24779efa50f32aa8c83f4e6de84c7e6b1","messageTitle":"Implement getters for additional attributes","messageBody":"","fileTypesAndContributionMap":{"functional-code":{"insertions":16,"deletions":0}}},{"hash":"49d34652e92dddfc67c4d80cd2e0babf65d1c6b5","messageTitle":"Update AddContactCommand constructor to include additional fields","messageBody":"","fileTypesAndContributionMap":{"functional-code":{"insertions":6,"deletions":1}}},{"hash":"c68077fa9a2cb7dc60d86ed826b1a83e1e6940eb","messageTitle":"Update AddContactCommand.execute() to include new fields","messageBody":"","fileTypesAndContributionMap":{"functional-code":{"insertions":1,"deletions":1}}},{"hash":"16398575a3eb63421ce4ebe8b1bda55d87280a96","messageTitle":"Update AddContactParser javadocs","messageBody":"","fileTypesAndContributionMap":{"functional-code":{"insertions":2,"deletions":2}}},{"hash":"78d7495eb211d5a197b1bb1d2fcf47b1badc5906","messageTitle":"Update constants in AddContactParser","messageBody":"","fileTypesAndContributionMap":{"functional-code":{"insertions":2,"deletions":2}}},{"hash":"970375762ea4b36a36ab4a91d0d39a6657ff4ec9","messageTitle":"Add new constant for number of fields; Add additional flags","messageBody":"","fileTypesAndContributionMap":{"functional-code":{"insertions":5,"deletions":0}}},{"hash":"856611dec57f6a635d6b4216a5c4fdabe33b00b0","messageTitle":"Add more cases for additional flags in getIndexToStore()","messageBody":"","fileTypesAndContributionMap":{"functional-code":{"insertions":12,"deletions":0}}},{"hash":"c5e8e712fde5640a7eb03341b348679a9064c64e","messageTitle":"Update constants in EditContactParser","messageBody":"","fileTypesAndContributionMap":{"functional-code":{"insertions":3,"deletions":3}}},{"hash":"6faa0d784b110675e65accfd7391efc904b44e79","messageTitle":"Add additional details to be handled in MainParser for adding contacts","messageBody":"","fileTypesAndContributionMap":{"functional-code":{"insertions":10,"deletions":1}}},{"hash":"234c944a8ddb8b2afd400f6c9296fce63a7cb5bd","messageTitle":"Update decoding of contacts from save file","messageBody":"","fileTypesAndContributionMap":{"functional-code":{"insertions":10,"deletions":5}}},{"hash":"0af3e59b9f33dc2de3a0328471d07aca048aef70","messageTitle":"Update encoding of contacts to save data","messageBody":"","fileTypesAndContributionMap":{"functional-code":{"insertions":3,"deletions":1}}},{"hash":"3085af3991f613c4992b7bca024cd597fd29fd3a","messageTitle":"Remove unused forbidden command","messageBody":"","fileTypesAndContributionMap":{"functional-code":{"insertions":0,"deletions":1}}},{"hash":"9e1a406271f79dfefdf83f169ab57f34a5548af4","messageTitle":"Update TextUi to include other flags in error message","messageBody":"","fileTypesAndContributionMap":{"functional-code":{"insertions":4,"deletions":2}}},{"hash":"b06b1af4c20a1e8c32aa66147cf7e95b64ece9c1","messageTitle":"Update AddContactParserTest and EditContactParserTest to include new fields","messageBody":"","fileTypesAndContributionMap":{"test-code":{"insertions":3,"deletions":3}}},{"hash":"e697c37aff26a3c97291920df914a13cce06c4c7","messageTitle":"Update MainParserTest to include new fields to test","messageBody":"","fileTypesAndContributionMap":{"test-code":{"insertions":15,"deletions":5}}}]},{"date":"2021-10-13","commitResults":[{"hash":"d6300874bbe0683b461ae3bc6e2c5c1c86fb6589","messageTitle":"Refactor AddContactCommand to accept a String array and decipher details from there","messageBody":"","fileTypesAndContributionMap":{"functional-code":{"insertions":8,"deletions":8}}},{"hash":"3f6e38c9ba4c2b081ffc88a82433059c1d1987b2","messageTitle":"Refactor parseAddContact in MainParser due to changes to AddContactCommand","messageBody":"","fileTypesAndContributionMap":{"functional-code":{"insertions":1,"deletions":8}}},{"hash":"08c53f6344e521f95df8c19fcf12519f1150ffca","messageTitle":"Update JUnit tests in MainParserTest due to refactored AddContactCommand","messageBody":"","fileTypesAndContributionMap":{"test-code":{"insertions":9,"deletions":8}}}]},{"date":"2021-10-14","commitResults":[{"hash":"91e63a23540d7469c20970c9c856332613b4c811","messageTitle":"Refactor MainParser to abstract out InvalidDetailCommand parsing","messageBody":"","fileTypesAndContributionMap":{"functional-code":{"insertions":33,"deletions":28}}},{"hash":"b8c028bf8d696a145742c6528290289bfec373eb","messageTitle":"Refactor FailedCommand by abstracting out cases","messageBody":"","fileTypesAndContributionMap":{"functional-code":{"insertions":32,"deletions":27}}},{"hash":"7601c2886f5678e83a9e13e0f4b136a42282019d","messageTitle":"Implement InvalidDetailCommand to isolate invalid detail failures","messageBody":"","fileTypesAndContributionMap":{"functional-code":{"insertions":44,"deletions":0}}},{"hash":"b50d3e506941c92c9751708ca1f0cb044fe08629","messageTitle":"Rename JUnit test for delete command to expect Exception","messageBody":"","fileTypesAndContributionMap":{"test-code":{"insertions":1,"deletions":1}}},{"hash":"c55331b0602d0640e6cef09d102f10dced19141f","messageTitle":"Implement InvalidDetailCommand JUnit tests to MainParserTest","messageBody":"","fileTypesAndContributionMap":{"test-code":{"insertions":65,"deletions":0}}},{"hash":"a536c966850b9e15f54005f51e951d4ed3dcb88c","messageTitle":"Update to fulfill Checkstyle","messageBody":"","fileTypesAndContributionMap":{"functional-code":{"insertions":6,"deletions":4}}}]}]},"authorFileTypeContributionMap":{"ng-andre":{"docs":1,"functional-code":195,"test-code":23,"other":16},"ashrafjfr":{"docs":1,"functional-code":306,"test-code":29},"lezongmun":{"docs":2,"functional-code":149,"test-code":75},"mayankp291":{"docs":1,"functional-code":262,"test-code":70},"marcusbory":{"docs":1,"functional-code":687,"test-code":221}},"authorContributionVariance":{"ng-andre":3623.2273,"ashrafjfr":7881.9873,"lezongmun":6238.66,"mayankp291":8346.091,"marcusbory":24294.393},"authorDisplayNameMap":{"ng-andre":"CS2113T-T09-1 NG A..NDRE","ashrafjfr":"CS2113T-T09-1 MUHA..AD J","lezongmun":"CS2113T-T09-1 MUN ..ZONG","mayankp291":"CS2113T-T09-1 MAYA..YARA","marcusbory":"CS2113T-T09-1 MARC.. YIH"}}
