{"authorDailyContributionsMap":{"haoyusimon":[{"date":"2021-10-01","commitResults":[{"hash":"8e12dcdd6b1332430823d959e66aedbc11413bef","messageTitle":"Update AboutUs.md","messageBody":"","fileTypesAndContributionMap":{"docs":{"insertions":1,"deletions":1}}}]},{"date":"2021-10-10","commitResults":[{"hash":"5dba5eb64f8ba3f4f3fa0328620e235e331d0e0d","messageTitle":"AddCommand (not finished)","messageBody":"","fileTypesAndContributionMap":{"functional-code":{"insertions":23,"deletions":0}}}]},{"date":"2021-10-11","commitResults":[{"hash":"995fe859b6fd40ef5947d712adee640e5bfb58cc","messageTitle":"Three commands with JUnit Testing","messageBody":"Implemented AddCommand, DeleteCommand and EditCommand with corresponding JUnit testing","fileTypesAndContributionMap":{"functional-code":{"insertions":118,"deletions":12},"test-code":{"insertions":98,"deletions":0}}},{"hash":"9993720000966d3e623ad4e33b1a5b233e3c33cf","messageTitle":"Improved Style","messageBody":"","fileTypesAndContributionMap":{"functional-code":{"insertions":13,"deletions":8},"test-code":{"insertions":3,"deletions":3}}},{"hash":"4f3768a687bfa3e0429ae534991f4bdf310c4e0f","messageTitle":"Style Fix","messageBody":"Changed names for JUnit test methods","fileTypesAndContributionMap":{"test-code":{"insertions":3,"deletions":3}}},{"hash":"33b75b0eae7af9f7945fc0d9cb98375428e7b83d","messageTitle":"Resolved Conflicts","messageBody":"","fileTypesAndContributionMap":{"functional-code":{"insertions":5,"deletions":12},"test-code":{"insertions":5,"deletions":6}}}]},{"date":"2021-10-12","commitResults":[{"hash":"bcd1b091f3250c2f12f732a627ed55b6c690b006","messageTitle":"Minor changes on style and format","messageBody":"","fileTypesAndContributionMap":{"functional-code":{"insertions":7,"deletions":4}}},{"hash":"8e3705acb1acaddddbe1209dd799b90a737a7391","messageTitle":"Minor format changes","messageBody":"","fileTypesAndContributionMap":{"functional-code":{"insertions":3,"deletions":3}}},{"hash":"a48426faf71138e8696ea4fe26723add34589f58","messageTitle":"Modified Parser.parseCommand()","messageBody":"","fileTypesAndContributionMap":{"functional-code":{"insertions":6,"deletions":0}}},{"hash":"f875a6b8106da61561df5eaf6a67632ffc9f5846","messageTitle":"Modified Parser.parseCommand() (contintued)","messageBody":"","fileTypesAndContributionMap":{"functional-code":{"insertions":105,"deletions":50},"test-code":{"insertions":3,"deletions":1}}}]},{"date":"2021-10-13","commitResults":[{"hash":"400ff273a68817bf3a8287ca674557e2e859f6ea","messageTitle":"Modified Parser \u0026 Add more JUnit test","messageBody":"","fileTypesAndContributionMap":{"functional-code":{"insertions":50,"deletions":44},"test-code":{"insertions":273,"deletions":203}}},{"hash":"6f017da6ee90faa2d1c8149b60db40e762766f18","messageTitle":"Minor bug fix","messageBody":"","fileTypesAndContributionMap":{"functional-code":{"insertions":1,"deletions":1}}},{"hash":"ca5832d6dc908d7c8081cf91d5eadb07cd3f7eb2","messageTitle":"Make exceptions checked","messageBody":"","fileTypesAndContributionMap":{"functional-code":{"insertions":101,"deletions":34},"test-code":{"insertions":56,"deletions":48}}},{"hash":"c06a72e80f06134fdf1139043ca45cca7c7d49fd","messageTitle":"Minor structure change","messageBody":"","fileTypesAndContributionMap":{"functional-code":{"insertions":2,"deletions":10},"other":{"insertions":2,"deletions":2},"test-code":{"insertions":1,"deletions":2}}},{"hash":"ee77207dfc3f3bf72f0c4666e40e6baedff392e6","messageTitle":"Add Assertion and Logging","messageBody":"","fileTypesAndContributionMap":{"functional-code":{"insertions":28,"deletions":1}}},{"hash":"6847afcae1ab0f0f37635f9aee19e1eeba470b7f","messageTitle":"Correct Assertions","messageBody":"","fileTypesAndContributionMap":{"functional-code":{"insertions":11,"deletions":4}}}]},{"date":"2021-10-14","commitResults":[{"hash":"f90052514a6d0882a83655de7abd082af6083eb5","messageTitle":"Added CommandException, clean up code","messageBody":"","fileTypesAndContributionMap":{"functional-code":{"insertions":20,"deletions":9},"test-code":{"insertions":11,"deletions":11}}},{"hash":"dfef7dc0d681f8dbb0b8063bc8468b57ef0cecbe","messageTitle":"Clean up code","messageBody":"","fileTypesAndContributionMap":{"functional-code":{"insertions":0,"deletions":1}}},{"hash":"d46e1c1863505a1a3bfa00b36f259798e22e7c68","messageTitle":"Minor change: corrected typo","messageBody":"","fileTypesAndContributionMap":{"test-code":{"insertions":1,"deletions":1}}},{"hash":"2577b9e02a5eb31f481ddc11f5e1171c2b34583f","messageTitle":"Minor Bugfix","messageBody":"","fileTypesAndContributionMap":{"functional-code":{"insertions":4,"deletions":8}}}]},{"date":"2021-10-19","commitResults":[{"hash":"0586b788df89d0b8446e26f931ae60494aa34030","messageTitle":"Add report class skeleton","messageBody":"","fileTypesAndContributionMap":{"functional-code":{"insertions":21,"deletions":0}}}]},{"date":"2021-10-20","commitResults":[{"hash":"343c1c6f169e9f6fd3b51ca5142c1a7a202953da","messageTitle":"Redesigned EditCommand","messageBody":"","fileTypesAndContributionMap":{"functional-code":{"insertions":43,"deletions":60}}},{"hash":"c25a81ca8a2c0bdbdccf613c589b1c9f6b207a65","messageTitle":"Update UserGuide.md","messageBody":"","fileTypesAndContributionMap":{"docs":{"insertions":30,"deletions":3}}},{"hash":"5fb9d197b67316becbe1ef51d79e0f97be86f4fa","messageTitle":"Update DeveloperGuide.md","messageBody":"","fileTypesAndContributionMap":{"docs":{"insertions":11,"deletions":0}}},{"hash":"2ca61649931e71b9294ed56902821f44fabea6e0","messageTitle":"Update DeveloperGuide.md","messageBody":"","fileTypesAndContributionMap":{"docs":{"insertions":1,"deletions":1}}},{"hash":"ad27be87b62e1ce6e6572725352a4ae9eb9141f1","messageTitle":"Update DeveloperGuide.md","messageBody":"","fileTypesAndContributionMap":{"docs":{"insertions":1,"deletions":0}}}]},{"date":"2021-10-23","commitResults":[{"hash":"743d737f178b68438d611c575389986a77d6f548","messageTitle":"Correct EditCommand testing","messageBody":"","fileTypesAndContributionMap":{"functional-code":{"insertions":3,"deletions":3},"test-code":{"insertions":3,"deletions":3}}}]},{"date":"2021-10-24","commitResults":[{"hash":"67ce4b3f3a4e26a32cc0012f038ae41dc31d867e","messageTitle":"Remove argument from command.execute()","messageBody":"","fileTypesAndContributionMap":{"functional-code":{"insertions":79,"deletions":63},"test-code":{"insertions":37,"deletions":37}}}]},{"date":"2021-10-25","commitResults":[{"hash":"783d300909ca68a37792c97322430d83bb39656d","messageTitle":"Make Command return String; add quantity to addCommand","messageBody":"","fileTypesAndContributionMap":{"functional-code":{"insertions":25,"deletions":17}}}]},{"date":"2021-10-26","commitResults":[{"hash":"05b3805276686a2c8deeb5b01e8b507341222767","messageTitle":"add additional commands \u0026 change existing commands","messageBody":"","fileTypesAndContributionMap":{"functional-code":{"insertions":134,"deletions":18}}},{"hash":"49be4455900ba16bf7657736a9a8e0c219671b4a","messageTitle":"Add shelf-related Commands","messageBody":"","fileTypesAndContributionMap":{"functional-code":{"insertions":137,"deletions":35}}},{"hash":"ac9f69e865d8e70cfad0d1d514e9de1a999b0f63","messageTitle":"Change AddCommand \u0026 EditCommand","messageBody":"","fileTypesAndContributionMap":{"functional-code":{"insertions":32,"deletions":23}}},{"hash":"d2abfb951eeaa6286a4bceb82bb33c954e84a664","messageTitle":"Resolved conflicts","messageBody":"","fileTypesAndContributionMap":{"functional-code":{"insertions":20,"deletions":18},"test-code":{"insertions":11,"deletions":22}}}]},{"date":"2021-10-27","commitResults":[{"hash":"eef98c1ddae83843dfc9c5d6579625864780063f","messageTitle":"Standardise command implementation","messageBody":"","fileTypesAndContributionMap":{"functional-code":{"insertions":53,"deletions":37}}},{"hash":"808fb22125a525954a89a1c0cbab684309de8c20","messageTitle":"Added report class; Add remarks","messageBody":"","fileTypesAndContributionMap":{"functional-code":{"insertions":98,"deletions":52},"test-code":{"insertions":15,"deletions":15}}}]},{"date":"2021-10-28","commitResults":[{"hash":"33f3e3be7e79f7245c214d4c9f4ef43dde2db5f2","messageTitle":"Remove Print","messageBody":"","fileTypesAndContributionMap":{"functional-code":{"insertions":0,"deletions":10}}}]}],"t-l-xin":[{"date":"2021-10-01","commitResults":[{"hash":"dee459924f49d8ca58249b72b296b5e1b14707f3","messageTitle":"Add Li Xin details in AboutUs","messageBody":"","fileTypesAndContributionMap":{"docs":{"insertions":1,"deletions":1}}}]},{"date":"2021-10-07","commitResults":[{"hash":"068cdeb6ac8f25b82239d766fe1df9266e7711fc","messageTitle":"Add Parser Class","messageBody":"","fileTypesAndContributionMap":{"functional-code":{"insertions":247,"deletions":2}}},{"hash":"406c594eb979a9357a7415db10260022d9b49708","messageTitle":"Add ParserTest.class","messageBody":"","fileTypesAndContributionMap":{"functional-code":{"insertions":58,"deletions":84},"test-code":{"insertions":160,"deletions":0}}},{"hash":"6c099191a6023c2381345ed999519a8a76663a9f","messageTitle":"Add ParserTest.class comments","messageBody":"","fileTypesAndContributionMap":{"test-code":{"insertions":20,"deletions":0}}}]},{"date":"2021-10-08","commitResults":[{"hash":"3dbace02d5f8f2e73a79394c915465dea0d512f5","messageTitle":"Resolve gradle Checkstyle errors","messageBody":"","fileTypesAndContributionMap":{"functional-code":{"insertions":7,"deletions":6},"test-code":{"insertions":49,"deletions":48}}},{"hash":"851cfa7560bcaf4477ebd2cdb126065938c2d055","messageTitle":"Resolve runtest.bat difference output","messageBody":"","fileTypesAndContributionMap":{"functional-code":{"insertions":2,"deletions":2}}},{"hash":"73f578f6c8b14625ab6b053de9732743077696e9","messageTitle":"Add more javadoc description","messageBody":"","fileTypesAndContributionMap":{"functional-code":{"insertions":14,"deletions":2}}}]},{"date":"2021-10-14","commitResults":[{"hash":"1ec3c63ab406b79e7c69d75daafc80b6aed61694","messageTitle":"Edit typo","messageBody":"","fileTypesAndContributionMap":{"test-code":{"insertions":2,"deletions":2}}},{"hash":"a9eac343162b0fe63f54c7a00664d86f146801d4","messageTitle":"Edit InvalidArgs tests in ParserTest","messageBody":"","fileTypesAndContributionMap":{"test-code":{"insertions":33,"deletions":33}}},{"hash":"8b8013a460fb437cae38c26e588abcdf3dd230a1","messageTitle":"Update Parser Junit Tests","messageBody":"","fileTypesAndContributionMap":{"functional-code":{"insertions":34,"deletions":9},"test-code":{"insertions":68,"deletions":61}}},{"hash":"73760402e8d9d6f0c5bcb5aa4ee3b8550c1ebd23","messageTitle":"Update Parser class","messageBody":"","fileTypesAndContributionMap":{"functional-code":{"insertions":0,"deletions":25}}},{"hash":"17398775b65d88ea49429072da4a29c1fc1032ba","messageTitle":"Add assert and logging in Parser class","messageBody":"","fileTypesAndContributionMap":{"functional-code":{"insertions":76,"deletions":15},"test-code":{"insertions":17,"deletions":15}}},{"hash":"3852c0b22d5487fbd6c0f14dbaa3b49091ad3271","messageTitle":"Update JavaDoc","messageBody":"","fileTypesAndContributionMap":{"functional-code":{"insertions":18,"deletions":12}}},{"hash":"fca0885573b8a108ac8393dad904e98173483eb9","messageTitle":"Resolve CheckStyle issues","messageBody":"","fileTypesAndContributionMap":{"functional-code":{"insertions":9,"deletions":33}}},{"hash":"4f5b1010daed59437de35cbbc28dd47c87c74367","messageTitle":"Edit ParserTest","messageBody":"","fileTypesAndContributionMap":{"functional-code":{"insertions":1,"deletions":2},"test-code":{"insertions":46,"deletions":17}}},{"hash":"363d34dff2c0b455cbb744b97d811a25e2ebb5fa","messageTitle":"Update javaDoc","messageBody":"","fileTypesAndContributionMap":{"functional-code":{"insertions":25,"deletions":15}}},{"hash":"134f285a3dc8d22fd0f2eefa0e98fdcdde3b6169","messageTitle":"Edit Parser format","messageBody":"","fileTypesAndContributionMap":{"functional-code":{"insertions":9,"deletions":11},"test-code":{"insertions":7,"deletions":7}}}]},{"date":"2021-10-21","commitResults":[{"hash":"ab9fe0bc2e00cef3b21fe960681fc1af7346c838","messageTitle":"Add product scope","messageBody":"","fileTypesAndContributionMap":{"docs":{"insertions":7,"deletions":2}}}]},{"date":"2021-10-22","commitResults":[{"hash":"7143635eeacc1321b8b3f37b5e0d288d91d890c6","messageTitle":"Change indentation to follow with 4 space indentation","messageBody":"","fileTypesAndContributionMap":{"other":{"insertions":16,"deletions":16}}},{"hash":"fd5325f79766dd919d4ac039ad933bb717cabc6e","messageTitle":"Add reused author tag in MessageBubble","messageBody":"","fileTypesAndContributionMap":{"functional-code":{"insertions":1,"deletions":0}}},{"hash":"3ed9fbf54b6363df986b1bacd8f713d241a59eac","messageTitle":"Add view total cost and income","messageBody":"","fileTypesAndContributionMap":{"functional-code":{"insertions":111,"deletions":29},"test-code":{"insertions":68,"deletions":0}}},{"hash":"6db6a34508d1a2aec7286c7ea7e4b8e2831d3ca8","messageTitle":"Resolve gradle check errors","messageBody":"","fileTypesAndContributionMap":{"functional-code":{"insertions":35,"deletions":34}}},{"hash":"f15f94c0108628f94f8cfa85f38dc93a9b31289e","messageTitle":"Added Javadocs","messageBody":"","fileTypesAndContributionMap":{"functional-code":{"insertions":27,"deletions":21}}}]},{"date":"2021-10-23","commitResults":[{"hash":"f46ab6b32905e0443707678830ddcab922eb0990","messageTitle":"Rename variable","messageBody":"","fileTypesAndContributionMap":{"functional-code":{"insertions":3,"deletions":3},"docs":{"insertions":1,"deletions":1}}}]},{"date":"2021-10-25","commitResults":[{"hash":"9fba341ac6f9118fa5535e622e34983c895d081d","messageTitle":"Add UML diagrams for Parser and general program flow in Main","messageBody":"","fileTypesAndContributionMap":{"docs":{"insertions":60,"deletions":0}}},{"hash":"4bf0dd593281cb8fa90eb127abc77c7d11933353","messageTitle":"Add more description to DG","messageBody":"","fileTypesAndContributionMap":{"docs":{"insertions":19,"deletions":8}}}]},{"date":"2021-10-26","commitResults":[{"hash":"e240ee5c6f8ae9e2cdece9710a66759eeb0b8b44","messageTitle":"add more description in user guide","messageBody":"","fileTypesAndContributionMap":{"docs":{"insertions":17,"deletions":2}}},{"hash":"2f081e2383dd6384a7cf4f3dd7a15c30f277f979","messageTitle":"Update command format","messageBody":"","fileTypesAndContributionMap":{"docs":{"insertions":6,"deletions":6}}},{"hash":"aebb2467ea630d253d82961de8918381ce0eef7c","messageTitle":"Update command format","messageBody":"","fileTypesAndContributionMap":{"docs":{"insertions":7,"deletions":5}}},{"hash":"badf2bc32f779c31042eadc5c56de01b64c9bb3e","messageTitle":"Update user guide","messageBody":"","fileTypesAndContributionMap":{"docs":{"insertions":2,"deletions":7}}},{"hash":"73c71e556db2499cc55cc70fd7e9c58cfef0b944","messageTitle":"Adjust position of icons","messageBody":"","fileTypesAndContributionMap":{"docs":{"insertions":4,"deletions":2}}},{"hash":"4b362d8527f37179a502250b77920f66d56951a1","messageTitle":"Update User guide","messageBody":"","fileTypesAndContributionMap":{"docs":{"insertions":2,"deletions":2}}},{"hash":"44872da169b61c5c2c502775a57a29eb65bed1e0","messageTitle":"Minor Change","messageBody":"","fileTypesAndContributionMap":{"docs":{"insertions":1,"deletions":1}}},{"hash":"ff09e10c022cc5545b4253a2acd7693aeb0d313b","messageTitle":"Change all \"l/\" delimiter to \"shlv/\"","messageBody":"","fileTypesAndContributionMap":{"docs":{"insertions":7,"deletions":7}}},{"hash":"6525e8b230d13163a33dca599f8b0863c6e65bf5","messageTitle":"Add \u0026 modify command data argument format strings","messageBody":"","fileTypesAndContributionMap":{"functional-code":{"insertions":10,"deletions":8}}},{"hash":"6e5753d858ba7db3f7a7c4e0d117aa14002508cd","messageTitle":"Add strings for new command Pattern checking","messageBody":"","fileTypesAndContributionMap":{"functional-code":{"insertions":6,"deletions":3}}},{"hash":"6ad6d11621581fe2b71449d5fa27cda74b2e714a","messageTitle":"Update \u0026 test add and delete command regex","messageBody":"","fileTypesAndContributionMap":{"functional-code":{"insertions":28,"deletions":14}}},{"hash":"636c2904ada1d41a3e927e9b8c6ffdb63dfa724b","messageTitle":"Add Parsing for new commands and edit regex for commands in v1.0","messageBody":"","fileTypesAndContributionMap":{"functional-code":{"insertions":140,"deletions":28}}},{"hash":"35be9db6b93df319e419bc86f507b48ca427d086","messageTitle":"Comment all Parser Test and modify runtest.bat input file","messageBody":"","fileTypesAndContributionMap":{"functional-code":{"insertions":15,"deletions":14},"test-code":{"insertions":10,"deletions":1}}},{"hash":"641e23182237cd1c58b1f30079bd01737f6c33d3","messageTitle":"Minior change","messageBody":"","fileTypesAndContributionMap":{"functional-code":{"insertions":1,"deletions":1}}},{"hash":"a72639dd0204609ab01876666a2fe1f1232ab526","messageTitle":"Minor change to edit regex","messageBody":"","fileTypesAndContributionMap":{"functional-code":{"insertions":3,"deletions":5}}},{"hash":"002db238943efeca95550d1cf1370a2c2786e04b","messageTitle":"Minor change","messageBody":"","fileTypesAndContributionMap":{"functional-code":{"insertions":5,"deletions":5}}}]},{"date":"2021-10-27","commitResults":[{"hash":"81231011a6dda3508506f7204b7767b77c0e22bd","messageTitle":"Add manual testing for report command","messageBody":"","fileTypesAndContributionMap":{"docs":{"insertions":59,"deletions":2}}},{"hash":"8ed502e5af84248e97cc544da71f8f10fc86bf81","messageTitle":"Integrate and test create shelf","messageBody":"","fileTypesAndContributionMap":{"functional-code":{"insertions":16,"deletions":15}}},{"hash":"e1586858cf767b55b9e452ca9d9b1cfc2459d90b","messageTitle":"Resolve print message bug","messageBody":"","fileTypesAndContributionMap":{"functional-code":{"insertions":3,"deletions":3}}},{"hash":"91ff269057b46f541656c1984808bb7bb856b0bb","messageTitle":"Test \u0026 integrate all commands with the Parser and the Duke.main","messageBody":"","fileTypesAndContributionMap":{"functional-code":{"insertions":36,"deletions":81},"test-code":{"insertions":0,"deletions":1}}}]},{"date":"2021-10-28","commitResults":[{"hash":"0512e1f194ef539710e1dc3abe1f6d9253fc56cb","messageTitle":"CLI test all commands","messageBody":"","fileTypesAndContributionMap":{"functional-code":{"insertions":13,"deletions":36},"test-code":{"insertions":2,"deletions":2}}},{"hash":"7394dab3b7782cf3d9875d08c41a05f82a8b81b2","messageTitle":"Remove unwanted class","messageBody":"","fileTypesAndContributionMap":{"test-code":{"insertions":0,"deletions":67}}},{"hash":"51ea077bf7ddc26ad07123a9516d44b8911205be","messageTitle":"Enhance report command, add feature to return sales information given a specific period","messageBody":"","fileTypesAndContributionMap":{"functional-code":{"insertions":57,"deletions":21}}},{"hash":"7b19559c0cc279923d0ed704f5b617298f021d5f","messageTitle":"Minor change to printing","messageBody":"","fileTypesAndContributionMap":{"functional-code":{"insertions":32,"deletions":26}}},{"hash":"2a97b63a8b2c5ed6fb57fcd1b741b30ebb2fd891","messageTitle":"Add \u0026 CLI test markup command","messageBody":"","fileTypesAndContributionMap":{"functional-code":{"insertions":145,"deletions":7}}},{"hash":"17afafa8c48c12116a55bccfdb4887bad03a77d4","messageTitle":"Add warning message for user input percent \u003e 100","messageBody":"","fileTypesAndContributionMap":{"functional-code":{"insertions":17,"deletions":10}}},{"hash":"964157a17767cf33ca0dcc6eac6033c9b0c78210","messageTitle":"Add Javadoc Resolve rounding issue \u0026 CLI test","messageBody":"","fileTypesAndContributionMap":{"functional-code":{"insertions":79,"deletions":14}}},{"hash":"6fa63eb10554957e97103ad16c97a5e1a660bafe","messageTitle":"Add catching of invalid year month exception","messageBody":"","fileTypesAndContributionMap":{"functional-code":{"insertions":27,"deletions":12}}},{"hash":"61ef397e815df2ce0c987fbe8e902ad9262731ee","messageTitle":"resolve gradlew check","messageBody":"","fileTypesAndContributionMap":{"functional-code":{"insertions":13,"deletions":9},"test-code":{"insertions":6,"deletions":4}}},{"hash":"1ef9c67b1f53a74d3c3347d4d1c85fa9079d0838","messageTitle":"Move Add \u0026 Delete Parsing Patterns and strings to respective Command Class","messageBody":"","fileTypesAndContributionMap":{"functional-code":{"insertions":29,"deletions":27}}},{"hash":"2f7cbb160915693d6b3d0c94205aebc33c9963f8","messageTitle":"Move List, Get, Edit Pattern and String to respective Command class","messageBody":"","fileTypesAndContributionMap":{"functional-code":{"insertions":34,"deletions":34}}},{"hash":"852c4a92fc4b865847418f79728c4b00f8a866e5","messageTitle":"Refactored Create, Remove, Exit, Help, MarkUp, Report, Sell Pattern and Strings from Parser to the respective command classes","messageBody":"","fileTypesAndContributionMap":{"functional-code":{"insertions":68,"deletions":68}}},{"hash":"ddaa809dc1c75a843bc6905d8236b90630fc505d","messageTitle":"Remove redundant exception in Command","messageBody":"","fileTypesAndContributionMap":{"functional-code":{"insertions":1,"deletions":2}}},{"hash":"0a3329180a9802dff38efb17a893f4d4032a59a5","messageTitle":"Move the all Command Patterns back to Parser","messageBody":"","fileTypesAndContributionMap":{"functional-code":{"insertions":53,"deletions":43}}}]},{"date":"2021-10-29","commitResults":[{"hash":"d9fe65b08ade9e8672a1fcca40100dd1b88245b3","messageTitle":"Update user guide with updated command formats","messageBody":"","fileTypesAndContributionMap":{"docs":{"insertions":120,"deletions":40}}},{"hash":"466852280d48ddddc1463166ca604af2782842ee","messageTitle":"Add more details","messageBody":"","fileTypesAndContributionMap":{"docs":{"insertions":28,"deletions":10}}}]}],"zh1huang":[{"date":"2021-10-01","commitResults":[{"hash":"6dc5c7d7dcd7e24a1105ef1a6bafcd9925b496ac","messageTitle":"Update about us","messageBody":"","fileTypesAndContributionMap":{"docs":{"insertions":1,"deletions":0}}}]},{"date":"2021-10-11","commitResults":[{"hash":"105a08cf54d28119137ed7ddb9181a0e5ec87ffb","messageTitle":"-Added GetCommand and ListCommand -Added JUnit Testing for GetCommand, yet to complete for ListCommand -Minor bug fix for setLocation","messageBody":"","fileTypesAndContributionMap":{"functional-code":{"insertions":80,"deletions":3},"other":{"insertions":3,"deletions":0},"test-code":{"insertions":76,"deletions":0}}},{"hash":"1418bc735be99d32531f34f1fbb931aaa37512ad","messageTitle":"Implement GetCommand and ListCommands","messageBody":"","fileTypesAndContributionMap":{"functional-code":{"insertions":55,"deletions":15},"test-code":{"insertions":19,"deletions":5}}},{"hash":"dcf531aa3286f3abe7d9eae35079cb447f842d36","messageTitle":"Editted Parser Test to pass gradlew check","messageBody":"","fileTypesAndContributionMap":{"test-code":{"insertions":24,"deletions":10}}}]},{"date":"2021-10-12","commitResults":[{"hash":"683d60bf5f8dbb04075bd345c84050fc2feeae05","messageTitle":"Minor formatting changes","messageBody":"","fileTypesAndContributionMap":{"functional-code":{"insertions":6,"deletions":6},"test-code":{"insertions":17,"deletions":15}}},{"hash":"7fa5aee267a5f27b8c703552d700a5dd0d8b6008","messageTitle":"Minor changes for gradlew check","messageBody":"","fileTypesAndContributionMap":{"functional-code":{"insertions":3,"deletions":3},"test-code":{"insertions":1,"deletions":1}}},{"hash":"75e473780cb44699aaafcd8d81af6f7631e39b0f","messageTitle":"Edit build.gradle","messageBody":"","fileTypesAndContributionMap":{"other":{"insertions":0,"deletions":3}}},{"hash":"b61b09494cca722a1dcb7fe6bc6b6c375cb9fe69","messageTitle":"Test build gradle","messageBody":"","fileTypesAndContributionMap":{"other":{"insertions":2,"deletions":0},"test-code":{"insertions":7,"deletions":6}}},{"hash":"48817683d75c95b217dec001202c179b04d076ba","messageTitle":"Added constructor for Parser","messageBody":"","fileTypesAndContributionMap":{"functional-code":{"insertions":11,"deletions":3},"test-code":{"insertions":1,"deletions":1}}},{"hash":"de359902df9e0cf1b90c62398e63d54f56c3d8f0","messageTitle":"Minor fix to Parser","messageBody":"","fileTypesAndContributionMap":{"functional-code":{"insertions":0,"deletions":2}}},{"hash":"4a4818c479a78ccedc4aef62786805377f5ab4bc","messageTitle":"Minor changes","messageBody":"","fileTypesAndContributionMap":{"functional-code":{"insertions":61,"deletions":47},"test-code":{"insertions":0,"deletions":7}}}]},{"date":"2021-10-13","commitResults":[{"hash":"5b100f94eb64d168e9f720cce8c05669d23f6731","messageTitle":"Resolved merge conflicts and updated JUnit Tests","messageBody":"","fileTypesAndContributionMap":{"functional-code":{"insertions":34,"deletions":58},"test-code":{"insertions":36,"deletions":17}}},{"hash":"4585ead58af8b9e4c3d1d200dfb2aa773cfde47a","messageTitle":"Format changes","messageBody":"","fileTypesAndContributionMap":{"functional-code":{"insertions":1,"deletions":4},"other":{"insertions":0,"deletions":2},"test-code":{"insertions":1,"deletions":4}}},{"hash":"b5cb9e7bf007334dd421e6ff6c53ea3b0b7e1cc0","messageTitle":"Refactor IllegalFormatException into parser class","messageBody":"","fileTypesAndContributionMap":{"other":{"insertions":3,"deletions":3},"test-code":{"insertions":2,"deletions":1}}},{"hash":"9549ae979ea3eb238f1e7f4e1936f3497576f790","messageTitle":"Replace strings with String.format()","messageBody":"","fileTypesAndContributionMap":{"functional-code":{"insertions":3,"deletions":23},"test-code":{"insertions":1,"deletions":1}}},{"hash":"0b2d71c60244e265b8135c3df175ad9a5eaefacf","messageTitle":"Edit ListCommand and add assertions","messageBody":"","fileTypesAndContributionMap":{"functional-code":{"insertions":6,"deletions":4},"test-code":{"insertions":2,"deletions":2}}},{"hash":"4574c4d2ab35d0086a3c4a3565a15583bf9f9364","messageTitle":"Modify assertions in ListCommand and GetCommand","messageBody":"","fileTypesAndContributionMap":{"functional-code":{"insertions":4,"deletions":1}}}]},{"date":"2021-10-14","commitResults":[{"hash":"48c6f6fc3071fc2ee524d7f519874f1e96fe506b","messageTitle":"Enhance ListCommand and GetCommand to show all attributes","messageBody":"","fileTypesAndContributionMap":{"functional-code":{"insertions":45,"deletions":7},"test-code":{"insertions":2,"deletions":1}}},{"hash":"0c595d11d17869433031d2ad64a10d289b525407","messageTitle":"Minor changes","messageBody":"","fileTypesAndContributionMap":{"functional-code":{"insertions":7,"deletions":11}}},{"hash":"929eba21fb0e4394a536dd23661091cd6eb53225","messageTitle":"Add spacing","messageBody":"","fileTypesAndContributionMap":{"functional-code":{"insertions":1,"deletions":1}}}]},{"date":"2021-10-16","commitResults":[{"hash":"d316fc2abde08523ddf85fc989ccf14b118dde93","messageTitle":"Add override equals method","messageBody":"","fileTypesAndContributionMap":{"functional-code":{"insertions":82,"deletions":3},"test-code":{"insertions":9,"deletions":10}}}]},{"date":"2021-10-17","commitResults":[{"hash":"a12e18e88b1cfad9fb977f38a1103067db5b3ea3","messageTitle":"Add more test cases","messageBody":"","fileTypesAndContributionMap":{"functional-code":{"insertions":19,"deletions":6},"test-code":{"insertions":32,"deletions":12}}},{"hash":"cc9e652919940304b828d4eda990b62aea0c356f","messageTitle":"Add space","messageBody":"","fileTypesAndContributionMap":{"functional-code":{"insertions":1,"deletions":1}}},{"hash":"3d7d2f7e1d76b5d5f891b24a1072273846cf01b1","messageTitle":"Add logging","messageBody":"","fileTypesAndContributionMap":{"functional-code":{"insertions":14,"deletions":2}}},{"hash":"60390c560e4b7e8a150c47f2e082e7a2ae5f36c0","messageTitle":"Add logging and print messages","messageBody":"","fileTypesAndContributionMap":{"functional-code":{"insertions":12,"deletions":7},"test-code":{"insertions":4,"deletions":2}}},{"hash":"5945659e3628a2201aaf53579e9f2297101dd555","messageTitle":"Update user guide","messageBody":"","fileTypesAndContributionMap":{"docs":{"insertions":112,"deletions":36}}}]},{"date":"2021-10-18","commitResults":[{"hash":"fe1bfcb07232c02202ddce250863bbd83e8fc32d","messageTitle":"Add ExitCommand","messageBody":"","fileTypesAndContributionMap":{"functional-code":{"insertions":61,"deletions":8}}},{"hash":"8aa09e924402f4e96cdef36a6055d1d371e81054","messageTitle":"Add HelpCommand","messageBody":"","fileTypesAndContributionMap":{"functional-code":{"insertions":61,"deletions":9}}},{"hash":"4ab08051d95bce604a34681952a4c926f03c69a9","messageTitle":"Update UserGuide.md","messageBody":"","fileTypesAndContributionMap":{"functional-code":{"insertions":1,"deletions":1},"docs":{"insertions":89,"deletions":23}}},{"hash":"23c57ea57d4c35ed4abf07a3b1339958cd9fcd6e","messageTitle":"Format changes","messageBody":"","fileTypesAndContributionMap":{"functional-code":{"insertions":1,"deletions":1}}},{"hash":"d4151d6a046030f36d401ae7a06dd53ff84fe5ba","messageTitle":"Add JavaDocs","messageBody":"","fileTypesAndContributionMap":{"functional-code":{"insertions":5,"deletions":0}}},{"hash":"9e968990fbeb68ee3a27e223afa27246de9a1621","messageTitle":"Refactor list to shelf","messageBody":"","fileTypesAndContributionMap":{"functional-code":{"insertions":18,"deletions":18}}}]},{"date":"2021-10-19","commitResults":[{"hash":"cb783c58527262f505a60179e79ddad6ad8de475","messageTitle":"Refactor code","messageBody":"","fileTypesAndContributionMap":{"functional-code":{"insertions":9,"deletions":8}}}]},{"date":"2021-10-20","commitResults":[{"hash":"77ff059b4ca734023d4f0674732fa192b9c928d0","messageTitle":"Add user stories","messageBody":"","fileTypesAndContributionMap":{"docs":{"insertions":11,"deletions":1}}}]},{"date":"2021-10-25","commitResults":[{"hash":"2fbd0621352b6d35fa59e962fb24bc1d7870db03","messageTitle":"Update DG","messageBody":"","fileTypesAndContributionMap":{"docs":{"insertions":101,"deletions":14}}},{"hash":"46467d27a2f5934c3dac1edeb6910bdd880e7342","messageTitle":"Add instructions for manual testing in DG","messageBody":"","fileTypesAndContributionMap":{"docs":{"insertions":28,"deletions":0}}},{"hash":"2def2014cee47f09328944b83c2df6933324b88d","messageTitle":"Update UserGuide for FAQ","messageBody":"","fileTypesAndContributionMap":{"docs":{"insertions":12,"deletions":3}}}]},{"date":"2021-10-26","commitResults":[{"hash":"b6615fbc6ad1e68933f2a49aea00918f18678c99","messageTitle":"Fix typos and add design considerations for Implementation","messageBody":"","fileTypesAndContributionMap":{"docs":{"insertions":41,"deletions":4}}},{"hash":"6134095c714e6cf9f85e34c74e244d9e0eee070b","messageTitle":"Minor changes","messageBody":"","fileTypesAndContributionMap":{"docs":{"insertions":11,"deletions":1}}},{"hash":"42341bc39bc9d8ec801ac830f0b4a645e8b7fa02","messageTitle":"Enhance GetCommand","messageBody":"","fileTypesAndContributionMap":{"functional-code":{"insertions":40,"deletions":40},"test-code":{"insertions":14,"deletions":13}}}]},{"date":"2021-10-27","commitResults":[{"hash":"0bca64be36939bebe75cd70a616a220c1ffa4ed0","messageTitle":"Enhance ListCommand, going to add more tests","messageBody":"","fileTypesAndContributionMap":{"functional-code":{"insertions":61,"deletions":33},"test-code":{"insertions":5,"deletions":5}}},{"hash":"7dfd4b37938e772d9b0a9e037496da7adcf1c33e","messageTitle":"Add JavaDocs","messageBody":"","fileTypesAndContributionMap":{"functional-code":{"insertions":30,"deletions":4}}},{"hash":"12e4571a3e6180b9b25b9a983fea4388c3bf671b","messageTitle":"Minor formatting changes","messageBody":"","fileTypesAndContributionMap":{"test-code":{"insertions":6,"deletions":2}}},{"hash":"da75cd7129328409b805be25b58751c1a503109d","messageTitle":"Update HelpCommand","messageBody":"","fileTypesAndContributionMap":{"functional-code":{"insertions":10,"deletions":7}}},{"hash":"3a06e76e11e2b6e943014ce5aa6b8c1e06d778e8","messageTitle":"Modify to return entire message containing details, instead of just complete message","messageBody":"","fileTypesAndContributionMap":{"functional-code":{"insertions":13,"deletions":12},"test-code":{"insertions":19,"deletions":19}}},{"hash":"7e548ac1cd4b3e52c82fc0ba53cc8d37d431c452","messageTitle":"Minor format changes","messageBody":"","fileTypesAndContributionMap":{"functional-code":{"insertions":1,"deletions":1},"test-code":{"insertions":0,"deletions":5}}}]}],"yuejunfeng0909":[{"date":"2021-10-01","commitResults":[{"hash":"2c5acb95ed0e8416fc911afefef0b9a4814ff928","messageTitle":"Update README.md","messageBody":"","fileTypesAndContributionMap":{"docs":{"insertions":1,"deletions":1}}},{"hash":"b6128ab3a6289a566eebf7427a4bf70d5e3b7917","messageTitle":"Update AboutUs","messageBody":"","fileTypesAndContributionMap":{"docs":{"insertions":1,"deletions":1}}}]},{"date":"2021-10-05","commitResults":[{"hash":"d252457b2ff6c4cdebe1834a0dee179e7964928d","messageTitle":"Update AboutUs","messageBody":"Remove the extra rows","fileTypesAndContributionMap":{"docs":{"insertions":1,"deletions":3}}},{"hash":"2d570d257125a91179210aba6d093618bb7716f3","messageTitle":"Create user guide","messageBody":"transferred all contents from google doc","fileTypesAndContributionMap":{"docs":{"insertions":69,"deletions":16}}}]},{"date":"2021-10-09","commitResults":[{"hash":"f2d17f6d0bad4a974cb932c4f4a786050d2034cc","messageTitle":"Item \u0026 Container skeleton","messageBody":"","fileTypesAndContributionMap":{"functional-code":{"insertions":250,"deletions":0}}},{"hash":"fa74bb95a4b825d7cbf90f7d09b34a3f85696f85","messageTitle":"minor changes","messageBody":"","fileTypesAndContributionMap":{"functional-code":{"insertions":1,"deletions":3}}},{"hash":"26c87943e74c0409c4e046a8e39812dbd4485613","messageTitle":"Updated data structure","messageBody":"","fileTypesAndContributionMap":{"functional-code":{"insertions":34,"deletions":131}}}]},{"date":"2021-10-10","commitResults":[{"hash":"04b21676222d5ccebdc40f12de57c11af4cda69c","messageTitle":"Add javadoc","messageBody":"","fileTypesAndContributionMap":{"functional-code":{"insertions":92,"deletions":14}}},{"hash":"c6cf8465c0aeb181a6da3b4515e3425e7479de6f","messageTitle":"Fix javadoc format","messageBody":"","fileTypesAndContributionMap":{"functional-code":{"insertions":8,"deletions":8}}},{"hash":"fb07282c8c8ebd2ed8c64417dd3ffa299284bcba","messageTitle":"Improve javadoc and add basic format check","messageBody":"","fileTypesAndContributionMap":{"functional-code":{"insertions":97,"deletions":28}}},{"hash":"c534f8ed1f36a7a2eb398789890929647e7174c6","messageTitle":"Bug fix \u0026 add assertion","messageBody":"","fileTypesAndContributionMap":{"functional-code":{"insertions":23,"deletions":11}}},{"hash":"05dd4c30c1247da2c6b954642bd40f33bd4abf65","messageTitle":"Minor format changes","messageBody":"","fileTypesAndContributionMap":{"functional-code":{"insertions":0,"deletions":3}}}]},{"date":"2021-10-11","commitResults":[{"hash":"93ea1fdb1e474467f4723c302d6a6f3ad565f768","messageTitle":"Minor format changes","messageBody":"","fileTypesAndContributionMap":{"functional-code":{"insertions":1,"deletions":2}}},{"hash":"764dbec97a2e39a3076c57bc9b1b6fc5aaf3265c","messageTitle":"Remove location attribute from item","messageBody":"","fileTypesAndContributionMap":{"functional-code":{"insertions":4,"deletions":24}}},{"hash":"da70cd508b0382b192170b9209b081dea6ae32ac","messageTitle":"Allow space in name","messageBody":"","fileTypesAndContributionMap":{"functional-code":{"insertions":18,"deletions":10}}},{"hash":"72fc76514d9e3295a99ec98c51dcce0459432f86","messageTitle":"Auto convert string to BigDecimal","messageBody":"String will be converted BigDecimal automatically\nAllow round bracket in names\nInvalidFormat exception now a RuntimeException","fileTypesAndContributionMap":{"functional-code":{"insertions":32,"deletions":28}}},{"hash":"eecbbb82cd3efca6b6605d3c4672315649f172b3","messageTitle":"JUnit test for item class","messageBody":"","fileTypesAndContributionMap":{"test-code":{"insertions":97,"deletions":0}}},{"hash":"7ae76406f7359a69358b33893f9c6ca21ff186a8","messageTitle":"JUnit test for ItemContainer","messageBody":"","fileTypesAndContributionMap":{"functional-code":{"insertions":84,"deletions":51},"test-code":{"insertions":179,"deletions":20}}},{"hash":"f8a9b3a0b8739c985fff20ef3eb70ac0c0455c6a","messageTitle":"Minor format change","messageBody":"","fileTypesAndContributionMap":{"functional-code":{"insertions":3,"deletions":1}}},{"hash":"347951eca231a4d85f6c3e38e170dec23151535f","messageTitle":"Null check and more tests","messageBody":"","fileTypesAndContributionMap":{"functional-code":{"insertions":78,"deletions":49},"test-code":{"insertions":40,"deletions":10}}}]},{"date":"2021-10-12","commitResults":[{"hash":"74da41c3c0665a54d9212553b6d2699ad5fcfea3","messageTitle":"Change return of getSellingPrice and getPurchaseCost to String","messageBody":"","fileTypesAndContributionMap":{"functional-code":{"insertions":4,"deletions":4},"test-code":{"insertions":24,"deletions":6}}},{"hash":"2d24b2558d6e8a6f4dec4a079c61b518aae320ad","messageTitle":"Format change","messageBody":"","fileTypesAndContributionMap":{"functional-code":{"insertions":1,"deletions":0},"test-code":{"insertions":36,"deletions":33}}}]},{"date":"2021-10-13","commitResults":[{"hash":"bd390544086b678de3ae2a070e076b4071b23279","messageTitle":"Logging","messageBody":"","fileTypesAndContributionMap":{"functional-code":{"insertions":52,"deletions":11},"test-code":{"insertions":6,"deletions":1}}},{"hash":"fd3aa7104c29446c7c5b959d81697bc7011d72a7","messageTitle":"Make seedu/duke/model/exception Exception instead of RuntimeException","messageBody":"","fileTypesAndContributionMap":{"functional-code":{"insertions":3,"deletions":3}}},{"hash":"3285a75bc94fa25b56bc65275dbeba063a612ad5","messageTitle":"Revert \"Make seedu/duke/model/exception Exception instead of RuntimeException\"","messageBody":"This reverts commit fd3aa7104c29446c7c5b959d81697bc7011d72a7.\n","fileTypesAndContributionMap":{"functional-code":{"insertions":3,"deletions":3}}},{"hash":"4ac667e1b3b17ee0b9e1d47a4b96ca9341af27ef","messageTitle":"Bug fix","messageBody":"","fileTypesAndContributionMap":{"functional-code":{"insertions":5,"deletions":5}}}]},{"date":"2021-10-14","commitResults":[{"hash":"cc55aeff8c84ad71fa2964804984bee587ba578c","messageTitle":"basic UI","messageBody":"","fileTypesAndContributionMap":{"functional-code":{"insertions":30,"deletions":2}}},{"hash":"945e78ed8aa8b49d6635a84d6520e9290da3573b","messageTitle":"finish basic UI, add UI test","messageBody":"","fileTypesAndContributionMap":{"functional-code":{"insertions":5,"deletions":11}}},{"hash":"3d21f139f8121842900f9cc2e28b776de92e8903","messageTitle":"Print error message in Duke","messageBody":"","fileTypesAndContributionMap":{"functional-code":{"insertions":6,"deletions":4}}}]},{"date":"2021-10-16","commitResults":[{"hash":"370c93569f0adee0ed1e96823eef4d52aa0cdb72","messageTitle":"MessageBubble","messageBody":"","fileTypesAndContributionMap":{"functional-code":{"insertions":152,"deletions":0}}},{"hash":"5029812d2e2665b4ee78743b8ce05712ba37c1f7","messageTitle":"Update welcome message logo","messageBody":"","fileTypesAndContributionMap":{"functional-code":{"insertions":7,"deletions":5},"test-code":{"insertions":15,"deletions":0}}},{"hash":"9a0aacae9b2d8590e55bb8e27714a35b56a30e89","messageTitle":"Basic support for multiple ItemContainer","messageBody":"","fileTypesAndContributionMap":{"functional-code":{"insertions":128,"deletions":17},"test-code":{"insertions":22,"deletions":5}}}]},{"date":"2021-10-17","commitResults":[{"hash":"a78694b2a1d6cc9da8bd3d8040afcb85fe393760","messageTitle":"Get the container that stores the item","messageBody":"","fileTypesAndContributionMap":{"functional-code":{"insertions":17,"deletions":0}}},{"hash":"41f18047519bd192fb6a221b5966a042cbb3a41c","messageTitle":"Basic SalesManager functionality","messageBody":"","fileTypesAndContributionMap":{"functional-code":{"insertions":97,"deletions":0}}},{"hash":"ab749fd50f06e1205cf0664be4710c76bdf16132","messageTitle":"Minor format fix","messageBody":"","fileTypesAndContributionMap":{"functional-code":{"insertions":2,"deletions":2}}},{"hash":"b895df4f426c36d2af2e55b85d5a76f0a9d26546","messageTitle":"Minor format fix","messageBody":"","fileTypesAndContributionMap":{"functional-code":{"insertions":2,"deletions":2}}},{"hash":"89f5e327275b2c659351fa0918d4fc9798dcfb4a","messageTitle":"Remove some comment","messageBody":"","fileTypesAndContributionMap":{"functional-code":{"insertions":0,"deletions":1}}},{"hash":"e631db4aa6fe09ef7b46a0463f9da12e47c39995","messageTitle":"deleteContainer to detect if the itemcontainer exists","messageBody":"","fileTypesAndContributionMap":{"functional-code":{"insertions":10,"deletions":4}}},{"hash":"9fed4f2fd48287505d0992be7d9a37723654181b","messageTitle":"Refactor ItemContainer to Shelf and ContainerList to ShelfList","messageBody":"","fileTypesAndContributionMap":{"functional-code":{"insertions":173,"deletions":173},"other":{"insertions":47,"deletions":47},"test-code":{"insertions":209,"deletions":207}}},{"hash":"563cd47bbc9b5a41166c3b7035b73dfb14affa56","messageTitle":"Enable assertion","messageBody":"","fileTypesAndContributionMap":{"other":{"insertions":1,"deletions":0}}},{"hash":"c1af3da36c434428074fc45330f059734716df21","messageTitle":"Resolve conflict","messageBody":"","fileTypesAndContributionMap":{"functional-code":{"insertions":12,"deletions":14}}}]},{"date":"2021-10-18","commitResults":[{"hash":"ae5b51b5dcda3df493e1274bdc5a15022ae296b3","messageTitle":"DG for seedu/duke/model","messageBody":"","fileTypesAndContributionMap":{"docs":{"insertions":26,"deletions":1}}},{"hash":"f26007160cfb3253e181f2d4929fd6d47ec15a1d","messageTitle":"Bug fix","messageBody":"","fileTypesAndContributionMap":{"functional-code":{"insertions":12,"deletions":4},"test-code":{"insertions":70,"deletions":0}}},{"hash":"f9ca07afc7c7055b7d694a6aba7234b54ac2a308","messageTitle":"Update DG for seedu/duke/model","messageBody":"","fileTypesAndContributionMap":{"docs":{"insertions":9,"deletions":3}}},{"hash":"47f79698dd1749c5ffc087543548f700634940de","messageTitle":"Shelf and ShelfList bug fix","messageBody":"","fileTypesAndContributionMap":{"functional-code":{"insertions":8,"deletions":7},"test-code":{"insertions":62,"deletions":11}}}]},{"date":"2021-10-21","commitResults":[{"hash":"dbcce29f0e400a22b2cfb83a8687337aafbb4c1c","messageTitle":"Update DG","messageBody":"","fileTypesAndContributionMap":{"docs":{"insertions":12,"deletions":13}}}]},{"date":"2021-10-25","commitResults":[{"hash":"65c1d64af2fd088537f61e1a9997637b6b68afe3","messageTitle":"Basic storage class","messageBody":"","fileTypesAndContributionMap":{"functional-code":{"insertions":98,"deletions":3},"other":{"insertions":4,"deletions":0}}},{"hash":"fdec9ccb849b4c66c589a3ed7a17080f262b6e6d","messageTitle":"IO test","messageBody":"","fileTypesAndContributionMap":{"functional-code":{"insertions":2,"deletions":2}}}]},{"date":"2021-10-26","commitResults":[{"hash":"d82bf2a9704b58f4761daf84ec0e21d5f4bf768e","messageTitle":"bug fix","messageBody":"","fileTypesAndContributionMap":{"functional-code":{"insertions":44,"deletions":22}}},{"hash":"79e153c5b571f99462267f772e45f6c22d7f5b65","messageTitle":"Support for SoldItems","messageBody":"","fileTypesAndContributionMap":{"functional-code":{"insertions":24,"deletions":6}}},{"hash":"47aed6ed6b9325aa0d931582ca2c49fa504fc0f3","messageTitle":"Remark attribute for Item and Shelf","messageBody":"","fileTypesAndContributionMap":{"functional-code":{"insertions":47,"deletions":7}}},{"hash":"5c298c56b1a88aaf88d9bb7842eaa7e64e5f1577","messageTitle":"Duke UI","messageBody":"","fileTypesAndContributionMap":{"functional-code":{"insertions":4,"deletions":4}}},{"hash":"b3d7231f0f6e010758797da232bf54ee2e479b62","messageTitle":"Set static variable for JSON indentation level","messageBody":"","fileTypesAndContributionMap":{"functional-code":{"insertions":5,"deletions":2}}},{"hash":"6ded42848eff0f94d9aebef81584990b83c448ca","messageTitle":"rename json indentation level","messageBody":"","fileTypesAndContributionMap":{"functional-code":{"insertions":3,"deletions":3}}},{"hash":"cb73a8a549c0f1375acfe0ef6e116d8feed59bfc","messageTitle":"Sort items in the shelf","messageBody":"","fileTypesAndContributionMap":{"functional-code":{"insertions":33,"deletions":26}}}]},{"date":"2021-10-27","commitResults":[{"hash":"8623dcf7a1f23ad54bbbd4ef5b5a25f0b57a830c","messageTitle":"bug fix","messageBody":"","fileTypesAndContributionMap":{"functional-code":{"insertions":3,"deletions":3}}}]},{"date":"2021-10-28","commitResults":[{"hash":"486f764c77a011f9fc411c95abf66f6086624aa1","messageTitle":"Bug fix","messageBody":"","fileTypesAndContributionMap":{"functional-code":{"insertions":64,"deletions":25},"other":{"insertions":2,"deletions":0}}},{"hash":"d4cfebba4ab02c8f2c883bd024ad4d032792de61","messageTitle":"update ui-test with sample database","messageBody":"","fileTypesAndContributionMap":{"other":{"insertions":4,"deletions":2}}},{"hash":"7c3a3cb9a640eea0c99654e123f11390c25283a1","messageTitle":"List bug fix","messageBody":"","fileTypesAndContributionMap":{"functional-code":{"insertions":1,"deletions":1}}},{"hash":"a01640f875afefdf054d3bb114cbac8f8f21a3a4","messageTitle":"fix runtest.bat","messageBody":"","fileTypesAndContributionMap":{"other":{"insertions":1,"deletions":1}}},{"hash":"b86945cd0e567824e812705fa6f33334b7682c96","messageTitle":"Auto sort shelves by name","messageBody":"","fileTypesAndContributionMap":{"functional-code":{"insertions":4,"deletions":1}}},{"hash":"098005a240e8bb47318c50d60413e70fd257bdb9","messageTitle":"Bug fix","messageBody":"","fileTypesAndContributionMap":{"functional-code":{"insertions":32,"deletions":5},"other":{"insertions":1,"deletions":1}}},{"hash":"598303194dd7c77d64201b306d00d74399f50917","messageTitle":"Remove load test in text-ui-text","messageBody":"","fileTypesAndContributionMap":{"other":{"insertions":5,"deletions":4}}},{"hash":"3ca5ede863ad502860584dae2227470ca25881ce","messageTitle":"Rename Duke to CliverShelf","messageBody":"","fileTypesAndContributionMap":{"other":{"insertions":5,"deletions":5}}}]}]},"authorFileTypeContributionMap":{"haoyusimon":{"docs":34,"functional-code":587,"test-code":197},"t-l-xin":{"docs":291,"functional-code":740,"test-code":212},"zh1huang":{"docs":335,"functional-code":332,"test-code":108},"yuejunfeng0909":{"docs":60,"functional-code":1096,"test-code":490,"other":12}},"authorContributionVariance":{"haoyusimon":29663.74,"t-l-xin":46647.73,"zh1huang":9475.473,"yuejunfeng0909":48230.7},"authorDisplayNameMap":{"haoyusimon":"CS2113T-F11-4 ZHAN..AOYU","t-l-xin":"CS2113T-F11-4 TAN .. XIN","zh1huang":"CS2113T-F11-4 WANG..UANG","yuejunfeng0909":"CS2113T-F11-4 YUE ..FENG"}}
