{"authorDailyContributionsMap":{"justinfidelis":[{"date":"2021-09-30","commitResults":[{"hash":"b35aa74e872b308e79e5c94c77777b84a5b5a7fb","messageTitle":"Patient management functionality","messageBody":"","fileTypesAndContributionMap":{"functional-code":{"insertions":413,"deletions":21},"other":{"insertions":1,"deletions":1}}},{"hash":"ffa4bff77b2a2c6a480402f0c9f0223310c1c1dc","messageTitle":"Modify AboutUs","messageBody":"","fileTypesAndContributionMap":{"docs":{"insertions":1,"deletions":1}}},{"hash":"49c41885067ec807463c284d2e4986dbee7b9fa0","messageTitle":"gradle configuration","messageBody":"","fileTypesAndContributionMap":{"other":{"insertions":1,"deletions":1}}},{"hash":"a2d26eb22b35604eb06ae510b7ec595397e8d249","messageTitle":"Added view, delete commands and personal info parser functions","messageBody":"","fileTypesAndContributionMap":{"functional-code":{"insertions":193,"deletions":27}}}]},{"date":"2021-10-06","commitResults":[{"hash":"f1e1d0980a496c3848ac2c5ba06508bcfa9cf6c8","messageTitle":"Refactored preprocessEditPersonInformation method in Parser","messageBody":"","fileTypesAndContributionMap":{"functional-code":{"insertions":9,"deletions":15}}},{"hash":"a5e67b70319237b3bc5216ba14f866d0fb3f2b9c","messageTitle":"Modified parser methods","messageBody":"Modified parseEditPatientCommand to also read patient IDs with multiple digits\n\nAttribute specifiers are now removed within the updatePersonalInformation method instead of the individual parseName, parsePhoneNumber, ... methods\n\nFixed bug in capitaliseEachWord method","fileTypesAndContributionMap":{"functional-code":{"insertions":19,"deletions":13}}},{"hash":"47ae98afbd70f9ca3cd1eb692a2cf78a77f917e6","messageTitle":"Added JUnit tests for some Parser methods","messageBody":"Added JUnit tests for Parser methods parseName, parseEmailAddress and parsePhoneNumber","fileTypesAndContributionMap":{"other":{"insertions":1,"deletions":1},"test-code":{"insertions":83,"deletions":0}}},{"hash":"1de683dda849ca6669a0d5f61963e341e12bfa5b","messageTitle":"Modified code to comply with style guide","messageBody":"","fileTypesAndContributionMap":{"test-code":{"insertions":10,"deletions":10}}}]}],"CrimsonTitan79":[{"date":"2021-09-30","commitResults":[{"hash":"73a17e31377b6bade968297bebccaf3b9f44e669","messageTitle":"Add github profile link to CrimsonTitan79","messageBody":"","fileTypesAndContributionMap":{"docs":{"insertions":1,"deletions":1}}},{"hash":"d2ad211d53565fe5315c75aa9dfc39fd75b0d768","messageTitle":"Add name to docs","messageBody":"","fileTypesAndContributionMap":{"docs":{"insertions":1,"deletions":5}}}]},{"date":"2021-10-08","commitResults":[{"hash":"57defa672af7da49efccd2c05299c3e4ea98e683","messageTitle":"Add ability to store patients in a text file and load data from it","messageBody":"* Update medbot.Parser.updatePersonalInformation from private to public\n  as adding patients from storage requires it\n\n* Add getStorageString for Person and Patient classes\n","fileTypesAndContributionMap":{"functional-code":{"insertions":179,"deletions":2}}},{"hash":"d4e5e50fdd8f5308ffe9f8bc64d0ba76146b8cc7","messageTitle":"Add JavaDoc for all storage-related methods","messageBody":"","fileTypesAndContributionMap":{"functional-code":{"insertions":64,"deletions":3}}}]},{"date":"2021-10-09","commitResults":[{"hash":"e685d0fc8cd69c8f0078698a4d23ee3e9f0f26e0","messageTitle":"Disable storage/data.txt file creation message","messageBody":"","fileTypesAndContributionMap":{"functional-code":{"insertions":1,"deletions":1}}},{"hash":"6e9d2a33e297d0d4368f6f03608187aa4a99d7a5","messageTitle":"Fix checkstyle violations in PatientList, Storage, Patient, Person","messageBody":"","fileTypesAndContributionMap":{"functional-code":{"insertions":20,"deletions":17}}},{"hash":"fe4e333ee44d0a297f0816bf3681feb7accb5a51","messageTitle":"Disable storage/data.txt file creation message","messageBody":"","fileTypesAndContributionMap":{"functional-code":{"insertions":1,"deletions":3}}}]}],"jushg":[{"date":"2021-09-30","commitResults":[{"hash":"7741156591dadd5a69649b70b00945d9645fa9f8","messageTitle":"Change about","messageBody":"","fileTypesAndContributionMap":{"docs":{"insertions":1,"deletions":1}}}]},{"date":"2021-10-05","commitResults":[{"hash":"74531cf7f05fbe03e48b4a96a1bfe3b08f657257","messageTitle":"Add edit command for patient","messageBody":"Resolve #9","fileTypesAndContributionMap":{"functional-code":{"insertions":113,"deletions":6}}},{"hash":"3ebf0e6ad282bef5793fe237ee92424b0e1239e0","messageTitle":"Fix checkstyle fails for edit patient info functions","messageBody":"","fileTypesAndContributionMap":{"functional-code":{"insertions":19,"deletions":13}}}]},{"date":"2021-10-07","commitResults":[{"hash":"ead145592acb24f7b95dbef87b58e38f964be99f","messageTitle":"Replace magic strings with declared constants","messageBody":"","fileTypesAndContributionMap":{"functional-code":{"insertions":3,"deletions":2}}},{"hash":"4b8e61ed51e44af6d6a55c8a8d54047ec6f90d26","messageTitle":"JUnit for some Parser method","messageBody":"Functions tested: parseResidentialAddress, parseIcNumber","fileTypesAndContributionMap":{"test-code":{"insertions":41,"deletions":0}}}]}],"Kureans":[{"date":"2021-09-30","commitResults":[{"hash":"0e4f188632fde4770ea2cae3d1fc24431a319dc5","messageTitle":"Update AboutUs.md","messageBody":"","fileTypesAndContributionMap":{"functional-code":{"insertions":3,"deletions":0},"docs":{"insertions":1,"deletions":1}}}]},{"date":"2021-10-07","commitResults":[{"hash":"67d1920cbcfd9099063d47674070bd6b178315db","messageTitle":"Add help command","messageBody":"","fileTypesAndContributionMap":{"functional-code":{"insertions":139,"deletions":7}}},{"hash":"bd45d146e38cdf41c68df6915bb99aaef9872f5c","messageTitle":"Add javadoc comments for Parser.java and Ui.java","messageBody":"","fileTypesAndContributionMap":{"functional-code":{"insertions":38,"deletions":1}}},{"hash":"974688f87375254bdde63b7d42bb92537198f7cc","messageTitle":"Fix UiTest testGetAllPatientsMessage bug","messageBody":"","fileTypesAndContributionMap":{"test-code":{"insertions":8,"deletions":7}}},{"hash":"71c2947048bd47c05d3d11d2514d08d7ab22c02b","messageTitle":"Fix checkstyle violations in Ui.java and Parser.java","messageBody":"","fileTypesAndContributionMap":{"functional-code":{"insertions":47,"deletions":58}}},{"hash":"87e4768f00b42f807ccb807dbabbcc2b49436d60","messageTitle":"Add JUnit test for help command","messageBody":"","fileTypesAndContributionMap":{"functional-code":{"insertions":32,"deletions":30},"test-code":{"insertions":14,"deletions":0}}}]}],"EricBryann":[{"date":"2021-09-30","commitResults":[{"hash":"5834b549c6e73b9a2b724cfc1c598ccdcabeb322","messageTitle":"Eric bryan update .md","messageBody":"","fileTypesAndContributionMap":{"docs":{"insertions":1,"deletions":1}}}]},{"date":"2021-10-04","commitResults":[{"hash":"174e9632f22d25dba639ac5fd0057dd28c48dfff","messageTitle":"Fix checkstyle fails","messageBody":"","fileTypesAndContributionMap":{"functional-code":{"insertions":33,"deletions":31}}},{"hash":"dd886202d7a05d5df5d0958b296e66a7a5477686","messageTitle":"Change gradle version in build because previous one is deprecated","messageBody":"","fileTypesAndContributionMap":{"other":{"insertions":1,"deletions":1}}},{"hash":"5728eb5ff154bd23731c903e34d671c2969f6b13","messageTitle":"Fix test mainClassName","messageBody":"","fileTypesAndContributionMap":{"other":{"insertions":2,"deletions":2}}}]},{"date":"2021-10-06","commitResults":[{"hash":"4f5cb7a1eb70a6e6ab226ff7557578eaf57a0336","messageTitle":"Abstract ui pessages into UI Class","messageBody":"","fileTypesAndContributionMap":{"functional-code":{"insertions":43,"deletions":10}}},{"hash":"987013231e79e08eee81802c07c8dfdebdc4cb7e","messageTitle":"Abstract error messages into constants","messageBody":"","fileTypesAndContributionMap":{"functional-code":{"insertions":125,"deletions":48}}},{"hash":"aa439109dac362c19c883ab67e19738c3a844b53","messageTitle":"Refactor code to comply to coding standards.","messageBody":"","fileTypesAndContributionMap":{"functional-code":{"insertions":7,"deletions":5}}},{"hash":"7cb987620145498eec23a5a3d51a036d04bf2fde","messageTitle":"Refactor UI messages to separate messages from print functions","messageBody":"","fileTypesAndContributionMap":{"functional-code":{"insertions":51,"deletions":43}}},{"hash":"8f9b3a5ae588d098d93770da48c2b9a243b3c3b4","messageTitle":"Fix phone number parse bugs","messageBody":"","fileTypesAndContributionMap":{"functional-code":{"insertions":1,"deletions":1}}},{"hash":"1247734f3beafb15b20e4af64bcbbab98679a0e2","messageTitle":"Single Class imports","messageBody":"","fileTypesAndContributionMap":{"functional-code":{"insertions":7,"deletions":1}}},{"hash":"522ea11084d0d4b0dcbce0dfb2ee0e2cd633e72a","messageTitle":"JUnit for Ui Class","messageBody":"","fileTypesAndContributionMap":{"test-code":{"insertions":87,"deletions":0}}}]}]},"authorFileTypeContributionMap":{"justinfidelis":{"docs":1,"functional-code":497,"test-code":83},"CrimsonTitan79":{"docs":1,"functional-code":241,"test-code":0},"jushg":{"docs":1,"functional-code":90,"test-code":41},"Kureans":{"docs":1,"functional-code":168,"test-code":22},"EricBryann":{"docs":1,"functional-code":225,"test-code":84,"other":2}},"authorContributionVariance":{"justinfidelis":27772.336,"CrimsonTitan79":3830.4622,"jushg":1485.3954,"Kureans":9016.861,"EricBryann":11480.774},"authorDisplayNameMap":{"justinfidelis":"CS2113-T13-1 JUST.. WEN","CrimsonTitan79":"CS2113-T13-1 TAY ..ICUS","jushg":"CS2113-T13-1 HOAN.. TAN","Kureans":"CS2113-T13-1 TENG..IONG","EricBryann":"CS2113-T13-1 ERIC..RYAN"}}
