{"authorDailyContributionsMap":{"justinfidelis":[{"date":"2021-09-30","commitResults":[{"hash":"b35aa74e872b308e79e5c94c77777b84a5b5a7fb","messageTitle":"Patient management functionality","messageBody":"","fileTypesAndContributionMap":{"functional-code":{"insertions":413,"deletions":21},"other":{"insertions":1,"deletions":1}}},{"hash":"ffa4bff77b2a2c6a480402f0c9f0223310c1c1dc","messageTitle":"Modify AboutUs","messageBody":"","fileTypesAndContributionMap":{"docs":{"insertions":1,"deletions":1}}},{"hash":"49c41885067ec807463c284d2e4986dbee7b9fa0","messageTitle":"gradle configuration","messageBody":"","fileTypesAndContributionMap":{"other":{"insertions":1,"deletions":1}}},{"hash":"a2d26eb22b35604eb06ae510b7ec595397e8d249","messageTitle":"Added view, delete commands and personal info parser functions","messageBody":"","fileTypesAndContributionMap":{"functional-code":{"insertions":193,"deletions":27}}}]},{"date":"2021-10-06","commitResults":[{"hash":"f1e1d0980a496c3848ac2c5ba06508bcfa9cf6c8","messageTitle":"Refactored preprocessEditPersonInformation method in Parser","messageBody":"","fileTypesAndContributionMap":{"functional-code":{"insertions":9,"deletions":15}}},{"hash":"a5e67b70319237b3bc5216ba14f866d0fb3f2b9c","messageTitle":"Modified parser methods","messageBody":"Modified parseEditPatientCommand to also read patient IDs with multiple digits\n\nAttribute specifiers are now removed within the updatePersonalInformation method instead of the individual parseName, parsePhoneNumber, ... methods\n\nFixed bug in capitaliseEachWord method","fileTypesAndContributionMap":{"functional-code":{"insertions":19,"deletions":13}}},{"hash":"47ae98afbd70f9ca3cd1eb692a2cf78a77f917e6","messageTitle":"Added JUnit tests for some Parser methods","messageBody":"Added JUnit tests for Parser methods parseName, parseEmailAddress and parsePhoneNumber","fileTypesAndContributionMap":{"other":{"insertions":1,"deletions":1},"test-code":{"insertions":83,"deletions":0}}},{"hash":"1de683dda849ca6669a0d5f61963e341e12bfa5b","messageTitle":"Modified code to comply with style guide","messageBody":"","fileTypesAndContributionMap":{"test-code":{"insertions":10,"deletions":10}}}]},{"date":"2021-10-13","commitResults":[{"hash":"575054ad595615cc617222cdbdb514d203ca875a","messageTitle":"Modified getParameters method in Parser Class","messageBody":"returns only the parameters without returning the command","fileTypesAndContributionMap":{"functional-code":{"insertions":10,"deletions":8}}},{"hash":"f724d04ad08c1771cdb231cbc4a1554a6c0cbcdc","messageTitle":"Refactored updateMultiplePersonalInformation method","messageBody":"Also fixed some comments as parseAttribute methods not longer remove the attribute specifier","fileTypesAndContributionMap":{"functional-code":{"insertions":23,"deletions":17}}},{"hash":"7884af304eea7a43c6bf43b797a67e161c29a4b1","messageTitle":"Added JUnit tests for some methods","messageBody":"preprocessMultiAttributeInput and updateMultiplePersonalInformation methods","fileTypesAndContributionMap":{"test-code":{"insertions":36,"deletions":0}}},{"hash":"33373be0e9c7a1fc12a8aa45be346d67362cfd99","messageTitle":"Fix checkstyle violation","messageBody":"","fileTypesAndContributionMap":{"functional-code":{"insertions":2,"deletions":1}}},{"hash":"a8ed0a30b2ce2000034bb5aa9af02b49a1bd9200","messageTitle":"Fix checkstyle violation","messageBody":"","fileTypesAndContributionMap":{"test-code":{"insertions":8,"deletions":6}}},{"hash":"d4b6d2cfad701820d57619e24badae839a88b36f","messageTitle":"Fixed Parser method bug","messageBody":"","fileTypesAndContributionMap":{"functional-code":{"insertions":1,"deletions":1},"test-code":{"insertions":1,"deletions":0}}},{"hash":"0d7e7e7d288a6a963048bbb40ae0c89dd6cfca7d","messageTitle":"Fixed some tests in UiTest","messageBody":"","fileTypesAndContributionMap":{"functional-code":{"insertions":4,"deletions":4},"test-code":{"insertions":3,"deletions":3}}}]},{"date":"2021-10-18","commitResults":[{"hash":"d67fda85fcfb2669bdfd1bda0c7b68518f3bc82c","messageTitle":"Added MedBotParserException","messageBody":"","fileTypesAndContributionMap":{"functional-code":{"insertions":22,"deletions":8},"other":{"insertions":8,"deletions":7},"test-code":{"insertions":1,"deletions":0}}},{"hash":"cce7fd2367a5f1ffce93e09273536e0aeefe8bc8","messageTitle":"Modified switch and help commands","messageBody":"","fileTypesAndContributionMap":{"functional-code":{"insertions":216,"deletions":99}}},{"hash":"7e7dd23275b4d69ff69221e98af4fb299f2afa5d","messageTitle":"Changes endline characters to System.lineSeparator()","messageBody":"","fileTypesAndContributionMap":{"functional-code":{"insertions":41,"deletions":37},"test-code":{"insertions":7,"deletions":5}}}]},{"date":"2021-10-20","commitResults":[{"hash":"69d9c63aa3b419a52dd87b28f4ca7ffbd01809ce","messageTitle":"Changes to Parser class exception messages","messageBody":"","fileTypesAndContributionMap":{"functional-code":{"insertions":11,"deletions":12}}},{"hash":"8d0293ce4a9b2a15bdbff37b6d8464a58b0b18b0","messageTitle":"Update Parser unit tests","messageBody":"","fileTypesAndContributionMap":{"test-code":{"insertions":15,"deletions":15}}},{"hash":"c48d4a0b0da27b939b47e992b2575e176076962f","messageTitle":"Renamed person commands","messageBody":"","fileTypesAndContributionMap":{"functional-code":{"insertions":39,"deletions":39},"other":{"insertions":11,"deletions":11}}},{"hash":"cd4fec92e1f0fa00fd6093951050170500a539af","messageTitle":"Refactored out parsePersonId method","messageBody":"","fileTypesAndContributionMap":{"functional-code":{"insertions":36,"deletions":35}}},{"hash":"b86ea1d1c22ac8328effd92fb70dc93b188647f8","messageTitle":"Refactored Parser commands","messageBody":"Separately handles patient and staff commands","fileTypesAndContributionMap":{"functional-code":{"insertions":125,"deletions":86}}},{"hash":"cd7da2ff47b3dd8df99e2cebabd6486259acc19c","messageTitle":"Added Scheduler class, removed CommandManager","messageBody":"Modified commands accordingly","fileTypesAndContributionMap":{"functional-code":{"insertions":139,"deletions":186}}},{"hash":"cb7eb71d77b751b0ea204daecd214a550aade86b","messageTitle":"Reorganized packages and imports","messageBody":"","fileTypesAndContributionMap":{"functional-code":{"insertions":24,"deletions":36},"other":{"insertions":37,"deletions":29}}}]},{"date":"2021-10-21","commitResults":[{"hash":"a40ed21298574abc310018c4975e949887261772","messageTitle":"Scheduler Functionality","messageBody":"","fileTypesAndContributionMap":{"functional-code":{"insertions":517,"deletions":32}}},{"hash":"3e2525b8bcaab2e0aba16001d8ccab4f37de00e8","messageTitle":"Fixed test cases","messageBody":"","fileTypesAndContributionMap":{"test-code":{"insertions":7,"deletions":7}}}]},{"date":"2021-10-22","commitResults":[{"hash":"49c4a6bcc995c604dea7f813861c215a86f90f23","messageTitle":"Add DG MedBot Architecture","messageBody":"","fileTypesAndContributionMap":{"docs":{"insertions":21,"deletions":2}}},{"hash":"25e99b8b0e2335c3d5a8a7585381787d749608f0","messageTitle":"Added Documentation for some Parser methods","messageBody":"","fileTypesAndContributionMap":{"functional-code":{"insertions":84,"deletions":15}}},{"hash":"79fa8f6818caa23ea893cb4847c948e4eac8d622","messageTitle":"added sequence diagram for overall MedBot application","messageBody":"","fileTypesAndContributionMap":{"docs":{"insertions":55,"deletions":0}}},{"hash":"11de8071a89e9075f5b3caeaca478193872e26a9","messageTitle":"Refactor parser methods to separate classes","messageBody":"","fileTypesAndContributionMap":{"functional-code":{"insertions":866,"deletions":824},"test-code":{"insertions":14,"deletions":12}}}]},{"date":"2021-10-24","commitResults":[{"hash":"57bc229fb0c2b66de0b70f67cdc79734854c9e75","messageTitle":"Modified multi-attribute command parsing behaviour","messageBody":"","fileTypesAndContributionMap":{"functional-code":{"insertions":5,"deletions":3}}},{"hash":"0b93ddc5fbd97ba3a8d756ae972b88f3069996c1","messageTitle":"Removed unnecessary exception handling","messageBody":"","fileTypesAndContributionMap":{"functional-code":{"insertions":40,"deletions":76}}},{"hash":"e66443a99925e35fde32d5e8966fd7c0ac3a90be","messageTitle":"renaming of schedulerAppointmentList methods","messageBody":"","fileTypesAndContributionMap":{"functional-code":{"insertions":4,"deletions":9}}},{"hash":"aba9932e45ff92c232f8dd9c1dad7da22b2e1456","messageTitle":"Added comments","messageBody":"","fileTypesAndContributionMap":{"functional-code":{"insertions":34,"deletions":15}}},{"hash":"e2698387beeb33b7d793a805a93a0869d2ff1dd2","messageTitle":"Modify parseDateTime method","messageBody":"and slight changes to others","fileTypesAndContributionMap":{"functional-code":{"insertions":21,"deletions":10}}},{"hash":"8853bb739de86273deced1f5c2fe6009d00912ce","messageTitle":"Cleaned some PersonalAppointmentList methods","messageBody":"","fileTypesAndContributionMap":{"functional-code":{"insertions":6,"deletions":21}}},{"hash":"d25945a22d0aa4378da30ba6265257ffcb54f0eb","messageTitle":"Cleaned up scheduler methods","messageBody":"","fileTypesAndContributionMap":{"functional-code":{"insertions":39,"deletions":40}}},{"hash":"011cc11b555d124609c1ab96cdfae176b9afa8c5","messageTitle":"Added Javadoc to Scheduler and AppointmentList classes","messageBody":"","fileTypesAndContributionMap":{"functional-code":{"insertions":81,"deletions":8}}},{"hash":"6f11bc72f176ae99872ef9bd219d34b17cd4bb1b","messageTitle":"Refactored some methods to improve encapsulation","messageBody":"","fileTypesAndContributionMap":{"functional-code":{"insertions":54,"deletions":15}}},{"hash":"2eabdc368a7fd7e410fce4f47cb542c57c65f4f3","messageTitle":"Modified JUnit tests for readability","messageBody":"","fileTypesAndContributionMap":{"functional-code":{"insertions":22,"deletions":23},"test-code":{"insertions":240,"deletions":128}}},{"hash":"dac25db2e65789835212e9990835d90038e4019e","messageTitle":"Added JavaDoc for PersonList public methods","messageBody":"","fileTypesAndContributionMap":{"functional-code":{"insertions":94,"deletions":21}}},{"hash":"0b91c5cf2d78fbc5a9aa0624edddb7b981afabbd","messageTitle":"Added listPersonAppointment methods to Scheduler","messageBody":"","fileTypesAndContributionMap":{"functional-code":{"insertions":11,"deletions":2}}},{"hash":"070952de86b4a5851ba002922d19fced4e0cd024","messageTitle":"Added methods to Scheduler class","messageBody":"To remove direct access to patientList and medicalStaffList","fileTypesAndContributionMap":{"functional-code":{"insertions":173,"deletions":45},"test-code":{"insertions":1,"deletions":1}}}]},{"date":"2021-10-25","commitResults":[{"hash":"8d1f107e09796ad5e6182b5d74de60300adfee3f","messageTitle":"Fix generateId methods","messageBody":"","fileTypesAndContributionMap":{"functional-code":{"insertions":5,"deletions":11}}},{"hash":"f3553c6b978aa0dfd85e3deb8a5a3b04326100b6","messageTitle":"Added patientAppointment deletion cascade functionality","messageBody":"","fileTypesAndContributionMap":{"functional-code":{"insertions":82,"deletions":26}}},{"hash":"c7f356d0e7869ff732ca72b6bdf422a20781a2ee","messageTitle":"Added staffAppointment deletion cascade functionality","messageBody":"","fileTypesAndContributionMap":{"functional-code":{"insertions":27,"deletions":13}}},{"hash":"36a7accb140126d1f1abf781cde2490999edd459","messageTitle":"removed duplicate Ui class","messageBody":"","fileTypesAndContributionMap":{"functional-code":{"insertions":0,"deletions":406}}},{"hash":"1b6abe8a8c5ca2f53e7934557924602f30e90c5a","messageTitle":"Removed alternate appointment attribute specifiers","messageBody":"","fileTypesAndContributionMap":{"functional-code":{"insertions":4,"deletions":8}}},{"hash":"453292308c239cd5153512ef972265558dd6b0f1","messageTitle":"Modified help command to only list valid commands for that viewType","messageBody":"","fileTypesAndContributionMap":{"functional-code":{"insertions":46,"deletions":15},"test-code":{"insertions":42,"deletions":2}}},{"hash":"fdbc7eff0c77cbeb8ed79f678b160e3f14747338","messageTitle":"Modified dateTimeFormat","messageBody":"","fileTypesAndContributionMap":{"functional-code":{"insertions":8,"deletions":10},"test-code":{"insertions":3,"deletions":4}}},{"hash":"8e9c2684c8543f128b0dd90d52bc66e92fa6967b","messageTitle":"Checkstyle","messageBody":"","fileTypesAndContributionMap":{"functional-code":{"insertions":2,"deletions":2}}}]},{"date":"2021-10-26","commitResults":[{"hash":"4ca3ca448626acd8b4f4309533823bfdfef4f326","messageTitle":"Update DeveloperGuide.md","messageBody":"","fileTypesAndContributionMap":{"docs":{"insertions":1,"deletions":1}}},{"hash":"e69126af76dfad20a9b15f902115d219dabf961c","messageTitle":"Appointment table format","messageBody":"","fileTypesAndContributionMap":{"functional-code":{"insertions":171,"deletions":464}}},{"hash":"68d5d974e3a0d56d96c24112733dd3f494f389f9","messageTitle":"Fix appointment table alignment","messageBody":"","fileTypesAndContributionMap":{"functional-code":{"insertions":2,"deletions":2}}},{"hash":"48fdad8d650c4ef3c4bce8116e7b44b3d423a08a","messageTitle":"Update DeveloperGuide.md","messageBody":"","fileTypesAndContributionMap":{"docs":{"insertions":1,"deletions":1}}},{"hash":"8eaa0e6791e7e6c0db1c8bdcb09bdc2a467f8227","messageTitle":"Update DeveloperGuide.md","messageBody":"","fileTypesAndContributionMap":{"docs":{"insertions":1,"deletions":1}}},{"hash":"6d1fbe55e651f20e8406d011dfef11bef11bd6e3","messageTitle":"UG Scheduler commands","messageBody":"","fileTypesAndContributionMap":{"docs":{"insertions":111,"deletions":5}}}]}],"CrimsonTitan79":[{"date":"2021-09-30","commitResults":[{"hash":"73a17e31377b6bade968297bebccaf3b9f44e669","messageTitle":"Add github profile link to CrimsonTitan79","messageBody":"","fileTypesAndContributionMap":{"docs":{"insertions":1,"deletions":1}}},{"hash":"d2ad211d53565fe5315c75aa9dfc39fd75b0d768","messageTitle":"Add name to docs","messageBody":"","fileTypesAndContributionMap":{"docs":{"insertions":1,"deletions":5}}}]},{"date":"2021-10-08","commitResults":[{"hash":"57defa672af7da49efccd2c05299c3e4ea98e683","messageTitle":"Add ability to store patients in a text file and load data from it","messageBody":"* Update medbot.Parser.updatePersonalInformation from private to public\n  as adding patients from storage requires it\n\n* Add getStorageString for Person and Patient classes\n","fileTypesAndContributionMap":{"functional-code":{"insertions":179,"deletions":2}}},{"hash":"d4e5e50fdd8f5308ffe9f8bc64d0ba76146b8cc7","messageTitle":"Add JavaDoc for all storage-related methods","messageBody":"","fileTypesAndContributionMap":{"functional-code":{"insertions":64,"deletions":3}}}]},{"date":"2021-10-09","commitResults":[{"hash":"e685d0fc8cd69c8f0078698a4d23ee3e9f0f26e0","messageTitle":"Disable storage/data.txt file creation message","messageBody":"","fileTypesAndContributionMap":{"functional-code":{"insertions":1,"deletions":1}}},{"hash":"6e9d2a33e297d0d4368f6f03608187aa4a99d7a5","messageTitle":"Fix checkstyle violations in PatientList, Storage, Patient, Person","messageBody":"","fileTypesAndContributionMap":{"functional-code":{"insertions":20,"deletions":17}}},{"hash":"fe4e333ee44d0a297f0816bf3681feb7accb5a51","messageTitle":"Disable storage/data.txt file creation message","messageBody":"","fileTypesAndContributionMap":{"functional-code":{"insertions":1,"deletions":3}}}]},{"date":"2021-10-10","commitResults":[{"hash":"9856231cce7e0c761a6808d2928ff17b2c09a9cf","messageTitle":"Add Storage constructor that supports custom data file path, Fix loadStorage unhandled NullPointerException error","messageBody":"* custom path primarily for testing purposes\n","fileTypesAndContributionMap":{"functional-code":{"insertions":20,"deletions":12}}},{"hash":"a6c55d1a573ff858875630dbe788fd8e6a1f8b7d","messageTitle":"Add JUnit tests for Storage","messageBody":"","fileTypesAndContributionMap":{"functional-code":{"insertions":17,"deletions":10},"test-code":{"insertions":190,"deletions":0}}},{"hash":"c6d9354f25f150b68d232e38ce5796378e841063","messageTitle":"Update text-ui-text/EXPECTED to reflect current output.","messageBody":"* Update runtest.sh to have no redundant commands\n","fileTypesAndContributionMap":{"other":{"insertions":1,"deletions":3}}}]},{"date":"2021-10-12","commitResults":[{"hash":"bbf1f5f1fc1a2f578f3cfdf7231ba3171b91dc23","messageTitle":"Update print messages when starting Medbot, with and without load storage errors","messageBody":"","fileTypesAndContributionMap":{"functional-code":{"insertions":22,"deletions":10}}}]},{"date":"2021-10-13","commitResults":[{"hash":"f2a29cb7322a377d94ae95a0d513999de968852e","messageTitle":"Refactor Storage class methods by SLAP, Update JavaDoc","messageBody":"","fileTypesAndContributionMap":{"functional-code":{"insertions":78,"deletions":26}}},{"hash":"9d3ba1c66676d6a619ef5b6ae45c0c62a9de3f66","messageTitle":"Update StorageTest unit tests","messageBody":"","fileTypesAndContributionMap":{"functional-code":{"insertions":2,"deletions":2},"test-code":{"insertions":17,"deletions":14}}},{"hash":"8ff3d2b7a4ced006a6e5647c72f714c3f0d2346a","messageTitle":"Add assertion for Storage class","messageBody":"","fileTypesAndContributionMap":{"functional-code":{"insertions":3,"deletions":0}}}]},{"date":"2021-10-25","commitResults":[{"hash":"16fea26ac01306ba72ae647764ee35ff6b04cc1f","messageTitle":"Add storage for medical staff. Refactored storage","messageBody":"* Abstracted all storage to come from base storage class\n* Person Storage for Staff and Patient info\n* Base storage class ready to be extended to storing other ListItemTypes\n","fileTypesAndContributionMap":{"functional-code":{"insertions":357,"deletions":222},"test-code":{"insertions":1,"deletions":0}}},{"hash":"ee1af37ddfc26d5c9aeb97be802778f02576d78b","messageTitle":"Update JavaDoc, Disable JUNITest for storage * fix checkstyle","messageBody":"","fileTypesAndContributionMap":{"functional-code":{"insertions":3,"deletions":272},"test-code":{"insertions":196,"deletions":196}}},{"hash":"1138ea994ba50b8206b73c55c0ed4574853aec36","messageTitle":"Fix git merge syntax error","messageBody":"","fileTypesAndContributionMap":{"functional-code":{"insertions":1,"deletions":3}}},{"hash":"a92e193a047d0061ade93208b4ad1cc8b403bbef","messageTitle":"Fix storage file directory names","messageBody":"","fileTypesAndContributionMap":{"functional-code":{"insertions":288,"deletions":0}}},{"hash":"928dee6286ad0aa932b5a47068c1015da9a44482","messageTitle":"Add storage for appointments","messageBody":"","fileTypesAndContributionMap":{"functional-code":{"insertions":163,"deletions":21}}},{"hash":"fc521fceb501b8daffde46413300d3a798205209","messageTitle":"Fix checkstyle and compile errors","messageBody":"","fileTypesAndContributionMap":{"functional-code":{"insertions":8,"deletions":4}}}]},{"date":"2021-10-26","commitResults":[{"hash":"516081c549e48deead651174137604bbeaea463e","messageTitle":"Update appointment date storage format, Fix load data bug","messageBody":"","fileTypesAndContributionMap":{"functional-code":{"insertions":22,"deletions":1}}},{"hash":"f48044640f2b9c36002fce583ea8d9351a436508","messageTitle":"Add StorageManager to deal with all Storage classes","messageBody":"","fileTypesAndContributionMap":{"functional-code":{"insertions":74,"deletions":27}}},{"hash":"612ef90b9506e3db5c56f552b2c3a29e3db4ef41","messageTitle":"Unified storage error instruction","messageBody":"","fileTypesAndContributionMap":{"functional-code":{"insertions":6,"deletions":8}}}]}],"jushg":[{"date":"2021-09-30","commitResults":[{"hash":"7741156591dadd5a69649b70b00945d9645fa9f8","messageTitle":"Change about","messageBody":"","fileTypesAndContributionMap":{"docs":{"insertions":1,"deletions":1}}}]},{"date":"2021-10-05","commitResults":[{"hash":"74531cf7f05fbe03e48b4a96a1bfe3b08f657257","messageTitle":"Add edit command for patient","messageBody":"Resolve #9","fileTypesAndContributionMap":{"functional-code":{"insertions":113,"deletions":6}}},{"hash":"3ebf0e6ad282bef5793fe237ee92424b0e1239e0","messageTitle":"Fix checkstyle fails for edit patient info functions","messageBody":"","fileTypesAndContributionMap":{"functional-code":{"insertions":19,"deletions":13}}}]},{"date":"2021-10-07","commitResults":[{"hash":"ead145592acb24f7b95dbef87b58e38f964be99f","messageTitle":"Replace magic strings with declared constants","messageBody":"","fileTypesAndContributionMap":{"functional-code":{"insertions":3,"deletions":2}}},{"hash":"4b8e61ed51e44af6d6a55c8a8d54047ec6f90d26","messageTitle":"JUnit for some Parser method","messageBody":"Functions tested: parseResidentialAddress, parseIcNumber","fileTypesAndContributionMap":{"test-code":{"insertions":41,"deletions":0}}}]},{"date":"2021-10-13","commitResults":[{"hash":"65433f13bebee3726cdd558e7b081e82d2255b77","messageTitle":"Refactor Parser class, Update JavaDoc, Add assertion","messageBody":"","fileTypesAndContributionMap":{"functional-code":{"insertions":48,"deletions":23}}}]},{"date":"2021-10-18","commitResults":[{"hash":"94101ba8dbac1efd1548f0baa365effa361a504d","messageTitle":"Add generic  list modification commands","messageBody":"","fileTypesAndContributionMap":{"functional-code":{"insertions":75,"deletions":23}}},{"hash":"e03768c5dabf17e486ed3aad3746012c13d534e7","messageTitle":"Refactor Patient List modification commands","messageBody":"","fileTypesAndContributionMap":{"functional-code":{"insertions":115,"deletions":86}}},{"hash":"cf0f0692e3cf94b5cbcda7eb8519a422d1f9d57c","messageTitle":"Update function call and imports","messageBody":"","fileTypesAndContributionMap":{"functional-code":{"insertions":14,"deletions":9},"test-code":{"insertions":7,"deletions":5}}},{"hash":"e5e0357d425b3d02e1d08c343c58441f8dc89f14","messageTitle":"Refactor for Staff and Patient list to inherit from Person List","messageBody":"","fileTypesAndContributionMap":{"functional-code":{"insertions":33,"deletions":32},"other":{"insertions":10,"deletions":8}}},{"hash":"897f08f05d9088aa8857e5fc05da5f5fe529d53b","messageTitle":"Add basic structure for Staff Command","messageBody":"","fileTypesAndContributionMap":{"functional-code":{"insertions":44,"deletions":0}}},{"hash":"57c912730ff5871cc07c6394d7a1058e0f468ad9","messageTitle":"Fix Checkstyle package naming convention","messageBody":"","fileTypesAndContributionMap":{"functional-code":{"insertions":5,"deletions":5},"other":{"insertions":10,"deletions":11}}}]},{"date":"2021-10-19","commitResults":[{"hash":"e7d317c585a9004b5824d1182d5d9c3e71b7d6c4","messageTitle":"Refactor method name for Patient class","messageBody":"","fileTypesAndContributionMap":{"functional-code":{"insertions":6,"deletions":8},"test-code":{"insertions":2,"deletions":2}}},{"hash":"b70de779882f6cc22068c607db18da6768f47899","messageTitle":"Add new CommandManager class","messageBody":"Move viewContext to the CommandManager Class","fileTypesAndContributionMap":{"functional-code":{"insertions":84,"deletions":45}}},{"hash":"752e62169a76747285d7f62fc1c04b2cadf51d78","messageTitle":"Fix checkstyle","messageBody":"","fileTypesAndContributionMap":{"functional-code":{"insertions":1,"deletions":1}}},{"hash":"590b3618f37bc27db7a689458b87e559d8b64a54","messageTitle":"Refactor main parser class","messageBody":"","fileTypesAndContributionMap":{"functional-code":{"insertions":37,"deletions":34}}},{"hash":"acdb7d0a5a01f7e2d69846f9923f2b47aa1da49c","messageTitle":"Add execute method for Staff commands","messageBody":"","fileTypesAndContributionMap":{"functional-code":{"insertions":63,"deletions":4}}},{"hash":"a25a7665b20a8a66db813a9da2562f1f6cf5210b","messageTitle":"Edit *CommandParser to use for both Staff and Patient","messageBody":"","fileTypesAndContributionMap":{"functional-code":{"insertions":109,"deletions":66}}}]},{"date":"2021-10-21","commitResults":[{"hash":"7109b30f94c76be62f991229249bf8e386778885","messageTitle":"Add DG Doc for edit command","messageBody":"","fileTypesAndContributionMap":{"docs":{"insertions":38,"deletions":2}}},{"hash":"8c9ffe151a9fbab693382aa055f30e52273d9c33","messageTitle":"Add test for parsePersonId and preprocessInput","messageBody":"","fileTypesAndContributionMap":{"test-code":{"insertions":33,"deletions":0}}},{"hash":"ae1c5240340ae79fca55d01be5aa35ccb851d88d","messageTitle":"Remove imports","messageBody":"","fileTypesAndContributionMap":{"functional-code":{"insertions":0,"deletions":10}}},{"hash":"2c9810108cf2468c15369a432394eaa7632c283e","messageTitle":"Add JUnit test for Parser Class","messageBody":"","fileTypesAndContributionMap":{"functional-code":{"insertions":0,"deletions":1},"test-code":{"insertions":112,"deletions":24}}}]},{"date":"2021-10-22","commitResults":[{"hash":"ae99109cf73828bea2bcd351397209c6414c9443","messageTitle":"Add JUnit test for ParseStaff and ParseAppointment","messageBody":"","fileTypesAndContributionMap":{"test-code":{"insertions":71,"deletions":2}}},{"hash":"96e9cba128744f66e24afc0f25c87096de344f81","messageTitle":"Refactor UI class","messageBody":"","fileTypesAndContributionMap":{"functional-code":{"insertions":747,"deletions":432},"test-code":{"insertions":60,"deletions":58}}},{"hash":"b543da59824c519e4b2e1609ea925aea40d60fc2","messageTitle":"Add staff Help Commands","messageBody":"","fileTypesAndContributionMap":{"functional-code":{"insertions":37,"deletions":8}}},{"hash":"3ae09adc9bd8a2dc7e6c7e11ac9973ed571c4808","messageTitle":"Fix checkstyle","messageBody":"","fileTypesAndContributionMap":{"functional-code":{"insertions":2,"deletions":1}}}]},{"date":"2021-10-25","commitResults":[{"hash":"9dcd2dee0f6c7347544fbeef7652ef2195db2157","messageTitle":"Add command to print out current view","messageBody":"","fileTypesAndContributionMap":{"functional-code":{"insertions":52,"deletions":5}}},{"hash":"66b8168386e212c8b86e0ca67386512506f507f7","messageTitle":"Fix Javadoc for some UI methods","messageBody":"","fileTypesAndContributionMap":{"functional-code":{"insertions":29,"deletions":12}}},{"hash":"592c82d6f9fa24b7b4d1e3985bde85cce3a3cc4d","messageTitle":"Fix checkstyle","messageBody":"","fileTypesAndContributionMap":{"functional-code":{"insertions":7,"deletions":3}}}]},{"date":"2021-10-26","commitResults":[{"hash":"10449fc677bc9611680d9caba4f0349a24041449","messageTitle":"Update DG Doc for Individual Commands","messageBody":"","fileTypesAndContributionMap":{"docs":{"insertions":167,"deletions":1}}},{"hash":"b75aa892099a8845600d23a72ca7cd3e405dd613","messageTitle":"Update Image link","messageBody":"","fileTypesAndContributionMap":{"docs":{"insertions":46,"deletions":37}}},{"hash":"1b770970598a881f86d4675e08c590afc78f901a","messageTitle":"Fix image name","messageBody":"","fileTypesAndContributionMap":{"docs":{"insertions":1,"deletions":1}}},{"hash":"bdbbc9215b264cdc10793b0c3be68f25db3d24cd","messageTitle":"Separate Command DG Diagram","messageBody":"","fileTypesAndContributionMap":{"docs":{"insertions":228,"deletions":23}}}]}],"Kureans":[{"date":"2021-09-30","commitResults":[{"hash":"0e4f188632fde4770ea2cae3d1fc24431a319dc5","messageTitle":"Update AboutUs.md","messageBody":"","fileTypesAndContributionMap":{"functional-code":{"insertions":3,"deletions":0},"docs":{"insertions":1,"deletions":1}}}]},{"date":"2021-10-07","commitResults":[{"hash":"67d1920cbcfd9099063d47674070bd6b178315db","messageTitle":"Add help command","messageBody":"","fileTypesAndContributionMap":{"functional-code":{"insertions":139,"deletions":7}}},{"hash":"bd45d146e38cdf41c68df6915bb99aaef9872f5c","messageTitle":"Add javadoc comments for Parser.java and Ui.java","messageBody":"","fileTypesAndContributionMap":{"functional-code":{"insertions":38,"deletions":1}}},{"hash":"974688f87375254bdde63b7d42bb92537198f7cc","messageTitle":"Fix UiTest testGetAllPatientsMessage bug","messageBody":"","fileTypesAndContributionMap":{"test-code":{"insertions":8,"deletions":7}}},{"hash":"71c2947048bd47c05d3d11d2514d08d7ab22c02b","messageTitle":"Fix checkstyle violations in Ui.java and Parser.java","messageBody":"","fileTypesAndContributionMap":{"functional-code":{"insertions":47,"deletions":58}}},{"hash":"87e4768f00b42f807ccb807dbabbcc2b49436d60","messageTitle":"Add JUnit test for help command","messageBody":"","fileTypesAndContributionMap":{"functional-code":{"insertions":32,"deletions":30},"test-code":{"insertions":14,"deletions":0}}}]},{"date":"2021-10-12","commitResults":[{"hash":"c1c78735ee83b42f94523c872511441a9cca6b10","messageTitle":"Add assertions in Parser.java","messageBody":"","fileTypesAndContributionMap":{"functional-code":{"insertions":15,"deletions":8}}},{"hash":"4fc87cdbd75a939ce7310fe76921ad6e185d8276","messageTitle":"Update help command messages to be consistent with outputs","messageBody":"","fileTypesAndContributionMap":{"functional-code":{"insertions":19,"deletions":27},"test-code":{"insertions":5,"deletions":4}}},{"hash":"9c0e73a99a1164dae9ec7d870c18fad4a5545286","messageTitle":"Fix checkstyle violation","messageBody":"","fileTypesAndContributionMap":{"functional-code":{"insertions":2,"deletions":1}}},{"hash":"80a577ae7be0f72a4308d4506a944d2be6671059","messageTitle":"Fix more checkstyle violations","messageBody":"","fileTypesAndContributionMap":{"functional-code":{"insertions":1,"deletions":1},"test-code":{"insertions":2,"deletions":2}}}]},{"date":"2021-10-16","commitResults":[{"hash":"2e1c4726922141467ea818beaf901bcb4aa914fd","messageTitle":"Add PersonList for PatientList to inherit from Add enum for view type PATIENT_INFO and SCHEDULE Add clear console functionality for console IDE and system terminals Add switch command to switch view type from terminal","messageBody":"","fileTypesAndContributionMap":{"functional-code":{"insertions":134,"deletions":129}}},{"hash":"9509b1b83e9e0d206a32818d1216e9ae4e6d6994","messageTitle":"Add Staff, PersonList, StaffList and SwitchCommand classes","messageBody":"","fileTypesAndContributionMap":{"functional-code":{"insertions":210,"deletions":0}}},{"hash":"f75d998fddfd8626af26f774f87b13c278bb49d2","messageTitle":"Update getNoPersonIdErrorMessage output for text-ui-test","messageBody":"","fileTypesAndContributionMap":{"functional-code":{"insertions":10,"deletions":6}}},{"hash":"1845ae466984ddcc88853727d41b6dcc54358736","messageTitle":"Update switch command to have option to switch back from scheduler view","messageBody":"","fileTypesAndContributionMap":{"functional-code":{"insertions":6,"deletions":3}}}]},{"date":"2021-10-19","commitResults":[{"hash":"cb891c0f943b6a5df30ac4c16ee89d5a039a2826","messageTitle":"Add switch view feature description and UML templates for Developer Guide Enable assertions in build.gradle","messageBody":"","fileTypesAndContributionMap":{"other":{"insertions":1,"deletions":0},"docs":{"insertions":90,"deletions":3}}}]},{"date":"2021-10-21","commitResults":[{"hash":"c01202e7cc5082826bc782a435c67e807f14e397","messageTitle":"Add ascii text banner for staff info view","messageBody":"","fileTypesAndContributionMap":{"functional-code":{"insertions":12,"deletions":0}}}]},{"date":"2021-10-22","commitResults":[{"hash":"83b41b1fb43467946be7f388f145a1c1ee007b7e","messageTitle":"Remove redundant methods in PatientList and MedicalStaffList","messageBody":"","fileTypesAndContributionMap":{"functional-code":{"insertions":16,"deletions":49}}},{"hash":"79bea3870c2f91ac35c43c0b9d08479a7eea6527","messageTitle":"Add ViewAppointmentCommand for PersonalAppointmentList","messageBody":"","fileTypesAndContributionMap":{"functional-code":{"insertions":54,"deletions":0}}},{"hash":"4ca6f38a2d9f6a396f05005b7c9bad2693aef07a","messageTitle":"Refactor PersonalAppointment List implementation to NavSet","messageBody":"","fileTypesAndContributionMap":{"functional-code":{"insertions":35,"deletions":14}}},{"hash":"b1606378714741bc856f67311d1e9c16b23d8804","messageTitle":"Fix checkstyle violations","messageBody":"","fileTypesAndContributionMap":{"functional-code":{"insertions":1,"deletions":1}}},{"hash":"8ba1100b9bb332f2f392e34d33d7131742feb322","messageTitle":"Add switch help message","messageBody":"","fileTypesAndContributionMap":{"functional-code":{"insertions":22,"deletions":5}}},{"hash":"a4071947faaae7219b917a901d3b42ad51ad1a41","messageTitle":"Add basic help messages for scheduler view","messageBody":"","fileTypesAndContributionMap":{"functional-code":{"insertions":161,"deletions":26},"other":{"insertions":18,"deletions":19},"test-code":{"insertions":2,"deletions":2}}}]},{"date":"2021-10-23","commitResults":[{"hash":"a6bec73613bac2894ec8c2575dc664b4c738de67","messageTitle":"Fix checkstyle violations","messageBody":"","fileTypesAndContributionMap":{"functional-code":{"insertions":2,"deletions":1}}},{"hash":"5dfa40e2d4c8df395f3b2aaf8d5d0ea9e1f60f6c","messageTitle":"Update testGetCommandList to include switch command","messageBody":"","fileTypesAndContributionMap":{"test-code":{"insertions":1,"deletions":1}}}]},{"date":"2021-10-24","commitResults":[{"hash":"22fb52722d7dd9ae0134cac46fe72ce543a28ae9","messageTitle":"Update User Guide for Patient/Staff Info View","messageBody":"","fileTypesAndContributionMap":{"functional-code":{"insertions":10,"deletions":3},"docs":{"insertions":208,"deletions":12}}},{"hash":"6620bbe565575ec6cdfd9710fcd565e8dfe1e9e7","messageTitle":"Update UiTest to include switch cmd for GetCommandList","messageBody":"","fileTypesAndContributionMap":{"test-code":{"insertions":1,"deletions":1}}}]},{"date":"2021-10-25","commitResults":[{"hash":"a636e8321d9557d66261b36bc86894f8df74d5cd","messageTitle":"Fix delete/edit appointment bug Enable ViewAppointmentCommand","messageBody":"","fileTypesAndContributionMap":{"functional-code":{"insertions":32,"deletions":6}}},{"hash":"bf9b45208c376774e529bf7516b8ae68176af32d","messageTitle":"Add filter method for PersonalAppointmentList","messageBody":"","fileTypesAndContributionMap":{"functional-code":{"insertions":186,"deletions":34}}}]},{"date":"2021-10-26","commitResults":[{"hash":"392e81291613a627c115023b8491cb84a8e3a56c","messageTitle":"Add Parser Class Diagram","messageBody":"","fileTypesAndContributionMap":{"functional-code":{"insertions":1,"deletions":1},"docs":{"insertions":34,"deletions":28}}},{"hash":"b7e3410435e5bcb2d9c0b5ca44ab8f8fba607a66","messageTitle":"Add Parser Sequence and Class Diagrams","messageBody":"","fileTypesAndContributionMap":{"docs":{"insertions":75,"deletions":14}}}]}],"EricBryann":[{"date":"2021-09-30","commitResults":[{"hash":"5834b549c6e73b9a2b724cfc1c598ccdcabeb322","messageTitle":"Eric bryan update .md","messageBody":"","fileTypesAndContributionMap":{"docs":{"insertions":1,"deletions":1}}}]},{"date":"2021-10-04","commitResults":[{"hash":"174e9632f22d25dba639ac5fd0057dd28c48dfff","messageTitle":"Fix checkstyle fails","messageBody":"","fileTypesAndContributionMap":{"functional-code":{"insertions":33,"deletions":31}}},{"hash":"dd886202d7a05d5df5d0958b296e66a7a5477686","messageTitle":"Change gradle version in build because previous one is deprecated","messageBody":"","fileTypesAndContributionMap":{"other":{"insertions":1,"deletions":1}}},{"hash":"5728eb5ff154bd23731c903e34d671c2969f6b13","messageTitle":"Fix test mainClassName","messageBody":"","fileTypesAndContributionMap":{"other":{"insertions":2,"deletions":2}}}]},{"date":"2021-10-06","commitResults":[{"hash":"4f5cb7a1eb70a6e6ab226ff7557578eaf57a0336","messageTitle":"Abstract ui pessages into UI Class","messageBody":"","fileTypesAndContributionMap":{"functional-code":{"insertions":43,"deletions":10}}},{"hash":"987013231e79e08eee81802c07c8dfdebdc4cb7e","messageTitle":"Abstract error messages into constants","messageBody":"","fileTypesAndContributionMap":{"functional-code":{"insertions":125,"deletions":48}}},{"hash":"aa439109dac362c19c883ab67e19738c3a844b53","messageTitle":"Refactor code to comply to coding standards.","messageBody":"","fileTypesAndContributionMap":{"functional-code":{"insertions":7,"deletions":5}}},{"hash":"7cb987620145498eec23a5a3d51a036d04bf2fde","messageTitle":"Refactor UI messages to separate messages from print functions","messageBody":"","fileTypesAndContributionMap":{"functional-code":{"insertions":51,"deletions":43}}},{"hash":"8f9b3a5ae588d098d93770da48c2b9a243b3c3b4","messageTitle":"Fix phone number parse bugs","messageBody":"","fileTypesAndContributionMap":{"functional-code":{"insertions":1,"deletions":1}}},{"hash":"1247734f3beafb15b20e4af64bcbbab98679a0e2","messageTitle":"Single Class imports","messageBody":"","fileTypesAndContributionMap":{"functional-code":{"insertions":7,"deletions":1}}},{"hash":"522ea11084d0d4b0dcbce0dfb2ee0e2cd633e72a","messageTitle":"JUnit for Ui Class","messageBody":"","fileTypesAndContributionMap":{"test-code":{"insertions":87,"deletions":0}}}]},{"date":"2021-10-13","commitResults":[{"hash":"b7561c8052173ee8fafa6eacc8c65e86784f9421","messageTitle":"Added javadoc for UI public methods","messageBody":"","fileTypesAndContributionMap":{"functional-code":{"insertions":38,"deletions":1}}},{"hash":"b516c9006f37ea31aecc0db5a0f954604ffa632e","messageTitle":"Add more javadoc","messageBody":"","fileTypesAndContributionMap":{"functional-code":{"insertions":7,"deletions":1}}},{"hash":"112ce3ae5585d7b6e60ea05dd1d21a3976d3f36d","messageTitle":"Update integration test for runtest.bat","messageBody":"","fileTypesAndContributionMap":{"functional-code":{"insertions":8,"deletions":7}}}]},{"date":"2021-10-19","commitResults":[{"hash":"189cfe2ef4386d088359c51d1aca85b5626b4762","messageTitle":"Added Find Command for patients","messageBody":"","fileTypesAndContributionMap":{"functional-code":{"insertions":122,"deletions":4}}},{"hash":"1de72005027f05bfe1eae77a8f1751ab99fb21cb","messageTitle":"Add help messages for find command","messageBody":"","fileTypesAndContributionMap":{"functional-code":{"insertions":15,"deletions":1}}},{"hash":"25f7f4fc097d02ba935daf740b9263fe796a1dc2","messageTitle":"Move FindPatientCommand to patientcommand package","messageBody":"","fileTypesAndContributionMap":{"functional-code":{"insertions":1,"deletions":1},"other":{"insertions":2,"deletions":1}}},{"hash":"ae13e484f8c7d1ac8df60cc619eae109c5450b62","messageTitle":"Refactor find command to follow format of the rest of the commands","messageBody":"","fileTypesAndContributionMap":{"functional-code":{"insertions":30,"deletions":5}}},{"hash":"da447e97140e1e84dcd74cf3617d68515f393e6b","messageTitle":"Add a new line for every reply","messageBody":"","fileTypesAndContributionMap":{"functional-code":{"insertions":34,"deletions":29}}},{"hash":"a03d2d10e01ae0c0c81a4dfb827349f796ead77f","messageTitle":"Format UI output to be more user friendly","messageBody":"","fileTypesAndContributionMap":{"functional-code":{"insertions":107,"deletions":18},"test-code":{"insertions":47,"deletions":33}}},{"hash":"bccb497640121bf3ec28c97138c038eff09d8e7e","messageTitle":"Change code to follow checkstyle","messageBody":"","fileTypesAndContributionMap":{"functional-code":{"insertions":22,"deletions":13},"test-code":{"insertions":24,"deletions":18}}},{"hash":"19e183d39f2760ca68702a57e6afafa1c01f4c36","messageTitle":"Format UI output","messageBody":"","fileTypesAndContributionMap":{"functional-code":{"insertions":15,"deletions":21},"test-code":{"insertions":6,"deletions":6}}}]},{"date":"2021-10-20","commitResults":[{"hash":"c4959a969ddc8aadff9c78061b5f046e8426e93c","messageTitle":"Add DG doc for Find Command","messageBody":"Fixes #57\n","fileTypesAndContributionMap":{"docs":{"insertions":39,"deletions":0}}}]},{"date":"2021-10-25","commitResults":[{"hash":"15e41785e5abe366034227702883b007598d1aed","messageTitle":"Add archive command","messageBody":"","fileTypesAndContributionMap":{"functional-code":{"insertions":208,"deletions":13}}},{"hash":"2bafd04d081ab907600192e445c76072298762e0","messageTitle":"Add unarchive command","messageBody":"","fileTypesAndContributionMap":{"functional-code":{"insertions":215,"deletions":19}}},{"hash":"e29e8fdcab5574b15370af94872a4cb04099ac29","messageTitle":"update UI test","messageBody":"","fileTypesAndContributionMap":{"test-code":{"insertions":2,"deletions":1}}},{"hash":"6fbd439498ecc2ea083e5e7ec51f072719061ec9","messageTitle":"Archived persons are not listed unless -ar","messageBody":"","fileTypesAndContributionMap":{"functional-code":{"insertions":75,"deletions":22},"test-code":{"insertions":3,"deletions":3}}}]},{"date":"2021-10-26","commitResults":[{"hash":"a0c89823b921682f5f08c61ef40c7af4a9d392a5","messageTitle":"Create a PersonUI class for PatientUI and StaffUI","messageBody":"","fileTypesAndContributionMap":{"functional-code":{"insertions":187,"deletions":552}}},{"hash":"bf9d7a4fbe8c8954eea9124e6735905baacf53d9","messageTitle":"Fix checkstyle","messageBody":"","fileTypesAndContributionMap":{"functional-code":{"insertions":10,"deletions":4}}},{"hash":"85c38230a7e4b1e5fd26587119cd27c6cd52e430","messageTitle":"Update DG for UI","messageBody":"","fileTypesAndContributionMap":{"docs":{"insertions":13,"deletions":0}}},{"hash":"dd71fb1d594703272bb0507d9e9408afb75044b6","messageTitle":"Update user guide","messageBody":"","fileTypesAndContributionMap":{"docs":{"insertions":55,"deletions":0}}}]}]},"authorFileTypeContributionMap":{"justinfidelis":{"docs":180,"functional-code":2169,"test-code":339},"CrimsonTitan79":{"docs":1,"functional-code":660,"test-code":196,"other":1},"jushg":{"docs":451,"functional-code":858,"test-code":224},"Kureans":{"docs":336,"functional-code":393,"test-code":12,"other":1},"EricBryann":{"docs":100,"functional-code":812,"test-code":65,"other":2}},"authorContributionVariance":{"justinfidelis":195671.31,"CrimsonTitan79":92712.35,"jushg":76035.234,"Kureans":18460.328,"EricBryann":40908.03},"authorDisplayNameMap":{"justinfidelis":"CS2113-T13-1 JUST.. WEN","CrimsonTitan79":"CS2113-T13-1 TAY ..ICUS","jushg":"CS2113-T13-1 HOAN.. TAN","Kureans":"CS2113-T13-1 TENG..IONG","EricBryann":"CS2113-T13-1 ERIC..RYAN"}}
